{"type":"FeatureCollection","features":[{"type":"Feature","geometry":{"type":"Polygon","coordinates":[[[9.411,49.6635],[8.8182,49.1945],[8.7689,48.5218],[8.7372,48.378],[7.9596,48.7186],[8.2326,48.9666],[8.4224,49.5834],[9.103,49.5775],[9.411,49.6635]]]},"properties":{"NUTS_ID":"DE12","LEVL_CODE":2,"CNTR_CODE":"DE","NAME_LATN":"Karlsruhe","NUTS_NAME":"Karlsruhe","MOUNT_TYPE":null,"URBN_TYPE":null,"COAST_TYPE":null}},{"type":"Feature","geometry":{"type":"Polygon","coordinates":[[[7.9596,48.7186],[8.7372,48.378],[9.1822,47.6559],[8.6705,47.6849],[8.6634,47.6859],[8.5138,47.6284],[8.4264,47.5675],[7.589,47.5899],[7.577,48.1191],[7.9596,48.7186]]]},"properties":{"NUTS_ID":"DE13","LEVL_CODE":2,"CNTR_CODE":"DE","NAME_LATN":"Freiburg","NUTS_NAME":"Freiburg","MOUNT_TYPE":null,"URBN_TYPE":null,"COAST_TYPE":null}},{"type":"Feature","geometry":{"type":"Polygon","coordinates":[[[8.7372,48.378],[8.7689,48.5218],[10.2308,48.5105],[10.0773,47.6393],[9.5587,47.5419],[9.1822,47.6559],[8.7372,48.378]]]},"properties":{"NUTS_ID":"DE14","LEVL_CODE":2,"CNTR_CODE":"DE","NAME_LATN":"Tübingen","NUTS_NAME":"Tübingen","MOUNT_TYPE":null,"URBN_TYPE":null,"COAST_TYPE":null}},{"type":"Feature","geometry":{"type":"Polygon","coordinates":[[[12.9447,48.2067],[12.8602,47.9966],[12.575,47.6323],[10.8861,47.5368],[10.8004,48.1038],[11.3117,48.4523],[10.9368,48.8633],[11.3857,49.0789],[11.5993,48.9515],[12.2506,48.3219],[12.9447,48.2067]]]},"properties":{"NUTS_ID":"DE21","LEVL_CODE":2,"CNTR_CODE":"DE","NAME_LATN":"Oberbayern","NUTS_NAME":"Oberbayern","MOUNT_TYPE":null,"URBN_TYPE":null,"COAST_TYPE":null}},{"type":"Feature","geometry":{"type":"Polygon","coordinates":[[[12.9447,48.2067],[12.2506,48.3219],[11.5993,48.9515],[12.0975,48.772],[13.1709,49.1736],[13.8395,48.7716],[12.9447,48.2067]]]},"properties":{"NUTS_ID":"DE22","LEVL_CODE":2,"CNTR_CODE":"DE","NAME_LATN":"Niederbayern","NUTS_NAME":"Niederbayern","MOUNT_TYPE":null,"URBN_TYPE":null,"COAST_TYPE":null}},{"type":"Feature","geometry":{"type":"Polygon","coordinates":[[[11.5993,48.9515],[11.3857,49.0789],[11.5626,49.6856],[12.2608,50.0582],[12.551,49.9051],[12.6338,49.4762],[13.1709,49.1736],[12.0975,48.772],[11.5993,48.9515]]]},"properties":{"NUTS_ID":"DE23","LEVL_CODE":2,"CNTR_CODE":"DE","NAME_LATN":"Oberpfalz","NUTS_NAME":"Oberpfalz","MOUNT_TYPE":null,"URBN_TYPE":null,"COAST_TYPE":null}},{"type":"Feature","geometry":{"type":"Polygon","coordinates":[[[12.2608,50.0582],[11.5626,49.6856],[10.5514,49.7558],[10.7294,50.2303],[11.2659,50.4794],[11.9193,50.4247],[12.1009,50.318],[12.2608,50.0582]]]},"properties":{"NUTS_ID":"DE24","LEVL_CODE":2,"CNTR_CODE":"DE","NAME_LATN":"Oberfranken","NUTS_NAME":"Oberfranken","MOUNT_TYPE":null,"URBN_TYPE":null,"COAST_TYPE":null}},{"type":"Feature","geometry":{"type":"Polygon","coordinates":[[[11.3857,49.0789],[10.9368,48.8633],[10.4098,48.9774],[10.0837,49.5436],[10.5514,49.7558],[11.5626,49.6856],[11.3857,49.0789]]]},"properties":{"NUTS_ID":"DE25","LEVL_CODE":2,"CNTR_CODE":"DE","NAME_LATN":"Mittelfranken","NUTS_NAME":"Mittelfranken","MOUNT_TYPE":null,"URBN_TYPE":null,"COAST_TYPE":null}},{"type":"Feature","geometry":{"type":"Polygon","coordinates":[[[9.411,49.6635],[9.103,49.5775],[8.9906,50.0671],[9.7329,50.3561],[10.0413,50.5165],[10.7294,50.2303],[10.5514,49.7558],[10.0837,49.5436],[9.411,49.6635]]]},"properties":{"NUTS_ID":"DE26","LEVL_CODE":2,"CNTR_CODE":"DE","NAME_LATN":"Unterfranken","NUTS_NAME":"Unterfranken","MOUNT_TYPE":null,"URBN_TYPE":null,"COAST_TYPE":null}},{"type":"Feature","geometry":{"type":"Polygon","coordinates":[[[9.5587,47.5419],[10.0773,47.6393],[10.2308,48.5105],[10.4098,48.9774],[10.9368,48.8633],[11.3117,48.4523],[10.8004,48.1038],[10.8861,47.5368],[10.1784,47.2701],[9.5587,47.5419]]]},"properties":{"NUTS_ID":"DE27","LEVL_CODE":2,"CNTR_CODE":"DE","NAME_LATN":"Schwaben","NUTS_NAME":"Schwaben","MOUNT_TYPE":null,"URBN_TYPE":null,"COAST_TYPE":null}},{"type":"Feature","geometry":{"type":"Polygon","coordinates":[[[13.667,52.4742],[13.1659,52.3943],[13.1643,52.5989],[13.3985,52.6482],[13.667,52.4742]]]},"properties":{"NUTS_ID":"DE30","LEVL_CODE":2,"CNTR_CODE":"DE","NAME_LATN":"Berlin","NUTS_NAME":"Berlin","MOUNT_TYPE":null,"URBN_TYPE":null,"COAST_TYPE":null}},{"type":"Feature","geometry":{"type":"Polygon","coordinates":[[[14.4122,53.3296],[14.1567,52.8956],[14.5651,52.6245],[14.7299,51.5818],[13.2101,51.4047],[13.051,51.6477],[12.3761,52.0451],[12.2492,52.7919],[11.5978,53.0359],[11.2657,53.122],[12.3251,53.3213],[12.9847,53.165],[13.7101,53.4791],[14.4122,53.3296]],[[13.667,52.4742],[13.3985,52.6482],[13.1643,52.5989],[13.1659,52.3943],[13.667,52.4742]]]},"properties":{"NUTS_ID":"DE40","LEVL_CODE":2,"CNTR_CODE":"DE","NAME_LATN":"Brandenburg","NUTS_NAME":"Brandenburg","MOUNT_TYPE":null,"URBN_TYPE":null,"COAST_TYPE":null}},{"type":"Feature","geometry":{"type":"MultiPolygon","coordinates":[[[[8.9158,53.011],[8.7114,53.0446],[8.4853,53.2271],[8.9158,53.011]]],[[[8.4927,53.4724],[8.5527,53.5162],[8.5204,53.6062],[8.5965,53.4906],[8.4927,53.4724]]]]},"properties":{"NUTS_ID":"DE50","LEVL_CODE":2,"CNTR_CODE":"DE","NAME_LATN":"Bremen","NUTS_NAME":"Bremen","MOUNT_TYPE":null,"URBN_TYPE":null,"COAST_TYPE":null}},{"type":"Feature","geometry":{"type":"Polygon","coordinates":[[[9.7344,53.5652],[10.2709,53.4219],[9.7721,53.5434],[9.7344,53.5652]]]},"properties":{"NUTS_ID":"DE60","LEVL_CODE":2,"CNTR_CODE":"DE","NAME_LATN":"Hamburg","NUTS_NAME":"Hamburg","MOUNT_TYPE":null,"URBN_TYPE":null,"COAST_TYPE":null}},{"type":"Feature","geometry":{"type":"Polygon","coordinates":[[[9.103,49.5775],[8.4224,49.5834],[7.774,50.0665],[8.1219,50.2772],[9.4791,50.4407],[9.7329,50.3561],[8.9906,50.0671],[9.103,49.5775]]]},"properties":{"NUTS_ID":"DE71","LEVL_CODE":2,"CNTR_CODE":"DE","NAME_LATN":"Darmstadt","NUTS_NAME":"Darmstadt","MOUNT_TYPE":null,"URBN_TYPE":null,"COAST_TYPE":null}},{"type":"Feature","geometry":{"type":"Polygon","coordinates":[[[9.4791,50.4407],[8.1219,50.2772],[8.1258,50.6858],[8.4779,50.969],[9.6115,50.7355],[9.4791,50.4407]]]},"properties":{"NUTS_ID":"DE72","LEVL_CODE":2,"CNTR_CODE":"DE","NAME_LATN":"Gießen","NUTS_NAME":"Gießen","MOUNT_TYPE":null,"URBN_TYPE":null,"COAST_TYPE":null}},{"type":"Feature","geometry":{"type":"Polygon","coordinates":[[[10.0413,50.5165],[9.7329,50.3561],[9.4791,50.4407],[9.6115,50.7355],[8.4779,50.969],[8.9708,51.5067],[9.4405,51.6504],[9.9283,51.3753],[10.2069,51.1906],[10.0413,50.5165]]]},"properties":{"NUTS_ID":"DE73","LEVL_CODE":2,"CNTR_CODE":"DE","NAME_LATN":"Kassel","NUTS_NAME":"Kassel","MOUNT_TYPE":null,"URBN_TYPE":null,"COAST_TYPE":null}},{"type":"Feature","geometry":{"type":"Polygon","coordinates":[[[14.4122,53.3296],[13.7101,53.4791],[12.9847,53.165],[12.3251,53.3213],[11.2657,53.122],[10.595,53.3639],[10.9037,53.9568],[11.5618,54.0281],[13.3619,54.4999],[14.2675,53.6979],[14.4122,53.3296]]]},"properties":{"NUTS_ID":"DE80","LEVL_CODE":2,"CNTR_CODE":"DE","NAME_LATN":"Mecklenburg-Vorpommern","NUTS_NAME":"Mecklenburg-Vorpommern","MOUNT_TYPE":null,"URBN_TYPE":null,"COAST_TYPE":null}},{"type":"Feature","geometry":{"type":"Polygon","coordinates":[[[9.9283,51.3753],[9.4405,51.6504],[9.4173,51.6473],[10.2041,52.0072],[10.2737,52.5106],[10.7593,52.7958],[10.9644,52.0567],[10.7014,51.6422],[9.9283,51.3753]]]},"properties":{"NUTS_ID":"DE91","LEVL_CODE":2,"CNTR_CODE":"DE","NAME_LATN":"Braunschweig","NUTS_NAME":"Braunschweig","MOUNT_TYPE":null,"URBN_TYPE":null,"COAST_TYPE":null}},{"type":"Feature","geometry":{"type":"Polygon","coordinates":[[[8.7114,53.0446],[8.9158,53.011],[10.2737,52.5106],[10.2041,52.0072],[9.4173,51.6473],[8.9858,52.1946],[8.2972,52.4565],[8.7114,53.0446]]]},"properties":{"NUTS_ID":"DE92","LEVL_CODE":2,"CNTR_CODE":"DE","NAME_LATN":"Hannover","NUTS_NAME":"Hannover","MOUNT_TYPE":null,"URBN_TYPE":null,"COAST_TYPE":null}},{"type":"Feature","geometry":{"type":"Polygon","coordinates":[[[11.2657,53.122],[11.5978,53.0359],[10.7593,52.7958],[10.2737,52.5106],[8.9158,53.011],[8.4853,53.2271],[8.4927,53.4724],[8.5965,53.4906],[8.5204,53.6062],[9.0299,53.8256],[9.7721,53.5434],[10.2709,53.4219],[10.595,53.3639],[11.2657,53.122]]]},"properties":{"NUTS_ID":"DE93","LEVL_CODE":2,"CNTR_CODE":"DE","NAME_LATN":"Lüneburg","NUTS_NAME":"Lüneburg","MOUNT_TYPE":null,"URBN_TYPE":null,"COAST_TYPE":null}},{"type":"Feature","geometry":{"type":"Polygon","coordinates":[[[8.4853,53.2271],[8.7114,53.0446],[8.2972,52.4565],[8.0964,52.0571],[7.6186,52.4712],[7.0657,52.2414],[6.7097,52.6278],[7.0927,52.8382],[7.2089,53.2431],[7.6654,53.7628],[8.0913,53.6381],[8.1956,53.4092],[8.5527,53.5162],[8.4927,53.4724],[8.4853,53.2271]]]},"properties":{"NUTS_ID":"DE94","LEVL_CODE":2,"CNTR_CODE":"DE","NAME_LATN":"Weser-Ems","NUTS_NAME":"Weser-Ems","MOUNT_TYPE":null,"URBN_TYPE":null,"COAST_TYPE":null}},{"type":"Feature","geometry":{"type":"Polygon","coordinates":[[[7.1042,51.4813],[7.3067,51.2389],[6.1748,51.1845],[5.9532,51.7478],[6.4078,51.8281],[7.1042,51.4813]]]},"properties":{"NUTS_ID":"DEA1","LEVL_CODE":2,"CNTR_CODE":"DE","NAME_LATN":"Düsseldorf","NUTS_NAME":"Düsseldorf","MOUNT_TYPE":null,"URBN_TYPE":null,"COAST_TYPE":null}},{"type":"Feature","geometry":{"type":"Polygon","coordinates":[[[6.1748,51.1845],[7.3067,51.2389],[7.7859,50.9399],[6.8007,50.3618],[6.405,50.3233],[6.021,50.7543],[6.1748,51.1845]]]},"properties":{"NUTS_ID":"DEA2","LEVL_CODE":2,"CNTR_CODE":"DE","NAME_LATN":"Köln","NUTS_NAME":"Köln","MOUNT_TYPE":null,"URBN_TYPE":null,"COAST_TYPE":null}},{"type":"Feature","geometry":{"type":"Polygon","coordinates":[[[7.0657,52.2414],[7.6186,52.4712],[8.0964,52.0571],[8.3201,51.7257],[7.1042,51.4813],[6.4078,51.8281],[6.7605,52.1186],[7.0657,52.2414]]]},"properties":{"NUTS_ID":"DEA3","LEVL_CODE":2,"CNTR_CODE":"DE","NAME_LATN":"Münster","NUTS_NAME":"Münster","MOUNT_TYPE":null,"URBN_TYPE":null,"COAST_TYPE":null}},{"type":"Feature","geometry":{"type":"Polygon","coordinates":[[[9.4405,51.6504],[8.9708,51.5067],[8.3201,51.7257],[8.0964,52.0571],[8.2972,52.4565],[8.9858,52.1946],[9.4173,51.6473],[9.4405,51.6504]]]},"properties":{"NUTS_ID":"DEA4","LEVL_CODE":2,"CNTR_CODE":"DE","NAME_LATN":"Detmold","NUTS_NAME":"Detmold","MOUNT_TYPE":null,"URBN_TYPE":null,"COAST_TYPE":null}},{"type":"Feature","geometry":{"type":"Polygon","coordinates":[[[8.4779,50.969],[8.1258,50.6858],[7.7859,50.9399],[7.3067,51.2389],[7.1042,51.4813],[8.3201,51.7257],[8.9708,51.5067],[8.4779,50.969]]]},"properties":{"NUTS_ID":"DEA5","LEVL_CODE":2,"CNTR_CODE":"DE","NAME_LATN":"Arnsberg","NUTS_NAME":"Arnsberg","MOUNT_TYPE":null,"URBN_TYPE":null,"COAST_TYPE":null}},{"type":"Feature","geometry":{"type":"Polygon","coordinates":[[[8.1219,50.2772],[7.774,50.0665],[7.2766,49.5486],[7.028,49.6394],[6.8007,50.3618],[7.7859,50.9399],[8.1258,50.6858],[8.1219,50.2772]]]},"properties":{"NUTS_ID":"DEB1","LEVL_CODE":2,"CNTR_CODE":"DE","NAME_LATN":"Koblenz","NUTS_NAME":"Koblenz","MOUNT_TYPE":null,"URBN_TYPE":null,"COAST_TYPE":null}},{"type":"Feature","geometry":{"type":"Polygon","coordinates":[[[6.405,50.3233],[6.8007,50.3618],[7.028,49.6394],[6.3801,49.5511],[6.1377,50.13],[6.405,50.3233]]]},"properties":{"NUTS_ID":"DEB2","LEVL_CODE":2,"CNTR_CODE":"DE","NAME_LATN":"Trier","NUTS_NAME":"Trier","MOUNT_TYPE":null,"URBN_TYPE":null,"COAST_TYPE":null}},{"type":"Feature","geometry":{"type":"Polygon","coordinates":[[[8.4224,49.5834],[8.2326,48.9666],[7.6357,49.054],[7.3688,49.1615],[7.2766,49.5486],[7.774,50.0665],[8.4224,49.5834]]]},"properties":{"NUTS_ID":"DEB3","LEVL_CODE":2,"CNTR_CODE":"DE","NAME_LATN":"Rheinhessen-Pfalz","NUTS_NAME":"Rheinhessen-Pfalz","MOUNT_TYPE":null,"URBN_TYPE":null,"COAST_TYPE":null}},{"type":"Feature","geometry":{"type":"Polygon","coordinates":[[[7.028,49.6394],[7.2766,49.5486],[7.3688,49.1615],[6.3671,49.4695],[6.3801,49.5511],[7.028,49.6394]]]},"properties":{"NUTS_ID":"DEC0","LEVL_CODE":2,"CNTR_CODE":"DE","NAME_LATN":"Saarland","NUTS_NAME":"Saarland","MOUNT_TYPE":null,"URBN_TYPE":null,"COAST_TYPE":null}},{"type":"Feature","geometry":{"type":"Polygon","coordinates":[[[13.2101,51.4047],[14.7299,51.5818],[14.9742,51.3639],[14.8234,50.8706],[14.6188,50.8578],[13.6522,50.7304],[13.1987,51.2304],[13.2101,51.4047]]]},"properties":{"NUTS_ID":"DED2","LEVL_CODE":2,"CNTR_CODE":"DE","NAME_LATN":"Dresden","NUTS_NAME":"Dresden","MOUNT_TYPE":null,"URBN_TYPE":null,"COAST_TYPE":null}},{"type":"Feature","geometry":{"type":"Polygon","coordinates":[[[12.1009,50.318],[11.9193,50.4247],[12.6174,50.9808],[13.1987,51.2304],[13.6522,50.7304],[12.9481,50.4043],[12.1009,50.318]]]},"properties":{"NUTS_ID":"DED4","LEVL_CODE":2,"CNTR_CODE":"DE","NAME_LATN":"Chemnitz","NUTS_NAME":"Chemnitz","MOUNT_TYPE":null,"URBN_TYPE":null,"COAST_TYPE":null}},{"type":"Feature","geometry":{"type":"Polygon","coordinates":[[[13.051,51.6477],[13.2101,51.4047],[13.1987,51.2304],[12.6174,50.9808],[12.2835,51.0919],[12.1989,51.5313],[13.051,51.6477]]]},"properties":{"NUTS_ID":"DED5","LEVL_CODE":2,"CNTR_CODE":"DE","NAME_LATN":"Leipzig","NUTS_NAME":"Leipzig","MOUNT_TYPE":null,"URBN_TYPE":null,"COAST_TYPE":null}},{"type":"Feature","geometry":{"type":"Polygon","coordinates":[[[11.5978,53.0359],[12.2492,52.7919],[12.3761,52.0451],[13.051,51.6477],[12.1989,51.5313],[12.2835,51.0919],[10.7014,51.6422],[10.9644,52.0567],[10.7593,52.7958],[11.5978,53.0359]]]},"properties":{"NUTS_ID":"DEE0","LEVL_CODE":2,"CNTR_CODE":"DE","NAME_LATN":"Sachsen-Anhalt","NUTS_NAME":"Sachsen-Anhalt","MOUNT_TYPE":null,"URBN_TYPE":null,"COAST_TYPE":null}},{"type":"Feature","geometry":{"type":"Polygon","coordinates":[[[10.2709,53.4219],[9.7344,53.5652],[8.9011,53.9792],[8.636,54.9116],[9.4229,54.8232],[10.9037,53.9568],[10.595,53.3639],[10.2709,53.4219]]]},"properties":{"NUTS_ID":"DEF0","LEVL_CODE":2,"CNTR_CODE":"DE","NAME_LATN":"Schleswig-Holstein","NUTS_NAME":"Schleswig-Holstein","MOUNT_TYPE":null,"URBN_TYPE":null,"COAST_TYPE":null}},{"type":"Feature","geometry":{"type":"Polygon","coordinates":[[[11.9193,50.4247],[11.2659,50.4794],[10.7294,50.2303],[10.0413,50.5165],[10.2069,51.1906],[9.9283,51.3753],[10.7014,51.6422],[12.2835,51.0919],[12.6174,50.9808],[11.9193,50.4247]]]},"properties":{"NUTS_ID":"DEG0","LEVL_CODE":2,"CNTR_CODE":"DE","NAME_LATN":"Thüringen","NUTS_NAME":"Thüringen","MOUNT_TYPE":null,"URBN_TYPE":null,"COAST_TYPE":null}},{"type":"Feature","geometry":{"type":"Polygon","coordinates":[[[12.3635,55.5938],[11.8669,55.7374],[11.934,55.9702],[12.5104,56.0201],[12.3635,55.5938]]]},"properties":{"NUTS_ID":"DK01","LEVL_CODE":2,"CNTR_CODE":"DK","NAME_LATN":"Hovedstaden","NUTS_NAME":"Hovedstaden","MOUNT_TYPE":null,"URBN_TYPE":null,"COAST_TYPE":null}},{"type":"Feature","geometry":{"type":"Polygon","coordinates":[[[20.0763,42.5558],[20.5943,41.8773],[20.5017,41.3172],[19.9084,41.5119],[19.5178,41.2687],[19.3866,41.8505],[19.3866,42.3065],[20.0763,42.5558]]]},"properties":{"NUTS_ID":"AL01","LEVL_CODE":2,"CNTR_CODE":"AL","NAME_LATN":"Veri","NUTS_NAME":"Veri","MOUNT_TYPE":null,"URBN_TYPE":null,"COAST_TYPE":null}},{"type":"Feature","geometry":{"type":"Polygon","coordinates":[[[19.5178,41.2687],[19.9084,41.5119],[20.5017,41.3172],[20.5977,41.092],[20.2965,40.7268],[19.4425,41.0005],[19.5178,41.2687]]]},"properties":{"NUTS_ID":"AL02","LEVL_CODE":2,"CNTR_CODE":"AL","NAME_LATN":"Qender","NUTS_NAME":"Qender","MOUNT_TYPE":null,"URBN_TYPE":null,"COAST_TYPE":null}},{"type":"Feature","geometry":{"type":"Polygon","coordinates":[[[19.4425,41.0005],[20.2965,40.7268],[20.5977,41.092],[20.9802,40.8557],[20.7785,40.3487],[20.0088,39.6913],[19.4248,40.2981],[19.4425,41.0005]]]},"properties":{"NUTS_ID":"AL03","LEVL_CODE":2,"CNTR_CODE":"AL","NAME_LATN":"Jug","NUTS_NAME":"Jug","MOUNT_TYPE":null,"URBN_TYPE":null,"COAST_TYPE":null}},{"type":"Feature","geometry":{"type":"Polygon","coordinates":[[[15.9962,46.8354],[16.1711,47.4213],[16.3912,47.8821],[17.0667,48.1187],[17.1608,48.0067],[16.1138,46.8691],[15.9962,46.8354]]]},"properties":{"NUTS_ID":"AT11","LEVL_CODE":2,"CNTR_CODE":"AT","NAME_LATN":"Burgenland","NUTS_NAME":"Burgenland","MOUNT_TYPE":null,"URBN_TYPE":null,"COAST_TYPE":null}},{"type":"Feature","geometry":{"type":"Polygon","coordinates":[[[17.0667,48.1187],[16.3912,47.8821],[16.1711,47.4213],[15.218,47.7941],[14.7385,47.7474],[14.482,48.1055],[14.691,48.5843],[15.5424,48.9077],[16.9403,48.6172],[16.9498,48.5358],[17.0667,48.1187]],[[16.2352,48.2608],[16.1844,48.1716],[16.578,48.1433],[16.424,48.3052],[16.2352,48.2608]]]},"properties":{"NUTS_ID":"AT12","LEVL_CODE":2,"CNTR_CODE":"AT","NAME_LATN":"Niederösterreich","NUTS_NAME":"Niederösterreich","MOUNT_TYPE":null,"URBN_TYPE":null,"COAST_TYPE":null}},{"type":"Feature","geometry":{"type":"Polygon","coordinates":[[[16.2352,48.2608],[16.424,48.3052],[16.578,48.1433],[16.1844,48.1716],[16.2352,48.2608]]]},"properties":{"NUTS_ID":"AT13","LEVL_CODE":2,"CNTR_CODE":"AT","NAME_LATN":"Wien","NUTS_NAME":"Wien","MOUNT_TYPE":null,"URBN_TYPE":null,"COAST_TYPE":null}},{"type":"Feature","geometry":{"type":"Polygon","coordinates":[[[12.6561,47.0997],[13.7851,46.944],[14.8421,47.0486],[15.0651,46.6521],[14.5652,46.3725],[13.7142,46.5227],[12.7314,46.6343],[12.6906,46.657],[12.6561,47.0997]]]},"properties":{"NUTS_ID":"AT21","LEVL_CODE":2,"CNTR_CODE":"AT","NAME_LATN":"Kärnten","NUTS_NAME":"Kärnten","MOUNT_TYPE":null,"URBN_TYPE":null,"COAST_TYPE":null}},{"type":"Feature","geometry":{"type":"Polygon","coordinates":[[[16.1711,47.4213],[15.9962,46.8354],[15.0651,46.6521],[14.8421,47.0486],[13.7851,46.944],[13.5856,47.474],[14.7385,47.7474],[15.218,47.7941],[16.1711,47.4213]]]},"properties":{"NUTS_ID":"AT22","LEVL_CODE":2,"CNTR_CODE":"AT","NAME_LATN":"Steiermark","NUTS_NAME":"Steiermark","MOUNT_TYPE":null,"URBN_TYPE":null,"COAST_TYPE":null}},{"type":"Feature","geometry":{"type":"Polygon","coordinates":[[[12.8602,47.9966],[12.9447,48.2067],[13.8395,48.7716],[14.691,48.5843],[14.482,48.1055],[14.7385,47.7474],[13.5856,47.474],[13.3038,48.0078],[12.8602,47.9966]]]},"properties":{"NUTS_ID":"AT31","LEVL_CODE":2,"CNTR_CODE":"AT","NAME_LATN":"Oberösterreich","NUTS_NAME":"Oberösterreich","MOUNT_TYPE":null,"URBN_TYPE":null,"COAST_TYPE":null}},{"type":"Feature","geometry":{"type":"Polygon","coordinates":[[[12.575,47.6323],[12.8602,47.9966],[13.3038,48.0078],[13.5856,47.474],[13.7851,46.944],[12.6561,47.0997],[12.2407,47.0692],[12.136,47.0807],[12.575,47.6323]]]},"properties":{"NUTS_ID":"AT32","LEVL_CODE":2,"CNTR_CODE":"AT","NAME_LATN":"Salzburg","NUTS_NAME":"Salzburg","MOUNT_TYPE":null,"URBN_TYPE":null,"COAST_TYPE":null}},{"type":"Feature","geometry":{"type":"MultiPolygon","coordinates":[[[[10.8861,47.5368],[12.575,47.6323],[12.136,47.0807],[10.4697,46.8549],[10.145,46.851],[10.1784,47.2701],[10.8861,47.5368]]],[[[12.6561,47.0997],[12.6906,46.657],[12.4779,46.6798],[12.2407,47.0692],[12.6561,47.0997]]]]},"properties":{"NUTS_ID":"AT33","LEVL_CODE":2,"CNTR_CODE":"AT","NAME_LATN":"Tirol","NUTS_NAME":"Tirol","MOUNT_TYPE":null,"URBN_TYPE":null,"COAST_TYPE":null}},{"type":"Feature","geometry":{"type":"Polygon","coordinates":[[[9.5587,47.5419],[10.1784,47.2701],[10.145,46.851],[9.6028,47.0619],[9.5307,47.2706],[9.5587,47.5419]]]},"properties":{"NUTS_ID":"AT34","LEVL_CODE":2,"CNTR_CODE":"AT","NAME_LATN":"Vorarlberg","NUTS_NAME":"Vorarlberg","MOUNT_TYPE":null,"URBN_TYPE":null,"COAST_TYPE":null}},{"type":"Feature","geometry":{"type":"Polygon","coordinates":[[[18.5784,44.8376],[18.7821,44.7487],[18.9196,44.4771],[18.0271,43.2192],[18.3328,42.6178],[17.4507,43.1769],[16.5443,43.9742],[15.7367,44.9356],[16.2888,44.9957],[16.8183,44.6723],[17.759,44.405],[18.5784,44.8376]]]},"properties":{"NUTS_ID":"BA01","LEVL_CODE":2,"CNTR_CODE":"BA","NAME_LATN":"Federacija Bosne i Hercegovine","NUTS_NAME":"Federacija Bosne i Hercegovine","MOUNT_TYPE":0,"URBN_TYPE":null,"COAST_TYPE":null}},{"type":"Feature","geometry":{"type":"MultiPolygon","coordinates":[[[[18.3328,42.6178],[18.0271,43.2192],[18.9196,44.4771],[18.7821,44.7487],[19.0049,44.8542],[19.0221,44.8554],[19.3512,44.8891],[19.1658,44.3702],[19.4971,44.0991],[19.2241,43.5275],[18.7223,43.2079],[18.4381,42.5557],[18.3328,42.6178]]],[[[18.5784,44.8376],[17.759,44.405],[16.8183,44.6723],[16.2888,44.9957],[16.5626,45.1906],[18.1973,45.0788],[18.4693,45.0668],[18.4834,45.0613],[18.7264,44.9556],[18.5784,44.8376]]]]},"properties":{"NUTS_ID":"BA02","LEVL_CODE":2,"CNTR_CODE":"BA","NAME_LATN":"Republika Srpska","NUTS_NAME":"Republika Srpska","MOUNT_TYPE":0,"URBN_TYPE":null,"COAST_TYPE":null}},{"type":"Feature","geometry":{"type":"Polygon","coordinates":[[[18.7821,44.7487],[18.5784,44.8376],[18.7264,44.9556],[18.7821,44.9652],[19.0049,44.8542],[18.7821,44.7487]]]},"properties":{"NUTS_ID":"BA03","LEVL_CODE":2,"CNTR_CODE":"BA","NAME_LATN":"Brčko District BiH","NUTS_NAME":"Brčko District BiH","MOUNT_TYPE":0,"URBN_TYPE":null,"COAST_TYPE":null}},{"type":"Feature","geometry":{"type":"Polygon","coordinates":[[[4.2763,50.793],[4.3558,50.9039],[4.5078,50.8063],[4.3869,50.7488],[4.2763,50.793]]]},"properties":{"NUTS_ID":"BE10","LEVL_CODE":2,"CNTR_CODE":"BE","NAME_LATN":"Région de Bruxelles-Capitale/ Brussels Hoofdstedelijk Gewest","NUTS_NAME":"Région de Bruxelles-Capitale/ Brussels Hoofdstedelijk Gewest","MOUNT_TYPE":null,"URBN_TYPE":null,"COAST_TYPE":null}},{"type":"Feature","geometry":{"type":"Polygon","coordinates":[[[4.9816,51.0349],[4.241,51.0369],[4.242,51.354],[4.2437,51.3747],[4.2796,51.376],[5.2377,51.2616],[4.9816,51.0349]]]},"properties":{"NUTS_ID":"BE21","LEVL_CODE":2,"CNTR_CODE":"BE","NAME_LATN":"Prov. Antwerpen","NUTS_NAME":"Prov. Antwerpen","MOUNT_TYPE":null,"URBN_TYPE":null,"COAST_TYPE":null}},{"type":"Feature","geometry":{"type":"Polygon","coordinates":[[[4.9816,51.0349],[5.2377,51.2616],[5.5663,51.2208],[5.6876,50.8119],[5.1035,50.7091],[4.9816,51.0349]]]},"properties":{"NUTS_ID":"BE22","LEVL_CODE":2,"CNTR_CODE":"BE","NAME_LATN":"Prov. Limburg (BE)","NUTS_NAME":"Prov. Limburg (BE)","MOUNT_TYPE":null,"URBN_TYPE":null,"COAST_TYPE":null}},{"type":"Feature","geometry":{"type":"Polygon","coordinates":[[[4.242,51.354],[4.241,51.0369],[3.8957,50.7329],[3.4603,50.7659],[3.3807,51.2743],[4.2348,51.3483],[4.242,51.354]]]},"properties":{"NUTS_ID":"BE23","LEVL_CODE":2,"CNTR_CODE":"BE","NAME_LATN":"Prov. Oost-Vlaanderen","NUTS_NAME":"Prov. Oost-Vlaanderen","MOUNT_TYPE":null,"URBN_TYPE":null,"COAST_TYPE":null}},{"type":"Feature","geometry":{"type":"Polygon","coordinates":[[[4.241,51.0369],[4.9816,51.0349],[5.1035,50.7091],[5.0196,50.7508],[4.1005,50.706],[3.8957,50.7329],[4.241,51.0369]],[[4.2763,50.793],[4.3869,50.7488],[4.5078,50.8063],[4.3558,50.9039],[4.2763,50.793]]]},"properties":{"NUTS_ID":"BE24","LEVL_CODE":2,"CNTR_CODE":"BE","NAME_LATN":"Prov. Vlaams-Brabant","NUTS_NAME":"Prov. Vlaams-Brabant","MOUNT_TYPE":null,"URBN_TYPE":null,"COAST_TYPE":null}},{"type":"Feature","geometry":{"type":"Polygon","coordinates":[[[3.3807,51.2743],[3.4603,50.7659],[3.177,50.7562],[2.5461,51.0894],[3.3658,51.3698],[3.3807,51.2743]]]},"properties":{"NUTS_ID":"BE25","LEVL_CODE":2,"CNTR_CODE":"BE","NAME_LATN":"Prov. West-Vlaanderen","NUTS_NAME":"Prov. West-Vlaanderen","MOUNT_TYPE":null,"URBN_TYPE":null,"COAST_TYPE":null}},{"type":"Feature","geometry":{"type":"Polygon","coordinates":[[[4.1005,50.706],[5.0196,50.7508],[4.9833,50.6422],[4.5775,50.5423],[4.1005,50.706]]]},"properties":{"NUTS_ID":"BE31","LEVL_CODE":2,"CNTR_CODE":"BE","NAME_LATN":"Prov. Brabant wallon","NUTS_NAME":"Prov. Brabant wallon","MOUNT_TYPE":null,"URBN_TYPE":null,"COAST_TYPE":null}},{"type":"Feature","geometry":{"type":"Polygon","coordinates":[[[3.4603,50.7659],[3.8957,50.7329],[4.1005,50.706],[4.5775,50.5423],[4.4325,49.9416],[4.2331,49.9578],[4.1409,49.9788],[4.0278,50.3583],[3.177,50.7562],[3.4603,50.7659]]]},"properties":{"NUTS_ID":"BE32","LEVL_CODE":2,"CNTR_CODE":"BE","NAME_LATN":"Prov. Hainaut","NUTS_NAME":"Prov. Hainaut","MOUNT_TYPE":null,"URBN_TYPE":null,"COAST_TYPE":null}},{"type":"Feature","geometry":{"type":"Polygon","coordinates":[[[6.021,50.7543],[6.405,50.3233],[6.1377,50.13],[6.0249,50.1828],[5.3932,50.3794],[4.9833,50.6422],[5.0196,50.7508],[5.1035,50.7091],[5.6876,50.8119],[6.021,50.7543]]]},"properties":{"NUTS_ID":"BE33","LEVL_CODE":2,"CNTR_CODE":"BE","NAME_LATN":"Prov. Liège","NUTS_NAME":"Prov. Liège","MOUNT_TYPE":null,"URBN_TYPE":null,"COAST_TYPE":null}},{"type":"Feature","geometry":{"type":"Polygon","coordinates":[[[5.3932,50.3794],[6.0249,50.1828],[5.8181,49.5463],[5.3935,49.6171],[4.9694,49.8018],[5.3932,50.3794]]]},"properties":{"NUTS_ID":"BE34","LEVL_CODE":2,"CNTR_CODE":"BE","NAME_LATN":"Prov. Luxembourg (BE)","NUTS_NAME":"Prov. Luxembourg (BE)","MOUNT_TYPE":null,"URBN_TYPE":null,"COAST_TYPE":null}},{"type":"Feature","geometry":{"type":"Polygon","coordinates":[[[4.5775,50.5423],[4.9833,50.6422],[5.3932,50.3794],[4.9694,49.8018],[4.4325,49.9416],[4.5775,50.5423]]]},"properties":{"NUTS_ID":"BE35","LEVL_CODE":2,"CNTR_CODE":"BE","NAME_LATN":"Prov. Namur","NUTS_NAME":"Prov. Namur","MOUNT_TYPE":null,"URBN_TYPE":null,"COAST_TYPE":null}},{"type":"Feature","geometry":{"type":"Polygon","coordinates":[[[24.6548,43.7236],[25.2964,43.6554],[25.0145,42.748],[25.0072,42.7376],[24.3859,42.75],[23.9714,43.0623],[23.0062,43.1929],[22.4068,43.7521],[22.6752,44.2157],[22.9972,43.8079],[24.6548,43.7236]]]},"properties":{"NUTS_ID":"BG31","LEVL_CODE":2,"CNTR_CODE":"BG","NAME_LATN":"Severozapaden","NUTS_NAME":"Северозападен","MOUNT_TYPE":null,"URBN_TYPE":null,"COAST_TYPE":null}},{"type":"Feature","geometry":{"type":"Polygon","coordinates":[[[25.0145,42.748],[25.2964,43.6554],[26.3582,44.0372],[27.2713,44.1263],[27.6954,43.9873],[26.7304,43.4101],[26.189,43.5174],[26.1674,42.9522],[25.0145,42.748]]]},"properties":{"NUTS_ID":"BG32","LEVL_CODE":2,"CNTR_CODE":"BG","NAME_LATN":"Severen tsentralen","NUTS_NAME":"Северен централен","MOUNT_TYPE":null,"URBN_TYPE":null,"COAST_TYPE":null}},{"type":"Feature","geometry":{"type":"Polygon","coordinates":[[[26.1674,42.9522],[26.189,43.5174],[26.7304,43.4101],[27.6954,43.9873],[28.5789,43.7387],[28.0602,43.3164],[27.8826,42.8384],[26.1674,42.9522]]]},"properties":{"NUTS_ID":"BG33","LEVL_CODE":2,"CNTR_CODE":"BG","NAME_LATN":"Severoiztochen","NUTS_NAME":"Североизточен","MOUNT_TYPE":null,"URBN_TYPE":null,"COAST_TYPE":null}},{"type":"Feature","geometry":{"type":"Polygon","coordinates":[[[25.0072,42.7376],[25.0145,42.748],[26.1674,42.9522],[27.8826,42.8384],[27.6279,42.4939],[27.9024,41.9601],[27.0597,42.0883],[26.5615,41.9263],[26.4838,42.1279],[25.3481,42.1144],[25.0072,42.7376]]]},"properties":{"NUTS_ID":"BG34","LEVL_CODE":2,"CNTR_CODE":"BG","NAME_LATN":"Yugoiztochen","NUTS_NAME":"Югоизточен","MOUNT_TYPE":null,"URBN_TYPE":null,"COAST_TYPE":null}},{"type":"Feature","geometry":{"type":"Polygon","coordinates":[[[23.0062,43.1929],[23.9714,43.0623],[24.3859,42.75],[23.7723,42.1812],[24.0597,41.5221],[23.6243,41.3757],[22.9276,41.3385],[22.8672,42.0222],[22.3602,42.3112],[22.4428,42.8255],[23.0062,43.1929]]]},"properties":{"NUTS_ID":"BG41","LEVL_CODE":2,"CNTR_CODE":"BG","NAME_LATN":"Yugozapaden","NUTS_NAME":"Югозападен","MOUNT_TYPE":null,"URBN_TYPE":null,"COAST_TYPE":null}},{"type":"Feature","geometry":{"type":"Polygon","coordinates":[[[24.3859,42.75],[25.0072,42.7376],[25.3481,42.1144],[26.4838,42.1279],[26.5615,41.9263],[26.3579,41.7111],[25.9486,41.3203],[25.2247,41.2646],[24.0597,41.5221],[23.7723,42.1812],[24.3859,42.75]]]},"properties":{"NUTS_ID":"BG42","LEVL_CODE":2,"CNTR_CODE":"BG","NAME_LATN":"Yuzhen tsentralen","NUTS_NAME":"Южен централен","MOUNT_TYPE":null,"URBN_TYPE":null,"COAST_TYPE":null}},{"type":"Feature","geometry":{"type":"Polygon","coordinates":[[[8.4104,46.653],[8.4777,46.5276],[8.3847,46.4522],[7.8641,45.9168],[7.0449,45.9224],[6.8211,46.4272],[6.064,46.4162],[6.46,46.8516],[7.2215,46.3292],[8.4104,46.653]]]},"properties":{"NUTS_ID":"CH01","LEVL_CODE":2,"CNTR_CODE":"CH","NAME_LATN":"Région lémanique","NUTS_NAME":"Région lémanique","MOUNT_TYPE":null,"URBN_TYPE":null,"COAST_TYPE":null}},{"type":"Feature","geometry":{"type":"Polygon","coordinates":[[[8.4104,46.653],[7.2215,46.3292],[6.46,46.8516],[7.1304,47.503],[7.6186,47.4882],[7.8387,47.2344],[8.4104,46.653]]]},"properties":{"NUTS_ID":"CH02","LEVL_CODE":2,"CNTR_CODE":"CH","NAME_LATN":"Espace Mittelland","NUTS_NAME":"Espace Mittelland","MOUNT_TYPE":null,"URBN_TYPE":null,"COAST_TYPE":null}},{"type":"Feature","geometry":{"type":"Polygon","coordinates":[[[7.589,47.5899],[8.4264,47.5675],[8.4107,47.248],[7.8387,47.2344],[7.6186,47.4882],[7.589,47.5899]]]},"properties":{"NUTS_ID":"CH03","LEVL_CODE":2,"CNTR_CODE":"CH","NAME_LATN":"Nordwestschweiz","NUTS_NAME":"Nordwestschweiz","MOUNT_TYPE":null,"URBN_TYPE":null,"COAST_TYPE":null}},{"type":"Feature","geometry":{"type":"Polygon","coordinates":[[[8.4264,47.5675],[8.5138,47.6284],[8.6634,47.6859],[8.6705,47.6849],[8.8078,47.2206],[8.4107,47.248],[8.4264,47.5675]]]},"properties":{"NUTS_ID":"CH04","LEVL_CODE":2,"CNTR_CODE":"CH","NAME_LATN":"Zürich","NUTS_NAME":"Zürich","MOUNT_TYPE":null,"URBN_TYPE":null,"COAST_TYPE":null}},{"type":"Feature","geometry":{"type":"Polygon","coordinates":[[[8.6705,47.6849],[9.1822,47.6559],[9.5587,47.5419],[9.5307,47.2706],[9.5122,47.0854],[9.6028,47.0619],[10.145,46.851],[10.4697,46.8549],[10.4528,46.5307],[9.1594,46.1696],[8.6787,46.5792],[8.8078,47.2206],[8.6705,47.6849]]]},"properties":{"NUTS_ID":"CH05","LEVL_CODE":2,"CNTR_CODE":"CH","NAME_LATN":"Ostschweiz","NUTS_NAME":"Ostschweiz","MOUNT_TYPE":null,"URBN_TYPE":null,"COAST_TYPE":null}},{"type":"Feature","geometry":{"type":"Polygon","coordinates":[[[8.4777,46.5276],[8.4104,46.653],[7.8387,47.2344],[8.4107,47.248],[8.8078,47.2206],[8.6787,46.5792],[8.4777,46.5276]]]},"properties":{"NUTS_ID":"CH06","LEVL_CODE":2,"CNTR_CODE":"CH","NAME_LATN":"Zentralschweiz","NUTS_NAME":"Zentralschweiz","MOUNT_TYPE":null,"URBN_TYPE":null,"COAST_TYPE":null}},{"type":"Feature","geometry":{"type":"Polygon","coordinates":[[[8.3847,46.4522],[8.4777,46.5276],[8.6787,46.5792],[9.1594,46.1696],[8.7139,46.0973],[8.3847,46.4522]]]},"properties":{"NUTS_ID":"CH07","LEVL_CODE":2,"CNTR_CODE":"CH","NAME_LATN":"Ticino","NUTS_NAME":"Ticino","MOUNT_TYPE":null,"URBN_TYPE":null,"COAST_TYPE":null}},{"type":"Feature","geometry":{"type":"Polygon","coordinates":[[[33.9433,35.4252],[33.9373,35.0247],[33.3567,34.7323],[32.6746,34.659],[32.285,34.9506],[33.0023,35.3791],[33.9433,35.4252]]]},"properties":{"NUTS_ID":"CY00","LEVL_CODE":2,"CNTR_CODE":"CY","NAME_LATN":"Kýpros","NUTS_NAME":"Κύπρος","MOUNT_TYPE":null,"URBN_TYPE":null,"COAST_TYPE":null}},{"type":"Feature","geometry":{"type":"Polygon","coordinates":[[[14.29,50.0916],[14.5847,50.2182],[14.8126,50.0941],[14.6214,49.9404],[14.29,50.0916]]]},"properties":{"NUTS_ID":"CZ01","LEVL_CODE":2,"CNTR_CODE":"CZ","NAME_LATN":"Praha","NUTS_NAME":"Praha","MOUNT_TYPE":null,"URBN_TYPE":null,"COAST_TYPE":null}},{"type":"Feature","geometry":{"type":"Polygon","coordinates":[[[15.497,49.8612],[14.932,49.5491],[13.7656,49.514],[13.4071,50.0896],[14.4865,50.505],[15.1468,50.5229],[15.497,49.8612]],[[14.29,50.0916],[14.6214,49.9404],[14.8126,50.0941],[14.5847,50.2182],[14.29,50.0916]]]},"properties":{"NUTS_ID":"CZ02","LEVL_CODE":2,"CNTR_CODE":"CZ","NAME_LATN":"Střední Čechy","NUTS_NAME":"Střední Čechy","MOUNT_TYPE":null,"URBN_TYPE":null,"COAST_TYPE":null}},{"type":"Feature","geometry":{"type":"Polygon","coordinates":[[[13.8395,48.7716],[13.1709,49.1736],[12.6338,49.4762],[12.551,49.9051],[13.4071,50.0896],[13.7656,49.514],[14.932,49.5491],[15.5424,48.9077],[14.691,48.5843],[13.8395,48.7716]]]},"properties":{"NUTS_ID":"CZ03","LEVL_CODE":2,"CNTR_CODE":"CZ","NAME_LATN":"Jihozápad","NUTS_NAME":"Jihozápad","MOUNT_TYPE":null,"URBN_TYPE":null,"COAST_TYPE":null}},{"type":"Feature","geometry":{"type":"Polygon","coordinates":[[[12.551,49.9051],[12.2608,50.0582],[12.1009,50.318],[12.9481,50.4043],[13.6522,50.7304],[14.6188,50.8578],[14.4865,50.505],[13.4071,50.0896],[12.551,49.9051]]]},"properties":{"NUTS_ID":"CZ04","LEVL_CODE":2,"CNTR_CODE":"CZ","NAME_LATN":"Severozápad","NUTS_NAME":"Severozápad","MOUNT_TYPE":null,"URBN_TYPE":null,"COAST_TYPE":null}},{"type":"Feature","geometry":{"type":"Polygon","coordinates":[[[14.6188,50.8578],[14.8234,50.8706],[16.3651,50.5741],[16.8633,50.1981],[16.8042,49.5988],[15.497,49.8612],[15.1468,50.5229],[14.4865,50.505],[14.6188,50.8578]]]},"properties":{"NUTS_ID":"CZ05","LEVL_CODE":2,"CNTR_CODE":"CZ","NAME_LATN":"Severovýchod","NUTS_NAME":"Severovýchod","MOUNT_TYPE":null,"URBN_TYPE":null,"COAST_TYPE":null}},{"type":"Feature","geometry":{"type":"Polygon","coordinates":[[[16.9403,48.6172],[15.5424,48.9077],[14.932,49.5491],[15.497,49.8612],[16.8042,49.5988],[17.6469,48.8543],[16.9403,48.6172]]]},"properties":{"NUTS_ID":"CZ06","LEVL_CODE":2,"CNTR_CODE":"CZ","NAME_LATN":"Jihovýchod","NUTS_NAME":"Jihovýchod","MOUNT_TYPE":null,"URBN_TYPE":null,"COAST_TYPE":null}},{"type":"Feature","geometry":{"type":"Polygon","coordinates":[[[16.8042,49.5988],[16.8633,50.1981],[16.9079,50.4495],[17.4296,50.2545],[17.2175,49.8968],[18.4036,49.3967],[18.3224,49.3151],[17.6469,48.8543],[16.8042,49.5988]]]},"properties":{"NUTS_ID":"CZ07","LEVL_CODE":2,"CNTR_CODE":"CZ","NAME_LATN":"Střední Morava","NUTS_NAME":"Střední Morava","MOUNT_TYPE":null,"URBN_TYPE":null,"COAST_TYPE":null}},{"type":"Feature","geometry":{"type":"Polygon","coordinates":[[[18.4036,49.3967],[17.2175,49.8968],[17.4296,50.2545],[18.0351,50.0658],[18.8516,49.5172],[18.4036,49.3967]]]},"properties":{"NUTS_ID":"CZ08","LEVL_CODE":2,"CNTR_CODE":"CZ","NAME_LATN":"Moravskoslezsko","NUTS_NAME":"Moravskoslezsko","MOUNT_TYPE":null,"URBN_TYPE":null,"COAST_TYPE":null}},{"type":"Feature","geometry":{"type":"Polygon","coordinates":[[[8.7689,48.5218],[8.8182,49.1945],[9.411,49.6635],[10.0837,49.5436],[10.4098,48.9774],[10.2308,48.5105],[8.7689,48.5218]]]},"properties":{"NUTS_ID":"DE11","LEVL_CODE":2,"CNTR_CODE":"DE","NAME_LATN":"Stuttgart","NUTS_NAME":"Stuttgart","MOUNT_TYPE":null,"URBN_TYPE":null,"COAST_TYPE":null}},{"type":"Feature","geometry":{"type":"Polygon","coordinates":[[[20.5017,41.3172],[20.5943,41.8773],[21.5869,42.2628],[22.3602,42.3112],[22.8672,42.0222],[22.9276,41.3385],[21.7874,40.9311],[20.9802,40.8557],[20.5977,41.092],[20.5017,41.3172]]]},"properties":{"NUTS_ID":"MK00","LEVL_CODE":2,"CNTR_CODE":"MK","NAME_LATN":"Severna Makedonija ","NUTS_NAME":"Северна Македонија","MOUNT_TYPE":null,"URBN_TYPE":null,"COAST_TYPE":null}},{"type":"Feature","geometry":{"type":"Polygon","coordinates":[[[14.4897,35.9304],[14.431,35.8271],[14.3656,35.8661],[14.3774,35.9375],[14.4897,35.9304]]]},"properties":{"NUTS_ID":"MT00","LEVL_CODE":2,"CNTR_CODE":"MT","NAME_LATN":"Malta","NUTS_NAME":"Malta","MOUNT_TYPE":null,"URBN_TYPE":null,"COAST_TYPE":null}},{"type":"Feature","geometry":{"type":"Polygon","coordinates":[[[7.2089,53.2431],[7.0927,52.8382],[6.3152,53.0941],[6.1913,53.4109],[7.2089,53.2431]]]},"properties":{"NUTS_ID":"NL11","LEVL_CODE":2,"CNTR_CODE":"NL","NAME_LATN":"Groningen","NUTS_NAME":"Groningen","MOUNT_TYPE":null,"URBN_TYPE":null,"COAST_TYPE":null}},{"type":"Feature","geometry":{"type":"Polygon","coordinates":[[[6.1913,53.4109],[6.3152,53.0941],[6.1198,52.8543],[5.7951,52.8065],[5.3773,52.7648],[5.1644,53.0009],[6.1913,53.4109]]]},"properties":{"NUTS_ID":"NL12","LEVL_CODE":2,"CNTR_CODE":"NL","NAME_LATN":"Friesland (NL)","NUTS_NAME":"Friesland (NL)","MOUNT_TYPE":null,"URBN_TYPE":null,"COAST_TYPE":null}},{"type":"Feature","geometry":{"type":"Polygon","coordinates":[[[7.0927,52.8382],[6.7097,52.6278],[6.1198,52.8543],[6.3152,53.0941],[7.0927,52.8382]]]},"properties":{"NUTS_ID":"NL13","LEVL_CODE":2,"CNTR_CODE":"NL","NAME_LATN":"Drenthe","NUTS_NAME":"Drenthe","MOUNT_TYPE":null,"URBN_TYPE":null,"COAST_TYPE":null}},{"type":"Feature","geometry":{"type":"Polygon","coordinates":[[[6.7097,52.6278],[7.0657,52.2414],[6.7605,52.1186],[5.8643,52.5182],[5.7951,52.8065],[6.1198,52.8543],[6.7097,52.6278]]]},"properties":{"NUTS_ID":"NL21","LEVL_CODE":2,"CNTR_CODE":"NL","NAME_LATN":"Overijssel","NUTS_NAME":"Overijssel","MOUNT_TYPE":null,"URBN_TYPE":null,"COAST_TYPE":null}},{"type":"Feature","geometry":{"type":"Polygon","coordinates":[[[6.4078,51.8281],[5.9532,51.7478],[5.8652,51.7574],[5.0005,51.8209],[5.0269,51.8586],[5.4046,52.2496],[5.8643,52.5182],[6.7605,52.1186],[6.4078,51.8281]]]},"properties":{"NUTS_ID":"NL22","LEVL_CODE":2,"CNTR_CODE":"NL","NAME_LATN":"Gelderland","NUTS_NAME":"Gelderland","MOUNT_TYPE":null,"URBN_TYPE":null,"COAST_TYPE":null}},{"type":"Feature","geometry":{"type":"Polygon","coordinates":[[[5.3773,52.7648],[5.7951,52.8065],[5.8643,52.5182],[5.4046,52.2496],[5.3355,52.2902],[5.3773,52.7648]]]},"properties":{"NUTS_ID":"NL23","LEVL_CODE":2,"CNTR_CODE":"NL","NAME_LATN":"Flevoland","NUTS_NAME":"Flevoland","MOUNT_TYPE":null,"URBN_TYPE":null,"COAST_TYPE":null}},{"type":"Feature","geometry":{"type":"Polygon","coordinates":[[[5.1644,53.0009],[5.3773,52.7648],[5.3355,52.2902],[4.7945,52.2267],[4.4938,52.3283],[4.7639,53.0088],[5.1644,53.0009]]]},"properties":{"NUTS_ID":"NL32","LEVL_CODE":2,"CNTR_CODE":"NL","NAME_LATN":"Noord-Holland","NUTS_NAME":"Noord-Holland","MOUNT_TYPE":null,"URBN_TYPE":null,"COAST_TYPE":null}},{"type":"Feature","geometry":{"type":"MultiPolygon","coordinates":[[[[4.2796,51.376],[4.2437,51.3747],[3.8446,51.7551],[4.2425,51.6471],[4.2796,51.376]]],[[[4.2348,51.3483],[3.3807,51.2743],[3.3658,51.3698],[4.2348,51.3483]]]]},"properties":{"NUTS_ID":"NL34","LEVL_CODE":2,"CNTR_CODE":"NL","NAME_LATN":"Zeeland","NUTS_NAME":"Zeeland","MOUNT_TYPE":null,"URBN_TYPE":null,"COAST_TYPE":null}},{"type":"Feature","geometry":{"type":"Polygon","coordinates":[[[5.4046,52.2496],[5.0269,51.8586],[4.7945,52.2267],[5.3355,52.2902],[5.4046,52.2496]]]},"properties":{"NUTS_ID":"NL35","LEVL_CODE":2,"CNTR_CODE":"NL","NAME_LATN":"Utrecht","NUTS_NAME":"Utrecht","MOUNT_TYPE":null,"URBN_TYPE":null,"COAST_TYPE":null}},{"type":"Feature","geometry":{"type":"Polygon","coordinates":[[[5.0269,51.8586],[5.0005,51.8209],[4.2425,51.6471],[3.8446,51.7551],[4.4938,52.3283],[4.7945,52.2267],[5.0269,51.8586]]]},"properties":{"NUTS_ID":"NL36","LEVL_CODE":2,"CNTR_CODE":"NL","NAME_LATN":"Zuid-Holland","NUTS_NAME":"Zuid-Holland","MOUNT_TYPE":null,"URBN_TYPE":null,"COAST_TYPE":null}},{"type":"Feature","geometry":{"type":"Polygon","coordinates":[[[5.2377,51.2616],[4.2796,51.376],[4.2425,51.6471],[5.0005,51.8209],[5.8652,51.7574],[5.5663,51.2208],[5.2377,51.2616]]]},"properties":{"NUTS_ID":"NL41","LEVL_CODE":2,"CNTR_CODE":"NL","NAME_LATN":"Noord-Brabant","NUTS_NAME":"Noord-Brabant","MOUNT_TYPE":null,"URBN_TYPE":null,"COAST_TYPE":null}},{"type":"Feature","geometry":{"type":"Polygon","coordinates":[[[5.9532,51.7478],[6.1748,51.1845],[6.021,50.7543],[5.6876,50.8119],[5.5663,51.2208],[5.8652,51.7574],[5.9532,51.7478]]]},"properties":{"NUTS_ID":"NL42","LEVL_CODE":2,"CNTR_CODE":"NL","NAME_LATN":"Limburg (NL)","NUTS_NAME":"Limburg (NL)","MOUNT_TYPE":null,"URBN_TYPE":null,"COAST_TYPE":null}},{"type":"Feature","geometry":{"type":"Polygon","coordinates":[[[12.2547,62.331],[12.2994,62.2675],[12.1524,61.7726],[12.7909,61.3923],[12.3502,60.9441],[12.4187,60.1131],[11.8398,59.8407],[11.1831,60.5363],[10.4658,60.3316],[8.2517,61.0739],[8.1371,61.5085],[7.3491,62.0077],[9.0621,62.3726],[9.6908,62.2931],[10.5062,62.6745],[12.2547,62.331]]]},"properties":{"NUTS_ID":"NO02","LEVL_CODE":2,"CNTR_CODE":"NO","NAME_LATN":"Innlandet","NUTS_NAME":"Innlandet","MOUNT_TYPE":null,"URBN_TYPE":null,"COAST_TYPE":null}},{"type":"Feature","geometry":{"type":"Polygon","coordinates":[[[12.2547,62.331],[10.5062,62.6745],[9.6908,62.2931],[9.0621,62.3726],[9.2905,62.848],[8.7552,63.4243],[10.1081,63.9744],[10.8014,64.9074],[12.2237,64.9702],[14.326,65.1189],[13.7344,64.6109],[14.0231,64.1665],[12.3354,63.7253],[12.0396,63.1979],[12.2547,62.331]]]},"properties":{"NUTS_ID":"NO06","LEVL_CODE":2,"CNTR_CODE":"NO","NAME_LATN":"Trøndelag/Trööndelage","NUTS_NAME":"Trøndelag/Trööndelage","MOUNT_TYPE":null,"URBN_TYPE":null,"COAST_TYPE":null}},{"type":"Feature","geometry":{"type":"Polygon","coordinates":[[[14.326,65.1189],[12.2237,64.9702],[12.0665,66.0613],[12.9459,66.1674],[13.1934,66.7867],[14.7181,67.4161],[14.4459,68.2862],[14.6443,68.7753],[17.5716,68.7477],[17.1551,69.3493],[17.9928,69.5136],[19.154,70.117],[20.7564,69.8039],[22.2135,70.3673],[23.6586,70.528],[25.5049,71.0359],[26.8268,70.6229],[27.9567,70.9823],[30.4628,70.4809],[30.1638,69.9844],[30.8406,69.7765],[28.9296,69.0519],[29.1176,69.6151],[27.7823,70.0534],[26.1522,69.7626],[25.6658,69.0213],[25.0244,68.6541],[23.1353,68.6752],[21.3411,69.2702],[20.5486,69.06],[19.9361,68.3903],[18.1259,68.5365],[17.9245,68.0728],[16.8794,67.9382],[16.2699,67.0454],[15.454,66.3452],[14.6167,66.1227],[14.326,65.1189]]]},"properties":{"NUTS_ID":"NO07","LEVL_CODE":2,"CNTR_CODE":"NO","NAME_LATN":"Nord-Norge","NUTS_NAME":"Nord-Norge","MOUNT_TYPE":null,"URBN_TYPE":null,"COAST_TYPE":null}},{"type":"Feature","geometry":{"type":"Polygon","coordinates":[[[8.2517,61.0739],[10.4658,60.3316],[11.1831,60.5363],[11.8398,59.8407],[11.8262,59.2379],[11.2448,59.0919],[10.4281,59.526],[9.5951,59.4475],[8.736,60.1644],[7.488,60.0988],[7.7251,60.745],[8.2517,61.0739]]]},"properties":{"NUTS_ID":"NO08","LEVL_CODE":2,"CNTR_CODE":"NO","NAME_LATN":"Oslo og Viken","NUTS_NAME":"Oslo og Viken","MOUNT_TYPE":null,"URBN_TYPE":null,"COAST_TYPE":null}},{"type":"Feature","geometry":{"type":"Polygon","coordinates":[[[7.488,60.0988],[8.736,60.1644],[9.5951,59.4475],[10.4281,59.526],[10.3409,59.0634],[9.3071,58.7729],[8.5455,58.2997],[7.689,58.04],[6.4388,58.2909],[6.6632,58.9822],[7.488,60.0988]]]},"properties":{"NUTS_ID":"NO09","LEVL_CODE":2,"CNTR_CODE":"NO","NAME_LATN":"Agder og Sør-Østlandet","NUTS_NAME":"Agder og Sør-Østlandet","MOUNT_TYPE":null,"URBN_TYPE":null,"COAST_TYPE":null}},{"type":"Feature","geometry":{"type":"Polygon","coordinates":[[[9.0621,62.3726],[7.3491,62.0077],[8.1371,61.5085],[8.2517,61.0739],[7.7251,60.745],[7.488,60.0988],[6.6632,58.9822],[6.4388,58.2909],[5.7184,58.5835],[4.6595,61.0977],[5.0862,62.1516],[6.6171,62.8013],[8.7552,63.4243],[9.2905,62.848],[9.0621,62.3726]]]},"properties":{"NUTS_ID":"NO0A","LEVL_CODE":2,"CNTR_CODE":"NO","NAME_LATN":"Vestlandet","NUTS_NAME":"Vestlandet","MOUNT_TYPE":null,"URBN_TYPE":null,"COAST_TYPE":null}},{"type":"Feature","geometry":{"type":"MultiPolygon","coordinates":[[[[19.941,80.3975],[24.2949,80.3603],[26.498,79.7931],[25.8478,79.3927],[23.2538,79.1564],[20.7645,79.3389],[18.4721,79.9865],[19.941,80.3975]]],[[[17.2943,79.8625],[20.154,79.2904],[23.7893,77.7328],[21.7104,77.5261],[20.718,78.5597],[19.663,78.5491],[16.9787,76.7467],[14.3397,77.3822],[13.8293,78.2881],[11.9024,78.6604],[10.7414,79.6461],[13.7058,79.5118],[17.2943,79.8625]]]]},"properties":{"NUTS_ID":"NO0B","LEVL_CODE":2,"CNTR_CODE":"NO","NAME_LATN":"Svalbard og Jan Mayen","NUTS_NAME":"Svalbard og Jan Mayen","MOUNT_TYPE":null,"URBN_TYPE":null,"COAST_TYPE":null}},{"type":"Feature","geometry":{"type":"Polygon","coordinates":[[[19.95,50.5048],[20.6815,50.2059],[21.2088,50.3549],[21.3977,49.4338],[19.8839,49.2042],[19.4674,49.6138],[19.0932,49.9567],[19.95,50.5048]]]},"properties":{"NUTS_ID":"PL21","LEVL_CODE":2,"CNTR_CODE":"PL","NAME_LATN":"Małopolskie","NUTS_NAME":"Małopolskie","MOUNT_TYPE":null,"URBN_TYPE":null,"COAST_TYPE":null}},{"type":"Feature","geometry":{"type":"Polygon","coordinates":[[[18.8516,49.5172],[18.0351,50.0658],[18.4259,50.249],[18.673,51.0569],[19.7471,50.866],[19.95,50.5048],[19.0932,49.9567],[19.4674,49.6138],[18.8516,49.5172]]]},"properties":{"NUTS_ID":"PL22","LEVL_CODE":2,"CNTR_CODE":"PL","NAME_LATN":"Śląskie","NUTS_NAME":"Śląskie","MOUNT_TYPE":null,"URBN_TYPE":null,"COAST_TYPE":null}},{"type":"Feature","geometry":{"type":"Polygon","coordinates":[[[18.1637,51.1725],[17.7953,51.1941],[17.2574,51.6428],[16.4162,51.7849],[15.9468,52.0249],[15.9625,53.0414],[16.5821,53.2209],[16.8922,53.6559],[17.3907,53.491],[17.4585,52.7389],[19.0471,52.3328],[18.472,51.851],[18.1637,51.1725]]]},"properties":{"NUTS_ID":"PL41","LEVL_CODE":2,"CNTR_CODE":"PL","NAME_LATN":"Wielkopolskie","NUTS_NAME":"Wielkopolskie","MOUNT_TYPE":null,"URBN_TYPE":null,"COAST_TYPE":null}},{"type":"Feature","geometry":{"type":"Polygon","coordinates":[[[14.5651,52.6245],[14.1567,52.8956],[14.4122,53.3296],[14.2675,53.6979],[14.6009,53.9675],[16.6991,54.5692],[16.8922,53.6559],[16.5821,53.2209],[15.9625,53.0414],[14.5651,52.6245]]]},"properties":{"NUTS_ID":"PL42","LEVL_CODE":2,"CNTR_CODE":"PL","NAME_LATN":"Zachodniopomorskie","NUTS_NAME":"Zachodniopomorskie","MOUNT_TYPE":null,"URBN_TYPE":null,"COAST_TYPE":null}},{"type":"Feature","geometry":{"type":"Polygon","coordinates":[[[14.7299,51.5818],[14.5651,52.6245],[15.9625,53.0414],[15.9468,52.0249],[16.4162,51.7849],[14.9742,51.3639],[14.7299,51.5818]]]},"properties":{"NUTS_ID":"PL43","LEVL_CODE":2,"CNTR_CODE":"PL","NAME_LATN":"Lubuskie","NUTS_NAME":"Lubuskie","MOUNT_TYPE":null,"URBN_TYPE":null,"COAST_TYPE":null}},{"type":"Feature","geometry":{"type":"Polygon","coordinates":[[[14.8234,50.8706],[14.9742,51.3639],[16.4162,51.7849],[17.2574,51.6428],[17.7953,51.1941],[16.9079,50.4495],[16.8633,50.1981],[16.3651,50.5741],[14.8234,50.8706]]]},"properties":{"NUTS_ID":"PL51","LEVL_CODE":2,"CNTR_CODE":"PL","NAME_LATN":"Dolnośląskie","NUTS_NAME":"Dolnośląskie","MOUNT_TYPE":null,"URBN_TYPE":null,"COAST_TYPE":null}},{"type":"Feature","geometry":{"type":"Polygon","coordinates":[[[17.4296,50.2545],[16.9079,50.4495],[17.7953,51.1941],[18.1637,51.1725],[18.673,51.0569],[18.4259,50.249],[18.0351,50.0658],[17.4296,50.2545]]]},"properties":{"NUTS_ID":"PL52","LEVL_CODE":2,"CNTR_CODE":"PL","NAME_LATN":"Opolskie","NUTS_NAME":"Opolskie","MOUNT_TYPE":null,"URBN_TYPE":null,"COAST_TYPE":null}},{"type":"Feature","geometry":{"type":"Polygon","coordinates":[[[19.0471,52.3328],[17.4585,52.7389],[17.3907,53.491],[18.072,53.7811],[19.1293,53.5883],[19.7616,53.1518],[19.2892,52.3927],[19.0471,52.3328]]]},"properties":{"NUTS_ID":"PL61","LEVL_CODE":2,"CNTR_CODE":"PL","NAME_LATN":"Kujawsko-pomorskie","NUTS_NAME":"Kujawsko-pomorskie","MOUNT_TYPE":null,"URBN_TYPE":null,"COAST_TYPE":null}},{"type":"Feature","geometry":{"type":"Polygon","coordinates":[[[19.7616,53.1518],[19.1293,53.5883],[19.257,54.2785],[19.8039,54.4423],[21.5593,54.3225],[22.792,54.3634],[22.6928,53.8021],[21.613,53.4808],[19.7616,53.1518]]]},"properties":{"NUTS_ID":"PL62","LEVL_CODE":2,"CNTR_CODE":"PL","NAME_LATN":"Warmińsko-mazurskie","NUTS_NAME":"Warmińsko-mazurskie","MOUNT_TYPE":null,"URBN_TYPE":null,"COAST_TYPE":null}},{"type":"Feature","geometry":{"type":"Polygon","coordinates":[[[17.3907,53.491],[16.8922,53.6559],[16.6991,54.5692],[18.2684,54.8106],[19.257,54.2785],[19.1293,53.5883],[18.072,53.7811],[17.3907,53.491]]]},"properties":{"NUTS_ID":"PL63","LEVL_CODE":2,"CNTR_CODE":"PL","NAME_LATN":"Pomorskie","NUTS_NAME":"Pomorskie","MOUNT_TYPE":null,"URBN_TYPE":null,"COAST_TYPE":null}},{"type":"Feature","geometry":{"type":"Polygon","coordinates":[[[19.7471,50.866],[18.673,51.0569],[18.1637,51.1725],[18.472,51.851],[19.0471,52.3328],[19.2892,52.3927],[19.9361,52.2997],[20.5339,51.8354],[20.4328,51.3394],[19.7471,50.866]]]},"properties":{"NUTS_ID":"PL71","LEVL_CODE":2,"CNTR_CODE":"PL","NAME_LATN":"Łódzkie","NUTS_NAME":"Łódzkie","MOUNT_TYPE":null,"URBN_TYPE":null,"COAST_TYPE":null}},{"type":"Feature","geometry":{"type":"Polygon","coordinates":[[[21.2088,50.3549],[20.6815,50.2059],[19.95,50.5048],[19.7471,50.866],[20.4328,51.3394],[21.803,51.0721],[21.8643,50.8027],[21.2088,50.3549]]]},"properties":{"NUTS_ID":"PL72","LEVL_CODE":2,"CNTR_CODE":"PL","NAME_LATN":"Świętokrzyskie","NUTS_NAME":"Świętokrzyskie","MOUNT_TYPE":null,"URBN_TYPE":null,"COAST_TYPE":null}},{"type":"Feature","geometry":{"type":"Polygon","coordinates":[[[21.8643,50.8027],[21.803,51.0721],[21.6155,51.6176],[21.9858,51.9913],[23.1284,52.2878],[23.1784,52.2832],[23.6179,52.0333],[23.6174,51.5095],[24.0982,50.6374],[23.5476,50.2516],[22.6382,50.3031],[21.8643,50.8027]]]},"properties":{"NUTS_ID":"PL81","LEVL_CODE":2,"CNTR_CODE":"PL","NAME_LATN":"Lubelskie","NUTS_NAME":"Lubelskie","MOUNT_TYPE":null,"URBN_TYPE":null,"COAST_TYPE":null}},{"type":"Feature","geometry":{"type":"Polygon","coordinates":[[[21.3977,49.4338],[21.2088,50.3549],[21.8643,50.8027],[22.6382,50.3031],[23.5476,50.2516],[22.6861,49.5732],[22.5668,49.0884],[21.3977,49.4338]]]},"properties":{"NUTS_ID":"PL82","LEVL_CODE":2,"CNTR_CODE":"PL","NAME_LATN":"Podkarpackie","NUTS_NAME":"Podkarpackie","MOUNT_TYPE":null,"URBN_TYPE":null,"COAST_TYPE":null}},{"type":"Feature","geometry":{"type":"Polygon","coordinates":[[[21.613,53.4808],[22.6928,53.8021],[22.792,54.3634],[23.5146,53.9566],[23.939,52.778],[23.1784,52.2832],[23.1284,52.2878],[22.4086,52.6097],[21.613,53.4808]]]},"properties":{"NUTS_ID":"PL84","LEVL_CODE":2,"CNTR_CODE":"PL","NAME_LATN":"Podlaskie","NUTS_NAME":"Podlaskie","MOUNT_TYPE":null,"URBN_TYPE":null,"COAST_TYPE":null}},{"type":"Feature","geometry":{"type":"Polygon","coordinates":[[[21.9083,52.092],[21.2758,51.8768],[20.5448,52.0457],[20.4048,52.3843],[21.5967,52.5533],[21.9083,52.092]]]},"properties":{"NUTS_ID":"PL91","LEVL_CODE":2,"CNTR_CODE":"PL","NAME_LATN":"Warszawski stołeczny","NUTS_NAME":"Warszawski stołeczny","MOUNT_TYPE":null,"URBN_TYPE":null,"COAST_TYPE":null}},{"type":"Feature","geometry":{"type":"Polygon","coordinates":[[[19.2892,52.3927],[19.7616,53.1518],[21.613,53.4808],[22.4086,52.6097],[23.1284,52.2878],[21.9858,51.9913],[21.6155,51.6176],[21.803,51.0721],[20.4328,51.3394],[20.5339,51.8354],[19.9361,52.2997],[19.2892,52.3927]],[[21.9083,52.092],[21.5967,52.5533],[20.4048,52.3843],[20.5448,52.0457],[21.2758,51.8768],[21.9083,52.092]]]},"properties":{"NUTS_ID":"PL92","LEVL_CODE":2,"CNTR_CODE":"PL","NAME_LATN":"Mazowiecki regionalny","NUTS_NAME":"Mazowiecki regionalny","MOUNT_TYPE":null,"URBN_TYPE":null,"COAST_TYPE":null}},{"type":"Feature","geometry":{"type":"Polygon","coordinates":[[[-6.9858,41.9714],[-6.261,41.5521],[-6.9299,41.0293],[-7.4542,40.8126],[-7.9157,41.02],[-8.6531,40.9648],[-8.8632,41.8721],[-8.1651,41.8183],[-6.9858,41.9714]]]},"properties":{"NUTS_ID":"PT11","LEVL_CODE":2,"CNTR_CODE":"PT","NAME_LATN":"Norte","NUTS_NAME":"Norte","MOUNT_TYPE":null,"URBN_TYPE":null,"COAST_TYPE":null}},{"type":"Feature","geometry":{"type":"Polygon","coordinates":[[[-8.7963,37.4429],[-8.0468,37.3565],[-7.5127,37.5263],[-7.4019,37.1748],[-7.8209,37.0331],[-8.8264,37.0891],[-8.7963,37.4429]]]},"properties":{"NUTS_ID":"PT15","LEVL_CODE":2,"CNTR_CODE":"PT","NAME_LATN":"Algarve","NUTS_NAME":"Algarve","MOUNT_TYPE":null,"URBN_TYPE":null,"COAST_TYPE":null}},{"type":"Feature","geometry":{"type":"Polygon","coordinates":[[[-8.6531,40.9648],[-7.9157,41.02],[-7.4542,40.8126],[-6.9299,41.0293],[-6.8651,40.2707],[-7.0105,39.7373],[-7.5428,39.6628],[-7.8251,39.5374],[-8.2851,39.7958],[-9.0403,39.7414],[-8.6531,40.9648]]]},"properties":{"NUTS_ID":"PT19","LEVL_CODE":2,"CNTR_CODE":"PT","NAME_LATN":"Centro (PT)","NUTS_NAME":"Centro (PT)","MOUNT_TYPE":null,"URBN_TYPE":null,"COAST_TYPE":null}},{"type":"Feature","geometry":{"type":"Polygon","coordinates":[[[-9.4164,39.0548],[-8.9685,38.8278],[-9.4066,38.7293],[-9.4164,39.0548]]]},"properties":{"NUTS_ID":"PT1A","LEVL_CODE":2,"CNTR_CODE":"PT","NAME_LATN":"Grande Lisboa","NUTS_NAME":"Grande Lisboa","MOUNT_TYPE":null,"URBN_TYPE":null,"COAST_TYPE":null}},{"type":"Feature","geometry":{"type":"Polygon","coordinates":[[[-8.9249,38.7587],[-8.5468,38.7634],[-8.735,38.5157],[-8.9249,38.7587]]]},"properties":{"NUTS_ID":"PT1B","LEVL_CODE":2,"CNTR_CODE":"PT","NAME_LATN":"Península de Setúbal","NUTS_NAME":"Península de Setúbal","MOUNT_TYPE":null,"URBN_TYPE":null,"COAST_TYPE":null}},{"type":"Feature","geometry":{"type":"Polygon","coordinates":[[[-7.5127,37.5263],[-8.0468,37.3565],[-8.7963,37.4429],[-8.735,38.5157],[-8.5468,38.7634],[-7.8251,39.5374],[-7.5428,39.6628],[-7.0199,39.0035],[-7.275,38.4434],[-6.9317,38.2084],[-7.5127,37.5263]]]},"properties":{"NUTS_ID":"PT1C","LEVL_CODE":2,"CNTR_CODE":"PT","NAME_LATN":"Alentejo","NUTS_NAME":"Alentejo","MOUNT_TYPE":null,"URBN_TYPE":null,"COAST_TYPE":null}},{"type":"Feature","geometry":{"type":"Polygon","coordinates":[[[11.8669,55.7374],[12.3635,55.5938],[12.0203,54.8216],[11.2508,55.2867],[11.8669,55.7374]]]},"properties":{"NUTS_ID":"DK02","LEVL_CODE":2,"CNTR_CODE":"DK","NAME_LATN":"Sjælland","NUTS_NAME":"Sjælland","MOUNT_TYPE":null,"URBN_TYPE":null,"COAST_TYPE":null}},{"type":"Feature","geometry":{"type":"MultiPolygon","coordinates":[[[[9.4229,54.8232],[8.636,54.9116],[8.1959,55.8323],[9.387,55.9241],[9.672,55.7121],[9.4229,54.8232]]],[[[10.7848,54.8493],[9.6822,55.3908],[10.6729,55.5336],[10.7848,54.8493]]]]},"properties":{"NUTS_ID":"DK03","LEVL_CODE":2,"CNTR_CODE":"DK","NAME_LATN":"Syddanmark","NUTS_NAME":"Syddanmark","MOUNT_TYPE":null,"URBN_TYPE":null,"COAST_TYPE":null}},{"type":"Feature","geometry":{"type":"Polygon","coordinates":[[[9.672,55.7121],[9.387,55.9241],[8.1959,55.8323],[8.4039,56.6703],[10.1951,56.6846],[10.7954,56.3175],[9.672,55.7121]]]},"properties":{"NUTS_ID":"DK04","LEVL_CODE":2,"CNTR_CODE":"DK","NAME_LATN":"Midtjylland","NUTS_NAME":"Midtjylland","MOUNT_TYPE":null,"URBN_TYPE":null,"COAST_TYPE":null}},{"type":"Feature","geometry":{"type":"Polygon","coordinates":[[[10.1951,56.6846],[8.4039,56.6703],[8.539,57.034],[10.4987,57.3425],[10.1951,56.6846]]]},"properties":{"NUTS_ID":"DK05","LEVL_CODE":2,"CNTR_CODE":"DK","NAME_LATN":"Nordjylland","NUTS_NAME":"Nordjylland","MOUNT_TYPE":null,"URBN_TYPE":null,"COAST_TYPE":null}},{"type":"Feature","geometry":{"type":"MultiPolygon","coordinates":[[[[27.3516,57.5183],[26.4561,57.5514],[25.4365,58.0202],[24.3905,57.8732],[24.3928,58.3265],[23.5563,58.6289],[23.5444,59.1052],[24.3951,59.4736],[26.0511,59.6168],[28.12,59.3544],[27.357,58.7873],[27.6968,57.995],[27.3516,57.5183]]],[[[23.0747,58.5277],[22.2096,58.0428],[21.6668,58.316],[22.6928,59.0148],[23.0747,58.5277]]]]},"properties":{"NUTS_ID":"EE00","LEVL_CODE":2,"CNTR_CODE":"EE","NAME_LATN":"Eesti","NUTS_NAME":"Eesti","MOUNT_TYPE":null,"URBN_TYPE":null,"COAST_TYPE":null}},{"type":"Feature","geometry":{"type":"Polygon","coordinates":[[[23.1797,37.9516],[23.1175,38.0606],[23.1262,38.1684],[23.6904,38.3403],[23.1797,37.9516]]]},"properties":{"NUTS_ID":"EL30","LEVL_CODE":2,"CNTR_CODE":"EL","NAME_LATN":"Attiki","NUTS_NAME":"Aττική","MOUNT_TYPE":null,"URBN_TYPE":null,"COAST_TYPE":null}},{"type":"Feature","geometry":{"type":"Polygon","coordinates":[[[26.6209,39.0524],[26.358,38.962],[25.9067,39.1213],[26.3461,39.3852],[26.6209,39.0524]]]},"properties":{"NUTS_ID":"EL41","LEVL_CODE":2,"CNTR_CODE":"EL","NAME_LATN":"Voreio Aigaio","NUTS_NAME":"Βόρειο Αιγαίο","MOUNT_TYPE":null,"URBN_TYPE":null,"COAST_TYPE":null}},{"type":"Feature","geometry":{"type":"Polygon","coordinates":[[[28.1381,36.3221],[27.8316,35.8755],[27.6119,36.1707],[28.1381,36.3221]]]},"properties":{"NUTS_ID":"EL42","LEVL_CODE":2,"CNTR_CODE":"EL","NAME_LATN":"Notio Aigaio","NUTS_NAME":"Νότιο Αιγαίο","MOUNT_TYPE":null,"URBN_TYPE":null,"COAST_TYPE":null}},{"type":"Feature","geometry":{"type":"Polygon","coordinates":[[[23.8929,35.5248],[24.3174,35.3538],[26.3116,35.3161],[26.2305,35.0341],[24.9361,34.9313],[23.741,35.2633],[23.8929,35.5248]]]},"properties":{"NUTS_ID":"EL43","LEVL_CODE":2,"CNTR_CODE":"EL","NAME_LATN":"Kriti","NUTS_NAME":"Κρήτη","MOUNT_TYPE":null,"URBN_TYPE":null,"COAST_TYPE":null}},{"type":"Feature","geometry":{"type":"Polygon","coordinates":[[[23.6243,41.3757],[24.0597,41.5221],[25.2247,41.2646],[25.9486,41.3203],[26.5712,41.4747],[26.0328,40.7303],[25.0725,41.0043],[23.8677,40.7787],[23.6243,41.3757]]]},"properties":{"NUTS_ID":"EL51","LEVL_CODE":2,"CNTR_CODE":"EL","NAME_LATN":"Anatoliki Makedonia, Thraki","NUTS_NAME":"Aνατολική Μακεδονία, Θράκη","MOUNT_TYPE":null,"URBN_TYPE":null,"COAST_TYPE":null}},{"type":"Feature","geometry":{"type":"Polygon","coordinates":[[[22.9276,41.3385],[23.6243,41.3757],[23.8677,40.7787],[23.6189,40.2606],[22.664,40.4916],[22.6624,39.9755],[22.1157,40.1902],[21.7874,40.9311],[22.9276,41.3385]]]},"properties":{"NUTS_ID":"EL52","LEVL_CODE":2,"CNTR_CODE":"EL","NAME_LATN":"Kentriki Makedonia","NUTS_NAME":"Κεντρική Μακεδονία","MOUNT_TYPE":null,"URBN_TYPE":null,"COAST_TYPE":null}},{"type":"Feature","geometry":{"type":"Polygon","coordinates":[[[20.7785,40.3487],[20.9802,40.8557],[21.7874,40.9311],[22.1157,40.1902],[21.9177,39.852],[21.2956,39.8575],[20.7785,40.3487]]]},"properties":{"NUTS_ID":"EL53","LEVL_CODE":2,"CNTR_CODE":"EL","NAME_LATN":"Dytiki Makedonia","NUTS_NAME":"Δυτική Μακεδονία","MOUNT_TYPE":null,"URBN_TYPE":null,"COAST_TYPE":null}},{"type":"Feature","geometry":{"type":"Polygon","coordinates":[[[20.0088,39.6913],[20.7785,40.3487],[21.2956,39.8575],[21.3729,39.1746],[21.1225,39.0308],[20.7384,39.0572],[20.0088,39.6913]]]},"properties":{"NUTS_ID":"EL54","LEVL_CODE":2,"CNTR_CODE":"EL","NAME_LATN":"Ipeiros","NUTS_NAME":"Ήπειρος","MOUNT_TYPE":null,"URBN_TYPE":null,"COAST_TYPE":null}},{"type":"Feature","geometry":{"type":"Polygon","coordinates":[[[22.1157,40.1902],[22.6624,39.9755],[23.0923,39.3896],[22.9621,38.9748],[22.2582,39.2722],[21.3964,39.1647],[21.3729,39.1746],[21.2956,39.8575],[21.9177,39.852],[22.1157,40.1902]]]},"properties":{"NUTS_ID":"EL61","LEVL_CODE":2,"CNTR_CODE":"EL","NAME_LATN":"Thessalia","NUTS_NAME":"Θεσσαλία","MOUNT_TYPE":null,"URBN_TYPE":null,"COAST_TYPE":null}},{"type":"Feature","geometry":{"type":"Polygon","coordinates":[[[21.0938,37.6962],[20.8647,37.585],[20.5765,37.7373],[20.9098,37.8622],[21.0938,37.6962]]]},"properties":{"NUTS_ID":"EL62","LEVL_CODE":2,"CNTR_CODE":"EL","NAME_LATN":"Ionia Nisia","NUTS_NAME":"Ιόνια Νησιά","MOUNT_TYPE":null,"URBN_TYPE":null,"COAST_TYPE":null}},{"type":"Feature","geometry":{"type":"MultiPolygon","coordinates":[[[[21.1225,39.0308],[21.3729,39.1746],[21.3964,39.1647],[21.8517,38.3745],[21.1354,38.3756],[21.1225,39.0308]]],[[[22.373,38.1422],[21.6802,37.3774],[21.22,37.8146],[21.8365,38.3038],[22.373,38.1422]]]]},"properties":{"NUTS_ID":"EL63","LEVL_CODE":2,"CNTR_CODE":"EL","NAME_LATN":"Dytiki Elláda","NUTS_NAME":"Δυτική Ελλάδα","MOUNT_TYPE":null,"URBN_TYPE":null,"COAST_TYPE":null}},{"type":"Feature","geometry":{"type":"Polygon","coordinates":[[[23.6904,38.3403],[23.1262,38.1684],[21.8517,38.3745],[21.3964,39.1647],[22.2582,39.2722],[22.9621,38.9748],[23.2842,39.0222],[24.0746,38.6357],[23.6904,38.3403]]]},"properties":{"NUTS_ID":"EL64","LEVL_CODE":2,"CNTR_CODE":"EL","NAME_LATN":"Sterea Elláda","NUTS_NAME":"Στερεά Ελλάδα","MOUNT_TYPE":null,"URBN_TYPE":null,"COAST_TYPE":null}},{"type":"Feature","geometry":{"type":"Polygon","coordinates":[[[23.1175,38.0606],[23.1797,37.9516],[23.1723,37.612],[23.4244,37.4117],[22.8114,37.4663],[22.9372,36.6605],[22.3754,36.7254],[21.6802,37.3774],[22.373,38.1422],[23.1175,38.0606]]]},"properties":{"NUTS_ID":"EL65","LEVL_CODE":2,"CNTR_CODE":"EL","NAME_LATN":"Peloponnisos","NUTS_NAME":"Πελοπόννησος","MOUNT_TYPE":null,"URBN_TYPE":null,"COAST_TYPE":null}},{"type":"Feature","geometry":{"type":"Polygon","coordinates":[[[-6.9858,41.9714],[-8.1651,41.8183],[-8.8632,41.8721],[-8.6937,42.2985],[-9.2397,43.0579],[-7.6997,43.7351],[-7.0318,43.5445],[-6.8242,42.915],[-7.0771,42.508],[-6.9858,41.9714]]]},"properties":{"NUTS_ID":"ES11","LEVL_CODE":2,"CNTR_CODE":"ES","NAME_LATN":"Galicia","NUTS_NAME":"Galicia","MOUNT_TYPE":null,"URBN_TYPE":null,"COAST_TYPE":null}},{"type":"Feature","geometry":{"type":"Polygon","coordinates":[[[-6.8242,42.915],[-7.0318,43.5445],[-5.8377,43.6106],[-4.5123,43.3932],[-4.841,43.1808],[-6.8242,42.915]]]},"properties":{"NUTS_ID":"ES12","LEVL_CODE":2,"CNTR_CODE":"ES","NAME_LATN":"Principado de Asturias","NUTS_NAME":"Principado de Asturias","MOUNT_TYPE":null,"URBN_TYPE":null,"COAST_TYPE":null}},{"type":"Feature","geometry":{"type":"Polygon","coordinates":[[[-4.841,43.1808],[-4.5123,43.3932],[-3.5826,43.5119],[-3.1533,43.3532],[-3.4176,43.1333],[-3.9997,42.7689],[-4.841,43.1808]]]},"properties":{"NUTS_ID":"ES13","LEVL_CODE":2,"CNTR_CODE":"ES","NAME_LATN":"Cantabria","NUTS_NAME":"Cantabria","MOUNT_TYPE":null,"URBN_TYPE":null,"COAST_TYPE":null}},{"type":"Feature","geometry":{"type":"Polygon","coordinates":[[[-3.4176,43.1333],[-3.1533,43.3532],[-1.786,43.3506],[-1.7289,43.2961],[-2.4207,42.4893],[-2.8581,42.6384],[-3.4176,43.1333]]]},"properties":{"NUTS_ID":"ES21","LEVL_CODE":2,"CNTR_CODE":"ES","NAME_LATN":"País Vasco","NUTS_NAME":"País Vasco","MOUNT_TYPE":null,"URBN_TYPE":null,"COAST_TYPE":null}},{"type":"Feature","geometry":{"type":"Polygon","coordinates":[[[-2.4207,42.4893],[-1.7289,43.2961],[-0.7245,42.9202],[-1.4571,42.0275],[-1.8472,42.008],[-2.4207,42.4893]]]},"properties":{"NUTS_ID":"ES22","LEVL_CODE":2,"CNTR_CODE":"ES","NAME_LATN":"Comunidad Foral de Navarra","NUTS_NAME":"Comunidad Foral de Navarra","MOUNT_TYPE":null,"URBN_TYPE":null,"COAST_TYPE":null}},{"type":"Feature","geometry":{"type":"Polygon","coordinates":[[[-2.8581,42.6384],[-2.4207,42.4893],[-1.8472,42.008],[-1.8565,41.9664],[-2.9136,42.0228],[-2.8581,42.6384]]]},"properties":{"NUTS_ID":"ES23","LEVL_CODE":2,"CNTR_CODE":"ES","NAME_LATN":"La Rioja","NUTS_NAME":"La Rioja","MOUNT_TYPE":null,"URBN_TYPE":null,"COAST_TYPE":null}},{"type":"Feature","geometry":{"type":"Polygon","coordinates":[[[-1.8472,42.008],[-1.4571,42.0275],[-0.7245,42.9202],[-0.3133,42.8494],[0.6601,42.691],[0.6755,42.1084],[0.1705,40.7329],[-0.2224,40.7088],[-0.7976,39.8811],[-1.4488,40.1454],[-1.8057,40.398],[-1.6174,40.9437],[-2.0517,41.1469],[-1.8565,41.9664],[-1.8472,42.008]]]},"properties":{"NUTS_ID":"ES24","LEVL_CODE":2,"CNTR_CODE":"ES","NAME_LATN":"Aragón","NUTS_NAME":"Aragón","MOUNT_TYPE":null,"URBN_TYPE":null,"COAST_TYPE":null}},{"type":"Feature","geometry":{"type":"Polygon","coordinates":[[[-3.5396,41.165],[-3.0678,40.158],[-3.5826,40.0135],[-4.5791,40.2172],[-4.3193,40.6476],[-3.5396,41.165]]]},"properties":{"NUTS_ID":"ES30","LEVL_CODE":2,"CNTR_CODE":"ES","NAME_LATN":"Comunidad de Madrid","NUTS_NAME":"Comunidad de Madrid","MOUNT_TYPE":null,"URBN_TYPE":null,"COAST_TYPE":null}},{"type":"Feature","geometry":{"type":"Polygon","coordinates":[[[-6.9299,41.0293],[-6.261,41.5521],[-6.9858,41.9714],[-7.0771,42.508],[-6.8242,42.915],[-4.841,43.1808],[-3.9997,42.7689],[-3.4176,43.1333],[-2.8581,42.6384],[-2.9136,42.0228],[-1.8565,41.9664],[-2.0517,41.1469],[-3.2074,41.3042],[-3.5396,41.165],[-4.3193,40.6476],[-4.5791,40.2172],[-5.336,40.1159],[-6.2209,40.4407],[-6.8651,40.2707],[-6.9299,41.0293]]]},"properties":{"NUTS_ID":"ES41","LEVL_CODE":2,"CNTR_CODE":"ES","NAME_LATN":"Castilla y León","NUTS_NAME":"Castilla y León","MOUNT_TYPE":null,"URBN_TYPE":null,"COAST_TYPE":null}},{"type":"Feature","geometry":{"type":"Polygon","coordinates":[[[-2.0517,41.1469],[-1.6174,40.9437],[-1.8057,40.398],[-1.4488,40.1454],[-1.0269,38.6555],[-1.3286,38.64],[-2.3412,38.0259],[-2.7621,38.5328],[-4.2689,38.3472],[-5.047,38.7291],[-4.7841,39.1823],[-5.336,40.1159],[-4.5791,40.2172],[-3.5826,40.0135],[-3.0678,40.158],[-3.5396,41.165],[-3.2074,41.3042],[-2.0517,41.1469]]]},"properties":{"NUTS_ID":"ES42","LEVL_CODE":2,"CNTR_CODE":"ES","NAME_LATN":"Castilla-La Mancha","NUTS_NAME":"Castilla-La Mancha","MOUNT_TYPE":null,"URBN_TYPE":null,"COAST_TYPE":null}},{"type":"Feature","geometry":{"type":"Polygon","coordinates":[[[-7.5428,39.6628],[-7.0105,39.7373],[-6.8651,40.2707],[-6.2209,40.4407],[-5.336,40.1159],[-4.7841,39.1823],[-5.047,38.7291],[-5.5848,38.1318],[-6.1803,37.9411],[-6.9317,38.2084],[-7.275,38.4434],[-7.0199,39.0035],[-7.5428,39.6628]]]},"properties":{"NUTS_ID":"ES43","LEVL_CODE":2,"CNTR_CODE":"ES","NAME_LATN":"Extremadura","NUTS_NAME":"Extremadura","MOUNT_TYPE":null,"URBN_TYPE":null,"COAST_TYPE":null}},{"type":"Feature","geometry":{"type":"Polygon","coordinates":[[[0.1705,40.7329],[0.6755,42.1084],[0.6601,42.691],[1.4297,42.6178],[1.7258,42.5044],[3.174,42.4352],[3.1457,41.8967],[2.7785,41.6488],[0.9469,40.995],[0.5152,40.5229],[0.1705,40.7329]]]},"properties":{"NUTS_ID":"ES51","LEVL_CODE":2,"CNTR_CODE":"ES","NAME_LATN":"Cataluña","NUTS_NAME":"Cataluña","MOUNT_TYPE":null,"URBN_TYPE":null,"COAST_TYPE":null}},{"type":"Feature","geometry":{"type":"Polygon","coordinates":[[[-1.4488,40.1454],[-0.7976,39.8811],[-0.2224,40.7088],[0.1705,40.7329],[0.5152,40.5229],[-0.2843,39.4346],[0.1372,38.716],[-0.4955,38.3039],[-0.7621,37.847],[-1.0269,38.6555],[-1.4488,40.1454]]]},"properties":{"NUTS_ID":"ES52","LEVL_CODE":2,"CNTR_CODE":"ES","NAME_LATN":"Comunitat Valenciana ","NUTS_NAME":"Comunitat Valenciana ","MOUNT_TYPE":null,"URBN_TYPE":null,"COAST_TYPE":null}},{"type":"Feature","geometry":{"type":"Polygon","coordinates":[[[3.339,39.6723],[2.9864,39.3243],[2.3748,39.5351],[2.951,39.8983],[3.339,39.6723]]]},"properties":{"NUTS_ID":"ES53","LEVL_CODE":2,"CNTR_CODE":"ES","NAME_LATN":"Illes Balears","NUTS_NAME":"Illes Balears","MOUNT_TYPE":null,"URBN_TYPE":null,"COAST_TYPE":null}},{"type":"Feature","geometry":{"type":"Polygon","coordinates":[[[-7.4019,37.1748],[-7.5127,37.5263],[-6.9317,38.2084],[-6.1803,37.9411],[-5.5848,38.1318],[-5.047,38.7291],[-4.2689,38.3472],[-2.7621,38.5328],[-2.3412,38.0259],[-1.63,37.3752],[-2.1938,36.7632],[-4.3443,36.707],[-5.6119,36.0443],[-6.0031,36.1912],[-6.3456,36.7988],[-6.9171,37.1495],[-7.4019,37.1748]]]},"properties":{"NUTS_ID":"ES61","LEVL_CODE":2,"CNTR_CODE":"ES","NAME_LATN":"Andalucía","NUTS_NAME":"Andalucía","MOUNT_TYPE":null,"URBN_TYPE":null,"COAST_TYPE":null}},{"type":"Feature","geometry":{"type":"Polygon","coordinates":[[[-2.3412,38.0259],[-1.3286,38.64],[-1.0269,38.6555],[-0.7621,37.847],[-1.63,37.3752],[-2.3412,38.0259]]]},"properties":{"NUTS_ID":"ES62","LEVL_CODE":2,"CNTR_CODE":"ES","NAME_LATN":"Región de Murcia","NUTS_NAME":"Región de Murcia","MOUNT_TYPE":null,"URBN_TYPE":null,"COAST_TYPE":null}},{"type":"Feature","geometry":{"type":"Polygon","coordinates":[[[-5.382,35.9126],[-5.3366,35.8954],[-5.3442,35.8711],[-5.382,35.9126]]]},"properties":{"NUTS_ID":"ES63","LEVL_CODE":2,"CNTR_CODE":"ES","NAME_LATN":"Ciudad de Ceuta","NUTS_NAME":"Ciudad de Ceuta","MOUNT_TYPE":null,"URBN_TYPE":null,"COAST_TYPE":null}},{"type":"Feature","geometry":{"type":"Polygon","coordinates":[[[-2.9297,35.2717],[-2.9676,35.2828],[-2.9601,35.3152],[-2.9323,35.2936],[-2.9297,35.2717]]]},"properties":{"NUTS_ID":"ES64","LEVL_CODE":2,"CNTR_CODE":"ES","NAME_LATN":"Ciudad de Melilla","NUTS_NAME":"Ciudad de Melilla","MOUNT_TYPE":null,"URBN_TYPE":null,"COAST_TYPE":null}},{"type":"Feature","geometry":{"type":"Polygon","coordinates":[[[-16.3251,28.4378],[-16.6081,28.0094],[-16.9871,28.3634],[-16.3251,28.4378]]]},"properties":{"NUTS_ID":"ES70","LEVL_CODE":2,"CNTR_CODE":"ES","NAME_LATN":"Canarias","NUTS_NAME":"Canarias","MOUNT_TYPE":null,"URBN_TYPE":null,"COAST_TYPE":null}},{"type":"Feature","geometry":{"type":"Polygon","coordinates":[[[26.315,61.6084],[25.5013,61.6769],[24.9139,61.3249],[23.1954,61.0012],[21.4199,61.0474],[21.612,61.5448],[21.0729,62.9174],[22.9875,63.7836],[24.359,63.1164],[25.3111,63.5802],[26.1387,63.4576],[26.2173,62.8686],[26.7091,62.4529],[26.315,61.6084]]]},"properties":{"NUTS_ID":"FI19","LEVL_CODE":2,"CNTR_CODE":"FI","NAME_LATN":"Länsi-Suomi","NUTS_NAME":"Länsi-Suomi","MOUNT_TYPE":null,"URBN_TYPE":null,"COAST_TYPE":null}},{"type":"Feature","geometry":{"type":"Polygon","coordinates":[[[22.994,60.0833],[25.111,60.8186],[26.3001,60.7492],[26.4917,60.4476],[26.2474,60.2451],[23.6297,59.8773],[22.994,60.0833]]]},"properties":{"NUTS_ID":"FI1B","LEVL_CODE":2,"CNTR_CODE":"FI","NAME_LATN":"Helsinki-Uusimaa","NUTS_NAME":"Helsinki-Uusimaa","MOUNT_TYPE":null,"URBN_TYPE":null,"COAST_TYPE":null}},{"type":"Feature","geometry":{"type":"Polygon","coordinates":[[[21.4199,61.0474],[23.1954,61.0012],[24.9139,61.3249],[25.5013,61.6769],[26.315,61.6084],[27.1724,61.1612],[30.144,61.8522],[27.7384,60.4476],[26.4917,60.4476],[26.3001,60.7492],[25.111,60.8186],[22.994,60.0833],[22.5254,59.9516],[21.2403,60.7687],[21.4199,61.0474]]]},"properties":{"NUTS_ID":"FI1C","LEVL_CODE":2,"CNTR_CODE":"FI","NAME_LATN":"Etelä-Suomi","NUTS_NAME":"Etelä-Suomi","MOUNT_TYPE":null,"URBN_TYPE":null,"COAST_TYPE":null}},{"type":"Feature","geometry":{"type":"Polygon","coordinates":[[[20.5486,69.06],[21.3411,69.2702],[23.1353,68.6752],[25.0244,68.6541],[25.6658,69.0213],[26.1522,69.7626],[27.7823,70.0534],[29.1176,69.6151],[28.9296,69.0519],[28.6936,68.2085],[29.927,67.6843],[29.115,66.9668],[30.0793,65.7743],[29.6879,64.9413],[30.4931,64.1224],[29.9719,63.7572],[31.4603,62.8928],[30.144,61.8522],[27.1724,61.1612],[26.315,61.6084],[26.7091,62.4529],[26.2173,62.8686],[26.1387,63.4576],[25.3111,63.5802],[24.359,63.1164],[22.9875,63.7836],[24.5197,64.7249],[25.2696,64.9368],[25.0846,65.5889],[24.1551,65.816],[23.701,66.3347],[23.9021,66.765],[23.4772,67.9929],[23.0071,68.3068],[20.5486,69.06]]]},"properties":{"NUTS_ID":"FI1D","LEVL_CODE":2,"CNTR_CODE":"FI","NAME_LATN":"Pohjois- ja Itä-Suomi","NUTS_NAME":"Pohjois- ja Itä-Suomi","MOUNT_TYPE":null,"URBN_TYPE":null,"COAST_TYPE":null}},{"type":"Feature","geometry":{"type":"Polygon","coordinates":[[[21.015,60.1736],[20.2558,59.8787],[19.5233,60.2356],[20.4976,60.502],[21.015,60.1736]]]},"properties":{"NUTS_ID":"FI20","LEVL_CODE":2,"CNTR_CODE":"FI","NAME_LATN":"Åland","NUTS_NAME":"Åland","MOUNT_TYPE":null,"URBN_TYPE":null,"COAST_TYPE":null}},{"type":"Feature","geometry":{"type":"Polygon","coordinates":[[[3.4852,48.8519],[3.4148,48.3903],[2.9363,48.1634],[1.9941,48.2866],[1.5015,48.9411],[1.7044,49.2322],[3.0719,49.1176],[3.4852,48.8519]]]},"properties":{"NUTS_ID":"FR10","LEVL_CODE":2,"CNTR_CODE":"FR","NAME_LATN":"Ile-de-France","NUTS_NAME":"Ile-de-France","MOUNT_TYPE":null,"URBN_TYPE":null,"COAST_TYPE":null}},{"type":"Feature","geometry":{"type":"Polygon","coordinates":[[[1.5015,48.9411],[1.9941,48.2866],[2.9363,48.1634],[3.0321,46.7949],[2.281,46.4204],[1.1773,46.3839],[0.8675,46.7482],[0.0538,47.1637],[0.6144,47.6942],[0.7977,48.1945],[0.8148,48.6702],[1.5015,48.9411]]]},"properties":{"NUTS_ID":"FRB0","LEVL_CODE":2,"CNTR_CODE":"FR","NAME_LATN":"Centre — Val de Loire","NUTS_NAME":"Centre — Val de Loire","MOUNT_TYPE":null,"URBN_TYPE":null,"COAST_TYPE":null}},{"type":"Feature","geometry":{"type":"Polygon","coordinates":[[[2.9363,48.1634],[3.4148,48.3903],[4.2934,47.9257],[4.7042,48.0202],[5.3741,47.6045],[5.3106,46.4468],[4.7802,46.1767],[3.8995,46.2759],[3.6294,46.7495],[3.0321,46.7949],[2.9363,48.1634]]]},"properties":{"NUTS_ID":"FRC1","LEVL_CODE":2,"CNTR_CODE":"FR","NAME_LATN":"Bourgogne","NUTS_NAME":"Bourgogne","MOUNT_TYPE":null,"URBN_TYPE":null,"COAST_TYPE":null}},{"type":"Feature","geometry":{"type":"Polygon","coordinates":[[[6.46,46.8516],[6.064,46.4162],[5.3106,46.4468],[5.3741,47.6045],[5.8847,47.926],[6.8462,47.8229],[7.1304,47.503],[6.46,46.8516]]]},"properties":{"NUTS_ID":"FRC2","LEVL_CODE":2,"CNTR_CODE":"FR","NAME_LATN":"Franche-Comté","NUTS_NAME":"Franche-Comté","MOUNT_TYPE":null,"URBN_TYPE":null,"COAST_TYPE":null}},{"type":"Feature","geometry":{"type":"Polygon","coordinates":[[[0.8148,48.6702],[0.7977,48.1945],[-1.0554,48.508],[-1.5711,48.6265],[-1.7654,49.5764],[-1.1196,49.3223],[0.2972,49.4299],[0.8148,48.6702]]]},"properties":{"NUTS_ID":"FRD1","LEVL_CODE":2,"CNTR_CODE":"FR","NAME_LATN":"Basse-Normandie ","NUTS_NAME":"Basse-Normandie ","MOUNT_TYPE":null,"URBN_TYPE":null,"COAST_TYPE":null}},{"type":"Feature","geometry":{"type":"Polygon","coordinates":[[[1.7044,49.2322],[1.5015,48.9411],[0.8148,48.6702],[0.2972,49.4299],[0.3352,49.7267],[1.3796,50.0651],[1.7838,49.7583],[1.7044,49.2322]]]},"properties":{"NUTS_ID":"FRD2","LEVL_CODE":2,"CNTR_CODE":"FR","NAME_LATN":"Haute-Normandie ","NUTS_NAME":"Haute-Normandie ","MOUNT_TYPE":null,"URBN_TYPE":null,"COAST_TYPE":null}},{"type":"Feature","geometry":{"type":"Polygon","coordinates":[[[2.5461,51.0894],[3.177,50.7562],[4.0278,50.3583],[4.1409,49.9788],[3.173,50.0113],[1.6447,50.3504],[1.6552,50.83],[2.5461,51.0894]]]},"properties":{"NUTS_ID":"FRE1","LEVL_CODE":2,"CNTR_CODE":"FR","NAME_LATN":"Nord-Pas de Calais","NUTS_NAME":"Nord-Pas de Calais","MOUNT_TYPE":null,"URBN_TYPE":null,"COAST_TYPE":null}},{"type":"Feature","geometry":{"type":"Polygon","coordinates":[[[4.1409,49.9788],[4.2331,49.9578],[4.048,49.4056],[3.4852,48.8519],[3.0719,49.1176],[1.7044,49.2322],[1.7838,49.7583],[1.3796,50.0651],[1.6447,50.3504],[3.173,50.0113],[4.1409,49.9788]]]},"properties":{"NUTS_ID":"FRE2","LEVL_CODE":2,"CNTR_CODE":"FR","NAME_LATN":"Picardie","NUTS_NAME":"Picardie","MOUNT_TYPE":null,"URBN_TYPE":null,"COAST_TYPE":null}},{"type":"Feature","geometry":{"type":"Polygon","coordinates":[[[8.2326,48.9666],[7.9596,48.7186],[7.577,48.1191],[7.589,47.5899],[7.6186,47.4882],[7.1304,47.503],[6.8462,47.8229],[7.1983,48.3105],[7.1817,48.9492],[7.6357,49.054],[8.2326,48.9666]]]},"properties":{"NUTS_ID":"FRF1","LEVL_CODE":2,"CNTR_CODE":"FR","NAME_LATN":"Alsace","NUTS_NAME":"Alsace","MOUNT_TYPE":null,"URBN_TYPE":null,"COAST_TYPE":null}},{"type":"Feature","geometry":{"type":"Polygon","coordinates":[[[4.2331,49.9578],[4.4325,49.9416],[4.9694,49.8018],[5.3935,49.6171],[4.951,49.2369],[4.9884,48.6844],[5.8847,47.926],[5.3741,47.6045],[4.7042,48.0202],[4.2934,47.9257],[3.4148,48.3903],[3.4852,48.8519],[4.048,49.4056],[4.2331,49.9578]]]},"properties":{"NUTS_ID":"FRF2","LEVL_CODE":2,"CNTR_CODE":"FR","NAME_LATN":"Champagne-Ardenne","NUTS_NAME":"Champagne-Ardenne","MOUNT_TYPE":null,"URBN_TYPE":null,"COAST_TYPE":null}},{"type":"Feature","geometry":{"type":"Polygon","coordinates":[[[7.3688,49.1615],[7.6357,49.054],[7.1817,48.9492],[7.1983,48.3105],[6.8462,47.8229],[5.8847,47.926],[4.9884,48.6844],[4.951,49.2369],[5.3935,49.6171],[5.8181,49.5463],[6.3671,49.4695],[7.3688,49.1615]]]},"properties":{"NUTS_ID":"FRF3","LEVL_CODE":2,"CNTR_CODE":"FR","NAME_LATN":"Lorraine","NUTS_NAME":"Lorraine","MOUNT_TYPE":null,"URBN_TYPE":null,"COAST_TYPE":null}},{"type":"Feature","geometry":{"type":"Polygon","coordinates":[[[0.7977,48.1945],[0.6144,47.6942],[0.0538,47.1637],[-0.892,46.9758],[-0.6688,46.6167],[-1.0757,46.32],[-1.6623,46.4409],[-2.4263,47.4761],[-1.2459,47.7767],[-1.0554,48.508],[0.7977,48.1945]]]},"properties":{"NUTS_ID":"FRG0","LEVL_CODE":2,"CNTR_CODE":"FR","NAME_LATN":"Pays de la Loire","NUTS_NAME":"Pays de la Loire","MOUNT_TYPE":null,"URBN_TYPE":null,"COAST_TYPE":null}},{"type":"Feature","geometry":{"type":"Polygon","coordinates":[[[-1.5711,48.6265],[-1.0554,48.508],[-1.2459,47.7767],[-2.4263,47.4761],[-3.523,47.8491],[-4.3104,47.9087],[-4.6589,48.4244],[-4.1157,48.6744],[-3.162,48.7944],[-2.6202,48.5821],[-1.5711,48.6265]]]},"properties":{"NUTS_ID":"FRH0","LEVL_CODE":2,"CNTR_CODE":"FR","NAME_LATN":"Bretagne","NUTS_NAME":"Bretagne","MOUNT_TYPE":null,"URBN_TYPE":null,"COAST_TYPE":null}},{"type":"Feature","geometry":{"type":"Polygon","coordinates":[[[-1.7289,43.2961],[-1.786,43.3506],[-1.5248,43.5296],[-1.2541,44.4676],[-1.1518,45.3881],[-0.8211,45.4035],[-0.0402,45.1024],[0.6297,45.7146],[1.2532,45.4442],[1.4483,45.0193],[0.7419,44.0652],[0.076,43.9831],[-0.3133,42.8494],[-0.7245,42.9202],[-1.7289,43.2961]]]},"properties":{"NUTS_ID":"FRI1","LEVL_CODE":2,"CNTR_CODE":"FR","NAME_LATN":"Aquitaine","NUTS_NAME":"Aquitaine","MOUNT_TYPE":null,"URBN_TYPE":null,"COAST_TYPE":null}},{"type":"Feature","geometry":{"type":"Polygon","coordinates":[[[1.1773,46.3839],[2.281,46.4204],[2.5654,46.143],[2.5084,45.4785],[2.1104,44.9836],[1.4483,45.0193],[1.2532,45.4442],[0.6297,45.7146],[1.1773,46.3839]]]},"properties":{"NUTS_ID":"FRI2","LEVL_CODE":2,"CNTR_CODE":"FR","NAME_LATN":"Limousin","NUTS_NAME":"Limousin","MOUNT_TYPE":null,"URBN_TYPE":null,"COAST_TYPE":null}},{"type":"Feature","geometry":{"type":"Polygon","coordinates":[[[0.0538,47.1637],[0.8675,46.7482],[1.1773,46.3839],[0.6297,45.7146],[-0.0402,45.1024],[-0.8211,45.4035],[-1.1234,45.7808],[-1.0757,46.32],[-0.6688,46.6167],[-0.892,46.9758],[0.0538,47.1637]]]},"properties":{"NUTS_ID":"FRI3","LEVL_CODE":2,"CNTR_CODE":"FR","NAME_LATN":"Poitou-Charentes","NUTS_NAME":"Poitou-Charentes","MOUNT_TYPE":null,"URBN_TYPE":null,"COAST_TYPE":null}},{"type":"Feature","geometry":{"type":"Polygon","coordinates":[[[3.174,42.4352],[1.7258,42.5044],[1.7861,42.5737],[1.6884,43.2736],[2.5657,43.4229],[3.3584,43.9138],[2.9817,44.6447],[3.3613,44.9714],[3.8625,44.7439],[4.6492,44.2704],[4.7391,43.9241],[4.2303,43.4602],[3.2405,43.2129],[3.174,42.4352]]]},"properties":{"NUTS_ID":"FRJ1","LEVL_CODE":2,"CNTR_CODE":"FR","NAME_LATN":"Languedoc-Roussillon","NUTS_NAME":"Languedoc-Roussillon","MOUNT_TYPE":null,"URBN_TYPE":null,"COAST_TYPE":null}},{"type":"Feature","geometry":{"type":"Polygon","coordinates":[[[0.6601,42.691],[-0.3133,42.8494],[0.076,43.9831],[0.7419,44.0652],[1.4483,45.0193],[2.1104,44.9836],[2.9817,44.6447],[3.3584,43.9138],[2.5657,43.4229],[1.6884,43.2736],[1.7861,42.5737],[1.4297,42.6178],[0.6601,42.691]]]},"properties":{"NUTS_ID":"FRJ2","LEVL_CODE":2,"CNTR_CODE":"FR","NAME_LATN":"Midi-Pyrénées","NUTS_NAME":"Midi-Pyrénées","MOUNT_TYPE":null,"URBN_TYPE":null,"COAST_TYPE":null}},{"type":"Feature","geometry":{"type":"Polygon","coordinates":[[[2.281,46.4204],[3.0321,46.7949],[3.6294,46.7495],[3.8995,46.2759],[3.694,45.9307],[3.8625,44.7439],[3.3613,44.9714],[2.9817,44.6447],[2.1104,44.9836],[2.5084,45.4785],[2.5654,46.143],[2.281,46.4204]]]},"properties":{"NUTS_ID":"FRK1","LEVL_CODE":2,"CNTR_CODE":"FR","NAME_LATN":"Auvergne","NUTS_NAME":"Auvergne","MOUNT_TYPE":null,"URBN_TYPE":null,"COAST_TYPE":null}},{"type":"Feature","geometry":{"type":"Polygon","coordinates":[[[6.064,46.4162],[6.8211,46.4272],[7.0449,45.9224],[7.1047,45.4685],[6.6301,45.1099],[5.8015,44.7068],[5.4988,44.1157],[4.6492,44.2704],[3.8625,44.7439],[3.694,45.9307],[3.8995,46.2759],[4.7802,46.1767],[5.3106,46.4468],[6.064,46.4162]]]},"properties":{"NUTS_ID":"FRK2","LEVL_CODE":2,"CNTR_CODE":"FR","NAME_LATN":"Rhône-Alpes","NUTS_NAME":"Rhône-Alpes","MOUNT_TYPE":null,"URBN_TYPE":null,"COAST_TYPE":null}},{"type":"Feature","geometry":{"type":"Polygon","coordinates":[[[4.2303,43.4602],[4.7391,43.9241],[4.6492,44.2704],[5.4988,44.1157],[5.8015,44.7068],[6.6301,45.1099],[7.0658,44.7135],[6.8874,44.3613],[7.7142,44.0615],[7.5299,43.784],[6.4503,43.147],[5.6719,43.1793],[4.2303,43.4602]]]},"properties":{"NUTS_ID":"FRL0","LEVL_CODE":2,"CNTR_CODE":"FR","NAME_LATN":"Provence-Alpes-Côte d’Azur","NUTS_NAME":"Provence-Alpes-Côte d’Azur","MOUNT_TYPE":null,"URBN_TYPE":null,"COAST_TYPE":null}},{"type":"Feature","geometry":{"type":"Polygon","coordinates":[[[9.4022,41.8587],[8.9228,41.5518],[8.5735,42.3813],[9.4818,42.6178],[9.4022,41.8587]]]},"properties":{"NUTS_ID":"FRM0","LEVL_CODE":2,"CNTR_CODE":"FR","NAME_LATN":"Corse","NUTS_NAME":"Corse","MOUNT_TYPE":null,"URBN_TYPE":null,"COAST_TYPE":null}},{"type":"Feature","geometry":{"type":"Polygon","coordinates":[[[-61.3366,16.3595],[-61.6817,15.9553],[-61.8469,16.277],[-61.3366,16.3595]]]},"properties":{"NUTS_ID":"FRY1","LEVL_CODE":2,"CNTR_CODE":"FR","NAME_LATN":"Guadeloupe","NUTS_NAME":"Guadeloupe","MOUNT_TYPE":null,"URBN_TYPE":null,"COAST_TYPE":null}},{"type":"Feature","geometry":{"type":"Polygon","coordinates":[[[-61.2834,14.7912],[-60.9392,14.8265],[-60.8195,14.5273],[-61.1027,14.5743],[-61.2834,14.7912]]]},"properties":{"NUTS_ID":"FRY2","LEVL_CODE":2,"CNTR_CODE":"FR","NAME_LATN":"Martinique ","NUTS_NAME":"Martinique ","MOUNT_TYPE":null,"URBN_TYPE":null,"COAST_TYPE":null}},{"type":"Feature","geometry":{"type":"Polygon","coordinates":[[[-51.6243,4.201],[-52.5022,2.7137],[-52.8923,2.2342],[-54.1715,2.1462],[-54.2661,2.7137],[-54.0163,3.5539],[-54.3776,4.2092],[-54.4562,4.8468],[-53.9677,5.7451],[-52.9187,5.4087],[-51.8322,4.6079],[-51.6243,4.201]]]},"properties":{"NUTS_ID":"FRY3","LEVL_CODE":2,"CNTR_CODE":"FR","NAME_LATN":"Guyane","NUTS_NAME":"Guyane","MOUNT_TYPE":null,"URBN_TYPE":null,"COAST_TYPE":null}},{"type":"Feature","geometry":{"type":"Polygon","coordinates":[[[55.1208,-21.012],[55.6105,-20.8521],[55.8643,-21.247],[55.4902,-21.4001],[55.1208,-21.012]]]},"properties":{"NUTS_ID":"FRY4","LEVL_CODE":2,"CNTR_CODE":"FR","NAME_LATN":"La Réunion ","NUTS_NAME":"La Réunion ","MOUNT_TYPE":null,"URBN_TYPE":null,"COAST_TYPE":null}},{"type":"Feature","geometry":{"type":"Polygon","coordinates":[[[44.9857,-12.939],[45.134,-12.6849],[45.315,-12.695],[45.2417,-13.0462],[44.9857,-12.939]]]},"properties":{"NUTS_ID":"FRY5","LEVL_CODE":2,"CNTR_CODE":"FR","NAME_LATN":"Mayotte","NUTS_NAME":"Mayotte","MOUNT_TYPE":null,"URBN_TYPE":null,"COAST_TYPE":null}},{"type":"Feature","geometry":{"type":"Polygon","coordinates":[[[16.2888,44.9957],[15.7367,44.9356],[15.2264,45.4271],[15.3313,45.7629],[15.9221,45.4786],[17.2943,45.9885],[17.9121,45.7908],[18.8213,45.9144],[18.8897,45.9212],[19.0221,44.8554],[19.0049,44.8542],[18.7821,44.9652],[18.4834,45.0613],[18.4693,45.0668],[18.1973,45.0788],[16.5626,45.1906],[16.2888,44.9957]]]},"properties":{"NUTS_ID":"HR02","LEVL_CODE":2,"CNTR_CODE":"HR","NAME_LATN":"Panonska Hrvatska","NUTS_NAME":"Panonska Hrvatska","MOUNT_TYPE":null,"URBN_TYPE":null,"COAST_TYPE":null}},{"type":"Feature","geometry":{"type":"Polygon","coordinates":[[[15.7367,44.9356],[16.5443,43.9742],[17.4507,43.1769],[18.3328,42.6178],[18.4381,42.5557],[18.5253,42.4206],[17.4403,42.7565],[17.4259,43.0608],[16.0218,43.5075],[15.1343,44.1105],[15.2892,44.3632],[14.8813,45.0311],[14.444,45.2664],[13.8519,44.8722],[13.5856,45.4785],[14.1182,45.4812],[14.5698,45.6724],[15.2264,45.4271],[15.7367,44.9356]]]},"properties":{"NUTS_ID":"HR03","LEVL_CODE":2,"CNTR_CODE":"HR","NAME_LATN":"Jadranska Hrvatska","NUTS_NAME":"Jadranska Hrvatska","MOUNT_TYPE":null,"URBN_TYPE":null,"COAST_TYPE":null}},{"type":"Feature","geometry":{"type":"Polygon","coordinates":[[[15.9568,45.9016],[16.1947,45.8381],[15.9231,45.6591],[15.8552,45.8101],[15.9568,45.9016]]]},"properties":{"NUTS_ID":"HR05","LEVL_CODE":2,"CNTR_CODE":"HR","NAME_LATN":"Grad Zagreb","NUTS_NAME":"Grad Zagreb","MOUNT_TYPE":null,"URBN_TYPE":null,"COAST_TYPE":null}},{"type":"Feature","geometry":{"type":"Polygon","coordinates":[[[17.2943,45.9885],[15.9221,45.4786],[15.3313,45.7629],[15.6749,46.2271],[16.5968,46.4759],[16.876,46.3206],[17.2943,45.9885]],[[15.9568,45.9016],[15.8552,45.8101],[15.9231,45.6591],[16.1947,45.8381],[15.9568,45.9016]]]},"properties":{"NUTS_ID":"HR06","LEVL_CODE":2,"CNTR_CODE":"HR","NAME_LATN":"Sjeverna Hrvatska","NUTS_NAME":"Sjeverna Hrvatska","MOUNT_TYPE":null,"URBN_TYPE":null,"COAST_TYPE":null}},{"type":"Feature","geometry":{"type":"Polygon","coordinates":[[[18.8705,47.604],[19.186,47.6062],[19.281,47.4228],[19.0074,47.3312],[18.8705,47.604]]]},"properties":{"NUTS_ID":"HU11","LEVL_CODE":2,"CNTR_CODE":"HU","NAME_LATN":"Budapest","NUTS_NAME":"Budapest","MOUNT_TYPE":null,"URBN_TYPE":null,"COAST_TYPE":null}},{"type":"Feature","geometry":{"type":"Polygon","coordinates":[[[18.9659,47.029],[18.6885,47.577],[18.8494,47.8172],[18.9284,48.0567],[19.6663,47.5885],[20.0947,47.0074],[18.9659,47.029]],[[18.8705,47.604],[19.0074,47.3312],[19.281,47.4228],[19.186,47.6062],[18.8705,47.604]]]},"properties":{"NUTS_ID":"HU12","LEVL_CODE":2,"CNTR_CODE":"HU","NAME_LATN":"Pest","NUTS_NAME":"Pest","MOUNT_TYPE":null,"URBN_TYPE":null,"COAST_TYPE":null}},{"type":"Feature","geometry":{"type":"Polygon","coordinates":[[[18.8494,47.8172],[18.6885,47.577],[18.9659,47.029],[18.9251,46.8572],[17.4191,46.7507],[17.1724,47.4325],[17.8939,47.7395],[18.8494,47.8172]]]},"properties":{"NUTS_ID":"HU21","LEVL_CODE":2,"CNTR_CODE":"HU","NAME_LATN":"Közép-Dunántúl","NUTS_NAME":"Közép-Dunántúl","MOUNT_TYPE":null,"URBN_TYPE":null,"COAST_TYPE":null}},{"type":"Feature","geometry":{"type":"Polygon","coordinates":[[[16.1138,46.8691],[17.1608,48.0067],[17.2474,48.012],[17.8939,47.7395],[17.1724,47.4325],[17.4191,46.7507],[16.876,46.3206],[16.5968,46.4759],[16.1138,46.8691]]]},"properties":{"NUTS_ID":"HU22","LEVL_CODE":2,"CNTR_CODE":"HU","NAME_LATN":"Nyugat-Dunántúl","NUTS_NAME":"Nyugat-Dunántúl","MOUNT_TYPE":null,"URBN_TYPE":null,"COAST_TYPE":null}},{"type":"Feature","geometry":{"type":"Polygon","coordinates":[[[18.8213,45.9144],[17.9121,45.7908],[17.2943,45.9885],[16.876,46.3206],[17.4191,46.7507],[18.9251,46.8572],[18.8213,45.9144]]]},"properties":{"NUTS_ID":"HU23","LEVL_CODE":2,"CNTR_CODE":"HU","NAME_LATN":"Dél-Dunántúl","NUTS_NAME":"Dél-Dunántúl","MOUNT_TYPE":null,"URBN_TYPE":null,"COAST_TYPE":null}},{"type":"Feature","geometry":{"type":"Polygon","coordinates":[[[19.6663,47.5885],[18.9284,48.0567],[19.0143,48.0777],[20.0519,48.1677],[20.4639,48.464],[21.3882,48.5496],[22.1211,48.3783],[21.1222,47.9618],[20.4383,47.4749],[19.6663,47.5885]]]},"properties":{"NUTS_ID":"HU31","LEVL_CODE":2,"CNTR_CODE":"HU","NAME_LATN":"Észak-Magyarország","NUTS_NAME":"Észak-Magyarország","MOUNT_TYPE":null,"URBN_TYPE":null,"COAST_TYPE":null}},{"type":"Feature","geometry":{"type":"Polygon","coordinates":[[[20.0947,47.0074],[19.6663,47.5885],[20.4383,47.4749],[21.1222,47.9618],[22.1211,48.3783],[22.1553,48.4034],[22.8736,47.968],[22.1282,47.5981],[21.659,47.0221],[20.9921,47.2323],[20.0947,47.0074]]]},"properties":{"NUTS_ID":"HU32","LEVL_CODE":2,"CNTR_CODE":"HU","NAME_LATN":"Észak-Alföld","NUTS_NAME":"Észak-Alföld","MOUNT_TYPE":null,"URBN_TYPE":null,"COAST_TYPE":null}},{"type":"Feature","geometry":{"type":"Polygon","coordinates":[[[18.8897,45.9212],[18.8213,45.9144],[18.9251,46.8572],[18.9659,47.029],[20.0947,47.0074],[20.9921,47.2323],[21.659,47.0221],[21.4414,46.6515],[21.1474,46.3359],[20.2643,46.1264],[19.6981,46.1879],[18.8897,45.9212]]]},"properties":{"NUTS_ID":"HU33","LEVL_CODE":2,"CNTR_CODE":"HU","NAME_LATN":"Dél-Alföld","NUTS_NAME":"Dél-Alföld","MOUNT_TYPE":null,"URBN_TYPE":null,"COAST_TYPE":null}},{"type":"Feature","geometry":{"type":"Polygon","coordinates":[[[-6.5951,54.0446],[-6.9181,53.8125],[-7.9188,53.8215],[-8.0815,53.1668],[-9.0093,53.1408],[-10.1543,53.5141],[-8.3021,54.5192],[-8.3494,55.1068],[-7.1164,55.2212],[-8.0443,54.3635],[-6.5951,54.0446]]]},"properties":{"NUTS_ID":"IE04","LEVL_CODE":2,"CNTR_CODE":"IE","NAME_LATN":"Northern and Western","NUTS_NAME":"Northern and Western","MOUNT_TYPE":null,"URBN_TYPE":null,"COAST_TYPE":null}},{"type":"Feature","geometry":{"type":"Polygon","coordinates":[[[-9.0093,53.1408],[-8.0815,53.1668],[-7.6741,52.7813],[-6.1445,52.7377],[-6.4719,52.2186],[-9.7055,51.4539],[-10.3498,51.8697],[-10.2279,52.2203],[-9.3744,52.5877],[-9.0093,53.1408]]]},"properties":{"NUTS_ID":"IE05","LEVL_CODE":2,"CNTR_CODE":"IE","NAME_LATN":"Southern","NUTS_NAME":"Southern","MOUNT_TYPE":null,"URBN_TYPE":null,"COAST_TYPE":null}},{"type":"Feature","geometry":{"type":"Polygon","coordinates":[[[-8.0815,53.1668],[-7.9188,53.8215],[-6.9181,53.8125],[-6.5951,54.0446],[-6.0514,53.4798],[-6.1445,52.7377],[-7.6741,52.7813],[-8.0815,53.1668]]]},"properties":{"NUTS_ID":"IE06","LEVL_CODE":2,"CNTR_CODE":"IE","NAME_LATN":"Eastern and Midland","NUTS_NAME":"Eastern and Midland","MOUNT_TYPE":null,"URBN_TYPE":null,"COAST_TYPE":null}},{"type":"Feature","geometry":{"type":"Polygon","coordinates":[[[-15.0444,66.1539],[-13.8667,65.2808],[-14.8403,64.3482],[-18.365,63.4948],[-22.0074,63.836],[-21.7153,64.3203],[-23.0761,64.7782],[-22.6774,65.3604],[-23.6163,65.4854],[-22.6513,66.3664],[-21.6419,66.0422],[-20.9943,65.5296],[-20.1558,65.9443],[-18.6387,66.0526],[-18.0419,65.8869],[-16.0413,66.4282],[-15.0444,66.1539]]]},"properties":{"NUTS_ID":"IS00","LEVL_CODE":2,"CNTR_CODE":"IS","NAME_LATN":"Ísland","NUTS_NAME":"Ísland","MOUNT_TYPE":null,"URBN_TYPE":null,"COAST_TYPE":null}},{"type":"Feature","geometry":{"type":"Polygon","coordinates":[[[7.8641,45.9168],[8.3847,46.4522],[8.7139,46.0973],[8.8429,45.3938],[8.5478,45.1681],[9.2001,44.6861],[9.203,44.6135],[8.2616,44.5195],[7.7142,44.0615],[6.8874,44.3613],[7.0658,44.7135],[6.6301,45.1099],[7.1047,45.4685],[7.8958,45.59],[7.8641,45.9168]]]},"properties":{"NUTS_ID":"ITC1","LEVL_CODE":2,"CNTR_CODE":"IT","NAME_LATN":"Piemonte","NUTS_NAME":"Piemonte","MOUNT_TYPE":null,"URBN_TYPE":null,"COAST_TYPE":null}},{"type":"Feature","geometry":{"type":"Polygon","coordinates":[[[7.0449,45.9224],[7.8641,45.9168],[7.8958,45.59],[7.1047,45.4685],[7.0449,45.9224]]]},"properties":{"NUTS_ID":"ITC2","LEVL_CODE":2,"CNTR_CODE":"IT","NAME_LATN":"Valle d’Aosta/Vallée d’Aoste","NUTS_NAME":"Valle d’Aosta/Vallée d’Aoste","MOUNT_TYPE":null,"URBN_TYPE":null,"COAST_TYPE":null}},{"type":"Feature","geometry":{"type":"Polygon","coordinates":[[[7.5299,43.784],[7.7142,44.0615],[8.2616,44.5195],[9.203,44.6135],[9.6867,44.3659],[10.0188,44.0445],[8.633,44.3798],[8.1354,43.9389],[7.5299,43.784]]]},"properties":{"NUTS_ID":"ITC3","LEVL_CODE":2,"CNTR_CODE":"IT","NAME_LATN":"Liguria","NUTS_NAME":"Liguria","MOUNT_TYPE":null,"URBN_TYPE":null,"COAST_TYPE":null}},{"type":"Feature","geometry":{"type":"Polygon","coordinates":[[[9.1594,46.1696],[10.4528,46.5307],[10.6221,46.4481],[10.8402,45.8328],[10.6268,45.3846],[11.4268,44.9501],[10.5043,44.9224],[9.5487,45.1326],[9.2001,44.6861],[8.5478,45.1681],[8.8429,45.3938],[8.7139,46.0973],[9.1594,46.1696]]]},"properties":{"NUTS_ID":"ITC4","LEVL_CODE":2,"CNTR_CODE":"IT","NAME_LATN":"Lombardia","NUTS_NAME":"Lombardia","MOUNT_TYPE":null,"URBN_TYPE":null,"COAST_TYPE":null}},{"type":"Feature","geometry":{"type":"Polygon","coordinates":[[[14.7796,42.0701],[13.941,41.6879],[13.0306,42.1154],[13.3578,42.6941],[13.9157,42.8945],[14.7796,42.0701]]]},"properties":{"NUTS_ID":"ITF1","LEVL_CODE":2,"CNTR_CODE":"IT","NAME_LATN":"Abruzzo","NUTS_NAME":"Abruzzo","MOUNT_TYPE":null,"URBN_TYPE":null,"COAST_TYPE":null}},{"type":"Feature","geometry":{"type":"Polygon","coordinates":[[[13.941,41.6879],[14.7796,42.0701],[15.1382,41.927],[15.0077,41.4864],[13.9779,41.4625],[13.941,41.6879]]]},"properties":{"NUTS_ID":"ITF2","LEVL_CODE":2,"CNTR_CODE":"IT","NAME_LATN":"Molise","NUTS_NAME":"Molise","MOUNT_TYPE":null,"URBN_TYPE":null,"COAST_TYPE":null}},{"type":"Feature","geometry":{"type":"Polygon","coordinates":[[[13.9779,41.4625],[15.0077,41.4864],[15.5429,41.0558],[15.335,40.8348],[15.645,40.0428],[15.1455,40.1308],[14.7804,40.6156],[14.0321,40.8989],[13.7621,41.2225],[13.9779,41.4625]]]},"properties":{"NUTS_ID":"ITF3","LEVL_CODE":2,"CNTR_CODE":"IT","NAME_LATN":"Campania","NUTS_NAME":"Campania","MOUNT_TYPE":null,"URBN_TYPE":null,"COAST_TYPE":null}},{"type":"Feature","geometry":{"type":"Polygon","coordinates":[[[15.0077,41.4864],[15.1382,41.927],[16.0778,41.8928],[16.0247,41.4256],[17.389,40.8919],[18.4603,40.1936],[16.8673,40.3978],[16.725,40.7138],[15.8703,41.1399],[15.5429,41.0558],[15.0077,41.4864]]]},"properties":{"NUTS_ID":"ITF4","LEVL_CODE":2,"CNTR_CODE":"IT","NAME_LATN":"Puglia","NUTS_NAME":"Puglia","MOUNT_TYPE":null,"URBN_TYPE":null,"COAST_TYPE":null}},{"type":"Feature","geometry":{"type":"Polygon","coordinates":[[[15.645,40.0428],[15.335,40.8348],[15.5429,41.0558],[15.8703,41.1399],[16.725,40.7138],[16.8673,40.3978],[16.644,40.1191],[15.756,39.9234],[15.645,40.0428]]]},"properties":{"NUTS_ID":"ITF5","LEVL_CODE":2,"CNTR_CODE":"IT","NAME_LATN":"Basilicata","NUTS_NAME":"Basilicata","MOUNT_TYPE":null,"URBN_TYPE":null,"COAST_TYPE":null}},{"type":"Feature","geometry":{"type":"Polygon","coordinates":[[[15.756,39.9234],[16.644,40.1191],[16.4958,39.7462],[17.0251,39.4836],[17.1096,39.0494],[16.5821,38.4698],[16.2138,38.8104],[15.756,39.9234]]]},"properties":{"NUTS_ID":"ITF6","LEVL_CODE":2,"CNTR_CODE":"IT","NAME_LATN":"Calabria","NUTS_NAME":"Calabria","MOUNT_TYPE":null,"URBN_TYPE":null,"COAST_TYPE":null}},{"type":"Feature","geometry":{"type":"Polygon","coordinates":[[[15.4887,38.2297],[15.0915,37.3577],[15.0004,36.7028],[12.6059,37.6394],[12.6603,38.0776],[13.2629,38.1968],[14.1835,38.0194],[15.4887,38.2297]]]},"properties":{"NUTS_ID":"ITG1","LEVL_CODE":2,"CNTR_CODE":"IT","NAME_LATN":"Sicilia","NUTS_NAME":"Sicilia","MOUNT_TYPE":null,"URBN_TYPE":null,"COAST_TYPE":null}},{"type":"Feature","geometry":{"type":"Polygon","coordinates":[[[9.5817,39.2303],[8.9107,38.9155],[8.4035,39.1224],[8.5161,39.7462],[8.2552,40.8137],[9.2932,41.2579],[9.7494,40.6581],[9.5817,39.2303]]]},"properties":{"NUTS_ID":"ITG2","LEVL_CODE":2,"CNTR_CODE":"IT","NAME_LATN":"Sardegna","NUTS_NAME":"Sardegna","MOUNT_TYPE":null,"URBN_TYPE":null,"COAST_TYPE":null}},{"type":"Feature","geometry":{"type":"Polygon","coordinates":[[[12.136,47.0807],[12.2407,47.0692],[12.4779,46.6798],[11.8283,46.5089],[11.3075,46.2919],[10.6221,46.4481],[10.4528,46.5307],[10.4697,46.8549],[12.136,47.0807]]]},"properties":{"NUTS_ID":"ITH1","LEVL_CODE":2,"CNTR_CODE":"IT","NAME_LATN":"Provincia Autonoma di Bolzano/Bozen","NUTS_NAME":"Provincia Autonoma di Bolzano/Bozen","MOUNT_TYPE":null,"URBN_TYPE":null,"COAST_TYPE":null}},{"type":"Feature","geometry":{"type":"Polygon","coordinates":[[[10.8402,45.8328],[10.6221,46.4481],[11.3075,46.2919],[11.8283,46.5089],[11.8866,46.2003],[11.1383,45.6971],[10.8402,45.8328]]]},"properties":{"NUTS_ID":"ITH2","LEVL_CODE":2,"CNTR_CODE":"IT","NAME_LATN":"Provincia Autonoma di Trento","NUTS_NAME":"Provincia Autonoma di Trento","MOUNT_TYPE":null,"URBN_TYPE":null,"COAST_TYPE":null}},{"type":"Feature","geometry":{"type":"Polygon","coordinates":[[[12.6906,46.657],[12.7314,46.6343],[12.4005,46.042],[13.0988,45.6445],[12.4435,45.3593],[12.3991,44.7926],[11.4268,44.9501],[10.6268,45.3846],[10.8402,45.8328],[11.1383,45.6971],[11.8866,46.2003],[11.8283,46.5089],[12.4779,46.6798],[12.6906,46.657]]]},"properties":{"NUTS_ID":"ITH3","LEVL_CODE":2,"CNTR_CODE":"IT","NAME_LATN":"Veneto","NUTS_NAME":"Veneto","MOUNT_TYPE":null,"URBN_TYPE":null,"COAST_TYPE":null}},{"type":"Feature","geometry":{"type":"Polygon","coordinates":[[[12.7314,46.6343],[13.7142,46.5227],[13.7232,45.5948],[13.0988,45.6445],[12.4005,46.042],[12.7314,46.6343]]]},"properties":{"NUTS_ID":"ITH4","LEVL_CODE":2,"CNTR_CODE":"IT","NAME_LATN":"Friuli-Venezia Giulia","NUTS_NAME":"Friuli-Venezia Giulia","MOUNT_TYPE":null,"URBN_TYPE":null,"COAST_TYPE":null}},{"type":"Feature","geometry":{"type":"Polygon","coordinates":[[[9.203,44.6135],[9.2001,44.6861],[9.5487,45.1326],[10.5043,44.9224],[11.4268,44.9501],[12.3991,44.7926],[12.3843,44.2247],[12.7507,43.9706],[12.2838,43.7649],[11.7159,44.1225],[10.6241,44.1204],[9.6867,44.3659],[9.203,44.6135]]]},"properties":{"NUTS_ID":"ITH5","LEVL_CODE":2,"CNTR_CODE":"IT","NAME_LATN":"Emilia-Romagna","NUTS_NAME":"Emilia-Romagna","MOUNT_TYPE":null,"URBN_TYPE":null,"COAST_TYPE":null}},{"type":"Feature","geometry":{"type":"Polygon","coordinates":[[[10.0188,44.0445],[9.6867,44.3659],[10.6241,44.1204],[11.7159,44.1225],[12.2838,43.7649],[12.2139,43.6108],[11.895,42.8347],[11.4499,42.3777],[10.7057,42.9419],[10.0188,44.0445]]]},"properties":{"NUTS_ID":"ITI1","LEVL_CODE":2,"CNTR_CODE":"IT","NAME_LATN":"Toscana","NUTS_NAME":"Toscana","MOUNT_TYPE":null,"URBN_TYPE":null,"COAST_TYPE":null}},{"type":"Feature","geometry":{"type":"Polygon","coordinates":[[[11.895,42.8347],[12.2139,43.6108],[12.7675,43.4598],[13.1892,42.7336],[12.5879,42.398],[11.895,42.8347]]]},"properties":{"NUTS_ID":"ITI2","LEVL_CODE":2,"CNTR_CODE":"IT","NAME_LATN":"Umbria","NUTS_NAME":"Umbria","MOUNT_TYPE":null,"URBN_TYPE":null,"COAST_TYPE":null}},{"type":"Feature","geometry":{"type":"Polygon","coordinates":[[[13.9157,42.8945],[13.3578,42.6941],[13.1892,42.7336],[12.7675,43.4598],[12.2139,43.6108],[12.2838,43.7649],[12.7507,43.9706],[13.6421,43.4741],[13.9157,42.8945]]]},"properties":{"NUTS_ID":"ITI3","LEVL_CODE":2,"CNTR_CODE":"IT","NAME_LATN":"Marche","NUTS_NAME":"Marche","MOUNT_TYPE":null,"URBN_TYPE":null,"COAST_TYPE":null}},{"type":"Feature","geometry":{"type":"Polygon","coordinates":[[[13.3578,42.6941],[13.0306,42.1154],[13.941,41.6879],[13.9779,41.4625],[13.7621,41.2225],[12.7733,41.4163],[11.4499,42.3777],[11.895,42.8347],[12.5879,42.398],[13.1892,42.7336],[13.3578,42.6941]]]},"properties":{"NUTS_ID":"ITI4","LEVL_CODE":2,"CNTR_CODE":"IT","NAME_LATN":"Lazio","NUTS_NAME":"Lazio","MOUNT_TYPE":null,"URBN_TYPE":null,"COAST_TYPE":null}},{"type":"Feature","geometry":{"type":"Polygon","coordinates":[[[9.5307,47.2706],[9.6028,47.0619],[9.5122,47.0854],[9.5307,47.2706]]]},"properties":{"NUTS_ID":"LI00","LEVL_CODE":2,"CNTR_CODE":"LI","NAME_LATN":"Liechtenstein","NUTS_NAME":"Liechtenstein","MOUNT_TYPE":null,"URBN_TYPE":null,"COAST_TYPE":null}},{"type":"Feature","geometry":{"type":"Polygon","coordinates":[[[26.7404,55.2628],[25.7519,54.8228],[25.6599,54.1908],[24.8359,54.149],[24.4935,54.4375],[24.6551,55.5177],[26.7404,55.2628]]]},"properties":{"NUTS_ID":"LT01","LEVL_CODE":2,"CNTR_CODE":"LT","NAME_LATN":"Sostinės regionas","NUTS_NAME":"Sostinės regionas","MOUNT_TYPE":null,"URBN_TYPE":null,"COAST_TYPE":null}},{"type":"Feature","geometry":{"type":"Polygon","coordinates":[[[23.5146,53.9566],[22.792,54.3634],[22.589,55.0703],[21.2721,55.2454],[21.0646,56.0692],[21.9782,56.3851],[24.5412,56.2841],[25.8214,56.0522],[26.6304,55.6806],[26.7404,55.2628],[24.6551,55.5177],[24.4935,54.4375],[24.8359,54.149],[24.3905,53.9032],[23.5146,53.9566]]]},"properties":{"NUTS_ID":"LT02","LEVL_CODE":2,"CNTR_CODE":"LT","NAME_LATN":"Vidurio ir vakarų Lietuvos regionas ","NUTS_NAME":"Vidurio ir vakarų Lietuvos regionas ","MOUNT_TYPE":null,"URBN_TYPE":null,"COAST_TYPE":null}},{"type":"Feature","geometry":{"type":"Polygon","coordinates":[[[6.1377,50.13],[6.3801,49.5511],[6.3671,49.4695],[5.8181,49.5463],[6.0249,50.1828],[6.1377,50.13]]]},"properties":{"NUTS_ID":"LU00","LEVL_CODE":2,"CNTR_CODE":"LU","NAME_LATN":"Luxembourg","NUTS_NAME":"Luxembourg","MOUNT_TYPE":null,"URBN_TYPE":null,"COAST_TYPE":null}},{"type":"Feature","geometry":{"type":"Polygon","coordinates":[[[24.3905,57.8732],[25.4365,58.0202],[26.4561,57.5514],[27.3516,57.5183],[28.237,56.2841],[27.5474,55.8184],[26.6304,55.6806],[25.8214,56.0522],[24.5412,56.2841],[21.9782,56.3851],[21.0646,56.0692],[21.1041,56.7904],[21.8112,57.5728],[22.5467,57.7201],[23.5529,56.9799],[24.3905,57.1836],[24.3905,57.8732]]]},"properties":{"NUTS_ID":"LV00","LEVL_CODE":2,"CNTR_CODE":"LV","NAME_LATN":"Latvija","NUTS_NAME":"Latvija","MOUNT_TYPE":null,"URBN_TYPE":null,"COAST_TYPE":null}},{"type":"Feature","geometry":{"type":"Polygon","coordinates":[[[20.0763,42.5558],[19.3866,42.3065],[19.3866,41.8505],[18.5253,42.4206],[18.4381,42.5557],[18.7223,43.2079],[19.2241,43.5275],[20.3529,42.8334],[20.0763,42.5558]]]},"properties":{"NUTS_ID":"ME00","LEVL_CODE":2,"CNTR_CODE":"ME","NAME_LATN":"Crna Gora","NUTS_NAME":"Црна Гора","MOUNT_TYPE":null,"URBN_TYPE":null,"COAST_TYPE":null}},{"type":"Feature","geometry":{"type":"Polygon","coordinates":[[[14.326,65.1189],[14.6167,66.1227],[15.454,66.3452],[16.2699,67.0454],[16.8794,67.9382],[17.9245,68.0728],[18.1259,68.5365],[19.9361,68.3903],[20.5486,69.06],[23.0071,68.3068],[23.4772,67.9929],[23.9021,66.765],[23.701,66.3347],[24.1551,65.816],[21.9126,65.3122],[21.2905,64.8172],[21.442,64.3957],[20.4927,63.7266],[19.2865,63.4697],[18.7821,63.7992],[16.719,64.0279],[14.326,65.1189]]]},"properties":{"NUTS_ID":"SE33","LEVL_CODE":2,"CNTR_CODE":"SE","NAME_LATN":"Övre Norrland","NUTS_NAME":"Övre Norrland","MOUNT_TYPE":null,"URBN_TYPE":null,"COAST_TYPE":null}},{"type":"Feature","geometry":{"type":"Polygon","coordinates":[[[15.9962,46.8354],[16.1138,46.8691],[16.5968,46.4759],[15.6749,46.2271],[15.3313,45.7629],[15.2264,45.4271],[14.5698,45.6724],[14.1182,45.4812],[14.0495,45.8373],[14.9486,45.9785],[14.5652,46.3725],[15.0651,46.6521],[15.9962,46.8354]]]},"properties":{"NUTS_ID":"SI03","LEVL_CODE":2,"CNTR_CODE":"SI","NAME_LATN":"Vzhodna Slovenija","NUTS_NAME":"Vzhodna Slovenija","MOUNT_TYPE":null,"URBN_TYPE":null,"COAST_TYPE":null}},{"type":"Feature","geometry":{"type":"Polygon","coordinates":[[[13.7142,46.5227],[14.5652,46.3725],[14.9486,45.9785],[14.0495,45.8373],[14.1182,45.4812],[13.5856,45.4785],[13.7232,45.5948],[13.7142,46.5227]]]},"properties":{"NUTS_ID":"SI04","LEVL_CODE":2,"CNTR_CODE":"SI","NAME_LATN":"Zahodna Slovenija","NUTS_NAME":"Zahodna Slovenija","MOUNT_TYPE":null,"URBN_TYPE":null,"COAST_TYPE":null}},{"type":"Feature","geometry":{"type":"Polygon","coordinates":[[[17.1608,48.0067],[17.0667,48.1187],[16.9498,48.5358],[17.2474,48.012],[17.1608,48.0067]]]},"properties":{"NUTS_ID":"SK01","LEVL_CODE":2,"CNTR_CODE":"SK","NAME_LATN":"Bratislavský kraj","NUTS_NAME":"Bratislavský kraj","MOUNT_TYPE":null,"URBN_TYPE":null,"COAST_TYPE":null}},{"type":"Feature","geometry":{"type":"Polygon","coordinates":[[[16.9498,48.5358],[16.9403,48.6172],[17.6469,48.8543],[18.3224,49.3151],[18.8264,48.7441],[18.4787,48.5486],[19.0143,48.0777],[18.9284,48.0567],[18.8494,47.8172],[17.8939,47.7395],[17.2474,48.012],[16.9498,48.5358]]]},"properties":{"NUTS_ID":"SK02","LEVL_CODE":2,"CNTR_CODE":"SK","NAME_LATN":"Západné Slovensko","NUTS_NAME":"Západné Slovensko","MOUNT_TYPE":null,"URBN_TYPE":null,"COAST_TYPE":null}},{"type":"Feature","geometry":{"type":"Polygon","coordinates":[[[18.3224,49.3151],[18.4036,49.3967],[18.8516,49.5172],[19.4674,49.6138],[19.8839,49.2042],[20.4639,48.464],[20.0519,48.1677],[19.0143,48.0777],[18.4787,48.5486],[18.8264,48.7441],[18.3224,49.3151]]]},"properties":{"NUTS_ID":"SK03","LEVL_CODE":2,"CNTR_CODE":"SK","NAME_LATN":"Stredné Slovensko","NUTS_NAME":"Stredné Slovensko","MOUNT_TYPE":null,"URBN_TYPE":null,"COAST_TYPE":null}},{"type":"Feature","geometry":{"type":"Polygon","coordinates":[[[19.8839,49.2042],[21.3977,49.4338],[22.5668,49.0884],[22.1553,48.4034],[22.1211,48.3783],[21.3882,48.5496],[20.4639,48.464],[19.8839,49.2042]]]},"properties":{"NUTS_ID":"SK04","LEVL_CODE":2,"CNTR_CODE":"SK","NAME_LATN":"Východné Slovensko","NUTS_NAME":"Východné Slovensko","MOUNT_TYPE":null,"URBN_TYPE":null,"COAST_TYPE":null}},{"type":"Feature","geometry":{"type":"Polygon","coordinates":[[[28.0134,41.0343],[28.1555,41.5799],[29.1202,41.2251],[28.8703,40.9716],[28.0134,41.0343]]]},"properties":{"NUTS_ID":"TR10","LEVL_CODE":2,"CNTR_CODE":"TR","NAME_LATN":"İstanbul","NUTS_NAME":"İstanbul","MOUNT_TYPE":null,"URBN_TYPE":null,"COAST_TYPE":null}},{"type":"Feature","geometry":{"type":"Polygon","coordinates":[[[26.5615,41.9263],[27.0597,42.0883],[27.9024,41.9601],[28.1555,41.5799],[28.0134,41.0343],[26.9011,40.5493],[26.7269,40.6439],[26.0328,40.7303],[26.5712,41.4747],[26.3579,41.7111],[26.5615,41.9263]]]},"properties":{"NUTS_ID":"TR21","LEVL_CODE":2,"CNTR_CODE":"TR","NAME_LATN":"Tekirdağ, Edirne, Kırklareli","NUTS_NAME":"Tekirdağ, Edirne, Kırklareli","MOUNT_TYPE":null,"URBN_TYPE":null,"COAST_TYPE":null}},{"type":"Feature","geometry":{"type":"Polygon","coordinates":[[[28.9976,39.5987],[28.6325,39.1682],[27.4,39.371],[26.7686,39.1667],[26.6587,39.5523],[26.0403,39.8541],[26.4937,40.4253],[27.5169,40.3034],[28.179,40.3973],[28.2141,40.0115],[28.9976,39.5987]]]},"properties":{"NUTS_ID":"TR22","LEVL_CODE":2,"CNTR_CODE":"TR","NAME_LATN":"Balıkesir, Çanakkale","NUTS_NAME":"Balıkesir, Çanakkale","MOUNT_TYPE":null,"URBN_TYPE":null,"COAST_TYPE":null}},{"type":"Feature","geometry":{"type":"Polygon","coordinates":[[[26.7686,39.1667],[27.4,39.371],[27.2398,38.6309],[28.4851,38.1226],[27.2474,37.8593],[26.4282,38.3114],[26.7686,39.1667]]]},"properties":{"NUTS_ID":"TR31","LEVL_CODE":2,"CNTR_CODE":"TR","NAME_LATN":"İzmir","NUTS_NAME":"İzmir","MOUNT_TYPE":null,"URBN_TYPE":null,"COAST_TYPE":null}},{"type":"Feature","geometry":{"type":"Polygon","coordinates":[[[27.2474,37.8593],[28.4851,38.1226],[29.8143,38.4741],[29.8971,37.7775],[29.5166,37.5082],[29.2686,36.3041],[29.0375,36.597],[27.3699,37.0163],[27.2474,37.8593]]]},"properties":{"NUTS_ID":"TR32","LEVL_CODE":2,"CNTR_CODE":"TR","NAME_LATN":"Aydın, Denizli, Muğla","NUTS_NAME":"Aydın, Denizli, Muğla","MOUNT_TYPE":null,"URBN_TYPE":null,"COAST_TYPE":null}},{"type":"Feature","geometry":{"type":"Polygon","coordinates":[[[27.4,39.371],[28.6325,39.1682],[28.9976,39.5987],[29.5134,39.8628],[30.2394,39.6119],[30.4642,39.2137],[31.5925,39.0433],[31.2377,38.3834],[30.8005,38.3664],[29.8971,37.7775],[29.8143,38.4741],[28.4851,38.1226],[27.2398,38.6309],[27.4,39.371]]]},"properties":{"NUTS_ID":"TR33","LEVL_CODE":2,"CNTR_CODE":"TR","NAME_LATN":"Manisa, Afyonkarahisar, Kütahya, Uşak","NUTS_NAME":"Manisa, Afyonkarahisar, Kütahya, Uşak","MOUNT_TYPE":null,"URBN_TYPE":null,"COAST_TYPE":null}},{"type":"Feature","geometry":{"type":"Polygon","coordinates":[[[28.9976,39.5987],[28.2141,40.0115],[28.179,40.3973],[29.0112,40.4703],[29.967,40.5514],[30.8361,40.0979],[31.7233,39.9656],[31.8435,39.1422],[31.5925,39.0433],[30.4642,39.2137],[30.2394,39.6119],[29.5134,39.8628],[28.9976,39.5987]]]},"properties":{"NUTS_ID":"TR41","LEVL_CODE":2,"CNTR_CODE":"TR","NAME_LATN":"Bursa, Eskişehir, Bilecik","NUTS_NAME":"Bursa, Eskişehir, Bilecik","MOUNT_TYPE":null,"URBN_TYPE":null,"COAST_TYPE":null}},{"type":"Feature","geometry":{"type":"Polygon","coordinates":[[[29.34,40.8107],[29.9182,41.1415],[31.293,41.1158],[32.5916,40.8194],[32.5653,40.7428],[31.8964,40.3674],[30.8361,40.0979],[29.967,40.5514],[29.0112,40.4703],[29.34,40.8107]]]},"properties":{"NUTS_ID":"TR42","LEVL_CODE":2,"CNTR_CODE":"TR","NAME_LATN":"Kocaeli, Sakarya, Düzce, Bolu, Yalova","NUTS_NAME":"Kocaeli, Sakarya, Düzce, Bolu, Yalova","MOUNT_TYPE":null,"URBN_TYPE":null,"COAST_TYPE":null}},{"type":"Feature","geometry":{"type":"Polygon","coordinates":[[[31.8435,39.1422],[31.7233,39.9656],[30.8361,40.0979],[31.8964,40.3674],[32.5653,40.7428],[33.6482,40.2947],[33.2636,39.7215],[33.8852,39.0279],[33.3237,38.6619],[33.0565,39.2034],[32.4359,39.0269],[31.8435,39.1422]]]},"properties":{"NUTS_ID":"TR51","LEVL_CODE":2,"CNTR_CODE":"TR","NAME_LATN":"Ankara","NUTS_NAME":"Ankara","MOUNT_TYPE":null,"URBN_TYPE":null,"COAST_TYPE":null}},{"type":"Feature","geometry":{"type":"Polygon","coordinates":[[[31.2377,38.3834],[31.5925,39.0433],[31.8435,39.1422],[32.4359,39.0269],[33.0565,39.2034],[33.3237,38.6619],[33.2937,38.092],[34.0607,38.0614],[34.4365,37.3314],[33.169,36.9002],[32.5585,36.5167],[32.5235,36.7668],[31.8028,37.2994],[31.3194,37.4107],[31.4644,37.9907],[31.2377,38.3834]]]},"properties":{"NUTS_ID":"TR52","LEVL_CODE":2,"CNTR_CODE":"TR","NAME_LATN":"Konya, Karaman","NUTS_NAME":"Konya, Karaman","MOUNT_TYPE":null,"URBN_TYPE":null,"COAST_TYPE":null}},{"type":"Feature","geometry":{"type":"Polygon","coordinates":[[[29.2686,36.3041],[29.5166,37.5082],[29.8971,37.7775],[30.8005,38.3664],[31.2377,38.3834],[31.4644,37.9907],[31.3194,37.4107],[31.8028,37.2994],[32.5235,36.7668],[32.5585,36.5167],[32.5624,36.1007],[31.3851,36.7668],[30.8005,36.8471],[30.1763,36.2665],[29.2686,36.3041]]]},"properties":{"NUTS_ID":"TR61","LEVL_CODE":2,"CNTR_CODE":"TR","NAME_LATN":"Antalya, Isparta, Burdur","NUTS_NAME":"Antalya, Isparta, Burdur","MOUNT_TYPE":null,"URBN_TYPE":null,"COAST_TYPE":null}},{"type":"Feature","geometry":{"type":"Polygon","coordinates":[[[32.5585,36.5167],[33.169,36.9002],[34.4365,37.3314],[35.3111,37.7176],[36.0932,38.2557],[36.4096,38.2629],[35.9187,37.3475],[36.007,36.9306],[35.4541,36.5621],[34.8716,36.7668],[33.5399,36.1568],[32.5624,36.1007],[32.5585,36.5167]]]},"properties":{"NUTS_ID":"TR62","LEVL_CODE":2,"CNTR_CODE":"TR","NAME_LATN":"Adana, Mersin","NUTS_NAME":"Adana, Mersin","MOUNT_TYPE":null,"URBN_TYPE":null,"COAST_TYPE":null}},{"type":"Feature","geometry":{"type":"Polygon","coordinates":[[[36.007,36.9306],[35.9187,37.3475],[36.4096,38.2629],[37.3169,38.578],[37.6158,37.9442],[37.6038,37.4835],[36.6652,36.8268],[36.6576,36.3148],[36.1641,35.8193],[35.8386,36.3013],[36.007,36.9306]]]},"properties":{"NUTS_ID":"TR63","LEVL_CODE":2,"CNTR_CODE":"TR","NAME_LATN":"Hatay, Kahramanmaraş, Osmaniye","NUTS_NAME":"Hatay, Kahramanmaraş, Osmaniye","MOUNT_TYPE":null,"URBN_TYPE":null,"COAST_TYPE":null}},{"type":"Feature","geometry":{"type":"Polygon","coordinates":[[[33.3237,38.6619],[33.8852,39.0279],[33.2636,39.7215],[33.6482,40.2947],[33.9594,40.2505],[34.2078,39.972],[34.1144,39.7924],[35.0441,39.0337],[34.8781,38.3666],[35.3111,37.7176],[34.4365,37.3314],[34.0607,38.0614],[33.2937,38.092],[33.3237,38.6619]]]},"properties":{"NUTS_ID":"TR71","LEVL_CODE":2,"CNTR_CODE":"TR","NAME_LATN":"Kırıkkale, Aksaray, Niğde, Nevşehir, Kırşehir","NUTS_NAME":"Kırıkkale, Aksaray, Niğde, Nevşehir, Kırşehir","MOUNT_TYPE":null,"URBN_TYPE":null,"COAST_TYPE":null}},{"type":"Feature","geometry":{"type":"Polygon","coordinates":[[[36.4096,38.2629],[36.0932,38.2557],[35.3111,37.7176],[34.8781,38.3666],[35.0441,39.0337],[34.1144,39.7924],[34.2078,39.972],[35.4451,40.2508],[35.988,39.9233],[37.5781,40.3904],[38.7722,40.0671],[38.2979,39.6332],[38.3153,39.1463],[37.5426,38.9723],[37.3169,38.578],[36.4096,38.2629]]]},"properties":{"NUTS_ID":"TR72","LEVL_CODE":2,"CNTR_CODE":"TR","NAME_LATN":"Kayseri, Sivas, Yozgat","NUTS_NAME":"Kayseri, Sivas, Yozgat","MOUNT_TYPE":null,"URBN_TYPE":null,"COAST_TYPE":null}},{"type":"Feature","geometry":{"type":"Polygon","coordinates":[[[32.5916,40.8194],[31.293,41.1158],[31.3927,41.3056],[32.7578,41.8486],[33.0938,41.0585],[32.5916,40.8194]]]},"properties":{"NUTS_ID":"TR81","LEVL_CODE":2,"CNTR_CODE":"TR","NAME_LATN":"Zonguldak, Karabük, Bartın","NUTS_NAME":"Zonguldak, Karabük, Bartın","MOUNT_TYPE":null,"URBN_TYPE":null,"COAST_TYPE":null}},{"type":"Feature","geometry":{"type":"Polygon","coordinates":[[[32.5653,40.7428],[32.5916,40.8194],[33.0938,41.0585],[32.7578,41.8486],[33.399,42.0005],[34.9564,42.0359],[35.3393,41.7007],[35.3775,41.3188],[34.4833,41.3509],[34.0784,40.8133],[33.9594,40.2505],[33.6482,40.2947],[32.5653,40.7428]]]},"properties":{"NUTS_ID":"TR82","LEVL_CODE":2,"CNTR_CODE":"TR","NAME_LATN":"Kastamonu, Çankırı, Sinop","NUTS_NAME":"Kastamonu, Çankırı, Sinop","MOUNT_TYPE":null,"URBN_TYPE":null,"COAST_TYPE":null}},{"type":"Feature","geometry":{"type":"Polygon","coordinates":[[[34.2078,39.972],[33.9594,40.2505],[34.0784,40.8133],[34.4833,41.3509],[35.3775,41.3188],[35.3393,41.7007],[35.9367,41.6892],[36.2137,41.3853],[37.1699,41.1476],[36.6824,40.8869],[37.5781,40.3904],[35.988,39.9233],[35.4451,40.2508],[34.2078,39.972]]]},"properties":{"NUTS_ID":"TR83","LEVL_CODE":2,"CNTR_CODE":"TR","NAME_LATN":"Samsun, Tokat, Çorum, Amasya","NUTS_NAME":"Samsun, Tokat, Çorum, Amasya","MOUNT_TYPE":null,"URBN_TYPE":null,"COAST_TYPE":null}},{"type":"Feature","geometry":{"type":"Polygon","coordinates":[[[38.7722,40.0671],[37.5781,40.3904],[36.6824,40.8869],[37.1699,41.1476],[38.116,40.958],[39.1806,41.0737],[40.3297,40.9884],[41.5471,41.5204],[42.5202,41.4367],[42.3686,40.9728],[41.4733,40.6588],[41.1293,40.8257],[39.8255,40.3423],[39.7978,39.9272],[38.7722,40.0671]]]},"properties":{"NUTS_ID":"TR90","LEVL_CODE":2,"CNTR_CODE":"TR","NAME_LATN":"Trabzon, Ordu, Giresun, Rize, Artvin, Gümüşhane","NUTS_NAME":"Trabzon, Ordu, Giresun, Rize, Artvin, Gümüşhane","MOUNT_TYPE":null,"URBN_TYPE":null,"COAST_TYPE":null}},{"type":"Feature","geometry":{"type":"Polygon","coordinates":[[[38.3153,39.1463],[38.2979,39.6332],[38.7722,40.0671],[39.7978,39.9272],[39.8255,40.3423],[41.1293,40.8257],[41.4733,40.6588],[42.3686,40.9728],[42.6024,40.6292],[42.1253,40.3423],[42.5567,39.9346],[42.4196,39.5347],[41.741,39.1947],[41.1676,39.3725],[40.4038,39.565],[39.2036,39.4404],[38.7656,39.0124],[38.3153,39.1463]]]},"properties":{"NUTS_ID":"TRA1","LEVL_CODE":2,"CNTR_CODE":"TR","NAME_LATN":"Erzurum, Erzincan, Bayburt","NUTS_NAME":"Erzurum, Erzincan, Bayburt","MOUNT_TYPE":null,"URBN_TYPE":null,"COAST_TYPE":null}},{"type":"Feature","geometry":{"type":"Polygon","coordinates":[[[42.3686,40.9728],[42.5202,41.4367],[42.8368,41.541],[43.4683,41.0333],[43.6487,40.1312],[44.3997,39.9888],[44.0377,39.3613],[43.2648,39.3066],[42.7046,38.9464],[42.4196,39.5347],[42.5567,39.9346],[42.1253,40.3423],[42.6024,40.6292],[42.3686,40.9728]]]},"properties":{"NUTS_ID":"TRA2","LEVL_CODE":2,"CNTR_CODE":"TR","NAME_LATN":"Ağrı, Kars, Iğdır, Ardahan","NUTS_NAME":"Ağrı, Kars, Iğdır, Ardahan","MOUNT_TYPE":null,"URBN_TYPE":null,"COAST_TYPE":null}},{"type":"Feature","geometry":{"type":"Polygon","coordinates":[[[37.6158,37.9442],[37.3169,38.578],[37.5426,38.9723],[38.3153,39.1463],[38.7656,39.0124],[39.2036,39.4404],[40.4038,39.565],[41.1676,39.3725],[41.1392,38.7146],[39.1267,38.1867],[38.3201,38.171],[37.6158,37.9442]]]},"properties":{"NUTS_ID":"TRB1","LEVL_CODE":2,"CNTR_CODE":"TR","NAME_LATN":"Malatya, Elazığ, Bingöl, Tunceli","NUTS_NAME":"Malatya, Elazığ, Bingöl, Tunceli","MOUNT_TYPE":null,"URBN_TYPE":null,"COAST_TYPE":null}},{"type":"Feature","geometry":{"type":"Polygon","coordinates":[[[41.1676,39.3725],[41.741,39.1947],[42.4196,39.5347],[42.7046,38.9464],[43.2648,39.3066],[44.0377,39.3613],[44.4629,37.8096],[44.7837,37.1541],[43.2363,37.3475],[42.684,38.0304],[41.647,38.2607],[41.3666,38.4833],[41.1392,38.7146],[41.1676,39.3725]]]},"properties":{"NUTS_ID":"TRB2","LEVL_CODE":2,"CNTR_CODE":"TR","NAME_LATN":"Van, Muş, Bitlis, Hakkari","NUTS_NAME":"Van, Muş, Bitlis, Hakkari","MOUNT_TYPE":null,"URBN_TYPE":null,"COAST_TYPE":null}},{"type":"Feature","geometry":{"type":"Polygon","coordinates":[[[36.6652,36.8268],[37.6038,37.4835],[37.6158,37.9442],[38.3201,38.171],[39.1267,38.1867],[38.6723,37.595],[37.8814,37.3475],[38.025,36.8303],[37.1412,36.6595],[36.6652,36.8268]]]},"properties":{"NUTS_ID":"TRC1","LEVL_CODE":2,"CNTR_CODE":"TR","NAME_LATN":"Gaziantep, Adıyaman, Kilis","NUTS_NAME":"Gaziantep, Adıyaman, Kilis","MOUNT_TYPE":null,"URBN_TYPE":null,"COAST_TYPE":null}},{"type":"Feature","geometry":{"type":"Polygon","coordinates":[[[39.1267,38.1867],[41.1392,38.7146],[41.3666,38.4833],[41.0114,37.7253],[39.893,37.5209],[40.2763,36.9176],[39.4389,36.6975],[38.025,36.8303],[37.8814,37.3475],[38.6723,37.595],[39.1267,38.1867]]]},"properties":{"NUTS_ID":"TRC2","LEVL_CODE":2,"CNTR_CODE":"TR","NAME_LATN":"Şanlıurfa, Diyarbakır","NUTS_NAME":"Şanlıurfa, Diyarbakır","MOUNT_TYPE":null,"URBN_TYPE":null,"COAST_TYPE":null}},{"type":"Feature","geometry":{"type":"Polygon","coordinates":[[[41.3666,38.4833],[41.647,38.2607],[42.684,38.0304],[43.2363,37.3475],[40.2763,36.9176],[39.893,37.5209],[41.0114,37.7253],[41.3666,38.4833]]]},"properties":{"NUTS_ID":"TRC3","LEVL_CODE":2,"CNTR_CODE":"TR","NAME_LATN":"Mardin, Batman, Şırnak, Siirt","NUTS_NAME":"Mardin, Batman, Şırnak, Siirt","MOUNT_TYPE":null,"URBN_TYPE":null,"COAST_TYPE":null}},{"type":"Feature","geometry":{"type":"Polygon","coordinates":[[[20.5943,41.8773],[20.0763,42.5558],[20.3529,42.8334],[20.9236,43.1461],[21.7534,42.7009],[21.5869,42.2628],[20.5943,41.8773]]]},"properties":{"NUTS_ID":"XK00","LEVL_CODE":2,"CNTR_CODE":"XK","NAME_LATN":"Kosovo","NUTS_NAME":"Kosovo","MOUNT_TYPE":null,"URBN_TYPE":null,"COAST_TYPE":null}},{"type":"Feature","geometry":{"type":"Polygon","coordinates":[[[-9.0403,39.7414],[-8.2851,39.7958],[-7.8251,39.5374],[-8.5468,38.7634],[-8.9249,38.7587],[-8.9685,38.8278],[-9.4164,39.0548],[-9.0403,39.7414]]]},"properties":{"NUTS_ID":"PT1D","LEVL_CODE":2,"CNTR_CODE":"PT","NAME_LATN":"Oeste e Vale do Tejo","NUTS_NAME":"Oeste e Vale do Tejo","MOUNT_TYPE":null,"URBN_TYPE":null,"COAST_TYPE":null}},{"type":"Feature","geometry":{"type":"Polygon","coordinates":[[[-26.8349,38.7556],[-27.0764,38.5875],[-27.3868,38.6964],[-27.0627,38.8522],[-26.8349,38.7556]]]},"properties":{"NUTS_ID":"PT20","LEVL_CODE":2,"CNTR_CODE":"PT","NAME_LATN":"Região Autónoma dos Açores","NUTS_NAME":"Região Autónoma dos Açores","MOUNT_TYPE":null,"URBN_TYPE":null,"COAST_TYPE":null}},{"type":"Feature","geometry":{"type":"Polygon","coordinates":[[[-15.8197,30.0254],[-16.0138,29.859],[-16.2458,30.0598],[-16.0214,30.2005],[-15.8197,30.0254]]]},"properties":{"NUTS_ID":"PT30","LEVL_CODE":2,"CNTR_CODE":"PT","NAME_LATN":"Região Autónoma da Madeira","NUTS_NAME":"Região Autónoma da Madeira","MOUNT_TYPE":null,"URBN_TYPE":null,"COAST_TYPE":null}},{"type":"Feature","geometry":{"type":"Polygon","coordinates":[[[21.659,47.0221],[22.1282,47.5981],[22.8736,47.968],[24.5623,47.968],[24.9471,47.7291],[25.0635,47.1364],[24.1796,46.8047],[23.9853,46.4309],[22.6766,46.4058],[21.4414,46.6515],[21.659,47.0221]]]},"properties":{"NUTS_ID":"RO11","LEVL_CODE":2,"CNTR_CODE":"RO","NAME_LATN":"Nord-Vest","NUTS_NAME":"Nord-Vest","MOUNT_TYPE":null,"URBN_TYPE":null,"COAST_TYPE":null}},{"type":"Feature","geometry":{"type":"Polygon","coordinates":[[[22.6766,46.4058],[23.9853,46.4309],[24.1796,46.8047],[25.0635,47.1364],[25.6616,47.0918],[26.44,46.0389],[26.0727,45.5058],[25.3216,45.381],[24.5231,45.5806],[23.5973,45.4735],[23.1454,46.1197],[22.6766,46.4058]]]},"properties":{"NUTS_ID":"RO12","LEVL_CODE":2,"CNTR_CODE":"RO","NAME_LATN":"Centru","NUTS_NAME":"Centru","MOUNT_TYPE":null,"URBN_TYPE":null,"COAST_TYPE":null}},{"type":"Feature","geometry":{"type":"Polygon","coordinates":[[[25.0635,47.1364],[24.9471,47.7291],[27.0283,48.1374],[28.2445,46.6366],[28.1158,46.1078],[26.44,46.0389],[25.6616,47.0918],[25.0635,47.1364]]]},"properties":{"NUTS_ID":"RO21","LEVL_CODE":2,"CNTR_CODE":"RO","NAME_LATN":"Nord-Est","NUTS_NAME":"Nord-Est","MOUNT_TYPE":null,"URBN_TYPE":null,"COAST_TYPE":null}},{"type":"Feature","geometry":{"type":"Polygon","coordinates":[[[27.6954,43.9873],[27.2713,44.1263],[28.0174,44.3402],[27.881,44.7631],[26.6056,44.857],[26.0727,45.5058],[26.44,46.0389],[28.1158,46.1078],[28.2114,45.4673],[28.5557,45.2869],[29.3212,45.4097],[29.5092,44.8252],[28.6768,44.3277],[28.5789,43.7387],[27.6954,43.9873]]]},"properties":{"NUTS_ID":"RO22","LEVL_CODE":2,"CNTR_CODE":"RO","NAME_LATN":"Sud-Est","NUTS_NAME":"Sud-Est","MOUNT_TYPE":null,"URBN_TYPE":null,"COAST_TYPE":null}},{"type":"Feature","geometry":{"type":"Polygon","coordinates":[[[25.2964,43.6554],[24.6548,43.7236],[24.884,44.3826],[24.4938,44.8335],[24.5231,45.5806],[25.3216,45.381],[26.0727,45.5058],[26.6056,44.857],[27.881,44.7631],[28.0174,44.3402],[27.2713,44.1263],[26.3582,44.0372],[25.2964,43.6554]],[[25.9584,44.3412],[26.4161,44.5217],[25.9707,44.7104],[25.9584,44.3412]]]},"properties":{"NUTS_ID":"RO31","LEVL_CODE":2,"CNTR_CODE":"RO","NAME_LATN":"Sud-Muntenia","NUTS_NAME":"Sud-Muntenia","MOUNT_TYPE":null,"URBN_TYPE":null,"COAST_TYPE":null}},{"type":"Feature","geometry":{"type":"Polygon","coordinates":[[[25.9584,44.3412],[25.9707,44.7104],[26.4161,44.5217],[25.9584,44.3412]]]},"properties":{"NUTS_ID":"RO32","LEVL_CODE":2,"CNTR_CODE":"RO","NAME_LATN":"Bucureşti-Ilfov","NUTS_NAME":"Bucureşti-Ilfov","MOUNT_TYPE":null,"URBN_TYPE":null,"COAST_TYPE":null}},{"type":"Feature","geometry":{"type":"Polygon","coordinates":[[[24.6548,43.7236],[22.9972,43.8079],[22.6752,44.2157],[22.0161,44.5992],[22.6867,45.2755],[23.5973,45.4735],[24.5231,45.5806],[24.4938,44.8335],[24.884,44.3826],[24.6548,43.7236]]]},"properties":{"NUTS_ID":"RO41","LEVL_CODE":2,"CNTR_CODE":"RO","NAME_LATN":"Sud-Vest Oltenia","NUTS_NAME":"Sud-Vest Oltenia","MOUNT_TYPE":null,"URBN_TYPE":null,"COAST_TYPE":null}},{"type":"Feature","geometry":{"type":"Polygon","coordinates":[[[20.2643,46.1264],[21.1474,46.3359],[21.4414,46.6515],[22.6766,46.4058],[23.1454,46.1197],[23.5973,45.4735],[22.6867,45.2755],[22.0161,44.5992],[21.3585,44.8216],[20.2643,46.1264]]]},"properties":{"NUTS_ID":"RO42","LEVL_CODE":2,"CNTR_CODE":"RO","NAME_LATN":"Vest","NUTS_NAME":"Vest","MOUNT_TYPE":null,"URBN_TYPE":null,"COAST_TYPE":null}},{"type":"Feature","geometry":{"type":"Polygon","coordinates":[[[20.8195,44.6579],[20.7835,44.3266],[19.9858,44.6423],[20.4144,45.0842],[20.8195,44.6579]]]},"properties":{"NUTS_ID":"RS11","LEVL_CODE":2,"CNTR_CODE":"RS","NAME_LATN":"City of Belgrade","NUTS_NAME":"Београдски регион","MOUNT_TYPE":null,"URBN_TYPE":null,"COAST_TYPE":null}},{"type":"Feature","geometry":{"type":"Polygon","coordinates":[[[19.3512,44.8891],[19.0221,44.8554],[18.8897,45.9212],[19.6981,46.1879],[20.2643,46.1264],[21.3585,44.8216],[20.8195,44.6579],[20.4144,45.0842],[19.9858,44.6423],[19.3512,44.8891]]]},"properties":{"NUTS_ID":"RS12","LEVL_CODE":2,"CNTR_CODE":"RS","NAME_LATN":"Autonomous Province of Vojvodina","NUTS_NAME":"Регион Војводине","MOUNT_TYPE":null,"URBN_TYPE":null,"COAST_TYPE":null}},{"type":"Feature","geometry":{"type":"Polygon","coordinates":[[[19.2241,43.5275],[19.4971,44.0991],[19.1658,44.3702],[19.3512,44.8891],[19.9858,44.6423],[20.7835,44.3266],[21.822,44.0825],[21.4802,43.379],[20.9236,43.1461],[20.3529,42.8334],[19.2241,43.5275]]]},"properties":{"NUTS_ID":"RS21","LEVL_CODE":2,"CNTR_CODE":"RS","NAME_LATN":"Region Šumadije i Zapadne Srbije","NUTS_NAME":"Регион Шумадије и Западне Србије","MOUNT_TYPE":null,"URBN_TYPE":null,"COAST_TYPE":null}},{"type":"Feature","geometry":{"type":"Polygon","coordinates":[[[22.6752,44.2157],[22.4068,43.7521],[23.0062,43.1929],[22.4428,42.8255],[22.3602,42.3112],[21.5869,42.2628],[21.7534,42.7009],[20.9236,43.1461],[21.4802,43.379],[21.822,44.0825],[20.7835,44.3266],[20.8195,44.6579],[21.3585,44.8216],[22.0161,44.5992],[22.6752,44.2157]]]},"properties":{"NUTS_ID":"RS22","LEVL_CODE":2,"CNTR_CODE":"RS","NAME_LATN":"Region Južne i Istočne Srbije","NUTS_NAME":"Регион Јужне и Источне Србије","MOUNT_TYPE":null,"URBN_TYPE":null,"COAST_TYPE":null}},{"type":"Feature","geometry":{"type":"Polygon","coordinates":[[[17.5526,58.9822],[17.4161,59.3841],[18.5133,60.1481],[19.1576,59.6],[18.4817,59.0127],[17.5526,58.9822]]]},"properties":{"NUTS_ID":"SE11","LEVL_CODE":2,"CNTR_CODE":"SE","NAME_LATN":"Stockholm","NUTS_NAME":"Stockholm","MOUNT_TYPE":null,"URBN_TYPE":null,"COAST_TYPE":null}},{"type":"Feature","geometry":{"type":"Polygon","coordinates":[[[18.5133,60.1481],[17.4161,59.3841],[17.5526,58.9822],[16.7539,58.6263],[16.6667,57.996],[15.4211,57.7049],[14.4167,58.1872],[14.7789,58.646],[14.296,59.0128],[14.4372,60.0262],[15.4221,59.8547],[17.1189,60.2766],[17.3727,60.6536],[18.5133,60.1481]]]},"properties":{"NUTS_ID":"SE12","LEVL_CODE":2,"CNTR_CODE":"SE","NAME_LATN":"Östra Mellansverige","NUTS_NAME":"Östra Mellansverige","MOUNT_TYPE":null,"URBN_TYPE":null,"COAST_TYPE":null}},{"type":"Feature","geometry":{"type":"Polygon","coordinates":[[[14.4167,58.1872],[15.4211,57.7049],[16.6667,57.996],[16.5035,56.3245],[16.0265,56.315],[15.3635,56.4824],[13.4626,56.4282],[13.1008,57.1455],[13.8523,57.9847],[14.4167,58.1872]]]},"properties":{"NUTS_ID":"SE21","LEVL_CODE":2,"CNTR_CODE":"SE","NAME_LATN":"Småland med öarna","NUTS_NAME":"Småland med öarna","MOUNT_TYPE":null,"URBN_TYPE":null,"COAST_TYPE":null}},{"type":"Feature","geometry":{"type":"Polygon","coordinates":[[[13.4626,56.4282],[15.3635,56.4824],[16.0265,56.315],[14.5464,56.0613],[14.2132,55.4339],[13.3122,55.3411],[12.5557,56.1789],[12.8993,56.449],[13.4626,56.4282]]]},"properties":{"NUTS_ID":"SE22","LEVL_CODE":2,"CNTR_CODE":"SE","NAME_LATN":"Sydsverige","NUTS_NAME":"Sydsverige","MOUNT_TYPE":null,"URBN_TYPE":null,"COAST_TYPE":null}},{"type":"Feature","geometry":{"type":"Polygon","coordinates":[[[11.2448,59.0919],[11.8262,59.2379],[13.1994,58.7662],[14.296,59.0128],[14.7789,58.646],[14.4167,58.1872],[13.8523,57.9847],[13.1008,57.1455],[13.4626,56.4282],[12.8993,56.449],[11.2218,58.506],[11.2448,59.0919]]]},"properties":{"NUTS_ID":"SE23","LEVL_CODE":2,"CNTR_CODE":"SE","NAME_LATN":"Västsverige","NUTS_NAME":"Västsverige","MOUNT_TYPE":null,"URBN_TYPE":null,"COAST_TYPE":null}},{"type":"Feature","geometry":{"type":"Polygon","coordinates":[[[11.8398,59.8407],[12.4187,60.1131],[12.3502,60.9441],[12.7909,61.3923],[12.1524,61.7726],[12.2994,62.2675],[13.6653,61.6663],[14.4476,61.5949],[15.3273,62.2721],[17.4893,62.137],[17.3727,60.6536],[17.1189,60.2766],[15.4221,59.8547],[14.4372,60.0262],[14.296,59.0128],[13.1994,58.7662],[11.8262,59.2379],[11.8398,59.8407]]]},"properties":{"NUTS_ID":"SE31","LEVL_CODE":2,"CNTR_CODE":"SE","NAME_LATN":"Norra Mellansverige","NUTS_NAME":"Norra Mellansverige","MOUNT_TYPE":null,"URBN_TYPE":null,"COAST_TYPE":null}},{"type":"Feature","geometry":{"type":"Polygon","coordinates":[[[12.2994,62.2675],[12.2547,62.331],[12.0396,63.1979],[12.3354,63.7253],[14.0231,64.1665],[13.7344,64.6109],[14.326,65.1189],[16.719,64.0279],[18.7821,63.7992],[19.2865,63.4697],[17.5733,62.4347],[17.4893,62.137],[15.3273,62.2721],[14.4476,61.5949],[13.6653,61.6663],[12.2994,62.2675]]]},"properties":{"NUTS_ID":"SE32","LEVL_CODE":2,"CNTR_CODE":"SE","NAME_LATN":"Mellersta Norrland","NUTS_NAME":"Mellersta Norrland","MOUNT_TYPE":null,"URBN_TYPE":null,"COAST_TYPE":null}}]}