{"type":"FeatureCollection","features":[{"type":"Feature","geometry":{"type":"Polygon","coordinates":[[[12.4779,46.6798],[12.2407,47.0692],[12.6561,47.0997],[12.6906,46.657],[12.4779,46.6798]]]},"properties":{"NUTS_ID":"AT333","LEVL_CODE":3,"CNTR_CODE":"AT","NAME_LATN":"Osttirol","NUTS_NAME":"Osttirol","MOUNT_TYPE":1,"URBN_TYPE":3,"COAST_TYPE":null}},{"type":"Feature","geometry":{"type":"Polygon","coordinates":[[[10.4697,46.8549],[10.145,46.851],[10.2128,47.1573],[10.9912,47.3961],[11.0165,47.3964],[11.1643,46.9657],[10.4697,46.8549]]]},"properties":{"NUTS_ID":"AT334","LEVL_CODE":3,"CNTR_CODE":"AT","NAME_LATN":"Tiroler Oberland","NUTS_NAME":"Tiroler Oberland","MOUNT_TYPE":1,"URBN_TYPE":3,"COAST_TYPE":null}},{"type":"Feature","geometry":{"type":"Polygon","coordinates":[[[11.6272,47.0133],[11.4214,47.4449],[11.4102,47.4953],[11.6329,47.5924],[12.0607,47.6187],[12.338,47.6971],[12.575,47.6323],[12.136,47.0807],[11.6272,47.0133]]]},"properties":{"NUTS_ID":"AT335","LEVL_CODE":3,"CNTR_CODE":"AT","NAME_LATN":"Tiroler Unterland","NUTS_NAME":"Tiroler Unterland","MOUNT_TYPE":1,"URBN_TYPE":2,"COAST_TYPE":null}},{"type":"Feature","geometry":{"type":"Polygon","coordinates":[[[10.2128,47.1573],[10.145,46.851],[9.6028,47.0619],[9.6206,47.1516],[9.9995,47.483],[10.1784,47.2701],[10.2128,47.1573]]]},"properties":{"NUTS_ID":"AT341","LEVL_CODE":3,"CNTR_CODE":"AT","NAME_LATN":"Bludenz-Bregenzer Wald","NUTS_NAME":"Bludenz-Bregenzer Wald","MOUNT_TYPE":1,"URBN_TYPE":2,"COAST_TYPE":null}},{"type":"Feature","geometry":{"type":"Polygon","coordinates":[[[9.9995,47.483],[9.6206,47.1516],[9.5307,47.2706],[9.5587,47.5419],[9.9678,47.5462],[9.9995,47.483]]]},"properties":{"NUTS_ID":"AT342","LEVL_CODE":3,"CNTR_CODE":"AT","NAME_LATN":"Rheintal-Bodenseegebiet","NUTS_NAME":"Rheintal-Bodenseegebiet","MOUNT_TYPE":1,"URBN_TYPE":1,"COAST_TYPE":null}},{"type":"Feature","geometry":{"type":"Polygon","coordinates":[[[4.2763,50.793],[4.3558,50.9039],[4.5078,50.8063],[4.3869,50.7488],[4.2763,50.793]]]},"properties":{"NUTS_ID":"BE100","LEVL_CODE":3,"CNTR_CODE":"BE","NAME_LATN":"Arr. de Bruxelles-Capitale/Arr. Brussel-Hoofdstad","NUTS_NAME":"Arr. de Bruxelles-Capitale/Arr. Brussel-Hoofdstad","MOUNT_TYPE":null,"URBN_TYPE":1,"COAST_TYPE":null}},{"type":"Feature","geometry":{"type":"Polygon","coordinates":[[[4.2437,51.3747],[4.2796,51.376],[4.6695,51.4264],[4.6946,51.1784],[4.3078,51.125],[4.242,51.354],[4.2437,51.3747]]]},"properties":{"NUTS_ID":"BE211","LEVL_CODE":3,"CNTR_CODE":"BE","NAME_LATN":"Arr. Antwerpen","NUTS_NAME":"Arr. Antwerpen","MOUNT_TYPE":null,"URBN_TYPE":1,"COAST_TYPE":1}},{"type":"Feature","geometry":{"type":"Polygon","coordinates":[[[4.3078,51.125],[4.6946,51.1784],[4.7893,51.0389],[4.5287,50.9923],[4.241,51.0369],[4.1758,51.1012],[4.3078,51.125]]]},"properties":{"NUTS_ID":"BE212","LEVL_CODE":3,"CNTR_CODE":"BE","NAME_LATN":"Arr. Mechelen","NUTS_NAME":"Arr. Mechelen","MOUNT_TYPE":null,"URBN_TYPE":1,"COAST_TYPE":1}},{"type":"Feature","geometry":{"type":"Polygon","coordinates":[[[4.6946,51.1784],[4.6695,51.4264],[4.7597,51.5024],[5.1021,51.429],[5.2377,51.2616],[5.2611,51.147],[4.9816,51.0349],[4.7893,51.0389],[4.6946,51.1784]]]},"properties":{"NUTS_ID":"BE213","LEVL_CODE":3,"CNTR_CODE":"BE","NAME_LATN":"Arr. Turnhout","NUTS_NAME":"Arr. Turnhout","MOUNT_TYPE":null,"URBN_TYPE":2,"COAST_TYPE":null}},{"type":"Feature","geometry":{"type":"Polygon","coordinates":[[[5.7661,51.0086],[5.6876,50.8119],[5.4317,50.7198],[5.2369,50.7273],[5.6224,50.9992],[5.7661,51.0086]]]},"properties":{"NUTS_ID":"BE223","LEVL_CODE":3,"CNTR_CODE":"BE","NAME_LATN":"Arr. Tongeren","NUTS_NAME":"Arr. Tongeren","MOUNT_TYPE":null,"URBN_TYPE":2,"COAST_TYPE":null}},{"type":"Feature","geometry":{"type":"Polygon","coordinates":[[[4.9816,51.0349],[5.2611,51.147],[5.6224,50.9992],[5.2369,50.7273],[5.1035,50.7091],[4.9816,51.0349]]]},"properties":{"NUTS_ID":"BE224","LEVL_CODE":3,"CNTR_CODE":"BE","NAME_LATN":"Arr. Hasselt","NUTS_NAME":"Arr. Hasselt","MOUNT_TYPE":null,"URBN_TYPE":1,"COAST_TYPE":null}},{"type":"Feature","geometry":{"type":"Polygon","coordinates":[[[5.2611,51.147],[5.2377,51.2616],[5.5663,51.2208],[5.7983,51.0599],[5.7661,51.0086],[5.6224,50.9992],[5.2611,51.147]]]},"properties":{"NUTS_ID":"BE225","LEVL_CODE":3,"CNTR_CODE":"BE","NAME_LATN":"Arr. Maaseik","NUTS_NAME":"Arr. Maaseik","MOUNT_TYPE":null,"URBN_TYPE":2,"COAST_TYPE":null}},{"type":"Feature","geometry":{"type":"Polygon","coordinates":[[[3.8154,50.7507],[3.7469,50.9079],[3.8477,50.9528],[4.1472,50.9694],[3.8957,50.7329],[3.8154,50.7507]]]},"properties":{"NUTS_ID":"BE231","LEVL_CODE":3,"CNTR_CODE":"BE","NAME_LATN":"Arr. Aalst","NUTS_NAME":"Arr. Aalst","MOUNT_TYPE":null,"URBN_TYPE":1,"COAST_TYPE":1}},{"type":"Feature","geometry":{"type":"Polygon","coordinates":[[[4.1758,51.1012],[4.241,51.0369],[4.1472,50.9694],[3.8477,50.9528],[3.9231,51.076],[4.1758,51.1012]]]},"properties":{"NUTS_ID":"BE232","LEVL_CODE":3,"CNTR_CODE":"BE","NAME_LATN":"Arr. Dendermonde","NUTS_NAME":"Arr. Dendermonde","MOUNT_TYPE":null,"URBN_TYPE":1,"COAST_TYPE":1}},{"type":"Feature","geometry":{"type":"Polygon","coordinates":[[[3.8563,51.2111],[3.4109,51.1599],[3.3807,51.2743],[3.8563,51.2111]]]},"properties":{"NUTS_ID":"BE233","LEVL_CODE":3,"CNTR_CODE":"BE","NAME_LATN":"Arr. Eeklo","NUTS_NAME":"Arr. Eeklo","MOUNT_TYPE":null,"URBN_TYPE":1,"COAST_TYPE":1}},{"type":"Feature","geometry":{"type":"Polygon","coordinates":[[[3.8477,50.9528],[3.7469,50.9079],[3.4667,50.9021],[3.4198,50.9109],[3.3313,51.0989],[3.4109,51.1599],[3.8563,51.2111],[3.9777,51.2251],[3.9231,51.076],[3.8477,50.9528]]]},"properties":{"NUTS_ID":"BE234","LEVL_CODE":3,"CNTR_CODE":"BE","NAME_LATN":"Arr. Gent","NUTS_NAME":"Arr. Gent","MOUNT_TYPE":null,"URBN_TYPE":1,"COAST_TYPE":1}},{"type":"Feature","geometry":{"type":"Polygon","coordinates":[[[3.7469,50.9079],[3.8154,50.7507],[3.5413,50.7337],[3.4603,50.7659],[3.4667,50.9021],[3.7469,50.9079]]]},"properties":{"NUTS_ID":"BE235","LEVL_CODE":3,"CNTR_CODE":"BE","NAME_LATN":"Arr. Oudenaarde","NUTS_NAME":"Arr. Oudenaarde","MOUNT_TYPE":null,"URBN_TYPE":2,"COAST_TYPE":null}},{"type":"Feature","geometry":{"type":"Polygon","coordinates":[[[4.242,51.354],[4.3078,51.125],[4.1758,51.1012],[3.9231,51.076],[3.9777,51.2251],[4.2348,51.3483],[4.242,51.354]]]},"properties":{"NUTS_ID":"BE236","LEVL_CODE":3,"CNTR_CODE":"BE","NAME_LATN":"Arr. Sint-Niklaas","NUTS_NAME":"Arr. Sint-Niklaas","MOUNT_TYPE":null,"URBN_TYPE":1,"COAST_TYPE":1}},{"type":"Feature","geometry":{"type":"Polygon","coordinates":[[[4.241,51.0369],[4.5287,50.9923],[4.5708,50.7999],[4.4718,50.7445],[4.1005,50.706],[3.8957,50.7329],[4.1472,50.9694],[4.241,51.0369]],[[4.2763,50.793],[4.3869,50.7488],[4.5078,50.8063],[4.3558,50.9039],[4.2763,50.793]]]},"properties":{"NUTS_ID":"BE241","LEVL_CODE":3,"CNTR_CODE":"BE","NAME_LATN":"Arr. Halle-Vilvoorde","NUTS_NAME":"Arr. Halle-Vilvoorde","MOUNT_TYPE":null,"URBN_TYPE":1,"COAST_TYPE":null}},{"type":"Feature","geometry":{"type":"Polygon","coordinates":[[[4.5287,50.9923],[4.7893,51.0389],[4.9816,51.0349],[5.1035,50.7091],[5.0196,50.7508],[4.5708,50.7999],[4.5287,50.9923]]]},"properties":{"NUTS_ID":"BE242","LEVL_CODE":3,"CNTR_CODE":"BE","NAME_LATN":"Arr. Leuven","NUTS_NAME":"Arr. Leuven","MOUNT_TYPE":null,"URBN_TYPE":2,"COAST_TYPE":null}},{"type":"Feature","geometry":{"type":"Polygon","coordinates":[[[3.3807,51.2743],[3.4109,51.1599],[3.3313,51.0989],[3.1631,51.0652],[3.0695,51.0155],[3.0435,51.0607],[3.1108,51.3123],[3.3658,51.3698],[3.3807,51.2743]]]},"properties":{"NUTS_ID":"BE251","LEVL_CODE":3,"CNTR_CODE":"BE","NAME_LATN":"Arr. Brugge","NUTS_NAME":"Arr. Brugge","MOUNT_TYPE":null,"URBN_TYPE":1,"COAST_TYPE":1}},{"type":"Feature","geometry":{"type":"Polygon","coordinates":[[[3.0435,51.0607],[3.0695,51.0155],[2.959,50.9531],[2.7197,50.9497],[2.821,51.1026],[3.0435,51.0607]]]},"properties":{"NUTS_ID":"BE252","LEVL_CODE":3,"CNTR_CODE":"BE","NAME_LATN":"Arr. Diksmuide","NUTS_NAME":"Arr. Diksmuide","MOUNT_TYPE":null,"URBN_TYPE":2,"COAST_TYPE":1}},{"type":"Feature","geometry":{"type":"Polygon","coordinates":[[[2.7197,50.9497],[2.959,50.9531],[3.1025,50.8381],[3.0817,50.7999],[2.607,50.9127],[2.7197,50.9497]]]},"properties":{"NUTS_ID":"BE253","LEVL_CODE":3,"CNTR_CODE":"BE","NAME_LATN":"Arr. Ieper","NUTS_NAME":"Arr. Ieper","MOUNT_TYPE":null,"URBN_TYPE":3,"COAST_TYPE":1}},{"type":"Feature","geometry":{"type":"Polygon","coordinates":[[[3.4198,50.9109],[3.4667,50.9021],[3.4603,50.7659],[3.177,50.7562],[3.0817,50.7999],[3.1025,50.8381],[3.2871,50.9044],[3.4198,50.9109]]]},"properties":{"NUTS_ID":"BE254","LEVL_CODE":3,"CNTR_CODE":"BE","NAME_LATN":"Arr. Kortrijk","NUTS_NAME":"Arr. Kortrijk","MOUNT_TYPE":null,"URBN_TYPE":1,"COAST_TYPE":null}},{"type":"Feature","geometry":{"type":"Polygon","coordinates":[[[3.1108,51.3123],[3.0435,51.0607],[2.821,51.1026],[2.7492,51.1617],[3.1108,51.3123]]]},"properties":{"NUTS_ID":"BE255","LEVL_CODE":3,"CNTR_CODE":"BE","NAME_LATN":"Arr. Oostende","NUTS_NAME":"Arr. Oostende","MOUNT_TYPE":null,"URBN_TYPE":1,"COAST_TYPE":1}},{"type":"Feature","geometry":{"type":"Polygon","coordinates":[[[3.0695,51.0155],[3.1631,51.0652],[3.2871,50.9044],[3.1025,50.8381],[2.959,50.9531],[3.0695,51.0155]]]},"properties":{"NUTS_ID":"BE256","LEVL_CODE":3,"CNTR_CODE":"BE","NAME_LATN":"Arr. Roeselare","NUTS_NAME":"Arr. Roeselare","MOUNT_TYPE":null,"URBN_TYPE":2,"COAST_TYPE":1}},{"type":"Feature","geometry":{"type":"Polygon","coordinates":[[[3.3313,51.0989],[3.4198,50.9109],[3.2871,50.9044],[3.1631,51.0652],[3.3313,51.0989]]]},"properties":{"NUTS_ID":"BE257","LEVL_CODE":3,"CNTR_CODE":"BE","NAME_LATN":"Arr. Tielt","NUTS_NAME":"Arr. Tielt","MOUNT_TYPE":null,"URBN_TYPE":2,"COAST_TYPE":1}},{"type":"Feature","geometry":{"type":"Polygon","coordinates":[[[2.821,51.1026],[2.7197,50.9497],[2.607,50.9127],[2.5461,51.0894],[2.7492,51.1617],[2.821,51.1026]]]},"properties":{"NUTS_ID":"BE258","LEVL_CODE":3,"CNTR_CODE":"BE","NAME_LATN":"Arr. Veurne","NUTS_NAME":"Arr. Veurne","MOUNT_TYPE":null,"URBN_TYPE":2,"COAST_TYPE":1}},{"type":"Feature","geometry":{"type":"Polygon","coordinates":[[[4.1005,50.706],[4.4718,50.7445],[4.5708,50.7999],[5.0196,50.7508],[4.9833,50.6422],[4.5775,50.5423],[4.3253,50.5492],[4.0918,50.6689],[4.1005,50.706]]]},"properties":{"NUTS_ID":"BE310","LEVL_CODE":3,"CNTR_CODE":"BE","NAME_LATN":"Arr. Nivelles","NUTS_NAME":"Arr. Nivelles","MOUNT_TYPE":null,"URBN_TYPE":2,"COAST_TYPE":null}},{"type":"Feature","geometry":{"type":"Polygon","coordinates":[[[3.6555,50.4617],[3.9621,50.5901],[4.0753,50.4648],[4.0278,50.3583],[3.6555,50.4617]]]},"properties":{"NUTS_ID":"BE323","LEVL_CODE":3,"CNTR_CODE":"BE","NAME_LATN":"Arr. Mons","NUTS_NAME":"Arr. Mons","MOUNT_TYPE":null,"URBN_TYPE":1,"COAST_TYPE":null}},{"type":"Feature","geometry":{"type":"Polygon","coordinates":[[[3.4603,50.7659],[3.5413,50.7337],[3.6151,50.4904],[3.177,50.7562],[3.4603,50.7659]]]},"properties":{"NUTS_ID":"BE328","LEVL_CODE":3,"CNTR_CODE":"BE","NAME_LATN":"Arr. Tournai-Mouscron","NUTS_NAME":"Arr. Tournai-Mouscron","MOUNT_TYPE":null,"URBN_TYPE":2,"COAST_TYPE":null}},{"type":"Feature","geometry":{"type":"Polygon","coordinates":[[[4.0278,50.3583],[4.0753,50.4648],[4.2677,50.4716],[4.2633,50.4253],[4.0425,50.3398],[4.0278,50.3583]]]},"properties":{"NUTS_ID":"BE329","LEVL_CODE":3,"CNTR_CODE":"BE","NAME_LATN":"Arr. La Louvière","NUTS_NAME":"Arr. La Louvière","MOUNT_TYPE":null,"URBN_TYPE":1,"COAST_TYPE":null}},{"type":"Feature","geometry":{"type":"Polygon","coordinates":[[[3.8154,50.7507],[3.8957,50.7329],[4.1005,50.706],[4.0918,50.6689],[3.9621,50.5901],[3.6555,50.4617],[3.6151,50.4904],[3.5413,50.7337],[3.8154,50.7507]]]},"properties":{"NUTS_ID":"BE32A","LEVL_CODE":3,"CNTR_CODE":"BE","NAME_LATN":"Arr. Ath","NUTS_NAME":"Arr. Ath","MOUNT_TYPE":null,"URBN_TYPE":2,"COAST_TYPE":null}},{"type":"Feature","geometry":{"type":"Polygon","coordinates":[[[4.3253,50.5492],[4.5775,50.5423],[4.5887,50.3213],[4.475,50.3276],[4.2633,50.4253],[4.2677,50.4716],[4.3253,50.5492]]]},"properties":{"NUTS_ID":"BE32B","LEVL_CODE":3,"CNTR_CODE":"BE","NAME_LATN":"Arr. Charleroi","NUTS_NAME":"Arr. Charleroi","MOUNT_TYPE":null,"URBN_TYPE":1,"COAST_TYPE":null}},{"type":"Feature","geometry":{"type":"Polygon","coordinates":[[[4.0918,50.6689],[4.3253,50.5492],[4.2677,50.4716],[4.0753,50.4648],[3.9621,50.5901],[4.0918,50.6689]]]},"properties":{"NUTS_ID":"BE32C","LEVL_CODE":3,"CNTR_CODE":"BE","NAME_LATN":"Arr. Soignies","NUTS_NAME":"Arr. Soignies","MOUNT_TYPE":null,"URBN_TYPE":1,"COAST_TYPE":null}},{"type":"Feature","geometry":{"type":"Polygon","coordinates":[[[4.0425,50.3398],[4.2633,50.4253],[4.475,50.3276],[4.4325,49.9416],[4.2331,49.9578],[4.1409,49.9788],[4.0425,50.3398]]]},"properties":{"NUTS_ID":"BE32D","LEVL_CODE":3,"CNTR_CODE":"BE","NAME_LATN":"Arr. Thuin","NUTS_NAME":"Arr. Thuin","MOUNT_TYPE":null,"URBN_TYPE":3,"COAST_TYPE":null}},{"type":"Feature","geometry":{"type":"Polygon","coordinates":[[[5.3492,50.6334],[5.7025,50.404],[5.6758,50.3685],[5.3932,50.3794],[5.2213,50.4173],[5.0285,50.5888],[5.3492,50.6334]]]},"properties":{"NUTS_ID":"BE331","LEVL_CODE":3,"CNTR_CODE":"BE","NAME_LATN":"Arr. Huy","NUTS_NAME":"Arr. Huy","MOUNT_TYPE":null,"URBN_TYPE":3,"COAST_TYPE":null}},{"type":"Feature","geometry":{"type":"Polygon","coordinates":[[[5.4317,50.7198],[5.6876,50.8119],[5.8191,50.7146],[5.7025,50.404],[5.3492,50.6334],[5.4317,50.7198]]]},"properties":{"NUTS_ID":"BE332","LEVL_CODE":3,"CNTR_CODE":"BE","NAME_LATN":"Arr. Liège","NUTS_NAME":"Arr. Liège","MOUNT_TYPE":null,"URBN_TYPE":1,"COAST_TYPE":null}},{"type":"Feature","geometry":{"type":"Polygon","coordinates":[[[5.2369,50.7273],[5.4317,50.7198],[5.3492,50.6334],[5.0285,50.5888],[4.9833,50.6422],[5.0196,50.7508],[5.1035,50.7091],[5.2369,50.7273]]]},"properties":{"NUTS_ID":"BE334","LEVL_CODE":3,"CNTR_CODE":"BE","NAME_LATN":"Arr. Waremme","NUTS_NAME":"Arr. Waremme","MOUNT_TYPE":null,"URBN_TYPE":3,"COAST_TYPE":null}},{"type":"Feature","geometry":{"type":"Polygon","coordinates":[[[5.6758,50.3685],[5.7025,50.404],[5.8191,50.7146],[6.021,50.7543],[6.1822,50.5673],[6.1922,50.5211],[5.9802,50.3299],[5.7215,50.262],[5.6758,50.3685]]]},"properties":{"NUTS_ID":"BE335","LEVL_CODE":3,"CNTR_CODE":"BE","NAME_LATN":"Arr. Verviers — communes francophones","NUTS_NAME":"Arr. Verviers — communes francophones","MOUNT_TYPE":1,"URBN_TYPE":2,"COAST_TYPE":null}},{"type":"Feature","geometry":{"type":"Polygon","coordinates":[[[5.9802,50.3299],[6.1922,50.5211],[6.3156,50.497],[6.405,50.3233],[6.1377,50.13],[6.0249,50.1828],[5.9802,50.3299]]]},"properties":{"NUTS_ID":"BE336","LEVL_CODE":3,"CNTR_CODE":"BE","NAME_LATN":"Bezirk Verviers — Deutschsprachige Gemeinschaft","NUTS_NAME":"Bezirk Verviers — Deutschsprachige Gemeinschaft","MOUNT_TYPE":null,"URBN_TYPE":3,"COAST_TYPE":null}},{"type":"Feature","geometry":{"type":"Polygon","coordinates":[[[5.7006,49.8207],[5.7464,49.8536],[5.8181,49.5463],[5.7345,49.5458],[5.6847,49.7824],[5.7006,49.8207]]]},"properties":{"NUTS_ID":"BE341","LEVL_CODE":3,"CNTR_CODE":"BE","NAME_LATN":"Arr. Arlon","NUTS_NAME":"Arr. Arlon","MOUNT_TYPE":null,"URBN_TYPE":3,"COAST_TYPE":null}},{"type":"Feature","geometry":{"type":"Polygon","coordinates":[[[5.7215,50.262],[5.9802,50.3299],[6.0249,50.1828],[5.7464,49.8536],[5.7006,49.8207],[5.4174,50.0484],[5.7215,50.262]]]},"properties":{"NUTS_ID":"BE342","LEVL_CODE":3,"CNTR_CODE":"BE","NAME_LATN":"Arr. Bastogne","NUTS_NAME":"Arr. Bastogne","MOUNT_TYPE":null,"URBN_TYPE":3,"COAST_TYPE":null}},{"type":"Feature","geometry":{"type":"Polygon","coordinates":[[[5.3932,50.3794],[5.6758,50.3685],[5.7215,50.262],[5.4174,50.0484],[5.2631,50.1085],[5.3932,50.3794]]]},"properties":{"NUTS_ID":"BE343","LEVL_CODE":3,"CNTR_CODE":"BE","NAME_LATN":"Arr. Marche-en-Famenne","NUTS_NAME":"Arr. Marche-en-Famenne","MOUNT_TYPE":null,"URBN_TYPE":3,"COAST_TYPE":null}},{"type":"Feature","geometry":{"type":"Polygon","coordinates":[[[5.7006,49.8207],[5.6847,49.7824],[5.1537,49.7179],[4.9694,49.8018],[5.2631,50.1085],[5.4174,50.0484],[5.7006,49.8207]]]},"properties":{"NUTS_ID":"BE344","LEVL_CODE":3,"CNTR_CODE":"BE","NAME_LATN":"Arr. Neufchâteau","NUTS_NAME":"Arr. Neufchâteau","MOUNT_TYPE":null,"URBN_TYPE":3,"COAST_TYPE":null}},{"type":"Feature","geometry":{"type":"Polygon","coordinates":[[[5.6847,49.7824],[5.7345,49.5458],[5.4709,49.4972],[5.3935,49.6171],[5.1537,49.7179],[5.6847,49.7824]]]},"properties":{"NUTS_ID":"BE345","LEVL_CODE":3,"CNTR_CODE":"BE","NAME_LATN":"Arr. Virton","NUTS_NAME":"Arr. Virton","MOUNT_TYPE":null,"URBN_TYPE":3,"COAST_TYPE":null}},{"type":"Feature","geometry":{"type":"Polygon","coordinates":[[[5.2213,50.4173],[5.3932,50.3794],[5.2631,50.1085],[4.9694,49.8018],[4.7928,50.147],[4.7534,50.2752],[5.2213,50.4173]]]},"properties":{"NUTS_ID":"BE351","LEVL_CODE":3,"CNTR_CODE":"BE","NAME_LATN":"Arr. Dinant","NUTS_NAME":"Arr. Dinant","MOUNT_TYPE":null,"URBN_TYPE":3,"COAST_TYPE":null}},{"type":"Feature","geometry":{"type":"Polygon","coordinates":[[[4.5775,50.5423],[4.9833,50.6422],[5.0285,50.5888],[5.2213,50.4173],[4.7534,50.2752],[4.5887,50.3213],[4.5775,50.5423]]]},"properties":{"NUTS_ID":"BE352","LEVL_CODE":3,"CNTR_CODE":"BE","NAME_LATN":"Arr. Namur","NUTS_NAME":"Arr. Namur","MOUNT_TYPE":null,"URBN_TYPE":2,"COAST_TYPE":null}},{"type":"Feature","geometry":{"type":"Polygon","coordinates":[[[4.475,50.3276],[4.5887,50.3213],[4.7534,50.2752],[4.7928,50.147],[4.4325,49.9416],[4.475,50.3276]]]},"properties":{"NUTS_ID":"BE353","LEVL_CODE":3,"CNTR_CODE":"BE","NAME_LATN":"Arr. Philippeville","NUTS_NAME":"Arr. Philippeville","MOUNT_TYPE":null,"URBN_TYPE":3,"COAST_TYPE":null}},{"type":"Feature","geometry":{"type":"Polygon","coordinates":[[[22.6752,44.2157],[22.9664,44.0983],[22.9972,43.8079],[22.7475,43.3866],[22.667,43.4027],[22.5361,44.0455],[22.6752,44.2157]]]},"properties":{"NUTS_ID":"BG311","LEVL_CODE":3,"CNTR_CODE":"BG","NAME_LATN":"Vidin","NUTS_NAME":"Видин","MOUNT_TYPE":null,"URBN_TYPE":3,"COAST_TYPE":null}},{"type":"Feature","geometry":{"type":"Polygon","coordinates":[[[22.7475,43.3866],[22.9972,43.8079],[23.6304,43.791],[23.4128,43.1605],[23.0062,43.1929],[22.7475,43.3866]]]},"properties":{"NUTS_ID":"BG312","LEVL_CODE":3,"CNTR_CODE":"BG","NAME_LATN":"Montana","NUTS_NAME":"Монтана","MOUNT_TYPE":null,"URBN_TYPE":2,"COAST_TYPE":null}},{"type":"Feature","geometry":{"type":"Polygon","coordinates":[[[23.4128,43.1605],[23.6304,43.791],[24.112,43.6999],[24.3235,43.6977],[24.0323,43.2056],[23.9714,43.0623],[23.4128,43.1605]]]},"properties":{"NUTS_ID":"BG313","LEVL_CODE":3,"CNTR_CODE":"BG","NAME_LATN":"Vratsa","NUTS_NAME":"Враца","MOUNT_TYPE":null,"URBN_TYPE":2,"COAST_TYPE":null}},{"type":"Feature","geometry":{"type":"Polygon","coordinates":[[[24.0323,43.2056],[24.3235,43.6977],[24.6548,43.7236],[25.2964,43.6554],[25.1404,43.2668],[24.0323,43.2056]]]},"properties":{"NUTS_ID":"BG314","LEVL_CODE":3,"CNTR_CODE":"BG","NAME_LATN":"Pleven","NUTS_NAME":"Плевен","MOUNT_TYPE":null,"URBN_TYPE":2,"COAST_TYPE":null}},{"type":"Feature","geometry":{"type":"Polygon","coordinates":[[[23.9714,43.0623],[24.0323,43.2056],[25.1404,43.2668],[25.0766,43.1778],[25.0145,42.748],[25.0072,42.7376],[24.3859,42.75],[23.9714,43.0623]]]},"properties":{"NUTS_ID":"BG315","LEVL_CODE":3,"CNTR_CODE":"BG","NAME_LATN":"Lovech","NUTS_NAME":"Ловеч","MOUNT_TYPE":1,"URBN_TYPE":3,"COAST_TYPE":null}},{"type":"Feature","geometry":{"type":"Polygon","coordinates":[[[25.1404,43.2668],[25.2964,43.6554],[25.5445,43.6428],[26.0046,43.3188],[26.1674,42.9522],[25.8375,42.7772],[25.615,42.7868],[25.0766,43.1778],[25.1404,43.2668]]]},"properties":{"NUTS_ID":"BG321","LEVL_CODE":3,"CNTR_CODE":"BG","NAME_LATN":"Veliko Tarnovo","NUTS_NAME":"Велико Търново","MOUNT_TYPE":null,"URBN_TYPE":2,"COAST_TYPE":null}},{"type":"Feature","geometry":{"type":"Polygon","coordinates":[[[25.0145,42.748],[25.0766,43.1778],[25.615,42.7868],[25.0145,42.748]]]},"properties":{"NUTS_ID":"BG322","LEVL_CODE":3,"CNTR_CODE":"BG","NAME_LATN":"Gabrovo","NUTS_NAME":"Габрово","MOUNT_TYPE":1,"URBN_TYPE":2,"COAST_TYPE":null}},{"type":"Feature","geometry":{"type":"Polygon","coordinates":[[[26.0046,43.3188],[25.5445,43.6428],[25.6722,43.6881],[26.3582,44.0372],[26.3892,43.9483],[26.189,43.5174],[26.0046,43.3188]]]},"properties":{"NUTS_ID":"BG323","LEVL_CODE":3,"CNTR_CODE":"BG","NAME_LATN":"Ruse","NUTS_NAME":"Русе","MOUNT_TYPE":null,"URBN_TYPE":2,"COAST_TYPE":null}},{"type":"Feature","geometry":{"type":"Polygon","coordinates":[[[26.189,43.5174],[26.3892,43.9483],[27.0019,43.6969],[26.7304,43.4101],[26.189,43.5174]]]},"properties":{"NUTS_ID":"BG324","LEVL_CODE":3,"CNTR_CODE":"BG","NAME_LATN":"Razgrad","NUTS_NAME":"Разград","MOUNT_TYPE":null,"URBN_TYPE":3,"COAST_TYPE":null}},{"type":"Feature","geometry":{"type":"Polygon","coordinates":[[[26.3892,43.9483],[26.3582,44.0372],[26.3818,44.0386],[27.2713,44.1263],[27.6954,43.9873],[27.2195,43.6646],[27.0019,43.6969],[26.3892,43.9483]]]},"properties":{"NUTS_ID":"BG325","LEVL_CODE":3,"CNTR_CODE":"BG","NAME_LATN":"Silistra","NUTS_NAME":"Силистра","MOUNT_TYPE":null,"URBN_TYPE":3,"COAST_TYPE":null}},{"type":"Feature","geometry":{"type":"Polygon","coordinates":[[[27.0944,42.9539],[27.3398,43.5978],[28.0602,43.3164],[27.8826,42.8384],[27.0944,42.9539]]]},"properties":{"NUTS_ID":"BG331","LEVL_CODE":3,"CNTR_CODE":"BG","NAME_LATN":"Varna","NUTS_NAME":"Варна","MOUNT_TYPE":null,"URBN_TYPE":2,"COAST_TYPE":1}},{"type":"Feature","geometry":{"type":"Polygon","coordinates":[[[27.2195,43.6646],[27.6954,43.9873],[28.5789,43.7387],[28.0602,43.3164],[27.3398,43.5978],[27.2195,43.6646]]]},"properties":{"NUTS_ID":"BG332","LEVL_CODE":3,"CNTR_CODE":"BG","NAME_LATN":"Dobrich","NUTS_NAME":"Добрич","MOUNT_TYPE":null,"URBN_TYPE":2,"COAST_TYPE":1}},{"type":"Feature","geometry":{"type":"Polygon","coordinates":[[[26.7304,43.4101],[27.0019,43.6969],[27.2195,43.6646],[27.3398,43.5978],[27.0944,42.9539],[26.59,42.9201],[26.5777,42.9857],[26.7304,43.4101]]]},"properties":{"NUTS_ID":"BG333","LEVL_CODE":3,"CNTR_CODE":"BG","NAME_LATN":"Shumen","NUTS_NAME":"Шумен","MOUNT_TYPE":null,"URBN_TYPE":2,"COAST_TYPE":null}},{"type":"Feature","geometry":{"type":"Polygon","coordinates":[[[26.1674,42.9522],[26.0046,43.3188],[26.189,43.5174],[26.7304,43.4101],[26.5777,42.9857],[26.1674,42.9522]]]},"properties":{"NUTS_ID":"BG334","LEVL_CODE":3,"CNTR_CODE":"BG","NAME_LATN":"Targovishte","NUTS_NAME":"Търговище","MOUNT_TYPE":null,"URBN_TYPE":2,"COAST_TYPE":null}},{"type":"Feature","geometry":{"type":"Polygon","coordinates":[[[27.0944,42.9539],[27.8826,42.8384],[27.6279,42.4939],[27.9024,41.9601],[27.0597,42.0883],[26.714,42.6846],[26.59,42.9201],[27.0944,42.9539]]]},"properties":{"NUTS_ID":"BG341","LEVL_CODE":3,"CNTR_CODE":"BG","NAME_LATN":"Burgas","NUTS_NAME":"Бургас","MOUNT_TYPE":null,"URBN_TYPE":2,"COAST_TYPE":1}},{"type":"Feature","geometry":{"type":"Polygon","coordinates":[[[25.8375,42.7772],[26.1674,42.9522],[26.5777,42.9857],[26.59,42.9201],[26.714,42.6846],[26.1757,42.2615],[25.8375,42.7772]]]},"properties":{"NUTS_ID":"BG342","LEVL_CODE":3,"CNTR_CODE":"BG","NAME_LATN":"Sliven","NUTS_NAME":"Сливен","MOUNT_TYPE":1,"URBN_TYPE":2,"COAST_TYPE":null}},{"type":"Feature","geometry":{"type":"Polygon","coordinates":[[[26.714,42.6846],[27.0597,42.0883],[26.9492,42.0002],[26.5615,41.9263],[26.1927,42.2081],[26.1757,42.2615],[26.714,42.6846]]]},"properties":{"NUTS_ID":"BG343","LEVL_CODE":3,"CNTR_CODE":"BG","NAME_LATN":"Yambol","NUTS_NAME":"Ямбол","MOUNT_TYPE":null,"URBN_TYPE":2,"COAST_TYPE":null}},{"type":"Feature","geometry":{"type":"Polygon","coordinates":[[[25.0072,42.7376],[25.0145,42.748],[25.615,42.7868],[25.8375,42.7772],[26.1757,42.2615],[26.1927,42.2081],[25.3481,42.1144],[25.0072,42.7376]]]},"properties":{"NUTS_ID":"BG344","LEVL_CODE":3,"CNTR_CODE":"BG","NAME_LATN":"Stara Zagora","NUTS_NAME":"Стара Загора","MOUNT_TYPE":1,"URBN_TYPE":2,"COAST_TYPE":null}},{"type":"Feature","geometry":{"type":"Polygon","coordinates":[[[23.2902,42.5327],[23.0565,42.7127],[23.4073,42.8641],[23.5538,42.6178],[23.2902,42.5327]]]},"properties":{"NUTS_ID":"BG411","LEVL_CODE":3,"CNTR_CODE":"BG","NAME_LATN":"Sofia (stolitsa)","NUTS_NAME":"София (столица)","MOUNT_TYPE":1,"URBN_TYPE":1,"COAST_TYPE":null}},{"type":"Feature","geometry":{"type":"Polygon","coordinates":[[[23.0062,43.1929],[23.4128,43.1605],[23.9714,43.0623],[24.3859,42.75],[24.421,42.5531],[23.7723,42.1812],[23.4956,42.0976],[23.2241,42.377],[23.2902,42.5327],[23.5538,42.6178],[23.4073,42.8641],[23.0565,42.7127],[22.7484,42.8898],[23.0062,43.1929]]]},"properties":{"NUTS_ID":"BG412","LEVL_CODE":3,"CNTR_CODE":"BG","NAME_LATN":"Sofia","NUTS_NAME":"София","MOUNT_TYPE":1,"URBN_TYPE":2,"COAST_TYPE":null}},{"type":"Feature","geometry":{"type":"Polygon","coordinates":[[[23.4956,42.0976],[23.7723,42.1812],[24.0745,41.6727],[24.0597,41.5221],[23.6243,41.3757],[22.9276,41.3385],[22.9683,41.5198],[22.8672,42.0222],[23.4956,42.0976]]]},"properties":{"NUTS_ID":"BG413","LEVL_CODE":3,"CNTR_CODE":"BG","NAME_LATN":"Blagoevgrad","NUTS_NAME":"Благоевград","MOUNT_TYPE":1,"URBN_TYPE":2,"COAST_TYPE":null}},{"type":"Feature","geometry":{"type":"Polygon","coordinates":[[[23.0565,42.7127],[23.2902,42.5327],[23.2241,42.377],[22.4615,42.6485],[22.4428,42.8255],[22.5155,42.8685],[22.7484,42.8898],[23.0565,42.7127]]]},"properties":{"NUTS_ID":"BG414","LEVL_CODE":3,"CNTR_CODE":"BG","NAME_LATN":"Pernik","NUTS_NAME":"Перник","MOUNT_TYPE":1,"URBN_TYPE":2,"COAST_TYPE":null}},{"type":"Feature","geometry":{"type":"Polygon","coordinates":[[[23.2241,42.377],[23.4956,42.0976],[22.8672,42.0222],[22.5104,42.1552],[22.3602,42.3112],[22.4615,42.6485],[23.2241,42.377]]]},"properties":{"NUTS_ID":"BG415","LEVL_CODE":3,"CNTR_CODE":"BG","NAME_LATN":"Kyustendil","NUTS_NAME":"Кюстендил","MOUNT_TYPE":1,"URBN_TYPE":2,"COAST_TYPE":null}},{"type":"Feature","geometry":{"type":"Polygon","coordinates":[[[24.3859,42.75],[25.0072,42.7376],[25.3481,42.1144],[25.2182,41.8956],[25.0725,41.7916],[24.4398,41.9382],[24.421,42.5531],[24.3859,42.75]]]},"properties":{"NUTS_ID":"BG421","LEVL_CODE":3,"CNTR_CODE":"BG","NAME_LATN":"Plovdiv","NUTS_NAME":"Пловдив","MOUNT_TYPE":1,"URBN_TYPE":2,"COAST_TYPE":null}},{"type":"Feature","geometry":{"type":"Polygon","coordinates":[[[26.1927,42.2081],[26.5615,41.9263],[26.3579,41.7111],[25.9486,41.3203],[25.2182,41.8956],[25.3481,42.1144],[26.1927,42.2081]]]},"properties":{"NUTS_ID":"BG422","LEVL_CODE":3,"CNTR_CODE":"BG","NAME_LATN":"Haskovo","NUTS_NAME":"Хасково","MOUNT_TYPE":null,"URBN_TYPE":2,"COAST_TYPE":null}},{"type":"Feature","geometry":{"type":"Polygon","coordinates":[[[23.7723,42.1812],[24.421,42.5531],[24.4398,41.9382],[24.0745,41.6727],[23.7723,42.1812]]]},"properties":{"NUTS_ID":"BG423","LEVL_CODE":3,"CNTR_CODE":"BG","NAME_LATN":"Pazardzhik","NUTS_NAME":"Пазарджик","MOUNT_TYPE":1,"URBN_TYPE":2,"COAST_TYPE":null}},{"type":"Feature","geometry":{"type":"Polygon","coordinates":[[[24.0597,41.5221],[24.0745,41.6727],[24.4398,41.9382],[25.0725,41.7916],[25.1794,41.3102],[24.784,41.3602],[24.0597,41.5221]]]},"properties":{"NUTS_ID":"BG424","LEVL_CODE":3,"CNTR_CODE":"BG","NAME_LATN":"Smolyan","NUTS_NAME":"Смолян","MOUNT_TYPE":1,"URBN_TYPE":3,"COAST_TYPE":null}},{"type":"Feature","geometry":{"type":"Polygon","coordinates":[[[25.0725,41.7916],[25.2182,41.8956],[25.9486,41.3203],[25.9064,41.3076],[25.2247,41.2646],[25.1794,41.3102],[25.0725,41.7916]]]},"properties":{"NUTS_ID":"BG425","LEVL_CODE":3,"CNTR_CODE":"BG","NAME_LATN":"Kardzhali","NUTS_NAME":"Кърджали","MOUNT_TYPE":1,"URBN_TYPE":3,"COAST_TYPE":null}},{"type":"Feature","geometry":{"type":"MultiPolygon","coordinates":[[[[6.78,46.8526],[7.237,46.5538],[7.2215,46.3292],[6.8211,46.4272],[6.2414,46.3436],[6.1256,46.3172],[6.064,46.4162],[6.1381,46.5577],[6.46,46.8516],[6.78,46.8526]]],[[[7.0833,46.8961],[6.8662,46.9093],[7.04,46.9799],[7.0833,46.8961]]]]},"properties":{"NUTS_ID":"CH011","LEVL_CODE":3,"CNTR_CODE":"CH","NAME_LATN":"Vaud","NUTS_NAME":"Vaud","MOUNT_TYPE":1,"URBN_TYPE":null,"COAST_TYPE":null}},{"type":"Feature","geometry":{"type":"Polygon","coordinates":[[[6.8211,46.4272],[7.2215,46.3292],[8.4104,46.653],[8.4777,46.5276],[8.3847,46.4522],[7.8771,45.927],[7.8641,45.9168],[7.0449,45.9224],[6.8211,46.4272]]]},"properties":{"NUTS_ID":"CH012","LEVL_CODE":3,"CNTR_CODE":"CH","NAME_LATN":"Valais / Wallis","NUTS_NAME":"Valais / Wallis","MOUNT_TYPE":1,"URBN_TYPE":null,"COAST_TYPE":null}},{"type":"Feature","geometry":{"type":"Polygon","coordinates":[[[6.1256,46.3172],[6.2414,46.3436],[5.9561,46.1321],[6.1256,46.3172]]]},"properties":{"NUTS_ID":"CH013","LEVL_CODE":3,"CNTR_CODE":"CH","NAME_LATN":"Genève","NUTS_NAME":"Genève","MOUNT_TYPE":1,"URBN_TYPE":null,"COAST_TYPE":null}},{"type":"Feature","geometry":{"type":"Polygon","coordinates":[[[7.2215,46.3292],[7.237,46.5538],[7.0833,46.8961],[7.04,46.9799],[6.8615,47.1656],[7.4959,47.3031],[7.8247,47.2656],[7.8387,47.2344],[8.0491,46.788],[8.449,46.7645],[8.4104,46.653],[7.2215,46.3292]]]},"properties":{"NUTS_ID":"CH021","LEVL_CODE":3,"CNTR_CODE":"CH","NAME_LATN":"Bern / Berne","NUTS_NAME":"Bern / Berne","MOUNT_TYPE":1,"URBN_TYPE":null,"COAST_TYPE":null}},{"type":"Feature","geometry":{"type":"Polygon","coordinates":[[[7.237,46.5538],[6.78,46.8526],[6.8662,46.9093],[7.0833,46.8961],[7.237,46.5538]]]},"properties":{"NUTS_ID":"CH022","LEVL_CODE":3,"CNTR_CODE":"CH","NAME_LATN":"Fribourg / Freiburg","NUTS_NAME":"Fribourg / Freiburg","MOUNT_TYPE":1,"URBN_TYPE":null,"COAST_TYPE":null}},{"type":"Feature","geometry":{"type":"Polygon","coordinates":[[[7.8247,47.2656],[7.4959,47.3031],[7.3809,47.4319],[7.6186,47.4882],[7.9569,47.4552],[7.8247,47.2656]]]},"properties":{"NUTS_ID":"CH023","LEVL_CODE":3,"CNTR_CODE":"CH","NAME_LATN":"Solothurn","NUTS_NAME":"Solothurn","MOUNT_TYPE":1,"URBN_TYPE":null,"COAST_TYPE":null}},{"type":"Feature","geometry":{"type":"Polygon","coordinates":[[[6.78,46.8526],[6.46,46.8516],[6.8589,47.1653],[6.8615,47.1656],[7.04,46.9799],[6.8662,46.9093],[6.78,46.8526]]]},"properties":{"NUTS_ID":"CH024","LEVL_CODE":3,"CNTR_CODE":"CH","NAME_LATN":"Neuchâtel","NUTS_NAME":"Neuchâtel","MOUNT_TYPE":1,"URBN_TYPE":null,"COAST_TYPE":null}},{"type":"Feature","geometry":{"type":"Polygon","coordinates":[[[7.4959,47.3031],[6.8615,47.1656],[6.8589,47.1653],[6.9392,47.4337],[7.1304,47.503],[7.3809,47.4319],[7.4959,47.3031]]]},"properties":{"NUTS_ID":"CH025","LEVL_CODE":3,"CNTR_CODE":"CH","NAME_LATN":"Jura","NUTS_NAME":"Jura","MOUNT_TYPE":1,"URBN_TYPE":null,"COAST_TYPE":null}},{"type":"Feature","geometry":{"type":"Polygon","coordinates":[[[7.589,47.5899],[7.6186,47.5582],[7.6186,47.5386],[7.589,47.5899]]]},"properties":{"NUTS_ID":"CH031","LEVL_CODE":3,"CNTR_CODE":"CH","NAME_LATN":"Basel-Stadt","NUTS_NAME":"Basel-Stadt","MOUNT_TYPE":null,"URBN_TYPE":null,"COAST_TYPE":null}},{"type":"Feature","geometry":{"type":"Polygon","coordinates":[[[7.9569,47.4552],[7.6186,47.4882],[7.6186,47.5386],[7.6186,47.5582],[7.7138,47.5394],[7.9569,47.4552]]]},"properties":{"NUTS_ID":"CH032","LEVL_CODE":3,"CNTR_CODE":"CH","NAME_LATN":"Basel-Landschaft","NUTS_NAME":"Basel-Landschaft","MOUNT_TYPE":1,"URBN_TYPE":null,"COAST_TYPE":null}},{"type":"Feature","geometry":{"type":"Polygon","coordinates":[[[7.8387,47.2344],[7.8247,47.2656],[7.9569,47.4552],[7.7138,47.5394],[7.8941,47.5864],[8.4264,47.5675],[8.4107,47.248],[8.4121,47.1407],[7.8387,47.2344]]]},"properties":{"NUTS_ID":"CH033","LEVL_CODE":3,"CNTR_CODE":"CH","NAME_LATN":"Aargau","NUTS_NAME":"Aargau","MOUNT_TYPE":1,"URBN_TYPE":null,"COAST_TYPE":null}},{"type":"Feature","geometry":{"type":"Polygon","coordinates":[[[8.4107,47.248],[8.4264,47.5675],[8.5138,47.6284],[8.6634,47.6859],[8.6705,47.6849],[8.9436,47.3758],[8.8078,47.2206],[8.6925,47.1636],[8.4107,47.248]]]},"properties":{"NUTS_ID":"CH040","LEVL_CODE":3,"CNTR_CODE":"CH","NAME_LATN":"Zürich","NUTS_NAME":"Zürich","MOUNT_TYPE":1,"URBN_TYPE":null,"COAST_TYPE":null}},{"type":"Feature","geometry":{"type":"Polygon","coordinates":[[[8.8772,46.8131],[8.9351,46.9202],[9.0046,47.1731],[9.2489,46.9163],[8.8772,46.8131]]]},"properties":{"NUTS_ID":"CH051","LEVL_CODE":3,"CNTR_CODE":"CH","NAME_LATN":"Glarus","NUTS_NAME":"Glarus","MOUNT_TYPE":1,"URBN_TYPE":null,"COAST_TYPE":null}},{"type":"Feature","geometry":{"type":"Polygon","coordinates":[[[8.6634,47.6859],[8.5138,47.6284],[8.5101,47.7762],[8.6138,47.8011],[8.6634,47.6859]]]},"properties":{"NUTS_ID":"CH052","LEVL_CODE":3,"CNTR_CODE":"CH","NAME_LATN":"Schaffhausen","NUTS_NAME":"Schaffhausen","MOUNT_TYPE":1,"URBN_TYPE":null,"COAST_TYPE":null}},{"type":"Feature","geometry":{"type":"Polygon","coordinates":[[[9.3429,47.2493],[9.213,47.3787],[9.4394,47.408],[9.503,47.3474],[9.3742,47.3721],[9.3429,47.2493]]]},"properties":{"NUTS_ID":"CH053","LEVL_CODE":3,"CNTR_CODE":"CH","NAME_LATN":"Appenzell Ausserrhoden","NUTS_NAME":"Appenzell Ausserrhoden","MOUNT_TYPE":1,"URBN_TYPE":null,"COAST_TYPE":null}},{"type":"Feature","geometry":{"type":"Polygon","coordinates":[[[9.3429,47.2493],[9.3742,47.3721],[9.503,47.3474],[9.3429,47.2493]]]},"properties":{"NUTS_ID":"CH054","LEVL_CODE":3,"CNTR_CODE":"CH","NAME_LATN":"Appenzell Innerrhoden","NUTS_NAME":"Appenzell Innerrhoden","MOUNT_TYPE":1,"URBN_TYPE":null,"COAST_TYPE":null}},{"type":"Feature","geometry":{"type":"Polygon","coordinates":[[[9.5587,47.5419],[9.5307,47.2706],[9.5122,47.0854],[9.2489,46.9163],[9.0046,47.1731],[8.8078,47.2206],[8.9436,47.3758],[9.5069,47.5497],[9.5587,47.5419]],[[9.503,47.3474],[9.4394,47.408],[9.213,47.3787],[9.3429,47.2493],[9.503,47.3474]]]},"properties":{"NUTS_ID":"CH055","LEVL_CODE":3,"CNTR_CODE":"CH","NAME_LATN":"St. Gallen","NUTS_NAME":"St. Gallen","MOUNT_TYPE":1,"URBN_TYPE":null,"COAST_TYPE":null}},{"type":"Feature","geometry":{"type":"Polygon","coordinates":[[[10.145,46.851],[10.4697,46.8549],[10.4528,46.5307],[9.2485,46.2338],[9.1594,46.1696],[8.6787,46.5792],[8.8772,46.8131],[9.2489,46.9163],[9.5122,47.0854],[9.6028,47.0619],[10.145,46.851]]]},"properties":{"NUTS_ID":"CH056","LEVL_CODE":3,"CNTR_CODE":"CH","NAME_LATN":"Graubünden / Grigioni / Grischun","NUTS_NAME":"Graubünden / Grigioni / Grischun","MOUNT_TYPE":1,"URBN_TYPE":null,"COAST_TYPE":null}},{"type":"Feature","geometry":{"type":"Polygon","coordinates":[[[8.9436,47.3758],[8.6705,47.6849],[9.1822,47.6559],[9.5069,47.5497],[8.9436,47.3758]]]},"properties":{"NUTS_ID":"CH057","LEVL_CODE":3,"CNTR_CODE":"CH","NAME_LATN":"Thurgau","NUTS_NAME":"Thurgau","MOUNT_TYPE":null,"URBN_TYPE":null,"COAST_TYPE":null}},{"type":"Feature","geometry":{"type":"Polygon","coordinates":[[[8.0491,46.788],[7.8387,47.2344],[8.4121,47.1407],[8.493,47.1002],[8.4682,46.9965],[8.2288,46.9731],[8.0491,46.788]]]},"properties":{"NUTS_ID":"CH061","LEVL_CODE":3,"CNTR_CODE":"CH","NAME_LATN":"Luzern","NUTS_NAME":"Luzern","MOUNT_TYPE":1,"URBN_TYPE":null,"COAST_TYPE":null}},{"type":"Feature","geometry":{"type":"Polygon","coordinates":[[[8.4777,46.5276],[8.4104,46.653],[8.449,46.7645],[8.472,46.8554],[8.5712,46.9902],[8.9351,46.9202],[8.8772,46.8131],[8.6787,46.5792],[8.4777,46.5276]]]},"properties":{"NUTS_ID":"CH062","LEVL_CODE":3,"CNTR_CODE":"CH","NAME_LATN":"Uri","NUTS_NAME":"Uri","MOUNT_TYPE":1,"URBN_TYPE":null,"COAST_TYPE":null}},{"type":"Feature","geometry":{"type":"Polygon","coordinates":[[[8.6925,47.1636],[8.8078,47.2206],[9.0046,47.1731],[8.9351,46.9202],[8.5712,46.9902],[8.4682,46.9965],[8.493,47.1002],[8.6925,47.1636]]]},"properties":{"NUTS_ID":"CH063","LEVL_CODE":3,"CNTR_CODE":"CH","NAME_LATN":"Schwyz","NUTS_NAME":"Schwyz","MOUNT_TYPE":1,"URBN_TYPE":null,"COAST_TYPE":null}},{"type":"Feature","geometry":{"type":"Polygon","coordinates":[[[8.449,46.7645],[8.0491,46.788],[8.2288,46.9731],[8.472,46.8554],[8.449,46.7645]]]},"properties":{"NUTS_ID":"CH064","LEVL_CODE":3,"CNTR_CODE":"CH","NAME_LATN":"Obwalden","NUTS_NAME":"Obwalden","MOUNT_TYPE":1,"URBN_TYPE":null,"COAST_TYPE":null}},{"type":"Feature","geometry":{"type":"Polygon","coordinates":[[[8.2288,46.9731],[8.4682,46.9965],[8.5712,46.9902],[8.472,46.8554],[8.2288,46.9731]]]},"properties":{"NUTS_ID":"CH065","LEVL_CODE":3,"CNTR_CODE":"CH","NAME_LATN":"Nidwalden","NUTS_NAME":"Nidwalden","MOUNT_TYPE":1,"URBN_TYPE":null,"COAST_TYPE":null}},{"type":"Feature","geometry":{"type":"Polygon","coordinates":[[[8.4121,47.1407],[8.4107,47.248],[8.6925,47.1636],[8.493,47.1002],[8.4121,47.1407]]]},"properties":{"NUTS_ID":"CH066","LEVL_CODE":3,"CNTR_CODE":"CH","NAME_LATN":"Zug","NUTS_NAME":"Zug","MOUNT_TYPE":1,"URBN_TYPE":null,"COAST_TYPE":null}},{"type":"Feature","geometry":{"type":"Polygon","coordinates":[[[8.3847,46.4522],[8.4777,46.5276],[8.6787,46.5792],[9.1594,46.1696],[8.9121,45.8304],[8.7139,46.0973],[8.3847,46.4522]]]},"properties":{"NUTS_ID":"CH070","LEVL_CODE":3,"CNTR_CODE":"CH","NAME_LATN":"Ticino","NUTS_NAME":"Ticino","MOUNT_TYPE":1,"URBN_TYPE":null,"COAST_TYPE":null}},{"type":"Feature","geometry":{"type":"Polygon","coordinates":[[[33.9433,35.4252],[33.9373,35.0247],[33.3567,34.7323],[32.6746,34.659],[32.285,34.9506],[33.0023,35.3791],[33.9433,35.4252]]]},"properties":{"NUTS_ID":"CY000","LEVL_CODE":3,"CNTR_CODE":"CY","NAME_LATN":"Kýpros","NUTS_NAME":"Κύπρος","MOUNT_TYPE":null,"URBN_TYPE":2,"COAST_TYPE":1}},{"type":"Feature","geometry":{"type":"Polygon","coordinates":[[[14.29,50.0916],[14.5847,50.2182],[14.8126,50.0941],[14.6214,49.9404],[14.29,50.0916]]]},"properties":{"NUTS_ID":"CZ010","LEVL_CODE":3,"CNTR_CODE":"CZ","NAME_LATN":"Hlavní město Praha","NUTS_NAME":"Hlavní město Praha","MOUNT_TYPE":null,"URBN_TYPE":1,"COAST_TYPE":null}},{"type":"Feature","geometry":{"type":"Polygon","coordinates":[[[15.4376,50.1099],[15.497,49.8612],[14.932,49.5491],[13.7656,49.514],[13.4071,50.0896],[14.4865,50.505],[15.1468,50.5229],[15.4376,50.1099]],[[14.29,50.0916],[14.6214,49.9404],[14.8126,50.0941],[14.5847,50.2182],[14.29,50.0916]]]},"properties":{"NUTS_ID":"CZ020","LEVL_CODE":3,"CNTR_CODE":"CZ","NAME_LATN":"Středočeský kraj","NUTS_NAME":"Středočeský kraj","MOUNT_TYPE":null,"URBN_TYPE":2,"COAST_TYPE":null}},{"type":"Feature","geometry":{"type":"Polygon","coordinates":[[[13.7656,49.514],[14.932,49.5491],[15.5868,48.9472],[15.5424,48.9077],[15.0392,48.9659],[14.691,48.5843],[13.8395,48.7716],[13.5516,48.9678],[13.7656,49.514]]]},"properties":{"NUTS_ID":"CZ031","LEVL_CODE":3,"CNTR_CODE":"CZ","NAME_LATN":"Jihočeský kraj","NUTS_NAME":"Jihočeský kraj","MOUNT_TYPE":null,"URBN_TYPE":3,"COAST_TYPE":null}},{"type":"Feature","geometry":{"type":"Polygon","coordinates":[[[13.4071,50.0896],[13.7656,49.514],[13.5516,48.9678],[13.4167,48.98],[13.1709,49.1736],[12.6338,49.4762],[12.5938,49.5422],[12.4015,49.7584],[12.551,49.9051],[13.3014,50.0996],[13.4071,50.0896]]]},"properties":{"NUTS_ID":"CZ032","LEVL_CODE":3,"CNTR_CODE":"CZ","NAME_LATN":"Plzeňský kraj","NUTS_NAME":"Plzeňský kraj","MOUNT_TYPE":null,"URBN_TYPE":3,"COAST_TYPE":null}},{"type":"Feature","geometry":{"type":"Polygon","coordinates":[[[13.3014,50.0996],[12.551,49.9051],[12.2608,50.0582],[12.1607,50.2198],[12.1009,50.318],[12.5838,50.4071],[12.9481,50.4043],[13.3014,50.0996]]]},"properties":{"NUTS_ID":"CZ041","LEVL_CODE":3,"CNTR_CODE":"CZ","NAME_LATN":"Karlovarský kraj","NUTS_NAME":"Karlovarský kraj","MOUNT_TYPE":1,"URBN_TYPE":2,"COAST_TYPE":null}},{"type":"Feature","geometry":{"type":"Polygon","coordinates":[[[14.4865,50.505],[13.4071,50.0896],[13.3014,50.0996],[12.9481,50.4043],[13.5018,50.6336],[13.6522,50.7304],[14.3179,51.0547],[14.4912,51.0435],[14.6188,50.8578],[14.4865,50.505]]]},"properties":{"NUTS_ID":"CZ042","LEVL_CODE":3,"CNTR_CODE":"CZ","NAME_LATN":"Ústecký kraj","NUTS_NAME":"Ústecký kraj","MOUNT_TYPE":null,"URBN_TYPE":2,"COAST_TYPE":null}},{"type":"Feature","geometry":{"type":"Polygon","coordinates":[[[15.1468,50.5229],[14.4865,50.505],[14.6188,50.8578],[14.8234,50.8706],[15.5353,50.7794],[15.1468,50.5229]]]},"properties":{"NUTS_ID":"CZ051","LEVL_CODE":3,"CNTR_CODE":"CZ","NAME_LATN":"Liberecký kraj","NUTS_NAME":"Liberecký kraj","MOUNT_TYPE":1,"URBN_TYPE":2,"COAST_TYPE":null}},{"type":"Feature","geometry":{"type":"Polygon","coordinates":[[[15.4376,50.1099],[15.1468,50.5229],[15.5353,50.7794],[16.1073,50.6621],[16.5803,50.1428],[15.4376,50.1099]]]},"properties":{"NUTS_ID":"CZ052","LEVL_CODE":3,"CNTR_CODE":"CZ","NAME_LATN":"Královéhradecký kraj","NUTS_NAME":"Královéhradecký kraj","MOUNT_TYPE":null,"URBN_TYPE":3,"COAST_TYPE":null}},{"type":"Feature","geometry":{"type":"Polygon","coordinates":[[[15.497,49.8612],[15.4376,50.1099],[16.5803,50.1428],[16.8633,50.1981],[16.8042,49.5988],[16.3936,49.5806],[15.497,49.8612]]]},"properties":{"NUTS_ID":"CZ053","LEVL_CODE":3,"CNTR_CODE":"CZ","NAME_LATN":"Pardubický kraj","NUTS_NAME":"Pardubický kraj","MOUNT_TYPE":null,"URBN_TYPE":2,"COAST_TYPE":null}},{"type":"Feature","geometry":{"type":"Polygon","coordinates":[[[14.932,49.5491],[15.497,49.8612],[16.3936,49.5806],[16.1318,49.0991],[15.5868,48.9472],[14.932,49.5491]]]},"properties":{"NUTS_ID":"CZ063","LEVL_CODE":3,"CNTR_CODE":"CZ","NAME_LATN":"Kraj Vysočina","NUTS_NAME":"Kraj Vysočina","MOUNT_TYPE":null,"URBN_TYPE":3,"COAST_TYPE":null}},{"type":"Feature","geometry":{"type":"Polygon","coordinates":[[[15.5424,48.9077],[15.5868,48.9472],[16.1318,49.0991],[16.3936,49.5806],[16.8042,49.5988],[17.1599,49.2751],[17.6469,48.8543],[17.3967,48.8134],[16.9403,48.6172],[15.7536,48.8522],[15.5424,48.9077]]]},"properties":{"NUTS_ID":"CZ064","LEVL_CODE":3,"CNTR_CODE":"CZ","NAME_LATN":"Jihomoravský kraj","NUTS_NAME":"Jihomoravský kraj","MOUNT_TYPE":null,"URBN_TYPE":2,"COAST_TYPE":null}},{"type":"Feature","geometry":{"type":"Polygon","coordinates":[[[16.8042,49.5988],[16.8633,50.1981],[16.9079,50.4495],[17.4296,50.2545],[17.2175,49.8968],[17.9169,49.5378],[17.1599,49.2751],[16.8042,49.5988]]]},"properties":{"NUTS_ID":"CZ071","LEVL_CODE":3,"CNTR_CODE":"CZ","NAME_LATN":"Olomoucký kraj","NUTS_NAME":"Olomoucký kraj","MOUNT_TYPE":1,"URBN_TYPE":2,"COAST_TYPE":null}},{"type":"Feature","geometry":{"type":"Polygon","coordinates":[[[17.6469,48.8543],[17.1599,49.2751],[17.9169,49.5378],[18.4036,49.3967],[18.3224,49.3151],[17.6469,48.8543]]]},"properties":{"NUTS_ID":"CZ072","LEVL_CODE":3,"CNTR_CODE":"CZ","NAME_LATN":"Zlínský kraj","NUTS_NAME":"Zlínský kraj","MOUNT_TYPE":1,"URBN_TYPE":2,"COAST_TYPE":null}},{"type":"Feature","geometry":{"type":"Polygon","coordinates":[[[17.9169,49.5378],[17.2175,49.8968],[17.4296,50.2545],[18.0351,50.0658],[18.5757,49.9104],[18.8516,49.5172],[18.4036,49.3967],[17.9169,49.5378]]]},"properties":{"NUTS_ID":"CZ080","LEVL_CODE":3,"CNTR_CODE":"CZ","NAME_LATN":"Moravskoslezský kraj","NUTS_NAME":"Moravskoslezský kraj","MOUNT_TYPE":null,"URBN_TYPE":2,"COAST_TYPE":null}},{"type":"Feature","geometry":{"type":"Polygon","coordinates":[[[9.068,48.7566],[9.2442,48.847],[9.3136,48.7745],[9.1047,48.7091],[9.068,48.7566]]]},"properties":{"NUTS_ID":"DE111","LEVL_CODE":3,"CNTR_CODE":"DE","NAME_LATN":"Stuttgart, Stadtkreis","NUTS_NAME":"Stuttgart, Stadtkreis","MOUNT_TYPE":null,"URBN_TYPE":1,"COAST_TYPE":null}},{"type":"Feature","geometry":{"type":"Polygon","coordinates":[[[9.068,48.7566],[9.1047,48.7091],[9.1512,48.6041],[9.1292,48.6013],[8.7689,48.5218],[8.8042,48.7778],[8.9288,48.8666],[9.068,48.7566]]]},"properties":{"NUTS_ID":"DE112","LEVL_CODE":3,"CNTR_CODE":"DE","NAME_LATN":"Böblingen","NUTS_NAME":"Böblingen","MOUNT_TYPE":null,"URBN_TYPE":1,"COAST_TYPE":null}},{"type":"Feature","geometry":{"type":"Polygon","coordinates":[[[9.1047,48.7091],[9.3136,48.7745],[9.5031,48.7539],[9.5825,48.5391],[9.1512,48.6041],[9.1047,48.7091]]]},"properties":{"NUTS_ID":"DE113","LEVL_CODE":3,"CNTR_CODE":"DE","NAME_LATN":"Esslingen","NUTS_NAME":"Esslingen","MOUNT_TYPE":null,"URBN_TYPE":1,"COAST_TYPE":null}},{"type":"Feature","geometry":{"type":"Polygon","coordinates":[[[9.5825,48.5391],[9.5031,48.7539],[9.6266,48.7744],[9.9878,48.7273],[9.9441,48.6318],[9.5852,48.5367],[9.5825,48.5391]]]},"properties":{"NUTS_ID":"DE114","LEVL_CODE":3,"CNTR_CODE":"DE","NAME_LATN":"Göppingen","NUTS_NAME":"Göppingen","MOUNT_TYPE":1,"URBN_TYPE":1,"COAST_TYPE":null}},{"type":"Feature","geometry":{"type":"Polygon","coordinates":[[[9.2442,48.847],[9.068,48.7566],[8.9288,48.8666],[8.876,49.0352],[9.3994,49.0382],[9.2442,48.847]]]},"properties":{"NUTS_ID":"DE115","LEVL_CODE":3,"CNTR_CODE":"DE","NAME_LATN":"Ludwigsburg","NUTS_NAME":"Ludwigsburg","MOUNT_TYPE":null,"URBN_TYPE":1,"COAST_TYPE":null}},{"type":"Feature","geometry":{"type":"Polygon","coordinates":[[[9.3136,48.7745],[9.2442,48.847],[9.3994,49.0382],[9.5009,49.079],[9.6933,48.964],[9.6266,48.7744],[9.5031,48.7539],[9.3136,48.7745]]]},"properties":{"NUTS_ID":"DE116","LEVL_CODE":3,"CNTR_CODE":"DE","NAME_LATN":"Rems-Murr-Kreis","NUTS_NAME":"Rems-Murr-Kreis","MOUNT_TYPE":null,"URBN_TYPE":1,"COAST_TYPE":null}},{"type":"Feature","geometry":{"type":"Polygon","coordinates":[[[8.9851,49.2167],[9.1929,49.1993],[9.1738,49.0917],[8.9851,49.2167]]]},"properties":{"NUTS_ID":"DE117","LEVL_CODE":3,"CNTR_CODE":"DE","NAME_LATN":"Heilbronn, Stadtkreis","NUTS_NAME":"Heilbronn, Stadtkreis","MOUNT_TYPE":null,"URBN_TYPE":2,"COAST_TYPE":null}},{"type":"Feature","geometry":{"type":"Polygon","coordinates":[[[9.3994,49.0382],[8.876,49.0352],[8.8778,49.0585],[8.8182,49.1945],[9.0491,49.2929],[9.4435,49.3643],[9.5275,49.1086],[9.5009,49.079],[9.3994,49.0382]],[[8.9851,49.2167],[9.1738,49.0917],[9.1929,49.1993],[8.9851,49.2167]]]},"properties":{"NUTS_ID":"DE118","LEVL_CODE":3,"CNTR_CODE":"DE","NAME_LATN":"Heilbronn, Landkreis","NUTS_NAME":"Heilbronn, Landkreis","MOUNT_TYPE":null,"URBN_TYPE":2,"COAST_TYPE":null}},{"type":"Feature","geometry":{"type":"Polygon","coordinates":[[[9.5275,49.1086],[9.4435,49.3643],[9.6038,49.4266],[9.8556,49.3684],[9.5275,49.1086]]]},"properties":{"NUTS_ID":"DE119","LEVL_CODE":3,"CNTR_CODE":"DE","NAME_LATN":"Hohenlohekreis","NUTS_NAME":"Hohenlohekreis","MOUNT_TYPE":null,"URBN_TYPE":3,"COAST_TYPE":null}},{"type":"Feature","geometry":{"type":"Polygon","coordinates":[[[9.6933,48.964],[9.5009,49.079],[9.5275,49.1086],[9.8556,49.3684],[10.112,49.3849],[10.2568,49.0595],[9.6933,48.964]]]},"properties":{"NUTS_ID":"DE11A","LEVL_CODE":3,"CNTR_CODE":"DE","NAME_LATN":"Schwäbisch Hall","NUTS_NAME":"Schwäbisch Hall","MOUNT_TYPE":null,"URBN_TYPE":3,"COAST_TYPE":null}},{"type":"Feature","geometry":{"type":"Polygon","coordinates":[[[9.8556,49.3684],[9.6038,49.4266],[9.411,49.6635],[9.4715,49.7797],[9.6487,49.7915],[10.0837,49.5436],[10.1183,49.4732],[10.112,49.3849],[9.8556,49.3684]]]},"properties":{"NUTS_ID":"DE11B","LEVL_CODE":3,"CNTR_CODE":"DE","NAME_LATN":"Main-Tauber-Kreis","NUTS_NAME":"Main-Tauber-Kreis","MOUNT_TYPE":null,"URBN_TYPE":3,"COAST_TYPE":null}},{"type":"Feature","geometry":{"type":"Polygon","coordinates":[[[9.9441,48.6318],[9.9878,48.7273],[10.4237,48.7442],[10.4873,48.6967],[10.2782,48.5161],[10.2308,48.5105],[9.9441,48.6318]]]},"properties":{"NUTS_ID":"DE11C","LEVL_CODE":3,"CNTR_CODE":"DE","NAME_LATN":"Heidenheim","NUTS_NAME":"Heidenheim","MOUNT_TYPE":null,"URBN_TYPE":2,"COAST_TYPE":null}},{"type":"Feature","geometry":{"type":"Polygon","coordinates":[[[9.9878,48.7273],[9.6266,48.7744],[9.6933,48.964],[10.2568,49.0595],[10.4098,48.9774],[10.4237,48.7442],[9.9878,48.7273]]]},"properties":{"NUTS_ID":"DE11D","LEVL_CODE":3,"CNTR_CODE":"DE","NAME_LATN":"Ostalbkreis","NUTS_NAME":"Ostalbkreis","MOUNT_TYPE":null,"URBN_TYPE":2,"COAST_TYPE":null}},{"type":"Feature","geometry":{"type":"Polygon","coordinates":[[[8.0093,48.7333],[8.1522,48.8684],[8.2119,48.6715],[8.0093,48.7333]]]},"properties":{"NUTS_ID":"DE121","LEVL_CODE":3,"CNTR_CODE":"DE","NAME_LATN":"Baden-Baden, Stadtkreis","NUTS_NAME":"Baden-Baden, Stadtkreis","MOUNT_TYPE":1,"URBN_TYPE":1,"COAST_TYPE":null}},{"type":"Feature","geometry":{"type":"Polygon","coordinates":[[[8.34,49.0801],[8.3376,49.0186],[8.2773,48.9899],[8.34,49.0801]]]},"properties":{"NUTS_ID":"DE122","LEVL_CODE":3,"CNTR_CODE":"DE","NAME_LATN":"Karlsruhe, Stadtkreis","NUTS_NAME":"Karlsruhe, Stadtkreis","MOUNT_TYPE":null,"URBN_TYPE":1,"COAST_TYPE":null}},{"type":"Feature","geometry":{"type":"Polygon","coordinates":[[[8.8182,49.1945],[8.8778,49.0585],[8.4936,48.8202],[8.4166,48.8354],[8.2613,48.9809],[8.2773,48.9899],[8.3376,49.0186],[8.34,49.0801],[8.4131,49.2498],[8.467,49.283],[8.4873,49.29],[8.8182,49.1945]]]},"properties":{"NUTS_ID":"DE123","LEVL_CODE":3,"CNTR_CODE":"DE","NAME_LATN":"Karlsruhe, Landkreis","NUTS_NAME":"Karlsruhe, Landkreis","MOUNT_TYPE":null,"URBN_TYPE":1,"COAST_TYPE":null}},{"type":"Feature","geometry":{"type":"Polygon","coordinates":[[[8.2613,48.9809],[8.4166,48.8354],[8.4093,48.6395],[8.222,48.6032],[7.9596,48.7186],[8.2326,48.9666],[8.2613,48.9809]],[[8.0093,48.7333],[8.2119,48.6715],[8.1522,48.8684],[8.0093,48.7333]]]},"properties":{"NUTS_ID":"DE124","LEVL_CODE":3,"CNTR_CODE":"DE","NAME_LATN":"Rastatt","NUTS_NAME":"Rastatt","MOUNT_TYPE":null,"URBN_TYPE":1,"COAST_TYPE":null}},{"type":"Feature","geometry":{"type":"Polygon","coordinates":[[[8.5131,49.4241],[8.7554,49.4618],[8.631,49.3412],[8.5131,49.4241]]]},"properties":{"NUTS_ID":"DE125","LEVL_CODE":3,"CNTR_CODE":"DE","NAME_LATN":"Heidelberg, Stadtkreis","NUTS_NAME":"Heidelberg, Stadtkreis","MOUNT_TYPE":1,"URBN_TYPE":1,"COAST_TYPE":null}},{"type":"Feature","geometry":{"type":"Polygon","coordinates":[[[8.4224,49.5834],[8.5814,49.5198],[8.4973,49.4113],[8.4725,49.4435],[8.4231,49.5418],[8.4227,49.5742],[8.4224,49.5834]]]},"properties":{"NUTS_ID":"DE126","LEVL_CODE":3,"CNTR_CODE":"DE","NAME_LATN":"Mannheim, Stadtkreis","NUTS_NAME":"Mannheim, Stadtkreis","MOUNT_TYPE":null,"URBN_TYPE":1,"COAST_TYPE":null}},{"type":"Feature","geometry":{"type":"Polygon","coordinates":[[[9.4435,49.3643],[9.0491,49.2929],[9.0839,49.5263],[9.103,49.5775],[9.411,49.6635],[9.6038,49.4266],[9.4435,49.3643]]]},"properties":{"NUTS_ID":"DE127","LEVL_CODE":3,"CNTR_CODE":"DE","NAME_LATN":"Neckar-Odenwald-Kreis","NUTS_NAME":"Neckar-Odenwald-Kreis","MOUNT_TYPE":null,"URBN_TYPE":3,"COAST_TYPE":null}},{"type":"Feature","geometry":{"type":"Polygon","coordinates":[[[9.0491,49.2929],[8.8182,49.1945],[8.4873,49.29],[8.4627,49.3119],[8.4973,49.4113],[8.5814,49.5198],[8.8996,49.5037],[9.0839,49.5263],[9.0491,49.2929]],[[8.5131,49.4241],[8.631,49.3412],[8.7554,49.4618],[8.5131,49.4241]]]},"properties":{"NUTS_ID":"DE128","LEVL_CODE":3,"CNTR_CODE":"DE","NAME_LATN":"Rhein-Neckar-Kreis","NUTS_NAME":"Rhein-Neckar-Kreis","MOUNT_TYPE":null,"URBN_TYPE":1,"COAST_TYPE":null}},{"type":"Feature","geometry":{"type":"Polygon","coordinates":[[[8.574,48.8424],[8.6961,48.9435],[8.8336,48.8658],[8.7189,48.8056],[8.574,48.8424]]]},"properties":{"NUTS_ID":"DE129","LEVL_CODE":3,"CNTR_CODE":"DE","NAME_LATN":"Pforzheim, Stadtkreis","NUTS_NAME":"Pforzheim, Stadtkreis","MOUNT_TYPE":1,"URBN_TYPE":1,"COAST_TYPE":null}},{"type":"Feature","geometry":{"type":"Polygon","coordinates":[[[8.8042,48.7778],[8.7689,48.5218],[8.7557,48.5041],[8.4093,48.6395],[8.4166,48.8354],[8.4936,48.8202],[8.8042,48.7778]]]},"properties":{"NUTS_ID":"DE12A","LEVL_CODE":3,"CNTR_CODE":"DE","NAME_LATN":"Calw","NUTS_NAME":"Calw","MOUNT_TYPE":1,"URBN_TYPE":2,"COAST_TYPE":null}},{"type":"Feature","geometry":{"type":"Polygon","coordinates":[[[8.9288,48.8666],[8.8042,48.7778],[8.4936,48.8202],[8.8778,49.0585],[8.876,49.0352],[8.9288,48.8666]],[[8.574,48.8424],[8.7189,48.8056],[8.8336,48.8658],[8.6961,48.9435],[8.574,48.8424]]]},"properties":{"NUTS_ID":"DE12B","LEVL_CODE":3,"CNTR_CODE":"DE","NAME_LATN":"Enzkreis","NUTS_NAME":"Enzkreis","MOUNT_TYPE":null,"URBN_TYPE":1,"COAST_TYPE":null}},{"type":"Feature","geometry":{"type":"Polygon","coordinates":[[[8.222,48.6032],[8.4093,48.6395],[8.7557,48.5041],[8.7741,48.4163],[8.7372,48.378],[8.304,48.3491],[8.222,48.6032]]]},"properties":{"NUTS_ID":"DE12C","LEVL_CODE":3,"CNTR_CODE":"DE","NAME_LATN":"Freudenstadt","NUTS_NAME":"Freudenstadt","MOUNT_TYPE":1,"URBN_TYPE":3,"COAST_TYPE":null}},{"type":"Feature","geometry":{"type":"Polygon","coordinates":[[[7.8602,48.0307],[7.9018,48.027],[7.8853,48.007],[7.8602,48.0307]]]},"properties":{"NUTS_ID":"DE131","LEVL_CODE":3,"CNTR_CODE":"DE","NAME_LATN":"Freiburg im Breisgau, Stadtkreis","NUTS_NAME":"Freiburg im Breisgau, Stadtkreis","MOUNT_TYPE":null,"URBN_TYPE":2,"COAST_TYPE":null}},{"type":"Feature","geometry":{"type":"Polygon","coordinates":[[[7.5773,48.1157],[8.136,48.0093],[8.439,47.8536],[8.018,47.8411],[7.546,47.7436],[7.5773,48.1157]],[[7.8602,48.0307],[7.8853,48.007],[7.9018,48.027],[7.8602,48.0307]]]},"properties":{"NUTS_ID":"DE132","LEVL_CODE":3,"CNTR_CODE":"DE","NAME_LATN":"Breisgau-Hochschwarzwald","NUTS_NAME":"Breisgau-Hochschwarzwald","MOUNT_TYPE":1,"URBN_TYPE":2,"COAST_TYPE":null}},{"type":"Feature","geometry":{"type":"Polygon","coordinates":[[[8.136,48.0093],[7.5773,48.1157],[7.577,48.1191],[7.6807,48.2573],[8.1803,48.1839],[8.136,48.0093]]]},"properties":{"NUTS_ID":"DE133","LEVL_CODE":3,"CNTR_CODE":"DE","NAME_LATN":"Emmendingen","NUTS_NAME":"Emmendingen","MOUNT_TYPE":1,"URBN_TYPE":2,"COAST_TYPE":null}},{"type":"Feature","geometry":{"type":"Polygon","coordinates":[[[7.9596,48.7186],[8.222,48.6032],[8.304,48.3491],[8.2827,48.1717],[8.1803,48.1839],[7.6807,48.2573],[7.9596,48.7186]]]},"properties":{"NUTS_ID":"DE134","LEVL_CODE":3,"CNTR_CODE":"DE","NAME_LATN":"Ortenaukreis","NUTS_NAME":"Ortenaukreis","MOUNT_TYPE":1,"URBN_TYPE":2,"COAST_TYPE":null}},{"type":"Feature","geometry":{"type":"Polygon","coordinates":[[[8.304,48.3491],[8.7372,48.378],[8.7512,48.1595],[8.6043,48.0747],[8.2827,48.1717],[8.304,48.3491]]]},"properties":{"NUTS_ID":"DE135","LEVL_CODE":3,"CNTR_CODE":"DE","NAME_LATN":"Rottweil","NUTS_NAME":"Rottweil","MOUNT_TYPE":null,"URBN_TYPE":2,"COAST_TYPE":null}},{"type":"Feature","geometry":{"type":"Polygon","coordinates":[[[8.6138,47.8011],[8.5101,47.7762],[8.439,47.8536],[8.136,48.0093],[8.1803,48.1839],[8.2827,48.1717],[8.6043,48.0747],[8.6401,47.8548],[8.6138,47.8011]]]},"properties":{"NUTS_ID":"DE136","LEVL_CODE":3,"CNTR_CODE":"DE","NAME_LATN":"Schwarzwald-Baar-Kreis","NUTS_NAME":"Schwarzwald-Baar-Kreis","MOUNT_TYPE":null,"URBN_TYPE":2,"COAST_TYPE":null}},{"type":"Feature","geometry":{"type":"Polygon","coordinates":[[[8.6043,48.0747],[8.7512,48.1595],[8.9556,48.1038],[9.012,47.9369],[8.6401,47.8548],[8.6043,48.0747]]]},"properties":{"NUTS_ID":"DE137","LEVL_CODE":3,"CNTR_CODE":"DE","NAME_LATN":"Tuttlingen","NUTS_NAME":"Tuttlingen","MOUNT_TYPE":1,"URBN_TYPE":2,"COAST_TYPE":null}},{"type":"Feature","geometry":{"type":"Polygon","coordinates":[[[8.6705,47.6849],[8.6634,47.6859],[8.6138,47.8011],[8.6401,47.8548],[9.012,47.9369],[9.1286,47.8468],[9.1822,47.6559],[8.6705,47.6849]]]},"properties":{"NUTS_ID":"DE138","LEVL_CODE":3,"CNTR_CODE":"DE","NAME_LATN":"Konstanz","NUTS_NAME":"Konstanz","MOUNT_TYPE":null,"URBN_TYPE":2,"COAST_TYPE":null}},{"type":"Feature","geometry":{"type":"Polygon","coordinates":[[[7.6186,47.5582],[7.589,47.5899],[7.546,47.7436],[8.018,47.8411],[7.8941,47.5864],[7.7138,47.5394],[7.6186,47.5582]]]},"properties":{"NUTS_ID":"DE139","LEVL_CODE":3,"CNTR_CODE":"DE","NAME_LATN":"Lörrach","NUTS_NAME":"Lörrach","MOUNT_TYPE":1,"URBN_TYPE":2,"COAST_TYPE":null}},{"type":"Feature","geometry":{"type":"Polygon","coordinates":[[[8.4264,47.5675],[7.8941,47.5864],[8.018,47.8411],[8.439,47.8536],[8.5101,47.7762],[8.5138,47.6284],[8.4264,47.5675]]]},"properties":{"NUTS_ID":"DE13A","LEVL_CODE":3,"CNTR_CODE":"DE","NAME_LATN":"Waldshut","NUTS_NAME":"Waldshut","MOUNT_TYPE":1,"URBN_TYPE":2,"COAST_TYPE":null}},{"type":"Feature","geometry":{"type":"Polygon","coordinates":[[[9.1292,48.6013],[9.1512,48.6041],[9.5825,48.5391],[9.5852,48.5367],[9.4901,48.2327],[9.3476,48.2395],[9.187,48.2808],[9.1295,48.3729],[9.1292,48.6013]]]},"properties":{"NUTS_ID":"DE141","LEVL_CODE":3,"CNTR_CODE":"DE","NAME_LATN":"Reutlingen","NUTS_NAME":"Reutlingen","MOUNT_TYPE":1,"URBN_TYPE":2,"COAST_TYPE":null}},{"type":"Feature","geometry":{"type":"Polygon","coordinates":[[[8.7689,48.5218],[9.1292,48.6013],[9.1295,48.3729],[8.7741,48.4163],[8.7557,48.5041],[8.7689,48.5218]]]},"properties":{"NUTS_ID":"DE142","LEVL_CODE":3,"CNTR_CODE":"DE","NAME_LATN":"Tübingen, Landkreis","NUTS_NAME":"Tübingen, Landkreis","MOUNT_TYPE":null,"URBN_TYPE":1,"COAST_TYPE":null}},{"type":"Feature","geometry":{"type":"Polygon","coordinates":[[[8.7372,48.378],[8.7741,48.4163],[9.1295,48.3729],[9.187,48.2808],[8.9556,48.1038],[8.7512,48.1595],[8.7372,48.378]]]},"properties":{"NUTS_ID":"DE143","LEVL_CODE":3,"CNTR_CODE":"DE","NAME_LATN":"Zollernalbkreis","NUTS_NAME":"Zollernalbkreis","MOUNT_TYPE":1,"URBN_TYPE":2,"COAST_TYPE":null}},{"type":"Feature","geometry":{"type":"Polygon","coordinates":[[[9.9976,48.3501],[9.9404,48.4019],[10.0327,48.4572],[9.9976,48.3501]]]},"properties":{"NUTS_ID":"DE144","LEVL_CODE":3,"CNTR_CODE":"DE","NAME_LATN":"Ulm, Stadtkreis","NUTS_NAME":"Ulm, Stadtkreis","MOUNT_TYPE":null,"URBN_TYPE":2,"COAST_TYPE":null}},{"type":"Feature","geometry":{"type":"Polygon","coordinates":[[[9.5852,48.5367],[9.9441,48.6318],[10.2308,48.5105],[10.1339,48.4549],[10.0327,48.4572],[9.9404,48.4019],[9.9976,48.3501],[10.0954,48.164],[9.4901,48.2327],[9.5852,48.5367]]]},"properties":{"NUTS_ID":"DE145","LEVL_CODE":3,"CNTR_CODE":"DE","NAME_LATN":"Alb-Donau-Kreis","NUTS_NAME":"Alb-Donau-Kreis","MOUNT_TYPE":null,"URBN_TYPE":2,"COAST_TYPE":null}},{"type":"Feature","geometry":{"type":"Polygon","coordinates":[[[9.3476,48.2395],[9.4901,48.2327],[10.0954,48.164],[10.1365,48.1085],[10.1149,47.9763],[10.1053,47.9746],[9.6049,48.0023],[9.3476,48.2395]]]},"properties":{"NUTS_ID":"DE146","LEVL_CODE":3,"CNTR_CODE":"DE","NAME_LATN":"Biberach","NUTS_NAME":"Biberach","MOUNT_TYPE":null,"URBN_TYPE":3,"COAST_TYPE":null}},{"type":"Feature","geometry":{"type":"Polygon","coordinates":[[[9.5587,47.5419],[9.5069,47.5497],[9.1822,47.6559],[9.1286,47.8468],[9.4094,47.8216],[9.6922,47.6104],[9.5587,47.5419]]]},"properties":{"NUTS_ID":"DE147","LEVL_CODE":3,"CNTR_CODE":"DE","NAME_LATN":"Bodenseekreis","NUTS_NAME":"Bodenseekreis","MOUNT_TYPE":null,"URBN_TYPE":2,"COAST_TYPE":null}},{"type":"Feature","geometry":{"type":"Polygon","coordinates":[[[9.6049,48.0023],[10.1053,47.9746],[10.1101,47.9371],[10.1319,47.8201],[10.0773,47.6393],[9.6922,47.6104],[9.4094,47.8216],[9.6049,48.0023]]]},"properties":{"NUTS_ID":"DE148","LEVL_CODE":3,"CNTR_CODE":"DE","NAME_LATN":"Ravensburg","NUTS_NAME":"Ravensburg","MOUNT_TYPE":null,"URBN_TYPE":2,"COAST_TYPE":null}},{"type":"Feature","geometry":{"type":"Polygon","coordinates":[[[9.012,47.9369],[8.9556,48.1038],[9.187,48.2808],[9.3476,48.2395],[9.6049,48.0023],[9.4094,47.8216],[9.1286,47.8468],[9.012,47.9369]]]},"properties":{"NUTS_ID":"DE149","LEVL_CODE":3,"CNTR_CODE":"DE","NAME_LATN":"Sigmaringen","NUTS_NAME":"Sigmaringen","MOUNT_TYPE":null,"URBN_TYPE":3,"COAST_TYPE":null}},{"type":"Feature","geometry":{"type":"Polygon","coordinates":[[[11.4331,48.6994],[11.2559,48.7794],[11.4893,48.745],[11.4331,48.6994]]]},"properties":{"NUTS_ID":"DE211","LEVL_CODE":3,"CNTR_CODE":"DE","NAME_LATN":"Ingolstadt, Kreisfreie Stadt","NUTS_NAME":"Ingolstadt, Kreisfreie Stadt","MOUNT_TYPE":null,"URBN_TYPE":2,"COAST_TYPE":null}},{"type":"Feature","geometry":{"type":"Polygon","coordinates":[[[11.4129,48.1038],[11.4029,48.2031],[11.4998,48.2481],[11.4129,48.1038]]]},"properties":{"NUTS_ID":"DE212","LEVL_CODE":3,"CNTR_CODE":"DE","NAME_LATN":"München, Kreisfreie Stadt","NUTS_NAME":"München, Kreisfreie Stadt","MOUNT_TYPE":null,"URBN_TYPE":1,"COAST_TYPE":null}},{"type":"Feature","geometry":{"type":"Polygon","coordinates":[[[20.2208,41.8694],[20.5629,41.8461],[20.5578,41.5819],[20.5017,41.3172],[20.2362,41.3485],[19.9084,41.5119],[19.8322,41.5682],[20.2208,41.8694]]]},"properties":{"NUTS_ID":"AL011","LEVL_CODE":3,"CNTR_CODE":"AL","NAME_LATN":"Dibër","NUTS_NAME":"Dibër","MOUNT_TYPE":null,"URBN_TYPE":null,"COAST_TYPE":null}},{"type":"Feature","geometry":{"type":"Polygon","coordinates":[[[19.8322,41.5682],[19.9084,41.5119],[19.5178,41.2687],[19.5573,41.5777],[19.8322,41.5682]]]},"properties":{"NUTS_ID":"AL012","LEVL_CODE":3,"CNTR_CODE":"AL","NAME_LATN":"Durrës","NUTS_NAME":"Durrës","MOUNT_TYPE":null,"URBN_TYPE":null,"COAST_TYPE":null}},{"type":"Feature","geometry":{"type":"Polygon","coordinates":[[[20.5629,41.8461],[20.2208,41.8694],[20.2122,42.0249],[19.8309,42.4664],[20.0763,42.5558],[20.4802,42.2513],[20.5943,41.8773],[20.5629,41.8461]]]},"properties":{"NUTS_ID":"AL013","LEVL_CODE":3,"CNTR_CODE":"AL","NAME_LATN":"Kukës","NUTS_NAME":"Kukës","MOUNT_TYPE":null,"URBN_TYPE":null,"COAST_TYPE":null}},{"type":"Feature","geometry":{"type":"Polygon","coordinates":[[[20.2208,41.8694],[19.8322,41.5682],[19.5573,41.5777],[19.5201,41.8403],[20.2122,42.0249],[20.2208,41.8694]]]},"properties":{"NUTS_ID":"AL014","LEVL_CODE":3,"CNTR_CODE":"AL","NAME_LATN":"Lezhë","NUTS_NAME":"Lezhë","MOUNT_TYPE":null,"URBN_TYPE":null,"COAST_TYPE":null}},{"type":"Feature","geometry":{"type":"Polygon","coordinates":[[[19.8309,42.4664],[20.2122,42.0249],[19.5201,41.8403],[19.3866,41.8505],[19.3866,42.3065],[19.8309,42.4664]]]},"properties":{"NUTS_ID":"AL015","LEVL_CODE":3,"CNTR_CODE":"AL","NAME_LATN":"Shkodër","NUTS_NAME":"Shkodër","MOUNT_TYPE":null,"URBN_TYPE":null,"COAST_TYPE":null}},{"type":"Feature","geometry":{"type":"Polygon","coordinates":[[[20.2362,41.3485],[20.5017,41.3172],[20.5977,41.092],[20.2965,40.7268],[19.8598,40.8512],[19.6774,41.055],[20.2362,41.3485]]]},"properties":{"NUTS_ID":"AL021","LEVL_CODE":3,"CNTR_CODE":"AL","NAME_LATN":"Elbasan","NUTS_NAME":"Elbasan","MOUNT_TYPE":null,"URBN_TYPE":null,"COAST_TYPE":null}},{"type":"Feature","geometry":{"type":"Polygon","coordinates":[[[19.9084,41.5119],[20.2362,41.3485],[19.6774,41.055],[19.4425,41.0005],[19.5178,41.2687],[19.9084,41.5119]]]},"properties":{"NUTS_ID":"AL022","LEVL_CODE":3,"CNTR_CODE":"AL","NAME_LATN":"Tiranë","NUTS_NAME":"Tiranë","MOUNT_TYPE":null,"URBN_TYPE":null,"COAST_TYPE":null}},{"type":"Feature","geometry":{"type":"Polygon","coordinates":[[[19.8598,40.8512],[20.2965,40.7268],[20.4389,40.4368],[19.9136,40.5224],[19.8598,40.8512]]]},"properties":{"NUTS_ID":"AL031","LEVL_CODE":3,"CNTR_CODE":"AL","NAME_LATN":"Berat","NUTS_NAME":"Berat","MOUNT_TYPE":null,"URBN_TYPE":null,"COAST_TYPE":null}},{"type":"Feature","geometry":{"type":"Polygon","coordinates":[[[19.6774,41.055],[19.8598,40.8512],[19.9136,40.5224],[19.7817,40.4213],[19.3866,40.6562],[19.4425,41.0005],[19.6774,41.055]]]},"properties":{"NUTS_ID":"AL032","LEVL_CODE":3,"CNTR_CODE":"AL","NAME_LATN":"Fier","NUTS_NAME":"Fier","MOUNT_TYPE":null,"URBN_TYPE":null,"COAST_TYPE":null}},{"type":"Feature","geometry":{"type":"Polygon","coordinates":[[[19.9136,40.5224],[20.4389,40.4368],[20.6129,40.0797],[20.3913,39.7885],[20.3023,39.8127],[19.7817,40.4213],[19.9136,40.5224]]]},"properties":{"NUTS_ID":"AL033","LEVL_CODE":3,"CNTR_CODE":"AL","NAME_LATN":"Gjirokastër","NUTS_NAME":"Gjirokastër","MOUNT_TYPE":null,"URBN_TYPE":null,"COAST_TYPE":null}},{"type":"Feature","geometry":{"type":"Polygon","coordinates":[[[20.2965,40.7268],[20.5977,41.092],[20.8378,40.9277],[20.9802,40.8557],[21.0561,40.6167],[20.7785,40.3487],[20.6129,40.0797],[20.4389,40.4368],[20.2965,40.7268]]]},"properties":{"NUTS_ID":"AL034","LEVL_CODE":3,"CNTR_CODE":"AL","NAME_LATN":"Korcë","NUTS_NAME":"Korcë","MOUNT_TYPE":null,"URBN_TYPE":null,"COAST_TYPE":null}},{"type":"Feature","geometry":{"type":"Polygon","coordinates":[[[19.3866,40.6562],[19.7817,40.4213],[20.3023,39.8127],[20.0088,39.6913],[19.8834,39.9789],[19.4248,40.2981],[19.3866,40.6562]]]},"properties":{"NUTS_ID":"AL035","LEVL_CODE":3,"CNTR_CODE":"AL","NAME_LATN":"Vlorë","NUTS_NAME":"Vlorë","MOUNT_TYPE":null,"URBN_TYPE":null,"COAST_TYPE":null}},{"type":"Feature","geometry":{"type":"Polygon","coordinates":[[[16.3726,47.6422],[16.4215,47.6653],[16.6462,47.4466],[16.4338,47.3529],[16.2798,47.4548],[16.3726,47.6422]]]},"properties":{"NUTS_ID":"AT111","LEVL_CODE":3,"CNTR_CODE":"AT","NAME_LATN":"Mittelburgenland","NUTS_NAME":"Mittelburgenland","MOUNT_TYPE":null,"URBN_TYPE":3,"COAST_TYPE":null}},{"type":"Feature","geometry":{"type":"Polygon","coordinates":[[[16.4215,47.6653],[16.3726,47.6422],[16.3912,47.8821],[17.0667,48.1187],[17.1608,48.0067],[16.4215,47.6653]]]},"properties":{"NUTS_ID":"AT112","LEVL_CODE":3,"CNTR_CODE":"AT","NAME_LATN":"Nordburgenland","NUTS_NAME":"Nordburgenland","MOUNT_TYPE":null,"URBN_TYPE":3,"COAST_TYPE":null}},{"type":"Feature","geometry":{"type":"Polygon","coordinates":[[[16.2798,47.4548],[16.4338,47.3529],[16.1138,46.8691],[15.9962,46.8354],[16.1711,47.4213],[16.2798,47.4548]]]},"properties":{"NUTS_ID":"AT113","LEVL_CODE":3,"CNTR_CODE":"AT","NAME_LATN":"Südburgenland","NUTS_NAME":"Südburgenland","MOUNT_TYPE":null,"URBN_TYPE":3,"COAST_TYPE":null}},{"type":"Feature","geometry":{"type":"Polygon","coordinates":[[[14.7385,47.7474],[14.482,48.1055],[14.5208,48.2374],[14.9603,48.3765],[15.5098,48.32],[15.3389,47.8899],[15.218,47.7941],[15.0881,47.7408],[14.7385,47.7474]]]},"properties":{"NUTS_ID":"AT121","LEVL_CODE":3,"CNTR_CODE":"AT","NAME_LATN":"Mostviertel-Eisenwurzen","NUTS_NAME":"Mostviertel-Eisenwurzen","MOUNT_TYPE":1,"URBN_TYPE":3,"COAST_TYPE":null}},{"type":"Feature","geometry":{"type":"Polygon","coordinates":[[[16.3726,47.6422],[16.2798,47.4548],[16.1711,47.4213],[15.8479,47.5685],[15.218,47.7941],[15.3389,47.8899],[15.9166,48.0869],[16.3912,47.8821],[16.3726,47.6422]]]},"properties":{"NUTS_ID":"AT122","LEVL_CODE":3,"CNTR_CODE":"AT","NAME_LATN":"Niederösterreich-Süd","NUTS_NAME":"Niederösterreich-Süd","MOUNT_TYPE":1,"URBN_TYPE":2,"COAST_TYPE":null}},{"type":"Feature","geometry":{"type":"Polygon","coordinates":[[[15.3389,47.8899],[15.5098,48.32],[15.7318,48.3837],[15.9929,48.1461],[15.9166,48.0869],[15.3389,47.8899]]]},"properties":{"NUTS_ID":"AT123","LEVL_CODE":3,"CNTR_CODE":"AT","NAME_LATN":"Sankt Pölten","NUTS_NAME":"Sankt Pölten","MOUNT_TYPE":1,"URBN_TYPE":3,"COAST_TYPE":null}},{"type":"Feature","geometry":{"type":"Polygon","coordinates":[[[14.691,48.5843],[15.0392,48.9659],[15.5424,48.9077],[15.7536,48.8522],[15.7834,48.4853],[15.7318,48.3837],[15.5098,48.32],[14.9603,48.3765],[14.691,48.5843]]]},"properties":{"NUTS_ID":"AT124","LEVL_CODE":3,"CNTR_CODE":"AT","NAME_LATN":"Waldviertel","NUTS_NAME":"Waldviertel","MOUNT_TYPE":null,"URBN_TYPE":3,"COAST_TYPE":null}},{"type":"Feature","geometry":{"type":"Polygon","coordinates":[[[15.7536,48.8522],[16.9403,48.6172],[16.9498,48.5358],[16.851,48.4386],[15.7834,48.4853],[15.7536,48.8522]]]},"properties":{"NUTS_ID":"AT125","LEVL_CODE":3,"CNTR_CODE":"AT","NAME_LATN":"Weinviertel","NUTS_NAME":"Weinviertel","MOUNT_TYPE":null,"URBN_TYPE":3,"COAST_TYPE":null}},{"type":"Feature","geometry":{"type":"Polygon","coordinates":[[[15.9929,48.1461],[15.7318,48.3837],[15.7834,48.4853],[16.851,48.4386],[16.9762,48.1722],[16.578,48.1433],[16.424,48.3052],[16.1844,48.1716],[15.9929,48.1461]]]},"properties":{"NUTS_ID":"AT126","LEVL_CODE":3,"CNTR_CODE":"AT","NAME_LATN":"Wiener Umland/Nordteil","NUTS_NAME":"Wiener Umland/Nordteil","MOUNT_TYPE":null,"URBN_TYPE":2,"COAST_TYPE":null}},{"type":"Feature","geometry":{"type":"Polygon","coordinates":[[[17.0667,48.1187],[16.3912,47.8821],[15.9166,48.0869],[15.9929,48.1461],[16.1844,48.1716],[16.578,48.1433],[16.9762,48.1722],[17.0667,48.1187]]]},"properties":{"NUTS_ID":"AT127","LEVL_CODE":3,"CNTR_CODE":"AT","NAME_LATN":"Wiener Umland/Südteil","NUTS_NAME":"Wiener Umland/Südteil","MOUNT_TYPE":null,"URBN_TYPE":2,"COAST_TYPE":null}},{"type":"Feature","geometry":{"type":"Polygon","coordinates":[[[16.1844,48.1716],[16.424,48.3052],[16.578,48.1433],[16.1844,48.1716]]]},"properties":{"NUTS_ID":"AT130","LEVL_CODE":3,"CNTR_CODE":"AT","NAME_LATN":"Wien","NUTS_NAME":"Wien","MOUNT_TYPE":null,"URBN_TYPE":1,"COAST_TYPE":null}},{"type":"Feature","geometry":{"type":"Polygon","coordinates":[[[13.5042,46.5663],[14.2342,46.7004],[14.4345,46.4429],[13.7142,46.5227],[13.5042,46.5663]]]},"properties":{"NUTS_ID":"AT211","LEVL_CODE":3,"CNTR_CODE":"AT","NAME_LATN":"Klagenfurt-Villach","NUTS_NAME":"Klagenfurt-Villach","MOUNT_TYPE":1,"URBN_TYPE":2,"COAST_TYPE":null}},{"type":"Feature","geometry":{"type":"Polygon","coordinates":[[[12.6906,46.657],[12.6561,47.0997],[13.3546,47.0973],[13.7851,46.944],[13.9466,46.9416],[14.2342,46.7004],[13.5042,46.5663],[12.7314,46.6343],[12.6906,46.657]]]},"properties":{"NUTS_ID":"AT212","LEVL_CODE":3,"CNTR_CODE":"AT","NAME_LATN":"Oberkärnten","NUTS_NAME":"Oberkärnten","MOUNT_TYPE":1,"URBN_TYPE":3,"COAST_TYPE":null}},{"type":"Feature","geometry":{"type":"Polygon","coordinates":[[[14.4345,46.4429],[14.2342,46.7004],[13.9466,46.9416],[14.8421,47.0486],[15.0651,46.6521],[14.6747,46.4507],[14.5652,46.3725],[14.4345,46.4429]]]},"properties":{"NUTS_ID":"AT213","LEVL_CODE":3,"CNTR_CODE":"AT","NAME_LATN":"Unterkärnten","NUTS_NAME":"Unterkärnten","MOUNT_TYPE":1,"URBN_TYPE":3,"COAST_TYPE":null}},{"type":"Feature","geometry":{"type":"Polygon","coordinates":[[[15.0482,47.2269],[15.3962,47.3118],[15.6162,47.0029],[15.0528,47.212],[15.0482,47.2269]]]},"properties":{"NUTS_ID":"AT221","LEVL_CODE":3,"CNTR_CODE":"AT","NAME_LATN":"Graz","NUTS_NAME":"Graz","MOUNT_TYPE":1,"URBN_TYPE":1,"COAST_TYPE":null}},{"type":"Feature","geometry":{"type":"Polygon","coordinates":[[[14.7385,47.7474],[15.0881,47.7408],[14.6043,47.4271],[13.8644,47.2517],[13.6068,47.2833],[13.5856,47.474],[14.0107,47.7005],[14.7385,47.7474]]]},"properties":{"NUTS_ID":"AT222","LEVL_CODE":3,"CNTR_CODE":"AT","NAME_LATN":"Liezen","NUTS_NAME":"Liezen","MOUNT_TYPE":1,"URBN_TYPE":3,"COAST_TYPE":null}},{"type":"Feature","geometry":{"type":"Polygon","coordinates":[[[15.0881,47.7408],[15.218,47.7941],[15.8479,47.5685],[15.3962,47.3118],[15.0482,47.2269],[14.6043,47.4271],[15.0881,47.7408]]]},"properties":{"NUTS_ID":"AT223","LEVL_CODE":3,"CNTR_CODE":"AT","NAME_LATN":"Östliche Obersteiermark","NUTS_NAME":"Östliche Obersteiermark","MOUNT_TYPE":1,"URBN_TYPE":2,"COAST_TYPE":null}},{"type":"Feature","geometry":{"type":"Polygon","coordinates":[[[16.1711,47.4213],[15.9962,46.8354],[15.7864,46.7075],[15.7524,46.698],[15.6162,47.0029],[15.3962,47.3118],[15.8479,47.5685],[16.1711,47.4213]]]},"properties":{"NUTS_ID":"AT224","LEVL_CODE":3,"CNTR_CODE":"AT","NAME_LATN":"Oststeiermark","NUTS_NAME":"Oststeiermark","MOUNT_TYPE":1,"URBN_TYPE":3,"COAST_TYPE":null}},{"type":"Feature","geometry":{"type":"Polygon","coordinates":[[[15.0651,46.6521],[14.8421,47.0486],[15.0528,47.212],[15.6162,47.0029],[15.7524,46.698],[15.402,46.6535],[15.0651,46.6521]]]},"properties":{"NUTS_ID":"AT225","LEVL_CODE":3,"CNTR_CODE":"AT","NAME_LATN":"West- und Südsteiermark","NUTS_NAME":"West- und Südsteiermark","MOUNT_TYPE":1,"URBN_TYPE":3,"COAST_TYPE":null}},{"type":"Feature","geometry":{"type":"Polygon","coordinates":[[[13.9466,46.9416],[13.7851,46.944],[13.8644,47.2517],[14.6043,47.4271],[15.0482,47.2269],[15.0528,47.212],[14.8421,47.0486],[13.9466,46.9416]]]},"properties":{"NUTS_ID":"AT226","LEVL_CODE":3,"CNTR_CODE":"AT","NAME_LATN":"Westliche Obersteiermark","NUTS_NAME":"Westliche Obersteiermark","MOUNT_TYPE":1,"URBN_TYPE":3,"COAST_TYPE":null}},{"type":"Feature","geometry":{"type":"Polygon","coordinates":[[[12.7509,48.1038],[12.9447,48.2067],[13.177,48.2944],[13.455,48.5596],[13.5106,48.5903],[13.7271,48.513],[13.8683,48.4263],[13.754,48.1181],[13.3038,48.0078],[12.8602,47.9966],[12.7509,48.1038]]]},"properties":{"NUTS_ID":"AT311","LEVL_CODE":3,"CNTR_CODE":"AT","NAME_LATN":"Innviertel","NUTS_NAME":"Innviertel","MOUNT_TYPE":null,"URBN_TYPE":3,"COAST_TYPE":null}},{"type":"Feature","geometry":{"type":"Polygon","coordinates":[[[14.5208,48.2374],[14.482,48.1055],[13.9856,48.0027],[13.754,48.1181],[13.8683,48.4263],[14.5208,48.2374]]]},"properties":{"NUTS_ID":"AT312","LEVL_CODE":3,"CNTR_CODE":"AT","NAME_LATN":"Linz-Wels","NUTS_NAME":"Linz-Wels","MOUNT_TYPE":null,"URBN_TYPE":2,"COAST_TYPE":null}},{"type":"Feature","geometry":{"type":"Polygon","coordinates":[[[13.8395,48.7716],[14.691,48.5843],[14.9603,48.3765],[14.5208,48.2374],[13.8683,48.4263],[13.7271,48.513],[13.7961,48.7136],[13.8395,48.7716]]]},"properties":{"NUTS_ID":"AT313","LEVL_CODE":3,"CNTR_CODE":"AT","NAME_LATN":"Mühlviertel","NUTS_NAME":"Mühlviertel","MOUNT_TYPE":1,"URBN_TYPE":3,"COAST_TYPE":null}},{"type":"Feature","geometry":{"type":"Polygon","coordinates":[[[14.482,48.1055],[14.7385,47.7474],[14.0107,47.7005],[13.9856,48.0027],[14.482,48.1055]]]},"properties":{"NUTS_ID":"AT314","LEVL_CODE":3,"CNTR_CODE":"AT","NAME_LATN":"Steyr-Kirchdorf","NUTS_NAME":"Steyr-Kirchdorf","MOUNT_TYPE":1,"URBN_TYPE":3,"COAST_TYPE":null}},{"type":"Feature","geometry":{"type":"Polygon","coordinates":[[[14.0107,47.7005],[13.5856,47.474],[13.5164,47.4968],[13.3038,48.0078],[13.754,48.1181],[13.9856,48.0027],[14.0107,47.7005]]]},"properties":{"NUTS_ID":"AT315","LEVL_CODE":3,"CNTR_CODE":"AT","NAME_LATN":"Traunviertel","NUTS_NAME":"Traunviertel","MOUNT_TYPE":1,"URBN_TYPE":3,"COAST_TYPE":null}},{"type":"Feature","geometry":{"type":"Polygon","coordinates":[[[13.7851,46.944],[13.3546,47.0973],[13.6068,47.2833],[13.8644,47.2517],[13.7851,46.944]]]},"properties":{"NUTS_ID":"AT321","LEVL_CODE":3,"CNTR_CODE":"AT","NAME_LATN":"Lungau","NUTS_NAME":"Lungau","MOUNT_TYPE":1,"URBN_TYPE":3,"COAST_TYPE":null}},{"type":"Feature","geometry":{"type":"Polygon","coordinates":[[[12.6561,47.0997],[12.2407,47.0692],[12.136,47.0807],[12.575,47.6323],[12.6958,47.6822],[13.0461,47.5205],[13.5164,47.4968],[13.5856,47.474],[13.6068,47.2833],[13.3546,47.0973],[12.6561,47.0997]]]},"properties":{"NUTS_ID":"AT322","LEVL_CODE":3,"CNTR_CODE":"AT","NAME_LATN":"Pinzgau-Pongau","NUTS_NAME":"Pinzgau-Pongau","MOUNT_TYPE":1,"URBN_TYPE":3,"COAST_TYPE":null}},{"type":"Feature","geometry":{"type":"Polygon","coordinates":[[[12.8602,47.9966],[13.3038,48.0078],[13.5164,47.4968],[13.0461,47.5205],[12.8758,47.9626],[12.8602,47.9966]]]},"properties":{"NUTS_ID":"AT323","LEVL_CODE":3,"CNTR_CODE":"AT","NAME_LATN":"Salzburg und Umgebung","NUTS_NAME":"Salzburg und Umgebung","MOUNT_TYPE":1,"URBN_TYPE":2,"COAST_TYPE":null}},{"type":"Feature","geometry":{"type":"Polygon","coordinates":[[[10.9912,47.3961],[10.2128,47.1573],[10.1784,47.2701],[10.4544,47.5558],[10.8861,47.5368],[10.9912,47.3961]]]},"properties":{"NUTS_ID":"AT331","LEVL_CODE":3,"CNTR_CODE":"AT","NAME_LATN":"Außerfern","NUTS_NAME":"Außerfern","MOUNT_TYPE":1,"URBN_TYPE":3,"COAST_TYPE":null}},{"type":"Feature","geometry":{"type":"Polygon","coordinates":[[[11.1643,46.9657],[11.0165,47.3964],[11.4214,47.4449],[11.6272,47.0133],[11.1643,46.9657]]]},"properties":{"NUTS_ID":"AT332","LEVL_CODE":3,"CNTR_CODE":"AT","NAME_LATN":"Innsbruck","NUTS_NAME":"Innsbruck","MOUNT_TYPE":1,"URBN_TYPE":1,"COAST_TYPE":null}},{"type":"Feature","geometry":{"type":"Polygon","coordinates":[[[12.0975,48.772],[11.6598,49.0161],[11.9359,49.1951],[12.311,49.1525],[12.479,49.032],[12.1353,48.7659],[12.0975,48.772]],[[11.8456,48.9994],[12.0884,48.8809],[12.3434,48.9771],[12.146,49.1701],[11.8456,48.9994]]]},"properties":{"NUTS_ID":"DE238","LEVL_CODE":3,"CNTR_CODE":"DE","NAME_LATN":"Regensburg, Landkreis","NUTS_NAME":"Regensburg, Landkreis","MOUNT_TYPE":null,"URBN_TYPE":2,"COAST_TYPE":null}},{"type":"Feature","geometry":{"type":"Polygon","coordinates":[[[12.5938,49.5422],[12.6338,49.4762],[12.311,49.1525],[11.9359,49.1951],[11.9342,49.2211],[12.1155,49.548],[12.5938,49.5422]]]},"properties":{"NUTS_ID":"DE239","LEVL_CODE":3,"CNTR_CODE":"DE","NAME_LATN":"Schwandorf","NUTS_NAME":"Schwandorf","MOUNT_TYPE":null,"URBN_TYPE":2,"COAST_TYPE":null}},{"type":"Feature","geometry":{"type":"Polygon","coordinates":[[[12.551,49.9051],[12.4015,49.7584],[11.8548,49.8471],[11.9037,49.979],[12.2608,50.0582],[12.551,49.9051]]]},"properties":{"NUTS_ID":"DE23A","LEVL_CODE":3,"CNTR_CODE":"DE","NAME_LATN":"Tirschenreuth","NUTS_NAME":"Tirschenreuth","MOUNT_TYPE":null,"URBN_TYPE":3,"COAST_TYPE":null}},{"type":"Feature","geometry":{"type":"Polygon","coordinates":[[[10.7319,49.9157],[10.9112,50.0202],[11.0819,49.8442],[10.8731,49.7624],[10.7319,49.9157]]]},"properties":{"NUTS_ID":"DE241","LEVL_CODE":3,"CNTR_CODE":"DE","NAME_LATN":"Bamberg, Kreisfreie Stadt","NUTS_NAME":"Bamberg, Kreisfreie Stadt","MOUNT_TYPE":null,"URBN_TYPE":2,"COAST_TYPE":null}},{"type":"Feature","geometry":{"type":"Polygon","coordinates":[[[11.4555,49.9477],[11.4745,49.9739],[11.4934,49.9721],[11.4835,49.9415],[11.4555,49.9477]]]},"properties":{"NUTS_ID":"DE242","LEVL_CODE":3,"CNTR_CODE":"DE","NAME_LATN":"Bayreuth, Kreisfreie Stadt","NUTS_NAME":"Bayreuth, Kreisfreie Stadt","MOUNT_TYPE":null,"URBN_TYPE":2,"COAST_TYPE":null}},{"type":"Feature","geometry":{"type":"Polygon","coordinates":[[[10.8346,50.2948],[10.9615,50.318],[11.1172,50.2666],[10.986,50.2049],[10.8346,50.2948]]]},"properties":{"NUTS_ID":"DE243","LEVL_CODE":3,"CNTR_CODE":"DE","NAME_LATN":"Coburg, Kreisfreie Stadt","NUTS_NAME":"Coburg, Kreisfreie Stadt","MOUNT_TYPE":null,"URBN_TYPE":2,"COAST_TYPE":null}},{"type":"Feature","geometry":{"type":"Polygon","coordinates":[[[11.7017,50.3247],[11.9608,50.3291],[11.9558,50.2361],[11.7017,50.3247]]]},"properties":{"NUTS_ID":"DE244","LEVL_CODE":3,"CNTR_CODE":"DE","NAME_LATN":"Hof, Kreisfreie Stadt","NUTS_NAME":"Hof, Kreisfreie Stadt","MOUNT_TYPE":null,"URBN_TYPE":2,"COAST_TYPE":null}},{"type":"Feature","geometry":{"type":"Polygon","coordinates":[[[11.2381,49.8705],[10.9273,49.7684],[10.6544,49.7211],[10.5514,49.7558],[10.449,49.8222],[10.5052,49.8767],[10.8601,50.0918],[10.8848,50.0931],[11.2464,49.9896],[11.2381,49.8705]],[[10.7319,49.9157],[10.8731,49.7624],[11.0819,49.8442],[10.9112,50.0202],[10.7319,49.9157]]]},"properties":{"NUTS_ID":"DE245","LEVL_CODE":3,"CNTR_CODE":"DE","NAME_LATN":"Bamberg, Landkreis","NUTS_NAME":"Bamberg, Landkreis","MOUNT_TYPE":null,"URBN_TYPE":2,"COAST_TYPE":null}},{"type":"Feature","geometry":{"type":"Polygon","coordinates":[[[11.9037,49.979],[11.8548,49.8471],[11.6307,49.7606],[11.5626,49.6856],[11.3687,49.6667],[11.2381,49.8705],[11.2464,49.9896],[11.2568,50],[11.6781,50.1246],[11.7891,50.1032],[11.9037,49.979]],[[11.4555,49.9477],[11.4835,49.9415],[11.4934,49.9721],[11.4745,49.9739],[11.4555,49.9477]]]},"properties":{"NUTS_ID":"DE246","LEVL_CODE":3,"CNTR_CODE":"DE","NAME_LATN":"Bayreuth, Landkreis","NUTS_NAME":"Bayreuth, Landkreis","MOUNT_TYPE":null,"URBN_TYPE":2,"COAST_TYPE":null}},{"type":"Feature","geometry":{"type":"Polygon","coordinates":[[[10.8848,50.0931],[10.8601,50.0918],[10.7294,50.2303],[10.9456,50.3865],[11.1899,50.2712],[11.1982,50.2021],[10.8848,50.0931]],[[10.8346,50.2948],[10.986,50.2049],[11.1172,50.2666],[10.9615,50.318],[10.8346,50.2948]]]},"properties":{"NUTS_ID":"DE247","LEVL_CODE":3,"CNTR_CODE":"DE","NAME_LATN":"Coburg, Landkreis","NUTS_NAME":"Coburg, Landkreis","MOUNT_TYPE":null,"URBN_TYPE":2,"COAST_TYPE":null}},{"type":"Feature","geometry":{"type":"Polygon","coordinates":[[[10.9273,49.7684],[11.2381,49.8705],[11.3687,49.6667],[11.2803,49.6043],[10.9273,49.7684]]]},"properties":{"NUTS_ID":"DE248","LEVL_CODE":3,"CNTR_CODE":"DE","NAME_LATN":"Forchheim","NUTS_NAME":"Forchheim","MOUNT_TYPE":null,"URBN_TYPE":2,"COAST_TYPE":null}},{"type":"Feature","geometry":{"type":"Polygon","coordinates":[[[12.1009,50.318],[12.1607,50.2198],[11.7891,50.1032],[11.6781,50.1246],[11.5408,50.2655],[11.6033,50.3988],[11.9193,50.4247],[12.1009,50.318]],[[11.7017,50.3247],[11.9558,50.2361],[11.9608,50.3291],[11.7017,50.3247]]]},"properties":{"NUTS_ID":"DE249","LEVL_CODE":3,"CNTR_CODE":"DE","NAME_LATN":"Hof, Landkreis","NUTS_NAME":"Hof, Landkreis","MOUNT_TYPE":null,"URBN_TYPE":2,"COAST_TYPE":null}},{"type":"Feature","geometry":{"type":"Polygon","coordinates":[[[11.1982,50.2021],[11.1899,50.2712],[11.2659,50.4794],[11.4816,50.4316],[11.6033,50.3988],[11.5408,50.2655],[11.3422,50.1603],[11.1982,50.2021]]]},"properties":{"NUTS_ID":"DE24A","LEVL_CODE":3,"CNTR_CODE":"DE","NAME_LATN":"Kronach","NUTS_NAME":"Kronach","MOUNT_TYPE":1,"URBN_TYPE":3,"COAST_TYPE":null}},{"type":"Feature","geometry":{"type":"Polygon","coordinates":[[[11.6781,50.1246],[11.2568,50],[11.3422,50.1603],[11.5408,50.2655],[11.6781,50.1246]]]},"properties":{"NUTS_ID":"DE24B","LEVL_CODE":3,"CNTR_CODE":"DE","NAME_LATN":"Kulmbach","NUTS_NAME":"Kulmbach","MOUNT_TYPE":null,"URBN_TYPE":3,"COAST_TYPE":null}},{"type":"Feature","geometry":{"type":"Polygon","coordinates":[[[11.2464,49.9896],[10.8848,50.0931],[11.1982,50.2021],[11.3422,50.1603],[11.2568,50],[11.2464,49.9896]]]},"properties":{"NUTS_ID":"DE24C","LEVL_CODE":3,"CNTR_CODE":"DE","NAME_LATN":"Lichtenfels","NUTS_NAME":"Lichtenfels","MOUNT_TYPE":null,"URBN_TYPE":2,"COAST_TYPE":null}},{"type":"Feature","geometry":{"type":"Polygon","coordinates":[[[12.1607,50.2198],[12.2608,50.0582],[11.9037,49.979],[11.7891,50.1032],[12.1607,50.2198]]]},"properties":{"NUTS_ID":"DE24D","LEVL_CODE":3,"CNTR_CODE":"DE","NAME_LATN":"Wunsiedel i. Fichtelgebirge","NUTS_NAME":"Wunsiedel i. Fichtelgebirge","MOUNT_TYPE":null,"URBN_TYPE":3,"COAST_TYPE":null}},{"type":"Feature","geometry":{"type":"Polygon","coordinates":[[[10.3533,49.2953],[10.6333,49.4161],[10.8431,49.2288],[10.6267,49.1474],[10.3533,49.2953]]]},"properties":{"NUTS_ID":"DE251","LEVL_CODE":3,"CNTR_CODE":"DE","NAME_LATN":"Ansbach, Kreisfreie Stadt","NUTS_NAME":"Ansbach, Kreisfreie Stadt","MOUNT_TYPE":null,"URBN_TYPE":3,"COAST_TYPE":null}},{"type":"Feature","geometry":{"type":"Polygon","coordinates":[[[10.9328,49.5383],[10.9708,49.5667],[11.0295,49.5354],[10.9879,49.5368],[10.934,49.5345],[10.9328,49.5383]]]},"properties":{"NUTS_ID":"DE252","LEVL_CODE":3,"CNTR_CODE":"DE","NAME_LATN":"Erlangen, Kreisfreie Stadt","NUTS_NAME":"Erlangen, Kreisfreie Stadt","MOUNT_TYPE":null,"URBN_TYPE":1,"COAST_TYPE":null}},{"type":"Feature","geometry":{"type":"Polygon","coordinates":[[[10.934,49.5345],[10.9879,49.5368],[10.9907,49.437],[10.934,49.5345]]]},"properties":{"NUTS_ID":"DE253","LEVL_CODE":3,"CNTR_CODE":"DE","NAME_LATN":"Fürth, Kreisfreie Stadt","NUTS_NAME":"Fürth, Kreisfreie Stadt","MOUNT_TYPE":null,"URBN_TYPE":1,"COAST_TYPE":null}},{"type":"Feature","geometry":{"type":"Polygon","coordinates":[[[10.9879,49.5368],[11.0295,49.5354],[11.1782,49.4741],[11.1692,49.3885],[11.0682,49.3346],[10.9978,49.3759],[10.9927,49.3815],[10.9907,49.437],[10.9879,49.5368]]]},"properties":{"NUTS_ID":"DE254","LEVL_CODE":3,"CNTR_CODE":"DE","NAME_LATN":"Nürnberg, Kreisfreie Stadt","NUTS_NAME":"Nürnberg, Kreisfreie Stadt","MOUNT_TYPE":null,"URBN_TYPE":1,"COAST_TYPE":null}},{"type":"Feature","geometry":{"type":"Polygon","coordinates":[[[10.9978,49.3759],[11.0682,49.3346],[11.0364,49.3332],[10.9978,49.3759]]]},"properties":{"NUTS_ID":"DE255","LEVL_CODE":3,"CNTR_CODE":"DE","NAME_LATN":"Schwabach, Kreisfreie Stadt","NUTS_NAME":"Schwabach, Kreisfreie Stadt","MOUNT_TYPE":null,"URBN_TYPE":1,"COAST_TYPE":null}},{"type":"Feature","geometry":{"type":"Polygon","coordinates":[[[10.2568,49.0595],[10.112,49.3849],[10.1183,49.4732],[10.6974,49.4363],[10.8678,49.3561],[10.8376,49.1978],[10.6423,49.0166],[10.4098,48.9774],[10.2568,49.0595]],[[10.3533,49.2953],[10.6267,49.1474],[10.8431,49.2288],[10.6333,49.4161],[10.3533,49.2953]]]},"properties":{"NUTS_ID":"DE256","LEVL_CODE":3,"CNTR_CODE":"DE","NAME_LATN":"Ansbach, Landkreis","NUTS_NAME":"Ansbach, Landkreis","MOUNT_TYPE":null,"URBN_TYPE":3,"COAST_TYPE":null}},{"type":"Feature","geometry":{"type":"Polygon","coordinates":[[[10.6544,49.7211],[10.9273,49.7684],[11.2803,49.6043],[11.1782,49.4741],[11.0295,49.5354],[10.9708,49.5667],[10.9328,49.5383],[10.8158,49.5356],[10.6544,49.7211]]]},"properties":{"NUTS_ID":"DE257","LEVL_CODE":3,"CNTR_CODE":"DE","NAME_LATN":"Erlangen-Höchstadt","NUTS_NAME":"Erlangen-Höchstadt","MOUNT_TYPE":null,"URBN_TYPE":1,"COAST_TYPE":null}},{"type":"Feature","geometry":{"type":"Polygon","coordinates":[[[10.9328,49.5383],[10.934,49.5345],[10.9907,49.437],[10.9927,49.3815],[10.8678,49.3561],[10.6974,49.4363],[10.8158,49.5356],[10.9328,49.5383]]]},"properties":{"NUTS_ID":"DE258","LEVL_CODE":3,"CNTR_CODE":"DE","NAME_LATN":"Fürth, Landkreis","NUTS_NAME":"Fürth, Landkreis","MOUNT_TYPE":null,"URBN_TYPE":1,"COAST_TYPE":null}},{"type":"Feature","geometry":{"type":"Polygon","coordinates":[[[11.3687,49.6667],[11.5626,49.6856],[11.5578,49.419],[11.2472,49.3254],[11.1692,49.3885],[11.1782,49.4741],[11.2803,49.6043],[11.3687,49.6667]]]},"properties":{"NUTS_ID":"DE259","LEVL_CODE":3,"CNTR_CODE":"DE","NAME_LATN":"Nürnberger Land","NUTS_NAME":"Nürnberger Land","MOUNT_TYPE":null,"URBN_TYPE":2,"COAST_TYPE":null}},{"type":"Feature","geometry":{"type":"Polygon","coordinates":[[[10.1183,49.4732],[10.0837,49.5436],[10.1103,49.6214],[10.5514,49.7558],[10.6544,49.7211],[10.8158,49.5356],[10.6974,49.4363],[10.1183,49.4732]]]},"properties":{"NUTS_ID":"DE25A","LEVL_CODE":3,"CNTR_CODE":"DE","NAME_LATN":"Neustadt a. d. Aisch-Bad Windsheim","NUTS_NAME":"Neustadt a. d. Aisch-Bad Windsheim","MOUNT_TYPE":null,"URBN_TYPE":3,"COAST_TYPE":null}},{"type":"Feature","geometry":{"type":"Polygon","coordinates":[[[11.0682,49.3346],[11.1692,49.3885],[11.2472,49.3254],[11.3857,49.0789],[11.2014,49.0466],[10.8376,49.1978],[10.8678,49.3561],[10.9927,49.3815],[10.9978,49.3759],[11.0364,49.3332],[11.0682,49.3346]]]},"properties":{"NUTS_ID":"DE25B","LEVL_CODE":3,"CNTR_CODE":"DE","NAME_LATN":"Roth","NUTS_NAME":"Roth","MOUNT_TYPE":null,"URBN_TYPE":2,"COAST_TYPE":null}},{"type":"Feature","geometry":{"type":"Polygon","coordinates":[[[10.6423,49.0166],[10.8376,49.1978],[11.2014,49.0466],[10.9368,48.8633],[10.6423,49.0166]]]},"properties":{"NUTS_ID":"DE25C","LEVL_CODE":3,"CNTR_CODE":"DE","NAME_LATN":"Weißenburg-Gunzenhausen","NUTS_NAME":"Weißenburg-Gunzenhausen","MOUNT_TYPE":null,"URBN_TYPE":3,"COAST_TYPE":null}},{"type":"Feature","geometry":{"type":"Polygon","coordinates":[[[9.2378,49.9348],[9.1151,49.9373],[9.1743,49.9657],[9.2378,49.9348]]]},"properties":{"NUTS_ID":"DE261","LEVL_CODE":3,"CNTR_CODE":"DE","NAME_LATN":"Aschaffenburg, Kreisfreie Stadt","NUTS_NAME":"Aschaffenburg, Kreisfreie Stadt","MOUNT_TYPE":null,"URBN_TYPE":1,"COAST_TYPE":null}},{"type":"Feature","geometry":{"type":"Polygon","coordinates":[[[9.9815,50.0317],[10.2769,50.0809],[10.2974,49.9917],[9.9815,50.0317]]]},"properties":{"NUTS_ID":"DE262","LEVL_CODE":3,"CNTR_CODE":"DE","NAME_LATN":"Schweinfurt, Kreisfreie Stadt","NUTS_NAME":"Schweinfurt, Kreisfreie Stadt","MOUNT_TYPE":null,"URBN_TYPE":2,"COAST_TYPE":null}},{"type":"Feature","geometry":{"type":"Polygon","coordinates":[[[9.7789,49.8685],[10.0248,49.8202],[9.9517,49.7244],[9.7789,49.8685]]]},"properties":{"NUTS_ID":"DE263","LEVL_CODE":3,"CNTR_CODE":"DE","NAME_LATN":"Würzburg, Kreisfreie Stadt","NUTS_NAME":"Würzburg, Kreisfreie Stadt","MOUNT_TYPE":null,"URBN_TYPE":2,"COAST_TYPE":null}},{"type":"Feature","geometry":{"type":"Polygon","coordinates":[[[9.2378,49.9348],[9.1743,49.9657],[9.1151,49.9373],[9.0501,49.8663],[9.0161,49.9913],[8.9906,50.0671],[9.405,50.0877],[9.4227,49.8811],[9.2378,49.9348]]]},"properties":{"NUTS_ID":"DE264","LEVL_CODE":3,"CNTR_CODE":"DE","NAME_LATN":"Aschaffenburg, Landkreis","NUTS_NAME":"Aschaffenburg, Landkreis","MOUNT_TYPE":null,"URBN_TYPE":1,"COAST_TYPE":null}},{"type":"Feature","geometry":{"type":"Polygon","coordinates":[[[9.9357,50.4196],[10.3701,50.2292],[9.964,50.0547],[9.6232,50.229],[9.7329,50.3561],[9.9357,50.4196]]]},"properties":{"NUTS_ID":"DE265","LEVL_CODE":3,"CNTR_CODE":"DE","NAME_LATN":"Bad Kissingen","NUTS_NAME":"Bad Kissingen","MOUNT_TYPE":null,"URBN_TYPE":3,"COAST_TYPE":null}},{"type":"Feature","geometry":{"type":"Polygon","coordinates":[[[10.3701,50.2292],[9.9357,50.4196],[10.0413,50.5165],[10.4505,50.4019],[10.6102,50.2279],[10.4505,50.1967],[10.3701,50.2292]]]},"properties":{"NUTS_ID":"DE266","LEVL_CODE":3,"CNTR_CODE":"DE","NAME_LATN":"Rhön-Grabfeld","NUTS_NAME":"Rhön-Grabfeld","MOUNT_TYPE":null,"URBN_TYPE":3,"COAST_TYPE":null}},{"type":"Feature","geometry":{"type":"Polygon","coordinates":[[[10.8601,50.0918],[10.5052,49.8767],[10.4505,50.1967],[10.6102,50.2279],[10.7294,50.2303],[10.8601,50.0918]]]},"properties":{"NUTS_ID":"DE267","LEVL_CODE":3,"CNTR_CODE":"DE","NAME_LATN":"Haßberge","NUTS_NAME":"Haßberge","MOUNT_TYPE":null,"URBN_TYPE":3,"COAST_TYPE":null}},{"type":"Feature","geometry":{"type":"Polygon","coordinates":[[[10.449,49.8222],[10.5514,49.7558],[10.1103,49.6214],[10.1892,49.8921],[10.449,49.8222]]]},"properties":{"NUTS_ID":"DE268","LEVL_CODE":3,"CNTR_CODE":"DE","NAME_LATN":"Kitzingen","NUTS_NAME":"Kitzingen","MOUNT_TYPE":null,"URBN_TYPE":3,"COAST_TYPE":null}},{"type":"Feature","geometry":{"type":"Polygon","coordinates":[[[9.4715,49.7797],[9.411,49.6635],[9.103,49.5775],[9.0361,49.8465],[9.0501,49.8663],[9.1151,49.9373],[9.2378,49.9348],[9.4227,49.8811],[9.4715,49.7797]]]},"properties":{"NUTS_ID":"DE269","LEVL_CODE":3,"CNTR_CODE":"DE","NAME_LATN":"Miltenberg","NUTS_NAME":"Miltenberg","MOUNT_TYPE":1,"URBN_TYPE":2,"COAST_TYPE":null}},{"type":"Feature","geometry":{"type":"Polygon","coordinates":[[[9.6487,49.7915],[9.4715,49.7797],[9.4227,49.8811],[9.405,50.0877],[9.6232,50.229],[9.964,50.0547],[10.0309,49.9522],[9.7799,49.8716],[9.6487,49.7915]]]},"properties":{"NUTS_ID":"DE26A","LEVL_CODE":3,"CNTR_CODE":"DE","NAME_LATN":"Main-Spessart","NUTS_NAME":"Main-Spessart","MOUNT_TYPE":null,"URBN_TYPE":3,"COAST_TYPE":null}},{"type":"Feature","geometry":{"type":"Polygon","coordinates":[[[10.5052,49.8767],[10.449,49.8222],[10.1892,49.8921],[10.0309,49.9522],[9.964,50.0547],[10.3701,50.2292],[10.4505,50.1967],[10.5052,49.8767]],[[9.9815,50.0317],[10.2974,49.9917],[10.2769,50.0809],[9.9815,50.0317]]]},"properties":{"NUTS_ID":"DE26B","LEVL_CODE":3,"CNTR_CODE":"DE","NAME_LATN":"Schweinfurt, Landkreis","NUTS_NAME":"Schweinfurt, Landkreis","MOUNT_TYPE":null,"URBN_TYPE":2,"COAST_TYPE":null}},{"type":"Feature","geometry":{"type":"Polygon","coordinates":[[[7.7019,51.7124],[7.8272,51.5786],[7.8376,51.4785],[7.5878,51.3904],[7.5085,51.4179],[7.4179,51.5995],[7.4095,51.6646],[7.7019,51.7124]]]},"properties":{"NUTS_ID":"DEA5C","LEVL_CODE":3,"CNTR_CODE":"DE","NAME_LATN":"Unna","NUTS_NAME":"Unna","MOUNT_TYPE":null,"URBN_TYPE":1,"COAST_TYPE":null}},{"type":"Feature","geometry":{"type":"Polygon","coordinates":[[[7.6889,50.3601],[7.5958,50.3249],[7.6186,50.3735],[7.6889,50.3601]]]},"properties":{"NUTS_ID":"DEB11","LEVL_CODE":3,"CNTR_CODE":"DE","NAME_LATN":"Koblenz, Kreisfreie Stadt","NUTS_NAME":"Koblenz, Kreisfreie Stadt","MOUNT_TYPE":null,"URBN_TYPE":1,"COAST_TYPE":null}},{"type":"Feature","geometry":{"type":"Polygon","coordinates":[[[6.9279,50.5586],[7.2124,50.6234],[7.3444,50.4766],[6.9843,50.3489],[6.8007,50.3618],[6.9279,50.5586]]]},"properties":{"NUTS_ID":"DEB12","LEVL_CODE":3,"CNTR_CODE":"DE","NAME_LATN":"Ahrweiler","NUTS_NAME":"Ahrweiler","MOUNT_TYPE":1,"URBN_TYPE":2,"COAST_TYPE":null}},{"type":"Feature","geometry":{"type":"Polygon","coordinates":[[[8.0397,50.6974],[7.7008,50.6229],[7.4392,50.7111],[7.661,50.8204],[7.7859,50.9399],[7.8515,50.9258],[8.0397,50.6974]]]},"properties":{"NUTS_ID":"DEB13","LEVL_CODE":3,"CNTR_CODE":"DE","NAME_LATN":"Altenkirchen (Westerwald)","NUTS_NAME":"Altenkirchen (Westerwald)","MOUNT_TYPE":null,"URBN_TYPE":3,"COAST_TYPE":null}},{"type":"Feature","geometry":{"type":"Polygon","coordinates":[[[7.3987,49.8561],[7.7346,49.9987],[7.9636,49.8331],[7.9054,49.7523],[7.7033,49.6525],[7.5228,49.7076],[7.3987,49.8561]]]},"properties":{"NUTS_ID":"DEB14","LEVL_CODE":3,"CNTR_CODE":"DE","NAME_LATN":"Bad Kreuznach","NUTS_NAME":"Bad Kreuznach","MOUNT_TYPE":null,"URBN_TYPE":2,"COAST_TYPE":null}},{"type":"Feature","geometry":{"type":"Polygon","coordinates":[[[7.3987,49.8561],[7.5228,49.7076],[7.2766,49.5486],[7.028,49.6394],[7.0443,49.6893],[7.2225,49.885],[7.3987,49.8561]]]},"properties":{"NUTS_ID":"DEB15","LEVL_CODE":3,"CNTR_CODE":"DE","NAME_LATN":"Birkenfeld","NUTS_NAME":"Birkenfeld","MOUNT_TYPE":1,"URBN_TYPE":3,"COAST_TYPE":null}},{"type":"Feature","geometry":{"type":"Polygon","coordinates":[[[7.6186,50.3735],[7.5958,50.3249],[7.6186,50.2478],[7.3819,50.1608],[7.0688,50.2798],[6.9843,50.3489],[7.3444,50.4766],[7.5983,50.4646],[7.6186,50.3735]]]},"properties":{"NUTS_ID":"DEB17","LEVL_CODE":3,"CNTR_CODE":"DE","NAME_LATN":"Mayen-Koblenz","NUTS_NAME":"Mayen-Koblenz","MOUNT_TYPE":null,"URBN_TYPE":1,"COAST_TYPE":null}},{"type":"Feature","geometry":{"type":"Polygon","coordinates":[[[7.3444,50.4766],[7.2124,50.6234],[7.4392,50.7111],[7.7008,50.6229],[7.5983,50.4646],[7.3444,50.4766]]]},"properties":{"NUTS_ID":"DEB18","LEVL_CODE":3,"CNTR_CODE":"DE","NAME_LATN":"Neuwied","NUTS_NAME":"Neuwied","MOUNT_TYPE":null,"URBN_TYPE":2,"COAST_TYPE":null}},{"type":"Feature","geometry":{"type":"Polygon","coordinates":[[[7.5958,50.3249],[7.6889,50.3601],[7.9716,50.4062],[8.1219,50.2772],[7.774,50.0665],[7.7648,50.0826],[7.6186,50.2478],[7.5958,50.3249]]]},"properties":{"NUTS_ID":"DEB1A","LEVL_CODE":3,"CNTR_CODE":"DE","NAME_LATN":"Rhein-Lahn-Kreis","NUTS_NAME":"Rhein-Lahn-Kreis","MOUNT_TYPE":1,"URBN_TYPE":2,"COAST_TYPE":null}},{"type":"Feature","geometry":{"type":"Polygon","coordinates":[[[7.6889,50.3601],[7.6186,50.3735],[7.5983,50.4646],[7.7008,50.6229],[8.0397,50.6974],[8.1258,50.6858],[8.1516,50.5994],[7.9716,50.4062],[7.6889,50.3601]]]},"properties":{"NUTS_ID":"DEB1B","LEVL_CODE":3,"CNTR_CODE":"DE","NAME_LATN":"Westerwaldkreis","NUTS_NAME":"Westerwaldkreis","MOUNT_TYPE":null,"URBN_TYPE":3,"COAST_TYPE":null}},{"type":"Feature","geometry":{"type":"Polygon","coordinates":[[[7.0688,50.2798],[7.3819,50.1608],[7.2026,49.9664],[6.979,50.0979],[7.0688,50.2798]]]},"properties":{"NUTS_ID":"DEB1C","LEVL_CODE":3,"CNTR_CODE":"DE","NAME_LATN":"Cochem-Zell","NUTS_NAME":"Cochem-Zell","MOUNT_TYPE":1,"URBN_TYPE":3,"COAST_TYPE":null}},{"type":"Feature","geometry":{"type":"Polygon","coordinates":[[[7.7346,49.9987],[7.3987,49.8561],[7.2225,49.885],[7.2026,49.9664],[7.3819,50.1608],[7.6186,50.2478],[7.7648,50.0826],[7.7346,49.9987]]]},"properties":{"NUTS_ID":"DEB1D","LEVL_CODE":3,"CNTR_CODE":"DE","NAME_LATN":"Rhein-Hunsrück-Kreis","NUTS_NAME":"Rhein-Hunsrück-Kreis","MOUNT_TYPE":1,"URBN_TYPE":3,"COAST_TYPE":null}},{"type":"Feature","geometry":{"type":"Polygon","coordinates":[[[6.4315,49.6758],[6.66,49.8308],[6.7008,49.7361],[6.4315,49.6758]]]},"properties":{"NUTS_ID":"DEB21","LEVL_CODE":3,"CNTR_CODE":"DE","NAME_LATN":"Trier, Kreisfreie Stadt","NUTS_NAME":"Trier, Kreisfreie Stadt","MOUNT_TYPE":null,"URBN_TYPE":2,"COAST_TYPE":null}},{"type":"Feature","geometry":{"type":"Polygon","coordinates":[[[7.2225,49.885],[7.0443,49.6893],[6.7116,49.9055],[6.7003,50.0845],[6.979,50.0979],[7.2026,49.9664],[7.2225,49.885]]]},"properties":{"NUTS_ID":"DEB22","LEVL_CODE":3,"CNTR_CODE":"DE","NAME_LATN":"Bernkastel-Wittlich","NUTS_NAME":"Bernkastel-Wittlich","MOUNT_TYPE":1,"URBN_TYPE":3,"COAST_TYPE":null}},{"type":"Feature","geometry":{"type":"Polygon","coordinates":[[[6.1377,50.13],[6.405,50.3233],[6.4253,50.323],[6.7003,50.0845],[6.7116,49.9055],[6.475,49.8213],[6.1377,50.13]]]},"properties":{"NUTS_ID":"DEB23","LEVL_CODE":3,"CNTR_CODE":"DE","NAME_LATN":"Eifelkreis Bitburg-Prüm","NUTS_NAME":"Eifelkreis Bitburg-Prüm","MOUNT_TYPE":null,"URBN_TYPE":3,"COAST_TYPE":null}},{"type":"Feature","geometry":{"type":"Polygon","coordinates":[[[6.8007,50.3618],[6.9843,50.3489],[7.0688,50.2798],[6.979,50.0979],[6.7003,50.0845],[6.4253,50.323],[6.8007,50.3618]]]},"properties":{"NUTS_ID":"DEB24","LEVL_CODE":3,"CNTR_CODE":"DE","NAME_LATN":"Vulkaneifel","NUTS_NAME":"Vulkaneifel","MOUNT_TYPE":null,"URBN_TYPE":3,"COAST_TYPE":null}},{"type":"Feature","geometry":{"type":"Polygon","coordinates":[[[7.0443,49.6893],[7.028,49.6394],[6.8915,49.6134],[6.3801,49.5511],[6.475,49.8213],[6.7116,49.9055],[7.0443,49.6893]],[[6.4315,49.6758],[6.7008,49.7361],[6.66,49.8308],[6.4315,49.6758]]]},"properties":{"NUTS_ID":"DEB25","LEVL_CODE":3,"CNTR_CODE":"DE","NAME_LATN":"Trier-Saarburg","NUTS_NAME":"Trier-Saarburg","MOUNT_TYPE":1,"URBN_TYPE":2,"COAST_TYPE":null}},{"type":"Feature","geometry":{"type":"Polygon","coordinates":[[[8.4227,49.5742],[8.4231,49.5418],[8.3418,49.4899],[8.4227,49.5742]]]},"properties":{"NUTS_ID":"DEB31","LEVL_CODE":3,"CNTR_CODE":"DE","NAME_LATN":"Frankenthal (Pfalz), Kreisfreie Stadt","NUTS_NAME":"Frankenthal (Pfalz), Kreisfreie Stadt","MOUNT_TYPE":null,"URBN_TYPE":1,"COAST_TYPE":null}},{"type":"Feature","geometry":{"type":"Polygon","coordinates":[[[7.5015,49.442],[7.7447,49.4799],[7.7626,49.3778],[7.5015,49.442]]]},"properties":{"NUTS_ID":"DEB32","LEVL_CODE":3,"CNTR_CODE":"DE","NAME_LATN":"Kaiserslautern, Kreisfreie Stadt","NUTS_NAME":"Kaiserslautern, Kreisfreie Stadt","MOUNT_TYPE":null,"URBN_TYPE":2,"COAST_TYPE":null}},{"type":"Feature","geometry":{"type":"Polygon","coordinates":[[[7.8676,49.3133],[7.9367,49.309],[7.8721,49.2831],[7.8676,49.3133]]]},"properties":{"NUTS_ID":"DEB33","LEVL_CODE":3,"CNTR_CODE":"DE","NAME_LATN":"Landau in der Pfalz, Kreisfreie Stadt","NUTS_NAME":"Landau in der Pfalz, Kreisfreie Stadt","MOUNT_TYPE":null,"URBN_TYPE":1,"COAST_TYPE":null}},{"type":"Feature","geometry":{"type":"Polygon","coordinates":[[[8.4231,49.5418],[8.4725,49.4435],[8.3418,49.4899],[8.4231,49.5418]]]},"properties":{"NUTS_ID":"DEB34","LEVL_CODE":3,"CNTR_CODE":"DE","NAME_LATN":"Ludwigshafen am Rhein, Kreisfreie Stadt","NUTS_NAME":"Ludwigshafen am Rhein, Kreisfreie Stadt","MOUNT_TYPE":null,"URBN_TYPE":1,"COAST_TYPE":null}},{"type":"Feature","geometry":{"type":"Polygon","coordinates":[[[8.19,50.0353],[8.2882,49.9951],[8.343,49.9405],[8.19,50.0353]]]},"properties":{"NUTS_ID":"DEB35","LEVL_CODE":3,"CNTR_CODE":"DE","NAME_LATN":"Mainz, Kreisfreie Stadt","NUTS_NAME":"Mainz, Kreisfreie Stadt","MOUNT_TYPE":null,"URBN_TYPE":1,"COAST_TYPE":null}},{"type":"Feature","geometry":{"type":"Polygon","coordinates":[[[7.9996,49.3438],[8.3144,49.3115],[8.3174,49.3081],[7.9996,49.3438]]]},"properties":{"NUTS_ID":"DEB36","LEVL_CODE":3,"CNTR_CODE":"DE","NAME_LATN":"Neustadt an der Weinstraße, Kreisfreie Stadt","NUTS_NAME":"Neustadt an der Weinstraße, Kreisfreie Stadt","MOUNT_TYPE":null,"URBN_TYPE":1,"COAST_TYPE":null}},{"type":"Feature","geometry":{"type":"Polygon","coordinates":[[[7.4355,49.1641],[7.6736,49.3077],[7.8061,49.2575],[7.6852,49.0598],[7.4355,49.1641]]]},"properties":{"NUTS_ID":"DEB37","LEVL_CODE":3,"CNTR_CODE":"DE","NAME_LATN":"Pirmasens, Kreisfreie Stadt","NUTS_NAME":"Pirmasens, Kreisfreie Stadt","MOUNT_TYPE":null,"URBN_TYPE":3,"COAST_TYPE":null}},{"type":"Feature","geometry":{"type":"Polygon","coordinates":[[[8.4873,49.29],[8.467,49.283],[8.4627,49.3119],[8.4873,49.29]]]},"properties":{"NUTS_ID":"DEB38","LEVL_CODE":3,"CNTR_CODE":"DE","NAME_LATN":"Speyer, Kreisfreie Stadt","NUTS_NAME":"Speyer, Kreisfreie Stadt","MOUNT_TYPE":null,"URBN_TYPE":1,"COAST_TYPE":null}},{"type":"Feature","geometry":{"type":"Polygon","coordinates":[[[8.2562,49.5913],[8.4464,49.7308],[8.4148,49.5951],[8.281,49.5868],[8.2562,49.5913]]]},"properties":{"NUTS_ID":"DEB39","LEVL_CODE":3,"CNTR_CODE":"DE","NAME_LATN":"Worms, Kreisfreie Stadt","NUTS_NAME":"Worms, Kreisfreie Stadt","MOUNT_TYPE":null,"URBN_TYPE":1,"COAST_TYPE":null}},{"type":"Feature","geometry":{"type":"Polygon","coordinates":[[[7.3945,49.3164],[7.4128,49.2414],[7.3203,49.1895],[7.3945,49.3164]]]},"properties":{"NUTS_ID":"DEB3A","LEVL_CODE":3,"CNTR_CODE":"DE","NAME_LATN":"Zweibrücken, Kreisfreie Stadt","NUTS_NAME":"Zweibrücken, Kreisfreie Stadt","MOUNT_TYPE":null,"URBN_TYPE":1,"COAST_TYPE":null}},{"type":"Feature","geometry":{"type":"Polygon","coordinates":[[[7.9054,49.7523],[7.9636,49.8331],[8.4001,49.8037],[8.4484,49.7337],[8.4464,49.7308],[8.2562,49.5913],[8.1524,49.6269],[7.9054,49.7523]]]},"properties":{"NUTS_ID":"DEB3B","LEVL_CODE":3,"CNTR_CODE":"DE","NAME_LATN":"Alzey-Worms","NUTS_NAME":"Alzey-Worms","MOUNT_TYPE":null,"URBN_TYPE":3,"COAST_TYPE":null}},{"type":"Feature","geometry":{"type":"Polygon","coordinates":[[[7.9367,49.309],[7.8676,49.3133],[7.8337,49.3246],[7.9641,49.4896],[8.1524,49.6269],[8.2562,49.5913],[8.281,49.5868],[8.3144,49.3115],[7.9996,49.3438],[7.9367,49.309]]]},"properties":{"NUTS_ID":"DEB3C","LEVL_CODE":3,"CNTR_CODE":"DE","NAME_LATN":"Bad Dürkheim","NUTS_NAME":"Bad Dürkheim","MOUNT_TYPE":null,"URBN_TYPE":1,"COAST_TYPE":null}},{"type":"Feature","geometry":{"type":"Polygon","coordinates":[[[7.7033,49.6525],[7.9054,49.7523],[8.1524,49.6269],[7.9641,49.4896],[7.6963,49.5887],[7.7033,49.6525]]]},"properties":{"NUTS_ID":"DEB3D","LEVL_CODE":3,"CNTR_CODE":"DE","NAME_LATN":"Donnersbergkreis","NUTS_NAME":"Donnersbergkreis","MOUNT_TYPE":null,"URBN_TYPE":3,"COAST_TYPE":null}},{"type":"Feature","geometry":{"type":"Polygon","coordinates":[[[8.34,49.0801],[8.2773,48.9899],[8.2613,48.9809],[8.2326,48.9666],[8.0683,48.9993],[8.3203,49.2967],[8.4131,49.2498],[8.34,49.0801]]]},"properties":{"NUTS_ID":"DEB3E","LEVL_CODE":3,"CNTR_CODE":"DE","NAME_LATN":"Germersheim","NUTS_NAME":"Germersheim","MOUNT_TYPE":null,"URBN_TYPE":1,"COAST_TYPE":null}},{"type":"Feature","geometry":{"type":"Polygon","coordinates":[[[7.9641,49.4896],[7.8337,49.3246],[7.4021,49.3677],[7.3959,49.372],[7.6963,49.5887],[7.9641,49.4896]],[[7.5015,49.442],[7.7626,49.3778],[7.7447,49.4799],[7.5015,49.442]]]},"properties":{"NUTS_ID":"DEB3F","LEVL_CODE":3,"CNTR_CODE":"DE","NAME_LATN":"Kaiserslautern, Landkreis","NUTS_NAME":"Kaiserslautern, Landkreis","MOUNT_TYPE":null,"URBN_TYPE":2,"COAST_TYPE":null}},{"type":"Feature","geometry":{"type":"Polygon","coordinates":[[[7.5228,49.7076],[7.7033,49.6525],[7.6963,49.5887],[7.3959,49.372],[7.2926,49.4082],[7.2526,49.4315],[7.2766,49.5486],[7.5228,49.7076]]]},"properties":{"NUTS_ID":"DEB3G","LEVL_CODE":3,"CNTR_CODE":"DE","NAME_LATN":"Kusel","NUTS_NAME":"Kusel","MOUNT_TYPE":null,"URBN_TYPE":3,"COAST_TYPE":null}},{"type":"Feature","geometry":{"type":"Polygon","coordinates":[[[7.8721,49.2831],[7.9367,49.309],[7.9996,49.3438],[8.3174,49.3081],[8.3203,49.2967],[8.0683,48.9993],[7.9107,49.0452],[7.8721,49.2831]]]},"properties":{"NUTS_ID":"DEB3H","LEVL_CODE":3,"CNTR_CODE":"DE","NAME_LATN":"Südliche Weinstraße","NUTS_NAME":"Südliche Weinstraße","MOUNT_TYPE":null,"URBN_TYPE":2,"COAST_TYPE":null}},{"type":"Feature","geometry":{"type":"Polygon","coordinates":[[[8.467,49.283],[8.4131,49.2498],[8.3203,49.2967],[8.3174,49.3081],[8.3144,49.3115],[8.281,49.5868],[8.4148,49.5951],[8.4224,49.5834],[8.4227,49.5742],[8.3418,49.4899],[8.4725,49.4435],[8.4973,49.4113],[8.4627,49.3119],[8.467,49.283]]]},"properties":{"NUTS_ID":"DEB3I","LEVL_CODE":3,"CNTR_CODE":"DE","NAME_LATN":"Rhein-Pfalz-Kreis","NUTS_NAME":"Rhein-Pfalz-Kreis","MOUNT_TYPE":null,"URBN_TYPE":1,"COAST_TYPE":null}},{"type":"Feature","geometry":{"type":"Polygon","coordinates":[[[7.9636,49.8331],[7.7346,49.9987],[7.7648,50.0826],[7.774,50.0665],[8.1751,50.0343],[8.19,50.0353],[8.343,49.9405],[8.4001,49.8037],[7.9636,49.8331]]]},"properties":{"NUTS_ID":"DEB3J","LEVL_CODE":3,"CNTR_CODE":"DE","NAME_LATN":"Mainz-Bingen","NUTS_NAME":"Mainz-Bingen","MOUNT_TYPE":null,"URBN_TYPE":2,"COAST_TYPE":null}},{"type":"Feature","geometry":{"type":"Polygon","coordinates":[[[7.8676,49.3133],[7.8721,49.2831],[7.9107,49.0452],[7.6357,49.054],[7.3688,49.1615],[7.3203,49.1895],[7.4128,49.2414],[7.3945,49.3164],[7.4021,49.3677],[7.8337,49.3246],[7.8676,49.3133]],[[7.4355,49.1641],[7.6852,49.0598],[7.8061,49.2575],[7.6736,49.3077],[7.4355,49.1641]]]},"properties":{"NUTS_ID":"DEB3K","LEVL_CODE":3,"CNTR_CODE":"DE","NAME_LATN":"Südwestpfalz","NUTS_NAME":"Südwestpfalz","MOUNT_TYPE":null,"URBN_TYPE":3,"COAST_TYPE":null}},{"type":"Feature","geometry":{"type":"Polygon","coordinates":[[[6.7235,49.2188],[6.9443,49.3777],[7.117,49.3095],[7.1011,49.156],[6.7235,49.2188]]]},"properties":{"NUTS_ID":"DEC01","LEVL_CODE":3,"CNTR_CODE":"DE","NAME_LATN":"Regionalverband Saarbrücken","NUTS_NAME":"Regionalverband Saarbrücken","MOUNT_TYPE":null,"URBN_TYPE":1,"COAST_TYPE":null}},{"type":"Feature","geometry":{"type":"Polygon","coordinates":[[[6.3801,49.5511],[6.8915,49.6134],[6.9102,49.5017],[6.557,49.4192],[6.3671,49.4695],[6.3801,49.5511]]]},"properties":{"NUTS_ID":"DEC02","LEVL_CODE":3,"CNTR_CODE":"DE","NAME_LATN":"Merzig-Wadern","NUTS_NAME":"Merzig-Wadern","MOUNT_TYPE":null,"URBN_TYPE":2,"COAST_TYPE":null}},{"type":"Feature","geometry":{"type":"Polygon","coordinates":[[[7.2526,49.4315],[7.2926,49.4082],[7.117,49.3095],[6.9443,49.3777],[6.9893,49.4368],[7.2526,49.4315]]]},"properties":{"NUTS_ID":"DEC03","LEVL_CODE":3,"CNTR_CODE":"DE","NAME_LATN":"Neunkirchen","NUTS_NAME":"Neunkirchen","MOUNT_TYPE":null,"URBN_TYPE":2,"COAST_TYPE":null}},{"type":"Feature","geometry":{"type":"Polygon","coordinates":[[[6.9443,49.3777],[6.7235,49.2188],[6.557,49.4192],[6.9102,49.5017],[6.9893,49.4368],[6.9443,49.3777]]]},"properties":{"NUTS_ID":"DEC04","LEVL_CODE":3,"CNTR_CODE":"DE","NAME_LATN":"Saarlouis","NUTS_NAME":"Saarlouis","MOUNT_TYPE":null,"URBN_TYPE":1,"COAST_TYPE":null}},{"type":"Feature","geometry":{"type":"Polygon","coordinates":[[[7.3945,49.3164],[7.3203,49.1895],[7.3688,49.1615],[7.1011,49.156],[7.117,49.3095],[7.2926,49.4082],[7.3959,49.372],[7.4021,49.3677],[7.3945,49.3164]]]},"properties":{"NUTS_ID":"DEC05","LEVL_CODE":3,"CNTR_CODE":"DE","NAME_LATN":"Saarpfalz-Kreis","NUTS_NAME":"Saarpfalz-Kreis","MOUNT_TYPE":null,"URBN_TYPE":1,"COAST_TYPE":null}},{"type":"Feature","geometry":{"type":"Polygon","coordinates":[[[7.028,49.6394],[7.2766,49.5486],[7.2526,49.4315],[6.9893,49.4368],[6.9102,49.5017],[6.8915,49.6134],[7.028,49.6394]]]},"properties":{"NUTS_ID":"DEC06","LEVL_CODE":3,"CNTR_CODE":"DE","NAME_LATN":"St. Wendel","NUTS_NAME":"St. Wendel","MOUNT_TYPE":null,"URBN_TYPE":2,"COAST_TYPE":null}},{"type":"Feature","geometry":{"type":"Polygon","coordinates":[[[13.9656,51.0616],[13.5803,51.0646],[13.7662,51.1752],[13.9656,51.0616]]]},"properties":{"NUTS_ID":"DED21","LEVL_CODE":3,"CNTR_CODE":"DE","NAME_LATN":"Dresden, Kreisfreie Stadt","NUTS_NAME":"Dresden, Kreisfreie Stadt","MOUNT_TYPE":null,"URBN_TYPE":1,"COAST_TYPE":null}},{"type":"Feature","geometry":{"type":"Polygon","coordinates":[[[14.4912,51.0435],[14.3179,51.0547],[13.9656,51.0616],[13.7662,51.1752],[13.8353,51.3768],[14.1633,51.541],[14.4478,51.5421],[14.4912,51.0435]]]},"properties":{"NUTS_ID":"DED2C","LEVL_CODE":3,"CNTR_CODE":"DE","NAME_LATN":"Bautzen","NUTS_NAME":"Bautzen","MOUNT_TYPE":null,"URBN_TYPE":3,"COAST_TYPE":null}},{"type":"Feature","geometry":{"type":"Polygon","coordinates":[[[14.6188,50.8578],[14.4912,51.0435],[14.4478,51.5421],[14.7299,51.5818],[14.9742,51.3639],[14.8234,50.8706],[14.6188,50.8578]]]},"properties":{"NUTS_ID":"DED2D","LEVL_CODE":3,"CNTR_CODE":"DE","NAME_LATN":"Görlitz","NUTS_NAME":"Görlitz","MOUNT_TYPE":null,"URBN_TYPE":2,"COAST_TYPE":null}},{"type":"Feature","geometry":{"type":"Polygon","coordinates":[[[13.7662,51.1752],[13.5803,51.0646],[13.4219,51.0342],[13.1987,51.2304],[13.2101,51.4047],[13.6913,51.374],[13.8353,51.3768],[13.7662,51.1752]]]},"properties":{"NUTS_ID":"DED2E","LEVL_CODE":3,"CNTR_CODE":"DE","NAME_LATN":"Meißen","NUTS_NAME":"Meißen","MOUNT_TYPE":null,"URBN_TYPE":2,"COAST_TYPE":null}},{"type":"Feature","geometry":{"type":"Polygon","coordinates":[[[14.3179,51.0547],[13.6522,50.7304],[13.4219,51.0342],[13.5803,51.0646],[13.9656,51.0616],[14.3179,51.0547]]]},"properties":{"NUTS_ID":"DED2F","LEVL_CODE":3,"CNTR_CODE":"DE","NAME_LATN":"Sächsische Schweiz-Osterzgebirge","NUTS_NAME":"Sächsische Schweiz-Osterzgebirge","MOUNT_TYPE":null,"URBN_TYPE":1,"COAST_TYPE":null}},{"type":"Feature","geometry":{"type":"Polygon","coordinates":[[[12.7789,50.7896],[12.8043,50.8669],[13.0488,50.8066],[12.7789,50.7896]]]},"properties":{"NUTS_ID":"DED41","LEVL_CODE":3,"CNTR_CODE":"DE","NAME_LATN":"Chemnitz, Kreisfreie Stadt","NUTS_NAME":"Chemnitz, Kreisfreie Stadt","MOUNT_TYPE":null,"URBN_TYPE":2,"COAST_TYPE":null}},{"type":"Feature","geometry":{"type":"Polygon","coordinates":[[[12.9481,50.4043],[12.5838,50.4071],[12.5277,50.5467],[12.7789,50.7896],[13.0488,50.8066],[13.5018,50.6336],[12.9481,50.4043]]]},"properties":{"NUTS_ID":"DED42","LEVL_CODE":3,"CNTR_CODE":"DE","NAME_LATN":"Erzgebirgskreis","NUTS_NAME":"Erzgebirgskreis","MOUNT_TYPE":1,"URBN_TYPE":2,"COAST_TYPE":null}},{"type":"Feature","geometry":{"type":"Polygon","coordinates":[[[13.6522,50.7304],[13.5018,50.6336],[13.0488,50.8066],[12.8043,50.8669],[12.6529,50.9237],[12.6174,50.9808],[12.926,51.2182],[13.1987,51.2304],[13.4219,51.0342],[13.6522,50.7304]]]},"properties":{"NUTS_ID":"DED43","LEVL_CODE":3,"CNTR_CODE":"DE","NAME_LATN":"Mittelsachsen","NUTS_NAME":"Mittelsachsen","MOUNT_TYPE":null,"URBN_TYPE":2,"COAST_TYPE":null}},{"type":"Feature","geometry":{"type":"Polygon","coordinates":[[[12.5838,50.4071],[12.1009,50.318],[11.9193,50.4247],[11.9441,50.5913],[12.3189,50.6765],[12.5277,50.5467],[12.5838,50.4071]]]},"properties":{"NUTS_ID":"DED44","LEVL_CODE":3,"CNTR_CODE":"DE","NAME_LATN":"Vogtlandkreis","NUTS_NAME":"Vogtlandkreis","MOUNT_TYPE":null,"URBN_TYPE":2,"COAST_TYPE":null}},{"type":"Feature","geometry":{"type":"Polygon","coordinates":[[[12.8043,50.8669],[12.7789,50.7896],[12.5277,50.5467],[12.3189,50.6765],[12.2505,50.8185],[12.6529,50.9237],[12.8043,50.8669]]]},"properties":{"NUTS_ID":"DED45","LEVL_CODE":3,"CNTR_CODE":"DE","NAME_LATN":"Zwickau","NUTS_NAME":"Zwickau","MOUNT_TYPE":null,"URBN_TYPE":2,"COAST_TYPE":null}},{"type":"Feature","geometry":{"type":"Polygon","coordinates":[[[12.4987,51.3605],[12.4783,51.2696],[12.2432,51.3485],[12.4987,51.3605]]]},"properties":{"NUTS_ID":"DED51","LEVL_CODE":3,"CNTR_CODE":"DE","NAME_LATN":"Leipzig, Kreisfreie Stadt","NUTS_NAME":"Leipzig, Kreisfreie Stadt","MOUNT_TYPE":null,"URBN_TYPE":1,"COAST_TYPE":null}},{"type":"Feature","geometry":{"type":"Polygon","coordinates":[[[12.926,51.2182],[12.6174,50.9808],[12.2835,51.0919],[12.1709,51.2755],[12.1935,51.3325],[12.2432,51.3485],[12.4783,51.2696],[12.4987,51.3605],[12.926,51.2182]]]},"properties":{"NUTS_ID":"DED52","LEVL_CODE":3,"CNTR_CODE":"DE","NAME_LATN":"Leipzig","NUTS_NAME":"Leipzig","MOUNT_TYPE":null,"URBN_TYPE":1,"COAST_TYPE":null}},{"type":"Feature","geometry":{"type":"Polygon","coordinates":[[[13.2101,51.4047],[13.1987,51.2304],[12.926,51.2182],[12.4987,51.3605],[12.2432,51.3485],[12.1935,51.3325],[12.1989,51.5313],[12.5803,51.6261],[13.051,51.6477],[13.2101,51.4047]]]},"properties":{"NUTS_ID":"DED53","LEVL_CODE":3,"CNTR_CODE":"DE","NAME_LATN":"Nordsachsen","NUTS_NAME":"Nordsachsen","MOUNT_TYPE":null,"URBN_TYPE":3,"COAST_TYPE":null}},{"type":"Feature","geometry":{"type":"Polygon","coordinates":[[[12.3359,51.7338],[12.127,51.8224],[12.2813,51.9703],[12.3359,51.7338]]]},"properties":{"NUTS_ID":"DEE01","LEVL_CODE":3,"CNTR_CODE":"DE","NAME_LATN":"Dessau-Roßlau, Kreisfreie Stadt","NUTS_NAME":"Dessau-Roßlau, Kreisfreie Stadt","MOUNT_TYPE":null,"URBN_TYPE":2,"COAST_TYPE":null}},{"type":"Feature","geometry":{"type":"Polygon","coordinates":[[[11.8067,51.3784],[11.9872,51.559],[12.0368,51.4731],[11.8067,51.3784]]]},"properties":{"NUTS_ID":"DEE02","LEVL_CODE":3,"CNTR_CODE":"DE","NAME_LATN":"Halle (Saale), Kreisfreie Stadt","NUTS_NAME":"Halle (Saale), Kreisfreie Stadt","MOUNT_TYPE":null,"URBN_TYPE":2,"COAST_TYPE":null}},{"type":"Feature","geometry":{"type":"Polygon","coordinates":[[[11.7624,52.0731],[11.6371,52.0301],[11.7046,52.1995],[11.7624,52.0731]]]},"properties":{"NUTS_ID":"DEE03","LEVL_CODE":3,"CNTR_CODE":"DE","NAME_LATN":"Magdeburg, Kreisfreie Stadt","NUTS_NAME":"Magdeburg, Kreisfreie Stadt","MOUNT_TYPE":null,"URBN_TYPE":2,"COAST_TYPE":null}},{"type":"Feature","geometry":{"type":"Polygon","coordinates":[[[11.505,52.941],[11.5872,52.4587],[11.0088,52.4967],[10.7593,52.7958],[10.8416,52.8522],[11.505,52.941]]]},"properties":{"NUTS_ID":"DEE04","LEVL_CODE":3,"CNTR_CODE":"DE","NAME_LATN":"Altmarkkreis Salzwedel","NUTS_NAME":"Altmarkkreis Salzwedel","MOUNT_TYPE":null,"URBN_TYPE":3,"COAST_TYPE":null}},{"type":"Feature","geometry":{"type":"Polygon","coordinates":[[[12.5803,51.6261],[12.1989,51.5313],[11.8654,51.6754],[11.8908,52.0014],[12.2767,52.104],[12.3761,52.0451],[12.2813,51.9703],[12.127,51.8224],[12.3359,51.7338],[12.5803,51.6261]]]},"properties":{"NUTS_ID":"DEE05","LEVL_CODE":3,"CNTR_CODE":"DE","NAME_LATN":"Anhalt-Bitterfeld","NUTS_NAME":"Anhalt-Bitterfeld","MOUNT_TYPE":null,"URBN_TYPE":2,"COAST_TYPE":null}},{"type":"Feature","geometry":{"type":"Polygon","coordinates":[[[11.7624,52.0731],[11.7046,52.1995],[11.8053,52.3346],[12.1713,52.5062],[12.3172,52.4541],[12.2437,52.2081],[12.2767,52.104],[11.8908,52.0014],[11.7624,52.0731]]]},"properties":{"NUTS_ID":"DEE06","LEVL_CODE":3,"CNTR_CODE":"DE","NAME_LATN":"Jerichower Land","NUTS_NAME":"Jerichower Land","MOUNT_TYPE":null,"URBN_TYPE":3,"COAST_TYPE":null}},{"type":"Feature","geometry":{"type":"Polygon","coordinates":[[[11.7046,52.1995],[11.6371,52.0301],[11.3408,51.9012],[10.9644,52.0567],[10.9345,52.4718],[11.0088,52.4967],[11.5872,52.4587],[11.8053,52.3346],[11.7046,52.1995]]]},"properties":{"NUTS_ID":"DEE07","LEVL_CODE":3,"CNTR_CODE":"DE","NAME_LATN":"Börde","NUTS_NAME":"Börde","MOUNT_TYPE":null,"URBN_TYPE":2,"COAST_TYPE":null}},{"type":"Feature","geometry":{"type":"Polygon","coordinates":[[[12.1709,51.2755],[12.2835,51.0919],[12.2242,50.9429],[12.1635,50.9586],[12.021,50.9691],[11.6969,51.0875],[11.4846,51.1054],[11.3854,51.2459],[11.473,51.2965],[12.1709,51.2755]]]},"properties":{"NUTS_ID":"DEE08","LEVL_CODE":3,"CNTR_CODE":"DE","NAME_LATN":"Burgenlandkreis","NUTS_NAME":"Burgenlandkreis","MOUNT_TYPE":null,"URBN_TYPE":3,"COAST_TYPE":null}},{"type":"Feature","geometry":{"type":"Polygon","coordinates":[[[10.9644,52.0567],[11.3408,51.9012],[11.4016,51.7299],[10.9161,51.6164],[10.7014,51.6422],[10.5612,52.0041],[10.8015,52.048],[10.9644,52.0567]]]},"properties":{"NUTS_ID":"DEE09","LEVL_CODE":3,"CNTR_CODE":"DE","NAME_LATN":"Harz","NUTS_NAME":"Harz","MOUNT_TYPE":null,"URBN_TYPE":2,"COAST_TYPE":null}},{"type":"Feature","geometry":{"type":"Polygon","coordinates":[[[10.9161,51.6164],[11.4016,51.7299],[11.7516,51.6333],[11.4289,51.3398],[10.9781,51.4269],[10.9161,51.6164]]]},"properties":{"NUTS_ID":"DEE0A","LEVL_CODE":3,"CNTR_CODE":"DE","NAME_LATN":"Mansfeld-Südharz","NUTS_NAME":"Mansfeld-Südharz","MOUNT_TYPE":null,"URBN_TYPE":3,"COAST_TYPE":null}},{"type":"Feature","geometry":{"type":"Polygon","coordinates":[[[12.1935,51.3325],[12.1709,51.2755],[11.473,51.2965],[11.4289,51.3398],[11.7516,51.6333],[11.8654,51.6754],[12.1989,51.5313],[12.1935,51.3325]],[[11.8067,51.3784],[12.0368,51.4731],[11.9872,51.559],[11.8067,51.3784]]]},"properties":{"NUTS_ID":"DEE0B","LEVL_CODE":3,"CNTR_CODE":"DE","NAME_LATN":"Saalekreis","NUTS_NAME":"Saalekreis","MOUNT_TYPE":null,"URBN_TYPE":2,"COAST_TYPE":null}},{"type":"Feature","geometry":{"type":"Polygon","coordinates":[[[11.6371,52.0301],[11.7624,52.0731],[11.8908,52.0014],[11.8654,51.6754],[11.7516,51.6333],[11.4016,51.7299],[11.3408,51.9012],[11.6371,52.0301]]]},"properties":{"NUTS_ID":"DEE0C","LEVL_CODE":3,"CNTR_CODE":"DE","NAME_LATN":"Salzlandkreis","NUTS_NAME":"Salzlandkreis","MOUNT_TYPE":null,"URBN_TYPE":2,"COAST_TYPE":null}},{"type":"Feature","geometry":{"type":"Polygon","coordinates":[[[11.5872,52.4587],[11.505,52.941],[11.5978,53.0359],[12.1268,52.8902],[12.2492,52.7919],[12.1713,52.5062],[11.8053,52.3346],[11.5872,52.4587]]]},"properties":{"NUTS_ID":"DEE0D","LEVL_CODE":3,"CNTR_CODE":"DE","NAME_LATN":"Stendal","NUTS_NAME":"Stendal","MOUNT_TYPE":null,"URBN_TYPE":3,"COAST_TYPE":null}},{"type":"Feature","geometry":{"type":"Polygon","coordinates":[[[13.051,51.6477],[12.5803,51.6261],[12.3359,51.7338],[12.2813,51.9703],[12.3761,52.0451],[12.7698,51.9793],[13.1509,51.8596],[13.051,51.6477]]]},"properties":{"NUTS_ID":"DEE0E","LEVL_CODE":3,"CNTR_CODE":"DE","NAME_LATN":"Wittenberg","NUTS_NAME":"Wittenberg","MOUNT_TYPE":null,"URBN_TYPE":3,"COAST_TYPE":null}},{"type":"Feature","geometry":{"type":"Polygon","coordinates":[[[9.5037,54.8069],[9.4028,54.8069],[9.4229,54.8232],[9.5037,54.8069]]]},"properties":{"NUTS_ID":"DEF01","LEVL_CODE":3,"CNTR_CODE":"DE","NAME_LATN":"Flensburg, Kreisfreie Stadt","NUTS_NAME":"Flensburg, Kreisfreie Stadt","MOUNT_TYPE":null,"URBN_TYPE":2,"COAST_TYPE":1}},{"type":"Feature","geometry":{"type":"Polygon","coordinates":[[[10.1742,54.3457],[10.1234,54.2555],[10.1685,54.4328],[10.1742,54.3457]]]},"properties":{"NUTS_ID":"DEF02","LEVL_CODE":3,"CNTR_CODE":"DE","NAME_LATN":"Kiel, Kreisfreie Stadt","NUTS_NAME":"Kiel, Kreisfreie Stadt","MOUNT_TYPE":null,"URBN_TYPE":1,"COAST_TYPE":1}},{"type":"Feature","geometry":{"type":"Polygon","coordinates":[[[10.9037,53.9568],[10.763,53.8112],[10.5823,53.8046],[10.5796,53.8976],[10.8414,53.992],[10.9037,53.9568]]]},"properties":{"NUTS_ID":"DEF03","LEVL_CODE":3,"CNTR_CODE":"DE","NAME_LATN":"Lübeck, Kreisfreie Stadt","NUTS_NAME":"Lübeck, Kreisfreie Stadt","MOUNT_TYPE":null,"URBN_TYPE":2,"COAST_TYPE":1}},{"type":"Feature","geometry":{"type":"Polygon","coordinates":[[[10.0559,54.0571],[9.9444,54.0218],[10.0349,54.1288],[10.0559,54.0571]]]},"properties":{"NUTS_ID":"DEF04","LEVL_CODE":3,"CNTR_CODE":"DE","NAME_LATN":"Neumünster, Kreisfreie Stadt","NUTS_NAME":"Neumünster, Kreisfreie Stadt","MOUNT_TYPE":null,"URBN_TYPE":2,"COAST_TYPE":1}},{"type":"Feature","geometry":{"type":"Polygon","coordinates":[[[8.8448,54.2655],[9.176,54.3349],[9.3935,54.289],[9.3111,54.0634],[9.1984,53.8894],[8.8448,54.2655]]]},"properties":{"NUTS_ID":"DEF05","LEVL_CODE":3,"CNTR_CODE":"DE","NAME_LATN":"Dithmarschen","NUTS_NAME":"Dithmarschen","MOUNT_TYPE":null,"URBN_TYPE":3,"COAST_TYPE":1}},{"type":"Feature","geometry":{"type":"Polygon","coordinates":[[[10.5823,53.8046],[10.763,53.8112],[10.9519,53.6476],[10.595,53.3639],[10.4692,53.3858],[10.2709,53.4219],[10.2367,53.4964],[10.5823,53.8046]]]},"properties":{"NUTS_ID":"DEF06","LEVL_CODE":3,"CNTR_CODE":"DE","NAME_LATN":"Herzogtum Lauenburg","NUTS_NAME":"Herzogtum Lauenburg","MOUNT_TYPE":null,"URBN_TYPE":2,"COAST_TYPE":null}},{"type":"Feature","geometry":{"type":"Polygon","coordinates":[[[9.176,54.3349],[8.8448,54.2655],[8.636,54.9116],[9.1131,54.8736],[9.176,54.3349]]]},"properties":{"NUTS_ID":"DEF07","LEVL_CODE":3,"CNTR_CODE":"DE","NAME_LATN":"Nordfriesland","NUTS_NAME":"Nordfriesland","MOUNT_TYPE":null,"URBN_TYPE":3,"COAST_TYPE":1}},{"type":"Feature","geometry":{"type":"Polygon","coordinates":[[[10.8414,53.992],[10.5796,53.8976],[10.5339,53.9188],[10.4536,54.0615],[10.7138,54.3051],[10.8414,53.992]]]},"properties":{"NUTS_ID":"DEF08","LEVL_CODE":3,"CNTR_CODE":"DE","NAME_LATN":"Ostholstein","NUTS_NAME":"Ostholstein","MOUNT_TYPE":null,"URBN_TYPE":2,"COAST_TYPE":1}},{"type":"Feature","geometry":{"type":"Polygon","coordinates":[[[9.5176,53.7139],[9.7514,53.893],[9.9454,53.6529],[9.7344,53.5652],[9.5176,53.7139]]]},"properties":{"NUTS_ID":"DEF09","LEVL_CODE":3,"CNTR_CODE":"DE","NAME_LATN":"Pinneberg","NUTS_NAME":"Pinneberg","MOUNT_TYPE":null,"URBN_TYPE":1,"COAST_TYPE":1}},{"type":"Feature","geometry":{"type":"Polygon","coordinates":[[[10.1234,54.2555],[10.1742,54.3457],[10.7138,54.3051],[10.4536,54.0615],[10.0559,54.0571],[10.0349,54.1288],[10.1234,54.2555]]]},"properties":{"NUTS_ID":"DEF0A","LEVL_CODE":3,"CNTR_CODE":"DE","NAME_LATN":"Plön","NUTS_NAME":"Plön","MOUNT_TYPE":null,"URBN_TYPE":1,"COAST_TYPE":1}},{"type":"Feature","geometry":{"type":"Polygon","coordinates":[[[10.1685,54.4328],[10.1234,54.2555],[10.0349,54.1288],[9.9444,54.0218],[9.8643,54.012],[9.3111,54.0634],[9.3935,54.289],[9.675,54.4961],[10.1685,54.4328]]]},"properties":{"NUTS_ID":"DEF0B","LEVL_CODE":3,"CNTR_CODE":"DE","NAME_LATN":"Rendsburg-Eckernförde","NUTS_NAME":"Rendsburg-Eckernförde","MOUNT_TYPE":null,"URBN_TYPE":2,"COAST_TYPE":1}},{"type":"Feature","geometry":{"type":"Polygon","coordinates":[[[9.4028,54.8069],[9.5037,54.8069],[9.675,54.4961],[9.3935,54.289],[9.176,54.3349],[9.1131,54.8736],[9.4028,54.8069]]]},"properties":{"NUTS_ID":"DEF0C","LEVL_CODE":3,"CNTR_CODE":"DE","NAME_LATN":"Schleswig-Flensburg","NUTS_NAME":"Schleswig-Flensburg","MOUNT_TYPE":null,"URBN_TYPE":2,"COAST_TYPE":1}},{"type":"Feature","geometry":{"type":"Polygon","coordinates":[[[9.9444,54.0218],[10.0559,54.0571],[10.4536,54.0615],[10.5339,53.9188],[10.0714,53.697],[9.9454,53.6529],[9.7514,53.893],[9.8643,54.012],[9.9444,54.0218]]]},"properties":{"NUTS_ID":"DEF0D","LEVL_CODE":3,"CNTR_CODE":"DE","NAME_LATN":"Segeberg","NUTS_NAME":"Segeberg","MOUNT_TYPE":null,"URBN_TYPE":2,"COAST_TYPE":1}},{"type":"Feature","geometry":{"type":"Polygon","coordinates":[[[9.1984,53.8894],[9.3111,54.0634],[9.8643,54.012],[9.7514,53.893],[9.5176,53.7139],[9.1984,53.8894]]]},"properties":{"NUTS_ID":"DEF0E","LEVL_CODE":3,"CNTR_CODE":"DE","NAME_LATN":"Steinburg","NUTS_NAME":"Steinburg","MOUNT_TYPE":null,"URBN_TYPE":2,"COAST_TYPE":1}},{"type":"Feature","geometry":{"type":"Polygon","coordinates":[[[10.5796,53.8976],[10.5823,53.8046],[10.2367,53.4964],[10.0714,53.697],[10.5339,53.9188],[10.5796,53.8976]]]},"properties":{"NUTS_ID":"DEF0F","LEVL_CODE":3,"CNTR_CODE":"DE","NAME_LATN":"Stormarn","NUTS_NAME":"Stormarn","MOUNT_TYPE":null,"URBN_TYPE":2,"COAST_TYPE":null}},{"type":"Feature","geometry":{"type":"Polygon","coordinates":[[[11.1103,50.9131],[10.9362,50.8949],[10.863,51.0265],[11.1705,51.0185],[11.1103,50.9131]]]},"properties":{"NUTS_ID":"DEG01","LEVL_CODE":3,"CNTR_CODE":"DE","NAME_LATN":"Erfurt, Kreisfreie Stadt","NUTS_NAME":"Erfurt, Kreisfreie Stadt","MOUNT_TYPE":null,"URBN_TYPE":2,"COAST_TYPE":null}},{"type":"Feature","geometry":{"type":"Polygon","coordinates":[[[12.021,50.9691],[12.1635,50.9586],[12.0212,50.948],[12.021,50.9691]]]},"properties":{"NUTS_ID":"DEG02","LEVL_CODE":3,"CNTR_CODE":"DE","NAME_LATN":"Gera, Kreisfreie Stadt","NUTS_NAME":"Gera, Kreisfreie Stadt","MOUNT_TYPE":null,"URBN_TYPE":2,"COAST_TYPE":null}},{"type":"Feature","geometry":{"type":"Polygon","coordinates":[[[10.0837,49.5436],[9.6487,49.7915],[9.7799,49.8716],[10.0309,49.9522],[10.1892,49.8921],[10.1103,49.6214],[10.0837,49.5436]],[[9.7789,49.8685],[9.9517,49.7244],[10.0248,49.8202],[9.7789,49.8685]]]},"properties":{"NUTS_ID":"DE26C","LEVL_CODE":3,"CNTR_CODE":"DE","NAME_LATN":"Würzburg, Landkreis","NUTS_NAME":"Würzburg, Landkreis","MOUNT_TYPE":null,"URBN_TYPE":2,"COAST_TYPE":null}},{"type":"Feature","geometry":{"type":"Polygon","coordinates":[[[10.8841,48.4584],[10.9563,48.3809],[10.9108,48.2583],[10.8841,48.4584]]]},"properties":{"NUTS_ID":"DE271","LEVL_CODE":3,"CNTR_CODE":"DE","NAME_LATN":"Augsburg, Kreisfreie Stadt","NUTS_NAME":"Augsburg, Kreisfreie Stadt","MOUNT_TYPE":null,"URBN_TYPE":1,"COAST_TYPE":null}},{"type":"Feature","geometry":{"type":"Polygon","coordinates":[[[10.3868,47.8948],[10.6782,47.9357],[10.6631,47.8353],[10.3868,47.8948]]]},"properties":{"NUTS_ID":"DE272","LEVL_CODE":3,"CNTR_CODE":"DE","NAME_LATN":"Kaufbeuren, Kreisfreie Stadt","NUTS_NAME":"Kaufbeuren, Kreisfreie Stadt","MOUNT_TYPE":null,"URBN_TYPE":2,"COAST_TYPE":null}},{"type":"Feature","geometry":{"type":"Polygon","coordinates":[[[10.1991,47.7309],[10.3209,47.813],[10.4366,47.7222],[10.3009,47.6608],[10.1991,47.7309]]]},"properties":{"NUTS_ID":"DE273","LEVL_CODE":3,"CNTR_CODE":"DE","NAME_LATN":"Kempten (Allgäu), Kreisfreie Stadt","NUTS_NAME":"Kempten (Allgäu), Kreisfreie Stadt","MOUNT_TYPE":1,"URBN_TYPE":2,"COAST_TYPE":null}},{"type":"Feature","geometry":{"type":"Polygon","coordinates":[[[10.1053,47.9746],[10.1149,47.9763],[10.1101,47.9371],[10.1053,47.9746]]]},"properties":{"NUTS_ID":"DE274","LEVL_CODE":3,"CNTR_CODE":"DE","NAME_LATN":"Memmingen, Kreisfreie Stadt","NUTS_NAME":"Memmingen, Kreisfreie Stadt","MOUNT_TYPE":null,"URBN_TYPE":3,"COAST_TYPE":null}},{"type":"Feature","geometry":{"type":"Polygon","coordinates":[[[10.9108,48.2583],[10.9563,48.3809],[10.8841,48.4584],[10.9239,48.587],[11.023,48.6202],[11.2954,48.4746],[11.3117,48.4523],[11.1168,48.2685],[11.0345,48.193],[10.9034,48.2367],[10.9108,48.2583]]]},"properties":{"NUTS_ID":"DE275","LEVL_CODE":3,"CNTR_CODE":"DE","NAME_LATN":"Aichach-Friedberg","NUTS_NAME":"Aichach-Friedberg","MOUNT_TYPE":null,"URBN_TYPE":2,"COAST_TYPE":null}},{"type":"Feature","geometry":{"type":"Polygon","coordinates":[[[10.8841,48.4584],[10.9108,48.2583],[10.9034,48.2367],[10.8004,48.1038],[10.7018,48.0979],[10.5736,48.2121],[10.5284,48.4714],[10.7794,48.6189],[10.9239,48.587],[10.8841,48.4584]]]},"properties":{"NUTS_ID":"DE276","LEVL_CODE":3,"CNTR_CODE":"DE","NAME_LATN":"Augsburg, Landkreis","NUTS_NAME":"Augsburg, Landkreis","MOUNT_TYPE":null,"URBN_TYPE":1,"COAST_TYPE":null}},{"type":"Feature","geometry":{"type":"Polygon","coordinates":[[[10.2782,48.5161],[10.4873,48.6967],[10.7794,48.6189],[10.5284,48.4714],[10.2782,48.5161]]]},"properties":{"NUTS_ID":"DE277","LEVL_CODE":3,"CNTR_CODE":"DE","NAME_LATN":"Dillingen a.d. Donau","NUTS_NAME":"Dillingen a.d. Donau","MOUNT_TYPE":null,"URBN_TYPE":3,"COAST_TYPE":null}},{"type":"Feature","geometry":{"type":"Polygon","coordinates":[[[10.2308,48.5105],[10.2782,48.5161],[10.5284,48.4714],[10.5736,48.2121],[10.2714,48.2297],[10.1339,48.4549],[10.2308,48.5105]]]},"properties":{"NUTS_ID":"DE278","LEVL_CODE":3,"CNTR_CODE":"DE","NAME_LATN":"Günzburg","NUTS_NAME":"Günzburg","MOUNT_TYPE":null,"URBN_TYPE":2,"COAST_TYPE":null}},{"type":"Feature","geometry":{"type":"Polygon","coordinates":[[[9.9976,48.3501],[10.0327,48.4572],[10.1339,48.4549],[10.2714,48.2297],[10.1365,48.1085],[10.0954,48.164],[9.9976,48.3501]]]},"properties":{"NUTS_ID":"DE279","LEVL_CODE":3,"CNTR_CODE":"DE","NAME_LATN":"Neu-Ulm","NUTS_NAME":"Neu-Ulm","MOUNT_TYPE":null,"URBN_TYPE":2,"COAST_TYPE":null}},{"type":"Feature","geometry":{"type":"Polygon","coordinates":[[[9.9678,47.5462],[9.5587,47.5419],[9.6922,47.6104],[10.0773,47.6393],[9.9678,47.5462]]]},"properties":{"NUTS_ID":"DE27A","LEVL_CODE":3,"CNTR_CODE":"DE","NAME_LATN":"Lindau (Bodensee)","NUTS_NAME":"Lindau (Bodensee)","MOUNT_TYPE":1,"URBN_TYPE":1,"COAST_TYPE":null}},{"type":"Feature","geometry":{"type":"Polygon","coordinates":[[[10.8861,47.5368],[10.4544,47.5558],[10.4671,47.7132],[10.3269,47.8581],[10.7018,48.0979],[10.8004,48.1038],[10.7671,47.8438],[10.9528,47.6163],[10.8861,47.5368]],[[10.3868,47.8948],[10.6631,47.8353],[10.6782,47.9357],[10.3868,47.8948]]]},"properties":{"NUTS_ID":"DE27B","LEVL_CODE":3,"CNTR_CODE":"DE","NAME_LATN":"Ostallgäu","NUTS_NAME":"Ostallgäu","MOUNT_TYPE":null,"URBN_TYPE":2,"COAST_TYPE":null}},{"type":"Feature","geometry":{"type":"Polygon","coordinates":[[[10.1149,47.9763],[10.1365,48.1085],[10.2714,48.2297],[10.5736,48.2121],[10.7018,48.0979],[10.3269,47.8581],[10.1319,47.8201],[10.1101,47.9371],[10.1149,47.9763]]]},"properties":{"NUTS_ID":"DE27C","LEVL_CODE":3,"CNTR_CODE":"DE","NAME_LATN":"Unterallgäu","NUTS_NAME":"Unterallgäu","MOUNT_TYPE":null,"URBN_TYPE":3,"COAST_TYPE":null}},{"type":"Feature","geometry":{"type":"Polygon","coordinates":[[[10.4873,48.6967],[10.4237,48.7442],[10.4098,48.9774],[10.6423,49.0166],[10.9368,48.8633],[11.0059,48.8219],[11.023,48.6202],[10.9239,48.587],[10.7794,48.6189],[10.4873,48.6967]]]},"properties":{"NUTS_ID":"DE27D","LEVL_CODE":3,"CNTR_CODE":"DE","NAME_LATN":"Donau-Ries","NUTS_NAME":"Donau-Ries","MOUNT_TYPE":null,"URBN_TYPE":3,"COAST_TYPE":null}},{"type":"Feature","geometry":{"type":"Polygon","coordinates":[[[10.1784,47.2701],[9.9995,47.483],[9.9678,47.5462],[10.0773,47.6393],[10.1319,47.8201],[10.3269,47.8581],[10.4671,47.7132],[10.4544,47.5558],[10.1784,47.2701]],[[10.1991,47.7309],[10.3009,47.6608],[10.4366,47.7222],[10.3209,47.813],[10.1991,47.7309]]]},"properties":{"NUTS_ID":"DE27E","LEVL_CODE":3,"CNTR_CODE":"DE","NAME_LATN":"Oberallgäu","NUTS_NAME":"Oberallgäu","MOUNT_TYPE":1,"URBN_TYPE":2,"COAST_TYPE":null}},{"type":"Feature","geometry":{"type":"Polygon","coordinates":[[[13.667,52.4742],[13.6997,52.3779],[13.421,52.3762],[13.3119,52.3992],[13.1659,52.3943],[13.1537,52.5018],[13.1643,52.5989],[13.3985,52.6482],[13.6108,52.5442],[13.667,52.4742]]]},"properties":{"NUTS_ID":"DE300","LEVL_CODE":3,"CNTR_CODE":"DE","NAME_LATN":"Berlin","NUTS_NAME":"Berlin","MOUNT_TYPE":null,"URBN_TYPE":1,"COAST_TYPE":null}},{"type":"Feature","geometry":{"type":"Polygon","coordinates":[[[12.2694,52.2938],[12.5099,52.4727],[12.5647,52.394],[12.2694,52.2938]]]},"properties":{"NUTS_ID":"DE401","LEVL_CODE":3,"CNTR_CODE":"DE","NAME_LATN":"Brandenburg an der Havel, Kreisfreie Stadt","NUTS_NAME":"Brandenburg an der Havel, Kreisfreie Stadt","MOUNT_TYPE":null,"URBN_TYPE":2,"COAST_TYPE":null}},{"type":"Feature","geometry":{"type":"Polygon","coordinates":[[[14.1073,51.7974],[14.3651,51.8461],[14.3649,51.7411],[14.1073,51.7974]]]},"properties":{"NUTS_ID":"DE402","LEVL_CODE":3,"CNTR_CODE":"DE","NAME_LATN":"Cottbus, Kreisfreie Stadt","NUTS_NAME":"Cottbus, Kreisfreie Stadt","MOUNT_TYPE":null,"URBN_TYPE":2,"COAST_TYPE":null}},{"type":"Feature","geometry":{"type":"Polygon","coordinates":[[[14.5344,52.395],[14.6009,52.2721],[14.4238,52.374],[14.5344,52.395]]]},"properties":{"NUTS_ID":"DE403","LEVL_CODE":3,"CNTR_CODE":"DE","NAME_LATN":"Frankfurt (Oder), Kreisfreie Stadt","NUTS_NAME":"Frankfurt (Oder), Kreisfreie Stadt","MOUNT_TYPE":null,"URBN_TYPE":2,"COAST_TYPE":null}},{"type":"Feature","geometry":{"type":"Polygon","coordinates":[[[13.1537,52.5018],[13.1659,52.3943],[12.8935,52.4608],[13.1537,52.5018]]]},"properties":{"NUTS_ID":"DE404","LEVL_CODE":3,"CNTR_CODE":"DE","NAME_LATN":"Potsdam, Kreisfreie Stadt","NUTS_NAME":"Potsdam, Kreisfreie Stadt","MOUNT_TYPE":null,"URBN_TYPE":2,"COAST_TYPE":null}},{"type":"Feature","geometry":{"type":"Polygon","coordinates":[[[13.6108,52.5442],[13.3985,52.6482],[13.5179,52.9887],[14.1437,52.9614],[14.1567,52.8956],[13.6108,52.5442]]]},"properties":{"NUTS_ID":"DE405","LEVL_CODE":3,"CNTR_CODE":"DE","NAME_LATN":"Barnim","NUTS_NAME":"Barnim","MOUNT_TYPE":null,"URBN_TYPE":2,"COAST_TYPE":null}},{"type":"Feature","geometry":{"type":"Polygon","coordinates":[[[13.421,52.3762],[13.6997,52.3779],[14.446,52.0264],[14.0885,51.8783],[13.7981,51.7371],[13.5071,51.792],[13.421,52.3762]]]},"properties":{"NUTS_ID":"DE406","LEVL_CODE":3,"CNTR_CODE":"DE","NAME_LATN":"Dahme-Spreewald","NUTS_NAME":"Dahme-Spreewald","MOUNT_TYPE":null,"URBN_TYPE":2,"COAST_TYPE":null}},{"type":"Feature","geometry":{"type":"Polygon","coordinates":[[[13.6913,51.374],[13.2101,51.4047],[13.051,51.6477],[13.1509,51.8596],[13.5071,51.792],[13.7981,51.7371],[13.6913,51.374]]]},"properties":{"NUTS_ID":"DE407","LEVL_CODE":3,"CNTR_CODE":"DE","NAME_LATN":"Elbe-Elster","NUTS_NAME":"Elbe-Elster","MOUNT_TYPE":null,"URBN_TYPE":3,"COAST_TYPE":null}},{"type":"Feature","geometry":{"type":"Polygon","coordinates":[[[12.3172,52.4541],[12.1713,52.5062],[12.2492,52.7919],[12.8288,52.6948],[13.1643,52.5989],[13.1537,52.5018],[12.8935,52.4608],[12.5761,52.5459],[12.3172,52.4541]]]},"properties":{"NUTS_ID":"DE408","LEVL_CODE":3,"CNTR_CODE":"DE","NAME_LATN":"Havelland","NUTS_NAME":"Havelland","MOUNT_TYPE":null,"URBN_TYPE":2,"COAST_TYPE":null}},{"type":"Feature","geometry":{"type":"Polygon","coordinates":[[[13.667,52.4742],[13.6108,52.5442],[14.1567,52.8956],[14.4364,52.6799],[14.5651,52.6245],[14.5344,52.395],[14.4238,52.374],[13.667,52.4742]]]},"properties":{"NUTS_ID":"DE409","LEVL_CODE":3,"CNTR_CODE":"DE","NAME_LATN":"Märkisch-Oderland","NUTS_NAME":"Märkisch-Oderland","MOUNT_TYPE":null,"URBN_TYPE":2,"COAST_TYPE":null}},{"type":"Feature","geometry":{"type":"Polygon","coordinates":[[[13.3985,52.6482],[13.1643,52.5989],[12.8288,52.6948],[12.9847,53.165],[13.2414,53.2324],[13.5179,52.9887],[13.3985,52.6482]]]},"properties":{"NUTS_ID":"DE40A","LEVL_CODE":3,"CNTR_CODE":"DE","NAME_LATN":"Oberhavel","NUTS_NAME":"Oberhavel","MOUNT_TYPE":null,"URBN_TYPE":2,"COAST_TYPE":null}},{"type":"Feature","geometry":{"type":"Polygon","coordinates":[[[14.1633,51.541],[13.8353,51.3768],[13.6913,51.374],[13.7981,51.7371],[14.0885,51.8783],[14.1633,51.541]]]},"properties":{"NUTS_ID":"DE40B","LEVL_CODE":3,"CNTR_CODE":"DE","NAME_LATN":"Oberspreewald-Lausitz","NUTS_NAME":"Oberspreewald-Lausitz","MOUNT_TYPE":null,"URBN_TYPE":3,"COAST_TYPE":null}},{"type":"Feature","geometry":{"type":"Polygon","coordinates":[[[13.6997,52.3779],[13.667,52.4742],[14.4238,52.374],[14.6009,52.2721],[14.7551,52.0701],[14.7167,52.0012],[14.446,52.0264],[13.6997,52.3779]]]},"properties":{"NUTS_ID":"DE40C","LEVL_CODE":3,"CNTR_CODE":"DE","NAME_LATN":"Oder-Spree","NUTS_NAME":"Oder-Spree","MOUNT_TYPE":null,"URBN_TYPE":2,"COAST_TYPE":null}},{"type":"Feature","geometry":{"type":"Polygon","coordinates":[[[12.2492,52.7919],[12.1268,52.8902],[12.3251,53.3213],[12.3318,53.318],[12.9847,53.165],[12.8288,52.6948],[12.2492,52.7919]]]},"properties":{"NUTS_ID":"DE40D","LEVL_CODE":3,"CNTR_CODE":"DE","NAME_LATN":"Ostprignitz-Ruppin","NUTS_NAME":"Ostprignitz-Ruppin","MOUNT_TYPE":null,"URBN_TYPE":3,"COAST_TYPE":null}},{"type":"Feature","geometry":{"type":"Polygon","coordinates":[[[12.3761,52.0451],[12.2767,52.104],[12.2437,52.2081],[12.3172,52.4541],[12.5761,52.5459],[12.8935,52.4608],[13.1659,52.3943],[13.3119,52.3992],[12.7698,51.9793],[12.3761,52.0451]],[[12.2694,52.2938],[12.5647,52.394],[12.5099,52.4727],[12.2694,52.2938]]]},"properties":{"NUTS_ID":"DE40E","LEVL_CODE":3,"CNTR_CODE":"DE","NAME_LATN":"Potsdam-Mittelmark","NUTS_NAME":"Potsdam-Mittelmark","MOUNT_TYPE":null,"URBN_TYPE":2,"COAST_TYPE":null}},{"type":"Feature","geometry":{"type":"Polygon","coordinates":[[[12.1268,52.8902],[11.5978,53.0359],[11.2657,53.122],[12.3251,53.3213],[12.1268,52.8902]]]},"properties":{"NUTS_ID":"DE40F","LEVL_CODE":3,"CNTR_CODE":"DE","NAME_LATN":"Prignitz","NUTS_NAME":"Prignitz","MOUNT_TYPE":null,"URBN_TYPE":3,"COAST_TYPE":null}},{"type":"Feature","geometry":{"type":"Polygon","coordinates":[[[14.4478,51.5421],[14.1633,51.541],[14.0885,51.8783],[14.446,52.0264],[14.7167,52.0012],[14.7299,51.5818],[14.4478,51.5421]],[[14.1073,51.7974],[14.3649,51.7411],[14.3651,51.8461],[14.1073,51.7974]]]},"properties":{"NUTS_ID":"DE40G","LEVL_CODE":3,"CNTR_CODE":"DE","NAME_LATN":"Spree-Neiße","NUTS_NAME":"Spree-Neiße","MOUNT_TYPE":null,"URBN_TYPE":2,"COAST_TYPE":null}},{"type":"Feature","geometry":{"type":"Polygon","coordinates":[[[13.1509,51.8596],[12.7698,51.9793],[13.3119,52.3992],[13.421,52.3762],[13.5071,51.792],[13.1509,51.8596]]]},"properties":{"NUTS_ID":"DE40H","LEVL_CODE":3,"CNTR_CODE":"DE","NAME_LATN":"Teltow-Fläming","NUTS_NAME":"Teltow-Fläming","MOUNT_TYPE":null,"URBN_TYPE":2,"COAST_TYPE":null}},{"type":"Feature","geometry":{"type":"Polygon","coordinates":[[[14.1437,52.9614],[13.5179,52.9887],[13.2414,53.2324],[13.7101,53.4791],[14.4122,53.3296],[14.1437,52.9614]]]},"properties":{"NUTS_ID":"DE40I","LEVL_CODE":3,"CNTR_CODE":"DE","NAME_LATN":"Uckermark","NUTS_NAME":"Uckermark","MOUNT_TYPE":null,"URBN_TYPE":2,"COAST_TYPE":null}},{"type":"Feature","geometry":{"type":"Polygon","coordinates":[[[8.4853,53.2271],[8.9842,53.1261],[8.9158,53.011],[8.7114,53.0446],[8.6549,53.1089],[8.4853,53.2271]]]},"properties":{"NUTS_ID":"DE501","LEVL_CODE":3,"CNTR_CODE":"DE","NAME_LATN":"Bremen, Kreisfreie Stadt","NUTS_NAME":"Bremen, Kreisfreie Stadt","MOUNT_TYPE":null,"URBN_TYPE":1,"COAST_TYPE":1}},{"type":"Feature","geometry":{"type":"Polygon","coordinates":[[[8.5204,53.6062],[8.5965,53.4906],[8.4927,53.4724],[8.5527,53.5162],[8.5204,53.6062]]]},"properties":{"NUTS_ID":"DE502","LEVL_CODE":3,"CNTR_CODE":"DE","NAME_LATN":"Bremerhaven, Kreisfreie Stadt","NUTS_NAME":"Bremerhaven, Kreisfreie Stadt","MOUNT_TYPE":null,"URBN_TYPE":2,"COAST_TYPE":1}},{"type":"Feature","geometry":{"type":"Polygon","coordinates":[[[10.2367,53.4964],[10.2709,53.4219],[9.7689,53.5053],[9.7721,53.5434],[9.7344,53.5652],[9.9454,53.6529],[10.0714,53.697],[10.2367,53.4964]]]},"properties":{"NUTS_ID":"DE600","LEVL_CODE":3,"CNTR_CODE":"DE","NAME_LATN":"Hamburg","NUTS_NAME":"Hamburg","MOUNT_TYPE":null,"URBN_TYPE":1,"COAST_TYPE":1}},{"type":"Feature","geometry":{"type":"Polygon","coordinates":[[[8.6745,49.9515],[8.7257,49.9542],[8.7033,49.9463],[8.6745,49.9515]]]},"properties":{"NUTS_ID":"DE711","LEVL_CODE":3,"CNTR_CODE":"DE","NAME_LATN":"Darmstadt, Kreisfreie Stadt","NUTS_NAME":"Darmstadt, Kreisfreie Stadt","MOUNT_TYPE":null,"URBN_TYPE":1,"COAST_TYPE":null}},{"type":"Feature","geometry":{"type":"Polygon","coordinates":[[[8.7899,50.176],[8.7806,50.1367],[8.7178,50.0624],[8.5913,50.0177],[8.5207,50.0617],[8.5902,50.1595],[8.7114,50.2263],[8.7899,50.176]]]},"properties":{"NUTS_ID":"DE712","LEVL_CODE":3,"CNTR_CODE":"DE","NAME_LATN":"Frankfurt am Main, Kreisfreie Stadt","NUTS_NAME":"Frankfurt am Main, Kreisfreie Stadt","MOUNT_TYPE":null,"URBN_TYPE":1,"COAST_TYPE":null}},{"type":"Feature","geometry":{"type":"Polygon","coordinates":[[[8.7178,50.0624],[8.7806,50.1367],[8.818,50.1335],[8.7178,50.0624]]]},"properties":{"NUTS_ID":"DE713","LEVL_CODE":3,"CNTR_CODE":"DE","NAME_LATN":"Offenbach am Main, Kreisfreie Stadt","NUTS_NAME":"Offenbach am Main, Kreisfreie Stadt","MOUNT_TYPE":null,"URBN_TYPE":1,"COAST_TYPE":null}},{"type":"Feature","geometry":{"type":"Polygon","coordinates":[[[8.2882,49.9951],[8.19,50.0353],[8.1751,50.0343],[8.3273,50.1457],[8.3306,50.0005],[8.2882,49.9951]]]},"properties":{"NUTS_ID":"DE714","LEVL_CODE":3,"CNTR_CODE":"DE","NAME_LATN":"Wiesbaden, Kreisfreie Stadt","NUTS_NAME":"Wiesbaden, Kreisfreie Stadt","MOUNT_TYPE":null,"URBN_TYPE":1,"COAST_TYPE":null}},{"type":"Feature","geometry":{"type":"Polygon","coordinates":[[[8.5814,49.5198],[8.4224,49.5834],[8.4148,49.5951],[8.4464,49.7308],[8.4484,49.7337],[8.5593,49.7288],[8.7973,49.7383],[8.8996,49.5037],[8.5814,49.5198]]]},"properties":{"NUTS_ID":"DE715","LEVL_CODE":3,"CNTR_CODE":"DE","NAME_LATN":"Bergstraße","NUTS_NAME":"Bergstraße","MOUNT_TYPE":null,"URBN_TYPE":1,"COAST_TYPE":null}},{"type":"Feature","geometry":{"type":"Polygon","coordinates":[[[9.0161,49.9913],[9.0501,49.8663],[9.0361,49.8465],[8.7973,49.7383],[8.5593,49.7288],[8.6201,49.9655],[8.6745,49.9515],[8.7033,49.9463],[8.7257,49.9542],[9.0161,49.9913]]]},"properties":{"NUTS_ID":"DE716","LEVL_CODE":3,"CNTR_CODE":"DE","NAME_LATN":"Darmstadt-Dieburg","NUTS_NAME":"Darmstadt-Dieburg","MOUNT_TYPE":null,"URBN_TYPE":1,"COAST_TYPE":null}},{"type":"Feature","geometry":{"type":"Polygon","coordinates":[[[8.343,49.9405],[8.2882,49.9951],[8.3306,50.0005],[8.5207,50.0617],[8.5913,50.0177],[8.6201,49.9655],[8.5593,49.7288],[8.4484,49.7337],[8.4001,49.8037],[8.343,49.9405]]]},"properties":{"NUTS_ID":"DE717","LEVL_CODE":3,"CNTR_CODE":"DE","NAME_LATN":"Groß-Gerau","NUTS_NAME":"Groß-Gerau","MOUNT_TYPE":null,"URBN_TYPE":1,"COAST_TYPE":null}},{"type":"Feature","geometry":{"type":"Polygon","coordinates":[[[8.7114,50.2263],[8.5902,50.1595],[8.354,50.2015],[8.3546,50.2942],[8.4672,50.415],[8.5141,50.3994],[8.7114,50.2263]]]},"properties":{"NUTS_ID":"DE718","LEVL_CODE":3,"CNTR_CODE":"DE","NAME_LATN":"Hochtaunuskreis","NUTS_NAME":"Hochtaunuskreis","MOUNT_TYPE":1,"URBN_TYPE":1,"COAST_TYPE":null}},{"type":"Feature","geometry":{"type":"Polygon","coordinates":[[[9.405,50.0877],[8.9906,50.0671],[8.818,50.1335],[8.7806,50.1367],[8.7899,50.176],[9.2867,50.4373],[9.4791,50.4407],[9.7329,50.3561],[9.6232,50.229],[9.405,50.0877]]]},"properties":{"NUTS_ID":"DE719","LEVL_CODE":3,"CNTR_CODE":"DE","NAME_LATN":"Main-Kinzig-Kreis","NUTS_NAME":"Main-Kinzig-Kreis","MOUNT_TYPE":null,"URBN_TYPE":1,"COAST_TYPE":null}},{"type":"Feature","geometry":{"type":"Polygon","coordinates":[[[8.5902,50.1595],[8.5207,50.0617],[8.3306,50.0005],[8.3273,50.1457],[8.354,50.2015],[8.5902,50.1595]]]},"properties":{"NUTS_ID":"DE71A","LEVL_CODE":3,"CNTR_CODE":"DE","NAME_LATN":"Main-Taunus-Kreis","NUTS_NAME":"Main-Taunus-Kreis","MOUNT_TYPE":null,"URBN_TYPE":1,"COAST_TYPE":null}},{"type":"Feature","geometry":{"type":"Polygon","coordinates":[[[9.103,49.5775],[9.0839,49.5263],[8.8996,49.5037],[8.7973,49.7383],[9.0361,49.8465],[9.103,49.5775]]]},"properties":{"NUTS_ID":"DE71B","LEVL_CODE":3,"CNTR_CODE":"DE","NAME_LATN":"Odenwaldkreis","NUTS_NAME":"Odenwaldkreis","MOUNT_TYPE":1,"URBN_TYPE":3,"COAST_TYPE":null}},{"type":"Feature","geometry":{"type":"Polygon","coordinates":[[[8.9906,50.0671],[9.0161,49.9913],[8.7257,49.9542],[8.6745,49.9515],[8.6201,49.9655],[8.5913,50.0177],[8.7178,50.0624],[8.818,50.1335],[8.9906,50.0671]]]},"properties":{"NUTS_ID":"DE71C","LEVL_CODE":3,"CNTR_CODE":"DE","NAME_LATN":"Offenbach, Landkreis","NUTS_NAME":"Offenbach, Landkreis","MOUNT_TYPE":null,"URBN_TYPE":1,"COAST_TYPE":null}},{"type":"Feature","geometry":{"type":"Polygon","coordinates":[[[7.774,50.0665],[8.1219,50.2772],[8.3546,50.2942],[8.354,50.2015],[8.3273,50.1457],[8.1751,50.0343],[7.774,50.0665]]]},"properties":{"NUTS_ID":"DE71D","LEVL_CODE":3,"CNTR_CODE":"DE","NAME_LATN":"Rheingau-Taunus-Kreis","NUTS_NAME":"Rheingau-Taunus-Kreis","MOUNT_TYPE":1,"URBN_TYPE":2,"COAST_TYPE":null}},{"type":"Feature","geometry":{"type":"Polygon","coordinates":[[[8.7899,50.176],[8.7114,50.2263],[8.5141,50.3994],[8.5775,50.415],[9.0423,50.4982],[9.2867,50.4373],[8.7899,50.176]]]},"properties":{"NUTS_ID":"DE71E","LEVL_CODE":3,"CNTR_CODE":"DE","NAME_LATN":"Wetteraukreis","NUTS_NAME":"Wetteraukreis","MOUNT_TYPE":null,"URBN_TYPE":2,"COAST_TYPE":null}},{"type":"Feature","geometry":{"type":"Polygon","coordinates":[[[9.0423,50.4982],[8.5775,50.415],[8.5732,50.6993],[8.9184,50.7056],[9.0423,50.4982]]]},"properties":{"NUTS_ID":"DE721","LEVL_CODE":3,"CNTR_CODE":"DE","NAME_LATN":"Gießen, Landkreis","NUTS_NAME":"Gießen, Landkreis","MOUNT_TYPE":null,"URBN_TYPE":2,"COAST_TYPE":null}},{"type":"Feature","geometry":{"type":"Polygon","coordinates":[[[8.1516,50.5994],[8.1258,50.6858],[8.3555,50.862],[8.5732,50.6993],[8.5775,50.415],[8.5141,50.3994],[8.4672,50.415],[8.1516,50.5994]]]},"properties":{"NUTS_ID":"DE722","LEVL_CODE":3,"CNTR_CODE":"DE","NAME_LATN":"Lahn-Dill-Kreis","NUTS_NAME":"Lahn-Dill-Kreis","MOUNT_TYPE":null,"URBN_TYPE":2,"COAST_TYPE":null}},{"type":"Feature","geometry":{"type":"Polygon","coordinates":[[[8.1219,50.2772],[7.9716,50.4062],[8.1516,50.5994],[8.4672,50.415],[8.3546,50.2942],[8.1219,50.2772]]]},"properties":{"NUTS_ID":"DE723","LEVL_CODE":3,"CNTR_CODE":"DE","NAME_LATN":"Limburg-Weilburg","NUTS_NAME":"Limburg-Weilburg","MOUNT_TYPE":null,"URBN_TYPE":2,"COAST_TYPE":null}},{"type":"Feature","geometry":{"type":"Polygon","coordinates":[[[8.9184,50.7056],[8.5732,50.6993],[8.3555,50.862],[8.4779,50.969],[8.9746,50.9383],[9.1489,50.8366],[8.9184,50.7056]]]},"properties":{"NUTS_ID":"DE724","LEVL_CODE":3,"CNTR_CODE":"DE","NAME_LATN":"Marburg-Biedenkopf","NUTS_NAME":"Marburg-Biedenkopf","MOUNT_TYPE":null,"URBN_TYPE":2,"COAST_TYPE":null}},{"type":"Feature","geometry":{"type":"Polygon","coordinates":[[[9.4791,50.4407],[9.2867,50.4373],[9.0423,50.4982],[8.9184,50.7056],[9.1489,50.8366],[9.4411,50.7956],[9.6115,50.7355],[9.4791,50.4407]]]},"properties":{"NUTS_ID":"DE725","LEVL_CODE":3,"CNTR_CODE":"DE","NAME_LATN":"Vogelsbergkreis","NUTS_NAME":"Vogelsbergkreis","MOUNT_TYPE":null,"URBN_TYPE":3,"COAST_TYPE":null}},{"type":"Feature","geometry":{"type":"Polygon","coordinates":[[[9.3644,51.4238],[9.4943,51.4355],[9.6966,51.3059],[9.4961,51.3256],[9.3644,51.4238]]]},"properties":{"NUTS_ID":"DE731","LEVL_CODE":3,"CNTR_CODE":"DE","NAME_LATN":"Kassel, Kreisfreie Stadt","NUTS_NAME":"Kassel, Kreisfreie Stadt","MOUNT_TYPE":null,"URBN_TYPE":2,"COAST_TYPE":null}},{"type":"Feature","geometry":{"type":"Polygon","coordinates":[[[9.9357,50.4196],[9.7329,50.3561],[9.4791,50.4407],[9.6115,50.7355],[9.9262,50.7674],[10.0563,50.6681],[10.0413,50.5165],[9.9357,50.4196]]]},"properties":{"NUTS_ID":"DE732","LEVL_CODE":3,"CNTR_CODE":"DE","NAME_LATN":"Fulda","NUTS_NAME":"Fulda","MOUNT_TYPE":null,"URBN_TYPE":2,"COAST_TYPE":null}},{"type":"Feature","geometry":{"type":"Polygon","coordinates":[[[9.6115,50.7355],[9.4411,50.7956],[9.7775,51.0832],[10.0216,50.9929],[9.9262,50.7674],[9.6115,50.7355]]]},"properties":{"NUTS_ID":"DE733","LEVL_CODE":3,"CNTR_CODE":"DE","NAME_LATN":"Hersfeld-Rotenburg","NUTS_NAME":"Hersfeld-Rotenburg","MOUNT_TYPE":null,"URBN_TYPE":3,"COAST_TYPE":null}},{"type":"Feature","geometry":{"type":"Polygon","coordinates":[[[9.6853,51.582],[9.7323,51.2952],[9.636,51.1831],[9.1895,51.1704],[9.1554,51.4427],[9.4405,51.6504],[9.6853,51.582]],[[9.3644,51.4238],[9.4961,51.3256],[9.6966,51.3059],[9.4943,51.4355],[9.3644,51.4238]]]},"properties":{"NUTS_ID":"DE734","LEVL_CODE":3,"CNTR_CODE":"DE","NAME_LATN":"Kassel, Landkreis","NUTS_NAME":"Kassel, Landkreis","MOUNT_TYPE":null,"URBN_TYPE":2,"COAST_TYPE":null}},{"type":"Feature","geometry":{"type":"Polygon","coordinates":[[[9.1489,50.8366],[8.9746,50.9383],[9.1895,51.1704],[9.636,51.1831],[9.7775,51.0832],[9.4411,50.7956],[9.1489,50.8366]]]},"properties":{"NUTS_ID":"DE735","LEVL_CODE":3,"CNTR_CODE":"DE","NAME_LATN":"Schwalm-Eder-Kreis","NUTS_NAME":"Schwalm-Eder-Kreis","MOUNT_TYPE":null,"URBN_TYPE":3,"COAST_TYPE":null}},{"type":"Feature","geometry":{"type":"Polygon","coordinates":[[[8.9746,50.9383],[8.4779,50.969],[8.5491,51.1019],[8.9708,51.5067],[9.1554,51.4427],[9.1895,51.1704],[8.9746,50.9383]]]},"properties":{"NUTS_ID":"DE736","LEVL_CODE":3,"CNTR_CODE":"DE","NAME_LATN":"Waldeck-Frankenberg","NUTS_NAME":"Waldeck-Frankenberg","MOUNT_TYPE":null,"URBN_TYPE":3,"COAST_TYPE":null}},{"type":"Feature","geometry":{"type":"Polygon","coordinates":[[[10.0216,50.9929],[9.7775,51.0832],[9.636,51.1831],[9.7323,51.2952],[9.9283,51.3753],[10.2069,51.1906],[10.21,51.1441],[10.0216,50.9929]]]},"properties":{"NUTS_ID":"DE737","LEVL_CODE":3,"CNTR_CODE":"DE","NAME_LATN":"Werra-Meißner-Kreis","NUTS_NAME":"Werra-Meißner-Kreis","MOUNT_TYPE":1,"URBN_TYPE":3,"COAST_TYPE":null}},{"type":"Feature","geometry":{"type":"Polygon","coordinates":[[[12.201,54.2447],[12.1431,54.066],[11.9985,54.175],[12.201,54.2447]]]},"properties":{"NUTS_ID":"DE803","LEVL_CODE":3,"CNTR_CODE":"DE","NAME_LATN":"Rostock, Kreisfreie Stadt","NUTS_NAME":"Rostock, Kreisfreie Stadt","MOUNT_TYPE":null,"URBN_TYPE":2,"COAST_TYPE":1}},{"type":"Feature","geometry":{"type":"Polygon","coordinates":[[[11.4495,53.6807],[11.4964,53.6227],[11.3868,53.5578],[11.3016,53.6524],[11.4495,53.6807]]]},"properties":{"NUTS_ID":"DE804","LEVL_CODE":3,"CNTR_CODE":"DE","NAME_LATN":"Schwerin, Kreisfreie Stadt","NUTS_NAME":"Schwerin, Kreisfreie Stadt","MOUNT_TYPE":null,"URBN_TYPE":3,"COAST_TYPE":1}},{"type":"Feature","geometry":{"type":"Polygon","coordinates":[[[13.2414,53.2324],[12.9847,53.165],[12.3318,53.318],[12.3056,53.5677],[12.8086,54.0049],[12.9869,54.0038],[13.7101,53.4791],[13.2414,53.2324]]]},"properties":{"NUTS_ID":"DE80J","LEVL_CODE":3,"CNTR_CODE":"DE","NAME_LATN":"Mecklenburgische Seenplatte","NUTS_NAME":"Mecklenburgische Seenplatte","MOUNT_TYPE":null,"URBN_TYPE":3,"COAST_TYPE":null}},{"type":"Feature","geometry":{"type":"Polygon","coordinates":[[[11.9985,54.175],[12.1431,54.066],[12.201,54.2447],[12.2855,54.275],[12.8086,54.0049],[12.3056,53.5677],[11.7973,53.7708],[11.5618,54.0281],[11.9985,54.175]]]},"properties":{"NUTS_ID":"DE80K","LEVL_CODE":3,"CNTR_CODE":"DE","NAME_LATN":"Landkreis Rostock","NUTS_NAME":"Landkreis Rostock","MOUNT_TYPE":null,"URBN_TYPE":3,"COAST_TYPE":1}},{"type":"Feature","geometry":{"type":"Polygon","coordinates":[[[12.9869,54.0038],[12.8086,54.0049],[12.2855,54.275],[13.3122,54.1886],[12.9869,54.0038]]]},"properties":{"NUTS_ID":"DE80L","LEVL_CODE":3,"CNTR_CODE":"DE","NAME_LATN":"Vorpommern-Rügen","NUTS_NAME":"Vorpommern-Rügen","MOUNT_TYPE":null,"URBN_TYPE":3,"COAST_TYPE":1}},{"type":"Feature","geometry":{"type":"Polygon","coordinates":[[[10.763,53.8112],[10.9037,53.9568],[11.5618,54.0281],[11.7973,53.7708],[11.4495,53.6807],[11.3016,53.6524],[10.9519,53.6476],[10.763,53.8112]]]},"properties":{"NUTS_ID":"DE80M","LEVL_CODE":3,"CNTR_CODE":"DE","NAME_LATN":"Nordwestmecklenburg","NUTS_NAME":"Nordwestmecklenburg","MOUNT_TYPE":null,"URBN_TYPE":3,"COAST_TYPE":1}},{"type":"Feature","geometry":{"type":"Polygon","coordinates":[[[14.4122,53.3296],[13.7101,53.4791],[12.9869,54.0038],[13.3122,54.1886],[14.2675,53.6979],[14.4122,53.3296]]]},"properties":{"NUTS_ID":"DE80N","LEVL_CODE":3,"CNTR_CODE":"DE","NAME_LATN":"Vorpommern-Greifswald","NUTS_NAME":"Vorpommern-Greifswald","MOUNT_TYPE":null,"URBN_TYPE":2,"COAST_TYPE":1}},{"type":"Feature","geometry":{"type":"Polygon","coordinates":[[[10.595,53.3639],[10.9519,53.6476],[11.3016,53.6524],[11.3868,53.5578],[11.4964,53.6227],[11.4495,53.6807],[11.7973,53.7708],[12.3056,53.5677],[12.3318,53.318],[12.3251,53.3213],[11.2657,53.122],[11.1719,53.1566],[10.595,53.3639]]]},"properties":{"NUTS_ID":"DE80O","LEVL_CODE":3,"CNTR_CODE":"DE","NAME_LATN":"Ludwigslust-Parchim","NUTS_NAME":"Ludwigslust-Parchim","MOUNT_TYPE":null,"URBN_TYPE":3,"COAST_TYPE":null}},{"type":"Feature","geometry":{"type":"Polygon","coordinates":[[[10.6094,52.3442],[10.643,52.2954],[10.5065,52.187],[10.4302,52.2215],[10.4241,52.3302],[10.6094,52.3442]]]},"properties":{"NUTS_ID":"DE911","LEVL_CODE":3,"CNTR_CODE":"DE","NAME_LATN":"Braunschweig, Kreisfreie Stadt","NUTS_NAME":"Braunschweig, Kreisfreie Stadt","MOUNT_TYPE":null,"URBN_TYPE":2,"COAST_TYPE":null}},{"type":"Feature","geometry":{"type":"Polygon","coordinates":[[[10.4302,52.2215],[10.5065,52.187],[10.4692,52.0457],[10.2862,52.0338],[10.234,52.1702],[10.2575,52.183],[10.4302,52.2215]]]},"properties":{"NUTS_ID":"DE912","LEVL_CODE":3,"CNTR_CODE":"DE","NAME_LATN":"Salzgitter, Kreisfreie Stadt","NUTS_NAME":"Salzgitter, Kreisfreie Stadt","MOUNT_TYPE":null,"URBN_TYPE":2,"COAST_TYPE":null}},{"type":"Feature","geometry":{"type":"Polygon","coordinates":[[[10.8906,52.4601],[10.8203,52.3469],[10.6705,52.3793],[10.8906,52.4601]]]},"properties":{"NUTS_ID":"DE913","LEVL_CODE":3,"CNTR_CODE":"DE","NAME_LATN":"Wolfsburg, Kreisfreie Stadt","NUTS_NAME":"Wolfsburg, Kreisfreie Stadt","MOUNT_TYPE":null,"URBN_TYPE":2,"COAST_TYPE":null}},{"type":"Feature","geometry":{"type":"Polygon","coordinates":[[[10.7593,52.7958],[11.0088,52.4967],[10.9345,52.4718],[10.8906,52.4601],[10.6705,52.3793],[10.6094,52.3442],[10.4241,52.3302],[10.2919,52.4479],[10.2737,52.5106],[10.4444,52.8158],[10.7593,52.7958]]]},"properties":{"NUTS_ID":"DE914","LEVL_CODE":3,"CNTR_CODE":"DE","NAME_LATN":"Gifhorn","NUTS_NAME":"Gifhorn","MOUNT_TYPE":null,"URBN_TYPE":2,"COAST_TYPE":null}},{"type":"Feature","geometry":{"type":"Polygon","coordinates":[[[10.5612,52.0041],[10.7014,51.6422],[10.6773,51.6384],[10.1537,51.7935],[10.0655,51.9274],[10.2041,52.0072],[10.2862,52.0338],[10.4692,52.0457],[10.5612,52.0041]]]},"properties":{"NUTS_ID":"DE916","LEVL_CODE":3,"CNTR_CODE":"DE","NAME_LATN":"Goslar","NUTS_NAME":"Goslar","MOUNT_TYPE":1,"URBN_TYPE":2,"COAST_TYPE":null}},{"type":"Feature","geometry":{"type":"Polygon","coordinates":[[[10.9345,52.4718],[10.9644,52.0567],[10.8015,52.048],[10.643,52.2954],[10.6094,52.3442],[10.6705,52.3793],[10.8203,52.3469],[10.8906,52.4601],[10.9345,52.4718]]]},"properties":{"NUTS_ID":"DE917","LEVL_CODE":3,"CNTR_CODE":"DE","NAME_LATN":"Helmstedt","NUTS_NAME":"Helmstedt","MOUNT_TYPE":null,"URBN_TYPE":3,"COAST_TYPE":null}},{"type":"Feature","geometry":{"type":"Polygon","coordinates":[[[9.6853,51.582],[9.4405,51.6504],[9.4173,51.6473],[9.8949,51.9062],[10.0655,51.9274],[10.1537,51.7935],[9.6853,51.582]]]},"properties":{"NUTS_ID":"DE918","LEVL_CODE":3,"CNTR_CODE":"DE","NAME_LATN":"Northeim","NUTS_NAME":"Northeim","MOUNT_TYPE":null,"URBN_TYPE":3,"COAST_TYPE":null}},{"type":"Feature","geometry":{"type":"Polygon","coordinates":[[[10.4241,52.3302],[10.4302,52.2215],[10.2575,52.183],[10.0345,52.2838],[10.2919,52.4479],[10.4241,52.3302]]]},"properties":{"NUTS_ID":"DE91A","LEVL_CODE":3,"CNTR_CODE":"DE","NAME_LATN":"Peine","NUTS_NAME":"Peine","MOUNT_TYPE":null,"URBN_TYPE":2,"COAST_TYPE":null}},{"type":"Feature","geometry":{"type":"MultiPolygon","coordinates":[[[[10.8015,52.048],[10.5612,52.0041],[10.4692,52.0457],[10.5065,52.187],[10.643,52.2954],[10.8015,52.048]]],[[[10.234,52.1702],[10.2862,52.0338],[10.2041,52.0072],[10.234,52.1702]]]]},"properties":{"NUTS_ID":"DE91B","LEVL_CODE":3,"CNTR_CODE":"DE","NAME_LATN":"Wolfenbüttel","NUTS_NAME":"Wolfenbüttel","MOUNT_TYPE":null,"URBN_TYPE":2,"COAST_TYPE":null}},{"type":"Feature","geometry":{"type":"Polygon","coordinates":[[[9.7323,51.2952],[9.6853,51.582],[10.1537,51.7935],[10.6773,51.6384],[10.4886,51.5748],[9.9283,51.3753],[9.7323,51.2952]]]},"properties":{"NUTS_ID":"DE91C","LEVL_CODE":3,"CNTR_CODE":"DE","NAME_LATN":"Göttingen","NUTS_NAME":"Göttingen","MOUNT_TYPE":null,"URBN_TYPE":2,"COAST_TYPE":null}},{"type":"Feature","geometry":{"type":"Polygon","coordinates":[[[8.7114,53.0446],[8.9158,53.011],[9.116,52.897],[8.703,52.5003],[8.2972,52.4565],[8.3083,52.4991],[8.4591,52.8008],[8.6572,53.009],[8.7114,53.0446]]]},"properties":{"NUTS_ID":"DE922","LEVL_CODE":3,"CNTR_CODE":"DE","NAME_LATN":"Diepholz","NUTS_NAME":"Diepholz","MOUNT_TYPE":null,"URBN_TYPE":2,"COAST_TYPE":null}},{"type":"Feature","geometry":{"type":"Polygon","coordinates":[[[9.6288,52.1311],[9.6478,51.9648],[9.3089,51.923],[9.1556,52.0978],[9.4483,52.2743],[9.6288,52.1311]]]},"properties":{"NUTS_ID":"DE923","LEVL_CODE":3,"CNTR_CODE":"DE","NAME_LATN":"Hameln-Pyrmont","NUTS_NAME":"Hameln-Pyrmont","MOUNT_TYPE":null,"URBN_TYPE":2,"COAST_TYPE":null}},{"type":"Feature","geometry":{"type":"Polygon","coordinates":[[[10.2575,52.183],[10.234,52.1702],[10.2041,52.0072],[10.0655,51.9274],[9.8949,51.9062],[9.6478,51.9648],[9.6288,52.1311],[10.0345,52.2838],[10.2575,52.183]]]},"properties":{"NUTS_ID":"DE925","LEVL_CODE":3,"CNTR_CODE":"DE","NAME_LATN":"Hildesheim","NUTS_NAME":"Hildesheim","MOUNT_TYPE":null,"URBN_TYPE":2,"COAST_TYPE":null}},{"type":"Feature","geometry":{"type":"Polygon","coordinates":[[[9.8949,51.9062],[9.4173,51.6473],[9.3233,51.8551],[9.3089,51.923],[9.6478,51.9648],[9.8949,51.9062]]]},"properties":{"NUTS_ID":"DE926","LEVL_CODE":3,"CNTR_CODE":"DE","NAME_LATN":"Holzminden","NUTS_NAME":"Holzminden","MOUNT_TYPE":null,"URBN_TYPE":3,"COAST_TYPE":null}},{"type":"Feature","geometry":{"type":"Polygon","coordinates":[[[8.703,52.5003],[9.116,52.897],[9.3256,52.7677],[9.5347,52.6601],[9.2729,52.4547],[9.1253,52.412],[8.703,52.5003]]]},"properties":{"NUTS_ID":"DE927","LEVL_CODE":3,"CNTR_CODE":"DE","NAME_LATN":"Nienburg (Weser)","NUTS_NAME":"Nienburg (Weser)","MOUNT_TYPE":null,"URBN_TYPE":3,"COAST_TYPE":null}},{"type":"Feature","geometry":{"type":"Polygon","coordinates":[[[9.4483,52.2743],[9.1556,52.0978],[8.9858,52.1946],[9.1253,52.412],[9.2729,52.4547],[9.4483,52.2743]]]},"properties":{"NUTS_ID":"DE928","LEVL_CODE":3,"CNTR_CODE":"DE","NAME_LATN":"Schaumburg","NUTS_NAME":"Schaumburg","MOUNT_TYPE":null,"URBN_TYPE":2,"COAST_TYPE":null}},{"type":"Feature","geometry":{"type":"Polygon","coordinates":[[[10.2737,52.5106],[10.2919,52.4479],[10.0345,52.2838],[9.6288,52.1311],[9.4483,52.2743],[9.2729,52.4547],[9.5347,52.6601],[9.7346,52.6383],[10.2737,52.5106]]]},"properties":{"NUTS_ID":"DE929","LEVL_CODE":3,"CNTR_CODE":"DE","NAME_LATN":"Region Hannover","NUTS_NAME":"Region Hannover","MOUNT_TYPE":null,"URBN_TYPE":1,"COAST_TYPE":null}},{"type":"Feature","geometry":{"type":"Polygon","coordinates":[[[10.4444,52.8158],[10.2737,52.5106],[9.7346,52.6383],[10.2369,52.9361],[10.4444,52.8158]]]},"properties":{"NUTS_ID":"DE931","LEVL_CODE":3,"CNTR_CODE":"DE","NAME_LATN":"Celle","NUTS_NAME":"Celle","MOUNT_TYPE":null,"URBN_TYPE":2,"COAST_TYPE":null}},{"type":"Feature","geometry":{"type":"Polygon","coordinates":[[[8.4927,53.4724],[8.5965,53.4906],[8.5204,53.6062],[9.0299,53.8256],[9.1486,53.5924],[8.9107,53.38],[8.5,53.3668],[8.4927,53.4724]]]},"properties":{"NUTS_ID":"DE932","LEVL_CODE":3,"CNTR_CODE":"DE","NAME_LATN":"Cuxhaven","NUTS_NAME":"Cuxhaven","MOUNT_TYPE":null,"URBN_TYPE":2,"COAST_TYPE":1}},{"type":"Feature","geometry":{"type":"Polygon","coordinates":[[[10.2709,53.4219],[10.4692,53.3858],[10.0754,53.129],[9.6826,53.2195],[9.5627,53.3376],[9.7689,53.5053],[10.2709,53.4219]]]},"properties":{"NUTS_ID":"DE933","LEVL_CODE":3,"CNTR_CODE":"DE","NAME_LATN":"Harburg","NUTS_NAME":"Harburg","MOUNT_TYPE":null,"URBN_TYPE":2,"COAST_TYPE":null}},{"type":"Feature","geometry":{"type":"Polygon","coordinates":[[[11.505,52.941],[10.8416,52.8522],[10.7548,53.1233],[11.1719,53.1566],[11.2657,53.122],[11.5978,53.0359],[11.505,52.941]]]},"properties":{"NUTS_ID":"DE934","LEVL_CODE":3,"CNTR_CODE":"DE","NAME_LATN":"Lüchow-Dannenberg","NUTS_NAME":"Lüchow-Dannenberg","MOUNT_TYPE":null,"URBN_TYPE":3,"COAST_TYPE":null}},{"type":"Feature","geometry":{"type":"Polygon","coordinates":[[[10.4692,53.3858],[10.595,53.3639],[11.1719,53.1566],[10.7548,53.1233],[10.2118,53.0677],[10.0754,53.129],[10.4692,53.3858]]]},"properties":{"NUTS_ID":"DE935","LEVL_CODE":3,"CNTR_CODE":"DE","NAME_LATN":"Lüneburg, Landkreis","NUTS_NAME":"Lüneburg, Landkreis","MOUNT_TYPE":null,"URBN_TYPE":2,"COAST_TYPE":null}},{"type":"Feature","geometry":{"type":"Polygon","coordinates":[[[8.9842,53.1261],[8.4853,53.2271],[8.5,53.3668],[8.9107,53.38],[9.0715,53.1513],[8.9842,53.1261]]]},"properties":{"NUTS_ID":"DE936","LEVL_CODE":3,"CNTR_CODE":"DE","NAME_LATN":"Osterholz","NUTS_NAME":"Osterholz","MOUNT_TYPE":null,"URBN_TYPE":2,"COAST_TYPE":1}},{"type":"Feature","geometry":{"type":"Polygon","coordinates":[[[8.9107,53.38],[9.1486,53.5924],[9.5627,53.3376],[9.6826,53.2195],[9.4547,52.9174],[9.0715,53.1513],[8.9107,53.38]]]},"properties":{"NUTS_ID":"DE937","LEVL_CODE":3,"CNTR_CODE":"DE","NAME_LATN":"Rotenburg (Wümme)","NUTS_NAME":"Rotenburg (Wümme)","MOUNT_TYPE":null,"URBN_TYPE":3,"COAST_TYPE":null}},{"type":"Feature","geometry":{"type":"Polygon","coordinates":[[[9.5347,52.6601],[9.3256,52.7677],[9.4547,52.9174],[9.6826,53.2195],[10.0754,53.129],[10.2118,53.0677],[10.2369,52.9361],[9.7346,52.6383],[9.5347,52.6601]]]},"properties":{"NUTS_ID":"DE938","LEVL_CODE":3,"CNTR_CODE":"DE","NAME_LATN":"Heidekreis","NUTS_NAME":"Heidekreis","MOUNT_TYPE":null,"URBN_TYPE":2,"COAST_TYPE":null}},{"type":"Feature","geometry":{"type":"Polygon","coordinates":[[[9.7721,53.5434],[9.7689,53.5053],[9.5627,53.3376],[9.1486,53.5924],[9.0299,53.8256],[9.7721,53.5434]]]},"properties":{"NUTS_ID":"DE939","LEVL_CODE":3,"CNTR_CODE":"DE","NAME_LATN":"Stade","NUTS_NAME":"Stade","MOUNT_TYPE":null,"URBN_TYPE":2,"COAST_TYPE":1}},{"type":"Feature","geometry":{"type":"Polygon","coordinates":[[[10.8416,52.8522],[10.7593,52.7958],[10.4444,52.8158],[10.2369,52.9361],[10.2118,53.0677],[10.7548,53.1233],[10.8416,52.8522]]]},"properties":{"NUTS_ID":"DE93A","LEVL_CODE":3,"CNTR_CODE":"DE","NAME_LATN":"Uelzen","NUTS_NAME":"Uelzen","MOUNT_TYPE":null,"URBN_TYPE":3,"COAST_TYPE":null}},{"type":"Feature","geometry":{"type":"Polygon","coordinates":[[[8.9158,53.011],[8.9842,53.1261],[9.0715,53.1513],[9.4547,52.9174],[9.3256,52.7677],[9.116,52.897],[8.9158,53.011]]]},"properties":{"NUTS_ID":"DE93B","LEVL_CODE":3,"CNTR_CODE":"DE","NAME_LATN":"Verden","NUTS_NAME":"Verden","MOUNT_TYPE":null,"URBN_TYPE":2,"COAST_TYPE":null}},{"type":"Feature","geometry":{"type":"Polygon","coordinates":[[[8.6549,53.1089],[8.7114,53.0446],[8.6572,53.009],[8.6357,53.0993],[8.6549,53.1089]]]},"properties":{"NUTS_ID":"DE941","LEVL_CODE":3,"CNTR_CODE":"DE","NAME_LATN":"Delmenhorst, Kreisfreie Stadt","NUTS_NAME":"Delmenhorst, Kreisfreie Stadt","MOUNT_TYPE":null,"URBN_TYPE":1,"COAST_TYPE":1}},{"type":"Feature","geometry":{"type":"Polygon","coordinates":[[[7.176,53.3543],[7.3073,53.3502],[7.3021,53.3236],[7.176,53.3543]]]},"properties":{"NUTS_ID":"DE942","LEVL_CODE":3,"CNTR_CODE":"DE","NAME_LATN":"Emden, Kreisfreie Stadt","NUTS_NAME":"Emden, Kreisfreie Stadt","MOUNT_TYPE":null,"URBN_TYPE":2,"COAST_TYPE":1}},{"type":"Feature","geometry":{"type":"Polygon","coordinates":[[[8.3123,53.153],[8.1281,53.1078],[8.3039,53.1891],[8.3123,53.153]]]},"properties":{"NUTS_ID":"DE943","LEVL_CODE":3,"CNTR_CODE":"DE","NAME_LATN":"Oldenburg (Oldenburg), Kreisfreie Stadt","NUTS_NAME":"Oldenburg (Oldenburg), Kreisfreie Stadt","MOUNT_TYPE":null,"URBN_TYPE":1,"COAST_TYPE":1}},{"type":"Feature","geometry":{"type":"Polygon","coordinates":[[[7.9453,52.279],[7.9331,52.3017],[7.9556,52.3054],[7.9453,52.279]]]},"properties":{"NUTS_ID":"DE944","LEVL_CODE":3,"CNTR_CODE":"DE","NAME_LATN":"Osnabrück, Kreisfreie Stadt","NUTS_NAME":"Osnabrück, Kreisfreie Stadt","MOUNT_TYPE":null,"URBN_TYPE":2,"COAST_TYPE":null}},{"type":"Feature","geometry":{"type":"Polygon","coordinates":[[[8.0623,53.5057],[7.9957,53.6041],[8.0913,53.6381],[8.0623,53.5057]]]},"properties":{"NUTS_ID":"DE945","LEVL_CODE":3,"CNTR_CODE":"DE","NAME_LATN":"Wilhelmshaven, Kreisfreie Stadt","NUTS_NAME":"Wilhelmshaven, Kreisfreie Stadt","MOUNT_TYPE":null,"URBN_TYPE":2,"COAST_TYPE":1}},{"type":"Feature","geometry":{"type":"Polygon","coordinates":[[[8.3039,53.1891],[8.1281,53.1078],[8.0508,53.0596],[7.719,53.1789],[7.8856,53.352],[8.1739,53.354],[8.3039,53.1891]]]},"properties":{"NUTS_ID":"DE946","LEVL_CODE":3,"CNTR_CODE":"DE","NAME_LATN":"Ammerland","NUTS_NAME":"Ammerland","MOUNT_TYPE":null,"URBN_TYPE":1,"COAST_TYPE":1}},{"type":"Feature","geometry":{"type":"Polygon","coordinates":[[[7.3073,53.3502],[7.176,53.3543],[7.4859,53.6808],[7.8155,53.3755],[7.3073,53.3502]]]},"properties":{"NUTS_ID":"DE947","LEVL_CODE":3,"CNTR_CODE":"DE","NAME_LATN":"Aurich","NUTS_NAME":"Aurich","MOUNT_TYPE":null,"URBN_TYPE":2,"COAST_TYPE":1}},{"type":"Feature","geometry":{"type":"Polygon","coordinates":[[[7.719,53.1789],[8.0508,53.0596],[8.2588,52.8742],[8.0182,52.6839],[7.6896,52.6789],[7.6119,53.0577],[7.719,53.1789]]]},"properties":{"NUTS_ID":"DE948","LEVL_CODE":3,"CNTR_CODE":"DE","NAME_LATN":"Cloppenburg","NUTS_NAME":"Cloppenburg","MOUNT_TYPE":null,"URBN_TYPE":2,"COAST_TYPE":null}},{"type":"Feature","geometry":{"type":"Polygon","coordinates":[[[7.6119,53.0577],[7.6896,52.6789],[7.6186,52.4712],[7.3175,52.2803],[7.0062,52.6388],[7.0927,52.8382],[7.2028,53.1133],[7.6119,53.0577]]]},"properties":{"NUTS_ID":"DE949","LEVL_CODE":3,"CNTR_CODE":"DE","NAME_LATN":"Emsland","NUTS_NAME":"Emsland","MOUNT_TYPE":null,"URBN_TYPE":2,"COAST_TYPE":null}},{"type":"Feature","geometry":{"type":"Polygon","coordinates":[[[8.0913,53.6381],[7.9957,53.6041],[8.0623,53.5057],[8.1956,53.4092],[8.1739,53.354],[7.8856,53.352],[7.8715,53.3759],[7.8099,53.7077],[8.0913,53.6381]]]},"properties":{"NUTS_ID":"DE94A","LEVL_CODE":3,"CNTR_CODE":"DE","NAME_LATN":"Friesland (DE)","NUTS_NAME":"Friesland (DE)","MOUNT_TYPE":null,"URBN_TYPE":2,"COAST_TYPE":1}},{"type":"Feature","geometry":{"type":"Polygon","coordinates":[[[7.0062,52.6388],[7.3175,52.2803],[7.0991,52.2431],[7.0657,52.2414],[6.6978,52.4863],[6.7097,52.6278],[7.0062,52.6388]]]},"properties":{"NUTS_ID":"DE94B","LEVL_CODE":3,"CNTR_CODE":"DE","NAME_LATN":"Grafschaft Bentheim","NUTS_NAME":"Grafschaft Bentheim","MOUNT_TYPE":null,"URBN_TYPE":2,"COAST_TYPE":null}},{"type":"Feature","geometry":{"type":"Polygon","coordinates":[[[7.3021,53.3236],[7.3073,53.3502],[7.8155,53.3755],[7.8715,53.3759],[7.8856,53.352],[7.719,53.1789],[7.6119,53.0577],[7.2028,53.1133],[7.2089,53.2431],[7.3021,53.3236]]]},"properties":{"NUTS_ID":"DE94C","LEVL_CODE":3,"CNTR_CODE":"DE","NAME_LATN":"Leer","NUTS_NAME":"Leer","MOUNT_TYPE":null,"URBN_TYPE":2,"COAST_TYPE":1}},{"type":"Feature","geometry":{"type":"Polygon","coordinates":[[[8.6572,53.009],[8.4591,52.8008],[8.2588,52.8742],[8.0508,53.0596],[8.1281,53.1078],[8.3123,53.153],[8.6357,53.0993],[8.6572,53.009]]]},"properties":{"NUTS_ID":"DE94D","LEVL_CODE":3,"CNTR_CODE":"DE","NAME_LATN":"Oldenburg, Landkreis","NUTS_NAME":"Oldenburg, Landkreis","MOUNT_TYPE":null,"URBN_TYPE":2,"COAST_TYPE":1}},{"type":"Feature","geometry":{"type":"Polygon","coordinates":[[[8.3083,52.4991],[8.2972,52.4565],[8.4662,52.2676],[8.4106,52.1151],[8.0964,52.0571],[7.8852,52.0834],[7.9453,52.279],[7.9556,52.3054],[7.6186,52.4712],[7.6896,52.6789],[8.0182,52.6839],[8.3083,52.4991]]]},"properties":{"NUTS_ID":"DE94E","LEVL_CODE":3,"CNTR_CODE":"DE","NAME_LATN":"Osnabrück, Landkreis","NUTS_NAME":"Osnabrück, Landkreis","MOUNT_TYPE":null,"URBN_TYPE":2,"COAST_TYPE":null}},{"type":"Feature","geometry":{"type":"Polygon","coordinates":[[[8.4591,52.8008],[8.3083,52.4991],[8.0182,52.6839],[8.2588,52.8742],[8.4591,52.8008]]]},"properties":{"NUTS_ID":"DE94F","LEVL_CODE":3,"CNTR_CODE":"DE","NAME_LATN":"Vechta","NUTS_NAME":"Vechta","MOUNT_TYPE":null,"URBN_TYPE":2,"COAST_TYPE":null}},{"type":"Feature","geometry":{"type":"Polygon","coordinates":[[[8.4853,53.2271],[8.6549,53.1089],[8.6357,53.0993],[8.3123,53.153],[8.3039,53.1891],[8.1739,53.354],[8.1956,53.4092],[8.5527,53.5162],[8.4927,53.4724],[8.5,53.3668],[8.4853,53.2271]]]},"properties":{"NUTS_ID":"DE94G","LEVL_CODE":3,"CNTR_CODE":"DE","NAME_LATN":"Wesermarsch","NUTS_NAME":"Wesermarsch","MOUNT_TYPE":null,"URBN_TYPE":2,"COAST_TYPE":1}},{"type":"Feature","geometry":{"type":"Polygon","coordinates":[[[7.8155,53.3755],[7.4859,53.6808],[7.8099,53.7077],[7.8715,53.3759],[7.8155,53.3755]]]},"properties":{"NUTS_ID":"DE94H","LEVL_CODE":3,"CNTR_CODE":"DE","NAME_LATN":"Wittmund","NUTS_NAME":"Wittmund","MOUNT_TYPE":null,"URBN_TYPE":3,"COAST_TYPE":1}},{"type":"Feature","geometry":{"type":"Polygon","coordinates":[[[6.8052,51.3488],[6.856,51.1262],[6.7149,51.3332],[6.8052,51.3488]]]},"properties":{"NUTS_ID":"DEA11","LEVL_CODE":3,"CNTR_CODE":"DE","NAME_LATN":"Düsseldorf, Kreisfreie Stadt","NUTS_NAME":"Düsseldorf, Kreisfreie Stadt","MOUNT_TYPE":null,"URBN_TYPE":1,"COAST_TYPE":null}},{"type":"Feature","geometry":{"type":"Polygon","coordinates":[[[6.8052,51.3488],[6.7149,51.3332],[6.7062,51.3367],[6.6357,51.393],[6.784,51.5332],[6.81,51.4553],[6.8305,51.3523],[6.8052,51.3488]]]},"properties":{"NUTS_ID":"DEA12","LEVL_CODE":3,"CNTR_CODE":"DE","NAME_LATN":"Duisburg, Kreisfreie Stadt","NUTS_NAME":"Duisburg, Kreisfreie Stadt","MOUNT_TYPE":null,"URBN_TYPE":1,"COAST_TYPE":null}},{"type":"Feature","geometry":{"type":"Polygon","coordinates":[[[7.0102,51.5327],[7.1042,51.4813],[7.136,51.426],[7.1177,51.3803],[6.9037,51.3674],[6.8999,51.4713],[6.9284,51.498],[6.9987,51.5337],[7.0102,51.5327]]]},"properties":{"NUTS_ID":"DEA13","LEVL_CODE":3,"CNTR_CODE":"DE","NAME_LATN":"Essen, Kreisfreie Stadt","NUTS_NAME":"Essen, Kreisfreie Stadt","MOUNT_TYPE":null,"URBN_TYPE":1,"COAST_TYPE":null}},{"type":"Feature","geometry":{"type":"Polygon","coordinates":[[[6.6357,51.393],[6.7062,51.3367],[6.5855,51.2868],[6.537,51.4063],[6.6357,51.393]]]},"properties":{"NUTS_ID":"DEA14","LEVL_CODE":3,"CNTR_CODE":"DE","NAME_LATN":"Krefeld, Kreisfreie Stadt","NUTS_NAME":"Krefeld, Kreisfreie Stadt","MOUNT_TYPE":null,"URBN_TYPE":1,"COAST_TYPE":null}},{"type":"Feature","geometry":{"type":"Polygon","coordinates":[[[6.5221,51.2257],[6.444,51.0898],[6.2911,51.1756],[6.5221,51.2257]]]},"properties":{"NUTS_ID":"DEA15","LEVL_CODE":3,"CNTR_CODE":"DE","NAME_LATN":"Mönchengladbach, Kreisfreie Stadt","NUTS_NAME":"Mönchengladbach, Kreisfreie Stadt","MOUNT_TYPE":null,"URBN_TYPE":1,"COAST_TYPE":null}},{"type":"Feature","geometry":{"type":"Polygon","coordinates":[[[6.8305,51.3523],[6.81,51.4553],[6.8999,51.4713],[6.9037,51.3674],[6.8305,51.3523]]]},"properties":{"NUTS_ID":"DEA16","LEVL_CODE":3,"CNTR_CODE":"DE","NAME_LATN":"Mülheim an der Ruhr, Kreisfreie Stadt","NUTS_NAME":"Mülheim an der Ruhr, Kreisfreie Stadt","MOUNT_TYPE":null,"URBN_TYPE":1,"COAST_TYPE":null}},{"type":"Feature","geometry":{"type":"Polygon","coordinates":[[[6.81,51.4553],[6.784,51.5332],[6.8332,51.5796],[6.9284,51.498],[6.8999,51.4713],[6.81,51.4553]]]},"properties":{"NUTS_ID":"DEA17","LEVL_CODE":3,"CNTR_CODE":"DE","NAME_LATN":"Oberhausen, Kreisfreie Stadt","NUTS_NAME":"Oberhausen, Kreisfreie Stadt","MOUNT_TYPE":null,"URBN_TYPE":1,"COAST_TYPE":null}},{"type":"Feature","geometry":{"type":"Polygon","coordinates":[[[7.2682,51.1457],[7.1663,51.1539],[7.1361,51.1664],[7.2958,51.2054],[7.2682,51.1457]]]},"properties":{"NUTS_ID":"DEA18","LEVL_CODE":3,"CNTR_CODE":"DE","NAME_LATN":"Remscheid, Kreisfreie Stadt","NUTS_NAME":"Remscheid, Kreisfreie Stadt","MOUNT_TYPE":null,"URBN_TYPE":1,"COAST_TYPE":null}},{"type":"Feature","geometry":{"type":"Polygon","coordinates":[[[7.1361,51.1664],[7.1663,51.1539],[6.9977,51.118],[7.0469,51.2075],[7.1361,51.1664]]]},"properties":{"NUTS_ID":"DEA19","LEVL_CODE":3,"CNTR_CODE":"DE","NAME_LATN":"Solingen, Kreisfreie Stadt","NUTS_NAME":"Solingen, Kreisfreie Stadt","MOUNT_TYPE":null,"URBN_TYPE":1,"COAST_TYPE":null}},{"type":"Feature","geometry":{"type":"Polygon","coordinates":[[[7.2958,51.2054],[7.1361,51.1664],[7.0469,51.2075],[7.1673,51.3129],[7.3067,51.2389],[7.2958,51.2054]]]},"properties":{"NUTS_ID":"DEA1A","LEVL_CODE":3,"CNTR_CODE":"DE","NAME_LATN":"Wuppertal, Kreisfreie Stadt","NUTS_NAME":"Wuppertal, Kreisfreie Stadt","MOUNT_TYPE":null,"URBN_TYPE":1,"COAST_TYPE":null}},{"type":"Feature","geometry":{"type":"Polygon","coordinates":[[[6.4902,51.8114],[6.5166,51.425],[6.2244,51.365],[5.9532,51.7478],[6.1678,51.9008],[6.4078,51.8281],[6.4902,51.8114]]]},"properties":{"NUTS_ID":"DEA1B","LEVL_CODE":3,"CNTR_CODE":"DE","NAME_LATN":"Kleve","NUTS_NAME":"Kleve","MOUNT_TYPE":null,"URBN_TYPE":2,"COAST_TYPE":null}},{"type":"Feature","geometry":{"type":"Polygon","coordinates":[[[6.856,51.1262],[6.8052,51.3488],[6.8305,51.3523],[6.9037,51.3674],[7.1177,51.3803],[7.1673,51.3129],[7.0469,51.2075],[6.9977,51.118],[6.9906,51.0916],[6.898,51.0649],[6.8535,51.0843],[6.856,51.1262]]]},"properties":{"NUTS_ID":"DEA1C","LEVL_CODE":3,"CNTR_CODE":"DE","NAME_LATN":"Mettmann","NUTS_NAME":"Mettmann","MOUNT_TYPE":null,"URBN_TYPE":1,"COAST_TYPE":null}},{"type":"Feature","geometry":{"type":"Polygon","coordinates":[[[6.7149,51.3332],[6.856,51.1262],[6.8535,51.0843],[6.7736,51.0644],[6.4805,51.0342],[6.4592,51.0431],[6.444,51.0898],[6.5221,51.2257],[6.5855,51.2868],[6.7062,51.3367],[6.7149,51.3332]]]},"properties":{"NUTS_ID":"DEA1D","LEVL_CODE":3,"CNTR_CODE":"DE","NAME_LATN":"Rhein-Kreis Neuss","NUTS_NAME":"Rhein-Kreis Neuss","MOUNT_TYPE":null,"URBN_TYPE":1,"COAST_TYPE":null}},{"type":"Feature","geometry":{"type":"Polygon","coordinates":[[[6.537,51.4063],[6.5855,51.2868],[6.5221,51.2257],[6.2911,51.1756],[6.1748,51.1845],[6.0727,51.2426],[6.2244,51.365],[6.5166,51.425],[6.537,51.4063]]]},"properties":{"NUTS_ID":"DEA1E","LEVL_CODE":3,"CNTR_CODE":"DE","NAME_LATN":"Viersen","NUTS_NAME":"Viersen","MOUNT_TYPE":null,"URBN_TYPE":1,"COAST_TYPE":null}},{"type":"Feature","geometry":{"type":"Polygon","coordinates":[[[6.784,51.5332],[6.6357,51.393],[6.537,51.4063],[6.5166,51.425],[6.4902,51.8114],[6.9109,51.7461],[6.9023,51.6357],[6.8332,51.5796],[6.784,51.5332]]]},"properties":{"NUTS_ID":"DEA1F","LEVL_CODE":3,"CNTR_CODE":"DE","NAME_LATN":"Wesel","NUTS_NAME":"Wesel","MOUNT_TYPE":null,"URBN_TYPE":1,"COAST_TYPE":null}},{"type":"Feature","geometry":{"type":"Polygon","coordinates":[[[6.8914,50.7113],[7.1735,50.7442],[7.1903,50.6519],[6.8914,50.7113]]]},"properties":{"NUTS_ID":"DEA22","LEVL_CODE":3,"CNTR_CODE":"DE","NAME_LATN":"Bonn, Kreisfreie Stadt","NUTS_NAME":"Bonn, Kreisfreie Stadt","MOUNT_TYPE":null,"URBN_TYPE":1,"COAST_TYPE":null}},{"type":"Feature","geometry":{"type":"Polygon","coordinates":[[[6.8535,51.0843],[6.898,51.0649],[7.0679,51.0187],[7.1613,50.8673],[6.9809,50.8409],[6.7736,51.0644],[6.8535,51.0843]]]},"properties":{"NUTS_ID":"DEA23","LEVL_CODE":3,"CNTR_CODE":"DE","NAME_LATN":"Köln, Kreisfreie Stadt","NUTS_NAME":"Köln, Kreisfreie Stadt","MOUNT_TYPE":null,"URBN_TYPE":1,"COAST_TYPE":null}},{"type":"Feature","geometry":{"type":"Polygon","coordinates":[[[6.898,51.0649],[6.9906,51.0916],[7.0679,51.0187],[6.898,51.0649]]]},"properties":{"NUTS_ID":"DEA24","LEVL_CODE":3,"CNTR_CODE":"DE","NAME_LATN":"Leverkusen, Kreisfreie Stadt","NUTS_NAME":"Leverkusen, Kreisfreie Stadt","MOUNT_TYPE":null,"URBN_TYPE":1,"COAST_TYPE":null}},{"type":"Feature","geometry":{"type":"Polygon","coordinates":[[[6.4592,51.0431],[6.4805,51.0342],[6.6938,50.7538],[6.4169,50.6093],[6.1945,50.9501],[6.4592,51.0431]]]},"properties":{"NUTS_ID":"DEA26","LEVL_CODE":3,"CNTR_CODE":"DE","NAME_LATN":"Düren","NUTS_NAME":"Düren","MOUNT_TYPE":null,"URBN_TYPE":2,"COAST_TYPE":null}},{"type":"Feature","geometry":{"type":"Polygon","coordinates":[[[6.4805,51.0342],[6.7736,51.0644],[6.9809,50.8409],[6.8639,50.7848],[6.6938,50.7538],[6.4805,51.0342]]]},"properties":{"NUTS_ID":"DEA27","LEVL_CODE":3,"CNTR_CODE":"DE","NAME_LATN":"Rhein-Erft-Kreis","NUTS_NAME":"Rhein-Erft-Kreis","MOUNT_TYPE":null,"URBN_TYPE":1,"COAST_TYPE":null}},{"type":"Feature","geometry":{"type":"Polygon","coordinates":[[[6.405,50.3233],[6.3156,50.497],[6.4169,50.6093],[6.6938,50.7538],[6.8639,50.7848],[6.9279,50.5586],[6.8007,50.3618],[6.4253,50.323],[6.405,50.3233]]]},"properties":{"NUTS_ID":"DEA28","LEVL_CODE":3,"CNTR_CODE":"DE","NAME_LATN":"Euskirchen","NUTS_NAME":"Euskirchen","MOUNT_TYPE":null,"URBN_TYPE":2,"COAST_TYPE":null}},{"type":"Feature","geometry":{"type":"Polygon","coordinates":[[[6.2911,51.1756],[6.444,51.0898],[6.4592,51.0431],[6.1945,50.9501],[6.0869,50.9131],[5.8771,51.0321],[6.1748,51.1845],[6.2911,51.1756]]]},"properties":{"NUTS_ID":"DEA29","LEVL_CODE":3,"CNTR_CODE":"DE","NAME_LATN":"Heinsberg","NUTS_NAME":"Heinsberg","MOUNT_TYPE":null,"URBN_TYPE":2,"COAST_TYPE":null}},{"type":"Feature","geometry":{"type":"Polygon","coordinates":[[[7.7859,50.9399],[7.661,50.8204],[7.3985,50.9498],[7.2682,51.1457],[7.2958,51.2054],[7.3067,51.2389],[7.4333,51.2144],[7.7154,51.0728],[7.7859,50.9399]]]},"properties":{"NUTS_ID":"DEA2A","LEVL_CODE":3,"CNTR_CODE":"DE","NAME_LATN":"Oberbergischer Kreis","NUTS_NAME":"Oberbergischer Kreis","MOUNT_TYPE":null,"URBN_TYPE":2,"COAST_TYPE":null}},{"type":"Feature","geometry":{"type":"Polygon","coordinates":[[[7.1663,51.1539],[7.2682,51.1457],[7.3985,50.9498],[7.1613,50.8673],[7.0679,51.0187],[6.9906,51.0916],[6.9977,51.118],[7.1663,51.1539]]]},"properties":{"NUTS_ID":"DEA2B","LEVL_CODE":3,"CNTR_CODE":"DE","NAME_LATN":"Rheinisch-Bergischer Kreis","NUTS_NAME":"Rheinisch-Bergischer Kreis","MOUNT_TYPE":null,"URBN_TYPE":1,"COAST_TYPE":null}},{"type":"Feature","geometry":{"type":"Polygon","coordinates":[[[7.2124,50.6234],[6.9279,50.5586],[6.8639,50.7848],[6.9809,50.8409],[7.1613,50.8673],[7.3985,50.9498],[7.661,50.8204],[7.4392,50.7111],[7.2124,50.6234]],[[6.8914,50.7113],[7.1903,50.6519],[7.1735,50.7442],[6.8914,50.7113]]]},"properties":{"NUTS_ID":"DEA2C","LEVL_CODE":3,"CNTR_CODE":"DE","NAME_LATN":"Rhein-Sieg-Kreis","NUTS_NAME":"Rhein-Sieg-Kreis","MOUNT_TYPE":null,"URBN_TYPE":1,"COAST_TYPE":null}},{"type":"Feature","geometry":{"type":"Polygon","coordinates":[[[6.1922,50.5211],[6.1822,50.5673],[6.021,50.7543],[6.0869,50.9131],[6.1945,50.9501],[6.4169,50.6093],[6.3156,50.497],[6.1922,50.5211]]]},"properties":{"NUTS_ID":"DEA2D","LEVL_CODE":3,"CNTR_CODE":"DE","NAME_LATN":"Städteregion Aachen","NUTS_NAME":"Städteregion Aachen","MOUNT_TYPE":null,"URBN_TYPE":1,"COAST_TYPE":null}},{"type":"Feature","geometry":{"type":"Polygon","coordinates":[[[6.9987,51.5337],[6.9284,51.498],[6.8332,51.5796],[6.9023,51.6357],[6.9987,51.5337]]]},"properties":{"NUTS_ID":"DEA31","LEVL_CODE":3,"CNTR_CODE":"DE","NAME_LATN":"Bottrop, Kreisfreie Stadt","NUTS_NAME":"Bottrop, Kreisfreie Stadt","MOUNT_TYPE":null,"URBN_TYPE":1,"COAST_TYPE":null}},{"type":"Feature","geometry":{"type":"Polygon","coordinates":[[[7.1042,51.4813],[7.0102,51.5327],[7.1451,51.5522],[7.1394,51.5055],[7.1042,51.4813]]]},"properties":{"NUTS_ID":"DEA32","LEVL_CODE":3,"CNTR_CODE":"DE","NAME_LATN":"Gelsenkirchen, Kreisfreie Stadt","NUTS_NAME":"Gelsenkirchen, Kreisfreie Stadt","MOUNT_TYPE":null,"URBN_TYPE":1,"COAST_TYPE":null}},{"type":"Feature","geometry":{"type":"Polygon","coordinates":[[[7.7041,52.0344],[7.6132,51.8406],[7.5124,51.9997],[7.7041,52.0344]]]},"properties":{"NUTS_ID":"DEA33","LEVL_CODE":3,"CNTR_CODE":"DE","NAME_LATN":"Münster, Kreisfreie Stadt","NUTS_NAME":"Münster, Kreisfreie Stadt","MOUNT_TYPE":null,"URBN_TYPE":1,"COAST_TYPE":null}},{"type":"Feature","geometry":{"type":"Polygon","coordinates":[[[7.0657,52.2414],[7.0991,52.2431],[7.2677,52.0584],[7.1725,51.8215],[6.9109,51.7461],[6.4902,51.8114],[6.4078,51.8281],[6.7605,52.1186],[7.0657,52.2414]]]},"properties":{"NUTS_ID":"DEA34","LEVL_CODE":3,"CNTR_CODE":"DE","NAME_LATN":"Borken","NUTS_NAME":"Borken","MOUNT_TYPE":null,"URBN_TYPE":2,"COAST_TYPE":null}},{"type":"Feature","geometry":{"type":"Polygon","coordinates":[[[7.7019,51.7124],[7.4095,51.6646],[7.1725,51.8215],[7.2677,52.0584],[7.5124,51.9997],[7.6132,51.8406],[7.7358,51.7374],[7.7019,51.7124]]]},"properties":{"NUTS_ID":"DEA35","LEVL_CODE":3,"CNTR_CODE":"DE","NAME_LATN":"Coesfeld","NUTS_NAME":"Coesfeld","MOUNT_TYPE":null,"URBN_TYPE":2,"COAST_TYPE":null}},{"type":"Feature","geometry":{"type":"Polygon","coordinates":[[[7.4095,51.6646],[7.4179,51.5995],[7.3146,51.5223],[7.2936,51.5323],[7.1451,51.5522],[7.0102,51.5327],[6.9987,51.5337],[6.9023,51.6357],[6.9109,51.7461],[7.1725,51.8215],[7.4095,51.6646]]]},"properties":{"NUTS_ID":"DEA36","LEVL_CODE":3,"CNTR_CODE":"DE","NAME_LATN":"Recklinghausen","NUTS_NAME":"Recklinghausen","MOUNT_TYPE":null,"URBN_TYPE":1,"COAST_TYPE":null}},{"type":"Feature","geometry":{"type":"Polygon","coordinates":[[[7.9556,52.3054],[7.9331,52.3017],[7.9453,52.279],[7.8852,52.0834],[7.7041,52.0344],[7.5124,51.9997],[7.2677,52.0584],[7.0991,52.2431],[7.3175,52.2803],[7.6186,52.4712],[7.9556,52.3054]]]},"properties":{"NUTS_ID":"DEA37","LEVL_CODE":3,"CNTR_CODE":"DE","NAME_LATN":"Steinfurt","NUTS_NAME":"Steinfurt","MOUNT_TYPE":null,"URBN_TYPE":2,"COAST_TYPE":null}},{"type":"Feature","geometry":{"type":"Polygon","coordinates":[[[7.8852,52.0834],[8.0964,52.0571],[8.3201,51.7257],[7.9445,51.7006],[7.7358,51.7374],[7.6132,51.8406],[7.7041,52.0344],[7.8852,52.0834]]]},"properties":{"NUTS_ID":"DEA38","LEVL_CODE":3,"CNTR_CODE":"DE","NAME_LATN":"Warendorf","NUTS_NAME":"Warendorf","MOUNT_TYPE":null,"URBN_TYPE":2,"COAST_TYPE":null}},{"type":"Feature","geometry":{"type":"Polygon","coordinates":[[[8.6543,52.0601],[8.6063,51.9274],[8.4715,52.1007],[8.6543,52.0601]]]},"properties":{"NUTS_ID":"DEA41","LEVL_CODE":3,"CNTR_CODE":"DE","NAME_LATN":"Bielefeld, Kreisfreie Stadt","NUTS_NAME":"Bielefeld, Kreisfreie Stadt","MOUNT_TYPE":null,"URBN_TYPE":1,"COAST_TYPE":null}},{"type":"Feature","geometry":{"type":"Polygon","coordinates":[[[8.0964,52.0571],[8.4106,52.1151],[8.4715,52.1007],[8.6063,51.9274],[8.7484,51.8587],[8.4031,51.7194],[8.3201,51.7257],[8.0964,52.0571]]]},"properties":{"NUTS_ID":"DEA42","LEVL_CODE":3,"CNTR_CODE":"DE","NAME_LATN":"Gütersloh","NUTS_NAME":"Gütersloh","MOUNT_TYPE":null,"URBN_TYPE":2,"COAST_TYPE":null}},{"type":"Feature","geometry":{"type":"Polygon","coordinates":[[[8.4106,52.1151],[8.4662,52.2676],[8.9271,52.1844],[8.6543,52.0601],[8.4715,52.1007],[8.4106,52.1151]]]},"properties":{"NUTS_ID":"DEA43","LEVL_CODE":3,"CNTR_CODE":"DE","NAME_LATN":"Herford","NUTS_NAME":"Herford","MOUNT_TYPE":null,"URBN_TYPE":1,"COAST_TYPE":null}},{"type":"Feature","geometry":{"type":"Polygon","coordinates":[[[9.4405,51.6504],[9.1554,51.4427],[8.9708,51.5067],[8.9054,51.5315],[8.9593,51.7897],[9.3233,51.8551],[9.4173,51.6473],[9.4405,51.6504]]]},"properties":{"NUTS_ID":"DEA44","LEVL_CODE":3,"CNTR_CODE":"DE","NAME_LATN":"Höxter","NUTS_NAME":"Höxter","MOUNT_TYPE":null,"URBN_TYPE":3,"COAST_TYPE":null}},{"type":"Feature","geometry":{"type":"Polygon","coordinates":[[[9.1556,52.0978],[9.3089,51.923],[9.3233,51.8551],[8.9593,51.7897],[8.7484,51.8587],[8.6063,51.9274],[8.6543,52.0601],[8.9271,52.1844],[8.9858,52.1946],[9.1556,52.0978]]]},"properties":{"NUTS_ID":"DEA45","LEVL_CODE":3,"CNTR_CODE":"DE","NAME_LATN":"Lippe","NUTS_NAME":"Lippe","MOUNT_TYPE":null,"URBN_TYPE":2,"COAST_TYPE":null}},{"type":"Feature","geometry":{"type":"Polygon","coordinates":[[[8.2972,52.4565],[8.703,52.5003],[9.1253,52.412],[8.9858,52.1946],[8.9271,52.1844],[8.4662,52.2676],[8.2972,52.4565]]]},"properties":{"NUTS_ID":"DEA46","LEVL_CODE":3,"CNTR_CODE":"DE","NAME_LATN":"Minden-Lübbecke","NUTS_NAME":"Minden-Lübbecke","MOUNT_TYPE":null,"URBN_TYPE":2,"COAST_TYPE":null}},{"type":"Feature","geometry":{"type":"Polygon","coordinates":[[[8.4031,51.7194],[8.7484,51.8587],[8.9593,51.7897],[8.9054,51.5315],[8.5479,51.4678],[8.4031,51.7194]]]},"properties":{"NUTS_ID":"DEA47","LEVL_CODE":3,"CNTR_CODE":"DE","NAME_LATN":"Paderborn","NUTS_NAME":"Paderborn","MOUNT_TYPE":null,"URBN_TYPE":2,"COAST_TYPE":null}},{"type":"Feature","geometry":{"type":"Polygon","coordinates":[[[7.136,51.426],[7.1042,51.4813],[7.1394,51.5055],[7.2936,51.5323],[7.3146,51.5223],[7.3482,51.4827],[7.136,51.426]]]},"properties":{"NUTS_ID":"DEA51","LEVL_CODE":3,"CNTR_CODE":"DE","NAME_LATN":"Bochum, Kreisfreie Stadt","NUTS_NAME":"Bochum, Kreisfreie Stadt","MOUNT_TYPE":null,"URBN_TYPE":1,"COAST_TYPE":null}},{"type":"Feature","geometry":{"type":"Polygon","coordinates":[[[7.4179,51.5995],[7.5085,51.4179],[7.4653,51.4161],[7.3482,51.4827],[7.3146,51.5223],[7.4179,51.5995]]]},"properties":{"NUTS_ID":"DEA52","LEVL_CODE":3,"CNTR_CODE":"DE","NAME_LATN":"Dortmund, Kreisfreie Stadt","NUTS_NAME":"Dortmund, Kreisfreie Stadt","MOUNT_TYPE":null,"URBN_TYPE":1,"COAST_TYPE":null}},{"type":"Feature","geometry":{"type":"Polygon","coordinates":[[[7.5085,51.4179],[7.5878,51.3904],[7.5173,51.2649],[7.4653,51.4161],[7.5085,51.4179]]]},"properties":{"NUTS_ID":"DEA53","LEVL_CODE":3,"CNTR_CODE":"DE","NAME_LATN":"Hagen, Kreisfreie Stadt","NUTS_NAME":"Hagen, Kreisfreie Stadt","MOUNT_TYPE":null,"URBN_TYPE":1,"COAST_TYPE":null}},{"type":"Feature","geometry":{"type":"Polygon","coordinates":[[[7.8272,51.5786],[7.7019,51.7124],[7.7358,51.7374],[7.9445,51.7006],[7.8272,51.5786]]]},"properties":{"NUTS_ID":"DEA54","LEVL_CODE":3,"CNTR_CODE":"DE","NAME_LATN":"Hamm, Kreisfreie Stadt","NUTS_NAME":"Hamm, Kreisfreie Stadt","MOUNT_TYPE":null,"URBN_TYPE":1,"COAST_TYPE":null}},{"type":"Feature","geometry":{"type":"Polygon","coordinates":[[[7.1394,51.5055],[7.1451,51.5522],[7.2936,51.5323],[7.1394,51.5055]]]},"properties":{"NUTS_ID":"DEA55","LEVL_CODE":3,"CNTR_CODE":"DE","NAME_LATN":"Herne, Kreisfreie Stadt","NUTS_NAME":"Herne, Kreisfreie Stadt","MOUNT_TYPE":null,"URBN_TYPE":1,"COAST_TYPE":null}},{"type":"Feature","geometry":{"type":"Polygon","coordinates":[[[7.1177,51.3803],[7.136,51.426],[7.3482,51.4827],[7.4653,51.4161],[7.5173,51.2649],[7.4333,51.2144],[7.3067,51.2389],[7.1673,51.3129],[7.1177,51.3803]]]},"properties":{"NUTS_ID":"DEA56","LEVL_CODE":3,"CNTR_CODE":"DE","NAME_LATN":"Ennepe-Ruhr-Kreis","NUTS_NAME":"Ennepe-Ruhr-Kreis","MOUNT_TYPE":null,"URBN_TYPE":1,"COAST_TYPE":null}},{"type":"Feature","geometry":{"type":"Polygon","coordinates":[[[8.9708,51.5067],[8.5491,51.1019],[8.2388,51.1043],[7.9398,51.234],[7.8638,51.4588],[8.5479,51.4678],[8.9054,51.5315],[8.9708,51.5067]]]},"properties":{"NUTS_ID":"DEA57","LEVL_CODE":3,"CNTR_CODE":"DE","NAME_LATN":"Hochsauerlandkreis","NUTS_NAME":"Hochsauerlandkreis","MOUNT_TYPE":1,"URBN_TYPE":2,"COAST_TYPE":null}},{"type":"Feature","geometry":{"type":"Polygon","coordinates":[[[7.5878,51.3904],[7.8376,51.4785],[7.8638,51.4588],[7.9398,51.234],[7.7154,51.0728],[7.4333,51.2144],[7.5173,51.2649],[7.5878,51.3904]]]},"properties":{"NUTS_ID":"DEA58","LEVL_CODE":3,"CNTR_CODE":"DE","NAME_LATN":"Märkischer Kreis","NUTS_NAME":"Märkischer Kreis","MOUNT_TYPE":null,"URBN_TYPE":1,"COAST_TYPE":null}},{"type":"Feature","geometry":{"type":"Polygon","coordinates":[[[7.8515,50.9258],[7.7859,50.9399],[7.7154,51.0728],[7.9398,51.234],[8.2388,51.1043],[7.8515,50.9258]]]},"properties":{"NUTS_ID":"DEA59","LEVL_CODE":3,"CNTR_CODE":"DE","NAME_LATN":"Olpe","NUTS_NAME":"Olpe","MOUNT_TYPE":1,"URBN_TYPE":2,"COAST_TYPE":null}},{"type":"Feature","geometry":{"type":"Polygon","coordinates":[[[8.0397,50.6974],[7.8515,50.9258],[8.2388,51.1043],[8.5491,51.1019],[8.4779,50.969],[8.3555,50.862],[8.1258,50.6858],[8.0397,50.6974]]]},"properties":{"NUTS_ID":"DEA5A","LEVL_CODE":3,"CNTR_CODE":"DE","NAME_LATN":"Siegen-Wittgenstein","NUTS_NAME":"Siegen-Wittgenstein","MOUNT_TYPE":1,"URBN_TYPE":2,"COAST_TYPE":null}},{"type":"Feature","geometry":{"type":"Polygon","coordinates":[[[7.8376,51.4785],[7.8272,51.5786],[7.9445,51.7006],[8.3201,51.7257],[8.4031,51.7194],[8.5479,51.4678],[7.8638,51.4588],[7.8376,51.4785]]]},"properties":{"NUTS_ID":"DEA5B","LEVL_CODE":3,"CNTR_CODE":"DE","NAME_LATN":"Soest","NUTS_NAME":"Soest","MOUNT_TYPE":null,"URBN_TYPE":2,"COAST_TYPE":null}},{"type":"Feature","geometry":{"type":"Polygon","coordinates":[[[11.889,47.8369],[12.0972,48.0219],[12.3062,47.929],[12.1799,47.6921],[11.889,47.8369]]]},"properties":{"NUTS_ID":"DE213","LEVL_CODE":3,"CNTR_CODE":"DE","NAME_LATN":"Rosenheim, Kreisfreie Stadt","NUTS_NAME":"Rosenheim, Kreisfreie Stadt","MOUNT_TYPE":null,"URBN_TYPE":2,"COAST_TYPE":null}},{"type":"Feature","geometry":{"type":"Polygon","coordinates":[[[12.9447,48.2067],[12.7509,48.1038],[12.5662,48.1589],[12.6073,48.3536],[12.9447,48.2067]]]},"properties":{"NUTS_ID":"DE214","LEVL_CODE":3,"CNTR_CODE":"DE","NAME_LATN":"Altötting","NUTS_NAME":"Altötting","MOUNT_TYPE":null,"URBN_TYPE":2,"COAST_TYPE":null}},{"type":"Feature","geometry":{"type":"Polygon","coordinates":[[[13.0461,47.5205],[12.6958,47.6822],[12.8758,47.9626],[13.0461,47.5205]]]},"properties":{"NUTS_ID":"DE215","LEVL_CODE":3,"CNTR_CODE":"DE","NAME_LATN":"Berchtesgadener Land","NUTS_NAME":"Berchtesgadener Land","MOUNT_TYPE":1,"URBN_TYPE":2,"COAST_TYPE":null}},{"type":"Feature","geometry":{"type":"Polygon","coordinates":[[[11.6329,47.5924],[11.4102,47.4953],[11.3441,47.6937],[11.3292,47.8211],[11.4286,47.9785],[11.6235,47.9203],[11.6329,47.5924]]]},"properties":{"NUTS_ID":"DE216","LEVL_CODE":3,"CNTR_CODE":"DE","NAME_LATN":"Bad Tölz-Wolfratshausen","NUTS_NAME":"Bad Tölz-Wolfratshausen","MOUNT_TYPE":1,"URBN_TYPE":2,"COAST_TYPE":null}},{"type":"Feature","geometry":{"type":"Polygon","coordinates":[[[11.4998,48.2481],[11.4029,48.2031],[11.1168,48.2685],[11.3117,48.4523],[11.4932,48.4405],[11.5787,48.2995],[11.4998,48.2481]]]},"properties":{"NUTS_ID":"DE217","LEVL_CODE":3,"CNTR_CODE":"DE","NAME_LATN":"Dachau","NUTS_NAME":"Dachau","MOUNT_TYPE":null,"URBN_TYPE":2,"COAST_TYPE":null}},{"type":"Feature","geometry":{"type":"Polygon","coordinates":[[[11.848,47.9483],[11.7562,48.2211],[12.0432,48.1417],[12.0857,48.1223],[11.848,47.9483]]]},"properties":{"NUTS_ID":"DE218","LEVL_CODE":3,"CNTR_CODE":"DE","NAME_LATN":"Ebersberg","NUTS_NAME":"Ebersberg","MOUNT_TYPE":null,"URBN_TYPE":2,"COAST_TYPE":null}},{"type":"Feature","geometry":{"type":"Polygon","coordinates":[[[11.4893,48.745],[11.2559,48.7794],[11.0059,48.8219],[10.9368,48.8633],[11.2014,49.0466],[11.3857,49.0789],[11.5993,48.9515],[11.7196,48.7837],[11.4893,48.745]]]},"properties":{"NUTS_ID":"DE219","LEVL_CODE":3,"CNTR_CODE":"DE","NAME_LATN":"Eichstätt","NUTS_NAME":"Eichstätt","MOUNT_TYPE":null,"URBN_TYPE":2,"COAST_TYPE":null}},{"type":"Feature","geometry":{"type":"Polygon","coordinates":[[[12.0432,48.1417],[11.7562,48.2211],[11.7382,48.2763],[12.0171,48.4307],[12.2506,48.3219],[12.0432,48.1417]]]},"properties":{"NUTS_ID":"DE21A","LEVL_CODE":3,"CNTR_CODE":"DE","NAME_LATN":"Erding","NUTS_NAME":"Erding","MOUNT_TYPE":null,"URBN_TYPE":3,"COAST_TYPE":null}},{"type":"Feature","geometry":{"type":"Polygon","coordinates":[[[11.5787,48.2995],[11.4932,48.4405],[11.7067,48.6166],[11.9102,48.5852],[12.0171,48.4307],[11.7382,48.2763],[11.5787,48.2995]]]},"properties":{"NUTS_ID":"DE21B","LEVL_CODE":3,"CNTR_CODE":"DE","NAME_LATN":"Freising","NUTS_NAME":"Freising","MOUNT_TYPE":null,"URBN_TYPE":2,"COAST_TYPE":null}},{"type":"Feature","geometry":{"type":"Polygon","coordinates":[[[11.4029,48.2031],[11.4129,48.1038],[11.1383,48.1038],[11.0345,48.193],[11.1168,48.2685],[11.4029,48.2031]]]},"properties":{"NUTS_ID":"DE21C","LEVL_CODE":3,"CNTR_CODE":"DE","NAME_LATN":"Fürstenfeldbruck","NUTS_NAME":"Fürstenfeldbruck","MOUNT_TYPE":null,"URBN_TYPE":1,"COAST_TYPE":null}},{"type":"Feature","geometry":{"type":"Polygon","coordinates":[[[11.0165,47.3964],[10.9912,47.3961],[10.8861,47.5368],[10.9528,47.6163],[11.3441,47.6937],[11.4102,47.4953],[11.4214,47.4449],[11.0165,47.3964]]]},"properties":{"NUTS_ID":"DE21D","LEVL_CODE":3,"CNTR_CODE":"DE","NAME_LATN":"Garmisch-Partenkirchen","NUTS_NAME":"Garmisch-Partenkirchen","MOUNT_TYPE":1,"URBN_TYPE":2,"COAST_TYPE":null}},{"type":"Feature","geometry":{"type":"Polygon","coordinates":[[[10.9034,48.2367],[11.0345,48.193],[11.1383,48.1038],[11.1496,47.9534],[10.7671,47.8438],[10.8004,48.1038],[10.9034,48.2367]]]},"properties":{"NUTS_ID":"DE21E","LEVL_CODE":3,"CNTR_CODE":"DE","NAME_LATN":"Landsberg am Lech","NUTS_NAME":"Landsberg am Lech","MOUNT_TYPE":null,"URBN_TYPE":3,"COAST_TYPE":null}},{"type":"Feature","geometry":{"type":"Polygon","coordinates":[[[12.0607,47.6187],[11.6329,47.5924],[11.6235,47.9203],[11.8065,47.9257],[12.0607,47.6187]]]},"properties":{"NUTS_ID":"DE21F","LEVL_CODE":3,"CNTR_CODE":"DE","NAME_LATN":"Miesbach","NUTS_NAME":"Miesbach","MOUNT_TYPE":1,"URBN_TYPE":2,"COAST_TYPE":null}},{"type":"Feature","geometry":{"type":"Polygon","coordinates":[[[12.6073,48.3536],[12.5662,48.1589],[12.3659,48.1038],[12.0857,48.1223],[12.0432,48.1417],[12.2506,48.3219],[12.4838,48.4297],[12.6073,48.3536]]]},"properties":{"NUTS_ID":"DE21G","LEVL_CODE":3,"CNTR_CODE":"DE","NAME_LATN":"Mühldorf a. Inn","NUTS_NAME":"Mühldorf a. Inn","MOUNT_TYPE":null,"URBN_TYPE":2,"COAST_TYPE":null}},{"type":"Feature","geometry":{"type":"Polygon","coordinates":[[[11.4129,48.1038],[11.4998,48.2481],[11.5787,48.2995],[11.7382,48.2763],[11.7562,48.2211],[11.848,47.9483],[11.8065,47.9257],[11.6235,47.9203],[11.4286,47.9785],[11.4129,48.1038]]]},"properties":{"NUTS_ID":"DE21H","LEVL_CODE":3,"CNTR_CODE":"DE","NAME_LATN":"München, Landkreis","NUTS_NAME":"München, Landkreis","MOUNT_TYPE":null,"URBN_TYPE":1,"COAST_TYPE":null}},{"type":"Feature","geometry":{"type":"Polygon","coordinates":[[[11.2559,48.7794],[11.4331,48.6994],[11.2954,48.4746],[11.023,48.6202],[11.0059,48.8219],[11.2559,48.7794]]]},"properties":{"NUTS_ID":"DE21I","LEVL_CODE":3,"CNTR_CODE":"DE","NAME_LATN":"Neuburg-Schrobenhausen","NUTS_NAME":"Neuburg-Schrobenhausen","MOUNT_TYPE":null,"URBN_TYPE":3,"COAST_TYPE":null}},{"type":"Feature","geometry":{"type":"Polygon","coordinates":[[[11.4331,48.6994],[11.4893,48.745],[11.7196,48.7837],[11.7067,48.6166],[11.4932,48.4405],[11.3117,48.4523],[11.2954,48.4746],[11.4331,48.6994]]]},"properties":{"NUTS_ID":"DE21J","LEVL_CODE":3,"CNTR_CODE":"DE","NAME_LATN":"Pfaffenhofen a. d. Ilm","NUTS_NAME":"Pfaffenhofen a. d. Ilm","MOUNT_TYPE":null,"URBN_TYPE":2,"COAST_TYPE":null}},{"type":"Feature","geometry":{"type":"Polygon","coordinates":[[[12.338,47.6971],[12.0607,47.6187],[11.8065,47.9257],[11.848,47.9483],[12.0857,48.1223],[12.3659,48.1038],[12.338,47.6971]],[[11.889,47.8369],[12.1799,47.6921],[12.3062,47.929],[12.0972,48.0219],[11.889,47.8369]]]},"properties":{"NUTS_ID":"DE21K","LEVL_CODE":3,"CNTR_CODE":"DE","NAME_LATN":"Rosenheim, Landkreis","NUTS_NAME":"Rosenheim, Landkreis","MOUNT_TYPE":null,"URBN_TYPE":2,"COAST_TYPE":null}},{"type":"Feature","geometry":{"type":"Polygon","coordinates":[[[11.4286,47.9785],[11.3292,47.8211],[11.1496,47.9534],[11.1383,48.1038],[11.4129,48.1038],[11.4286,47.9785]]]},"properties":{"NUTS_ID":"DE21L","LEVL_CODE":3,"CNTR_CODE":"DE","NAME_LATN":"Starnberg","NUTS_NAME":"Starnberg","MOUNT_TYPE":null,"URBN_TYPE":1,"COAST_TYPE":null}},{"type":"Feature","geometry":{"type":"Polygon","coordinates":[[[12.575,47.6323],[12.338,47.6971],[12.3659,48.1038],[12.5662,48.1589],[12.7509,48.1038],[12.8602,47.9966],[12.8758,47.9626],[12.6958,47.6822],[12.575,47.6323]]]},"properties":{"NUTS_ID":"DE21M","LEVL_CODE":3,"CNTR_CODE":"DE","NAME_LATN":"Traunstein","NUTS_NAME":"Traunstein","MOUNT_TYPE":null,"URBN_TYPE":3,"COAST_TYPE":null}},{"type":"Feature","geometry":{"type":"Polygon","coordinates":[[[10.9528,47.6163],[10.7671,47.8438],[11.1496,47.9534],[11.3292,47.8211],[11.3441,47.6937],[10.9528,47.6163]]]},"properties":{"NUTS_ID":"DE21N","LEVL_CODE":3,"CNTR_CODE":"DE","NAME_LATN":"Weilheim-Schongau","NUTS_NAME":"Weilheim-Schongau","MOUNT_TYPE":null,"URBN_TYPE":2,"COAST_TYPE":null}},{"type":"Feature","geometry":{"type":"Polygon","coordinates":[[[12.0205,48.5112],[12.1165,48.5468],[12.1277,48.5221],[12.0205,48.5112]]]},"properties":{"NUTS_ID":"DE221","LEVL_CODE":3,"CNTR_CODE":"DE","NAME_LATN":"Landshut, Kreisfreie Stadt","NUTS_NAME":"Landshut, Kreisfreie Stadt","MOUNT_TYPE":null,"URBN_TYPE":2,"COAST_TYPE":null}},{"type":"Feature","geometry":{"type":"Polygon","coordinates":[[[13.5106,48.5903],[13.455,48.5596],[13.4835,48.5877],[13.5106,48.5903]]]},"properties":{"NUTS_ID":"DE222","LEVL_CODE":3,"CNTR_CODE":"DE","NAME_LATN":"Passau, Kreisfreie Stadt","NUTS_NAME":"Passau, Kreisfreie Stadt","MOUNT_TYPE":null,"URBN_TYPE":3,"COAST_TYPE":null}},{"type":"Feature","geometry":{"type":"Polygon","coordinates":[[[12.4204,48.8633],[12.5245,48.9412],[12.7188,48.9022],[12.5559,48.8237],[12.4204,48.8633]]]},"properties":{"NUTS_ID":"DE223","LEVL_CODE":3,"CNTR_CODE":"DE","NAME_LATN":"Straubing, Kreisfreie Stadt","NUTS_NAME":"Straubing, Kreisfreie Stadt","MOUNT_TYPE":null,"URBN_TYPE":3,"COAST_TYPE":null}},{"type":"Feature","geometry":{"type":"Polygon","coordinates":[[[12.9674,48.6113],[12.764,48.7979],[12.8914,48.9545],[13.1955,48.8628],[13.2586,48.7412],[12.9943,48.6006],[12.9674,48.6113]]]},"properties":{"NUTS_ID":"DE224","LEVL_CODE":3,"CNTR_CODE":"DE","NAME_LATN":"Deggendorf","NUTS_NAME":"Deggendorf","MOUNT_TYPE":null,"URBN_TYPE":2,"COAST_TYPE":null}},{"type":"Feature","geometry":{"type":"Polygon","coordinates":[[[13.5516,48.9678],[13.8395,48.7716],[13.7961,48.7136],[13.2586,48.7412],[13.1955,48.8628],[13.4167,48.98],[13.5516,48.9678]]]},"properties":{"NUTS_ID":"DE225","LEVL_CODE":3,"CNTR_CODE":"DE","NAME_LATN":"Freyung-Grafenau","NUTS_NAME":"Freyung-Grafenau","MOUNT_TYPE":1,"URBN_TYPE":3,"COAST_TYPE":null}},{"type":"Feature","geometry":{"type":"Polygon","coordinates":[[[11.6598,49.0161],[12.0975,48.772],[11.9102,48.5852],[11.7067,48.6166],[11.7196,48.7837],[11.5993,48.9515],[11.6598,49.0161]]]},"properties":{"NUTS_ID":"DE226","LEVL_CODE":3,"CNTR_CODE":"DE","NAME_LATN":"Kelheim","NUTS_NAME":"Kelheim","MOUNT_TYPE":null,"URBN_TYPE":3,"COAST_TYPE":null}},{"type":"Feature","geometry":{"type":"Polygon","coordinates":[[[12.0975,48.772],[12.1353,48.7659],[12.3294,48.7214],[12.5082,48.503],[12.4838,48.4297],[12.2506,48.3219],[12.0171,48.4307],[11.9102,48.5852],[12.0975,48.772]],[[12.0205,48.5112],[12.1277,48.5221],[12.1165,48.5468],[12.0205,48.5112]]]},"properties":{"NUTS_ID":"DE227","LEVL_CODE":3,"CNTR_CODE":"DE","NAME_LATN":"Landshut, Landkreis","NUTS_NAME":"Landshut, Landkreis","MOUNT_TYPE":null,"URBN_TYPE":2,"COAST_TYPE":null}},{"type":"Feature","geometry":{"type":"Polygon","coordinates":[[[13.455,48.5596],[13.177,48.2944],[12.9943,48.6006],[13.2586,48.7412],[13.7961,48.7136],[13.7271,48.513],[13.5106,48.5903],[13.4835,48.5877],[13.455,48.5596]]]},"properties":{"NUTS_ID":"DE228","LEVL_CODE":3,"CNTR_CODE":"DE","NAME_LATN":"Passau, Landkreis","NUTS_NAME":"Passau, Landkreis","MOUNT_TYPE":null,"URBN_TYPE":3,"COAST_TYPE":null}},{"type":"Feature","geometry":{"type":"Polygon","coordinates":[[[13.1709,49.1736],[13.4167,48.98],[13.1955,48.8628],[12.8914,48.9545],[12.7682,49.1148],[13.1709,49.1736]]]},"properties":{"NUTS_ID":"DE229","LEVL_CODE":3,"CNTR_CODE":"DE","NAME_LATN":"Regen","NUTS_NAME":"Regen","MOUNT_TYPE":1,"URBN_TYPE":3,"COAST_TYPE":null}},{"type":"Feature","geometry":{"type":"Polygon","coordinates":[[[13.177,48.2944],[12.9447,48.2067],[12.6073,48.3536],[12.4838,48.4297],[12.5082,48.503],[12.9674,48.6113],[12.9943,48.6006],[13.177,48.2944]]]},"properties":{"NUTS_ID":"DE22A","LEVL_CODE":3,"CNTR_CODE":"DE","NAME_LATN":"Rottal-Inn","NUTS_NAME":"Rottal-Inn","MOUNT_TYPE":null,"URBN_TYPE":3,"COAST_TYPE":null}},{"type":"Feature","geometry":{"type":"Polygon","coordinates":[[[12.1353,48.7659],[12.479,49.032],[12.7682,49.1148],[12.8914,48.9545],[12.764,48.7979],[12.3294,48.7214],[12.1353,48.7659]],[[12.4204,48.8633],[12.5559,48.8237],[12.7188,48.9022],[12.5245,48.9412],[12.4204,48.8633]]]},"properties":{"NUTS_ID":"DE22B","LEVL_CODE":3,"CNTR_CODE":"DE","NAME_LATN":"Straubing-Bogen","NUTS_NAME":"Straubing-Bogen","MOUNT_TYPE":null,"URBN_TYPE":3,"COAST_TYPE":null}},{"type":"Feature","geometry":{"type":"Polygon","coordinates":[[[12.764,48.7979],[12.9674,48.6113],[12.5082,48.503],[12.3294,48.7214],[12.764,48.7979]]]},"properties":{"NUTS_ID":"DE22C","LEVL_CODE":3,"CNTR_CODE":"DE","NAME_LATN":"Dingolfing-Landau","NUTS_NAME":"Dingolfing-Landau","MOUNT_TYPE":null,"URBN_TYPE":3,"COAST_TYPE":null}},{"type":"Feature","geometry":{"type":"Polygon","coordinates":[[[11.6327,49.4329],[11.865,49.5728],[12.054,49.4881],[11.8503,49.3502],[11.6327,49.4329]]]},"properties":{"NUTS_ID":"DE231","LEVL_CODE":3,"CNTR_CODE":"DE","NAME_LATN":"Amberg, Kreisfreie Stadt","NUTS_NAME":"Amberg, Kreisfreie Stadt","MOUNT_TYPE":null,"URBN_TYPE":2,"COAST_TYPE":null}},{"type":"Feature","geometry":{"type":"Polygon","coordinates":[[[11.8456,48.9994],[12.146,49.1701],[12.3434,48.9771],[12.0884,48.8809],[11.8456,48.9994]]]},"properties":{"NUTS_ID":"DE232","LEVL_CODE":3,"CNTR_CODE":"DE","NAME_LATN":"Regensburg, Kreisfreie Stadt","NUTS_NAME":"Regensburg, Kreisfreie Stadt","MOUNT_TYPE":null,"URBN_TYPE":2,"COAST_TYPE":null}},{"type":"Feature","geometry":{"type":"Polygon","coordinates":[[[11.9602,49.6616],[12.2039,49.7721],[12.388,49.6591],[12.1706,49.555],[11.9602,49.6616]]]},"properties":{"NUTS_ID":"DE233","LEVL_CODE":3,"CNTR_CODE":"DE","NAME_LATN":"Weiden i. d. Opf, Kreisfreie Stadt","NUTS_NAME":"Weiden i. d. Opf, Kreisfreie Stadt","MOUNT_TYPE":null,"URBN_TYPE":3,"COAST_TYPE":null}},{"type":"Feature","geometry":{"type":"Polygon","coordinates":[[[12.1155,49.548],[11.9342,49.2211],[11.5578,49.419],[11.5626,49.6856],[11.6307,49.7606],[12.1155,49.548]],[[11.6327,49.4329],[11.8503,49.3502],[12.054,49.4881],[11.865,49.5728],[11.6327,49.4329]]]},"properties":{"NUTS_ID":"DE234","LEVL_CODE":3,"CNTR_CODE":"DE","NAME_LATN":"Amberg-Sulzbach","NUTS_NAME":"Amberg-Sulzbach","MOUNT_TYPE":null,"URBN_TYPE":2,"COAST_TYPE":null}},{"type":"Feature","geometry":{"type":"Polygon","coordinates":[[[12.6338,49.4762],[13.1709,49.1736],[12.7682,49.1148],[12.479,49.032],[12.311,49.1525],[12.6338,49.4762]]]},"properties":{"NUTS_ID":"DE235","LEVL_CODE":3,"CNTR_CODE":"DE","NAME_LATN":"Cham","NUTS_NAME":"Cham","MOUNT_TYPE":null,"URBN_TYPE":3,"COAST_TYPE":null}},{"type":"Feature","geometry":{"type":"Polygon","coordinates":[[[11.9359,49.1951],[11.6598,49.0161],[11.5993,48.9515],[11.3857,49.0789],[11.2472,49.3254],[11.5578,49.419],[11.9342,49.2211],[11.9359,49.1951]]]},"properties":{"NUTS_ID":"DE236","LEVL_CODE":3,"CNTR_CODE":"DE","NAME_LATN":"Neumarkt i. d. OPf.","NUTS_NAME":"Neumarkt i. d. OPf.","MOUNT_TYPE":null,"URBN_TYPE":3,"COAST_TYPE":null}},{"type":"Feature","geometry":{"type":"Polygon","coordinates":[[[12.4015,49.7584],[12.5938,49.5422],[12.1155,49.548],[11.6307,49.7606],[11.8548,49.8471],[12.4015,49.7584]],[[11.9602,49.6616],[12.1706,49.555],[12.388,49.6591],[12.2039,49.7721],[11.9602,49.6616]]]},"properties":{"NUTS_ID":"DE237","LEVL_CODE":3,"CNTR_CODE":"DE","NAME_LATN":"Neustadt a. d. Waldnaab","NUTS_NAME":"Neustadt a. d. Waldnaab","MOUNT_TYPE":null,"URBN_TYPE":3,"COAST_TYPE":null}},{"type":"Feature","geometry":{"type":"Polygon","coordinates":[[[0.2972,49.4299],[0.4128,48.9506],[-0.8409,48.7522],[-1.1196,49.3223],[0.2972,49.4299]]]},"properties":{"NUTS_ID":"FRD11","LEVL_CODE":3,"CNTR_CODE":"FR","NAME_LATN":"Calvados ","NUTS_NAME":"Calvados ","MOUNT_TYPE":null,"URBN_TYPE":2,"COAST_TYPE":1}},{"type":"Feature","geometry":{"type":"Polygon","coordinates":[[[-1.1196,49.3223],[-0.8409,48.7522],[-0.8604,48.5015],[-1.0554,48.508],[-1.5711,48.6265],[-1.7654,49.5764],[-1.1196,49.3223]]]},"properties":{"NUTS_ID":"FRD12","LEVL_CODE":3,"CNTR_CODE":"FR","NAME_LATN":"Manche ","NUTS_NAME":"Manche ","MOUNT_TYPE":null,"URBN_TYPE":3,"COAST_TYPE":1}},{"type":"Feature","geometry":{"type":"Polygon","coordinates":[[[-0.8409,48.7522],[0.4128,48.9506],[0.8148,48.6702],[0.7977,48.1945],[-0.0545,48.382],[-0.8604,48.5015],[-0.8409,48.7522]]]},"properties":{"NUTS_ID":"FRD13","LEVL_CODE":3,"CNTR_CODE":"FR","NAME_LATN":"Orne","NUTS_NAME":"Orne","MOUNT_TYPE":null,"URBN_TYPE":3,"COAST_TYPE":null}},{"type":"Feature","geometry":{"type":"Polygon","coordinates":[[[0.4128,48.9506],[0.2972,49.4299],[0.4362,49.4578],[1.0157,49.2999],[1.7139,49.4092],[1.7044,49.2322],[1.6088,49.0779],[1.5015,48.9411],[0.8148,48.6702],[0.4128,48.9506]]]},"properties":{"NUTS_ID":"FRD21","LEVL_CODE":3,"CNTR_CODE":"FR","NAME_LATN":"Eure","NUTS_NAME":"Eure","MOUNT_TYPE":null,"URBN_TYPE":3,"COAST_TYPE":1}},{"type":"Feature","geometry":{"type":"Polygon","coordinates":[[[1.7139,49.4092],[1.0157,49.2999],[0.4362,49.4578],[0.3352,49.7267],[1.3796,50.0651],[1.7838,49.7583],[1.7139,49.4092]]]},"properties":{"NUTS_ID":"FRD22","LEVL_CODE":3,"CNTR_CODE":"FR","NAME_LATN":"Seine-Maritime","NUTS_NAME":"Seine-Maritime","MOUNT_TYPE":null,"URBN_TYPE":2,"COAST_TYPE":1}},{"type":"Feature","geometry":{"type":"Polygon","coordinates":[[[2.607,50.9127],[3.0817,50.7999],[3.177,50.7562],[3.6151,50.4904],[3.6555,50.4617],[4.0278,50.3583],[4.0425,50.3398],[4.1409,49.9788],[3.173,50.0113],[3.0903,50.0537],[2.9701,50.4735],[2.0677,51.0066],[2.5461,51.0894],[2.607,50.9127]]]},"properties":{"NUTS_ID":"FRE11","LEVL_CODE":3,"CNTR_CODE":"FR","NAME_LATN":"Nord","NUTS_NAME":"Nord","MOUNT_TYPE":null,"URBN_TYPE":1,"COAST_TYPE":1}},{"type":"Feature","geometry":{"type":"Polygon","coordinates":[[[2.0677,51.0066],[2.9701,50.4735],[3.0903,50.0537],[1.6447,50.3504],[1.6552,50.83],[2.0677,51.0066]]]},"properties":{"NUTS_ID":"FRE12","LEVL_CODE":3,"CNTR_CODE":"FR","NAME_LATN":"Pas-de-Calais","NUTS_NAME":"Pas-de-Calais","MOUNT_TYPE":null,"URBN_TYPE":2,"COAST_TYPE":1}},{"type":"Feature","geometry":{"type":"Polygon","coordinates":[[[4.1409,49.9788],[4.2331,49.9578],[4.048,49.4056],[3.4852,48.8519],[3.0719,49.1176],[3.1184,49.706],[3.173,50.0113],[4.1409,49.9788]]]},"properties":{"NUTS_ID":"FRE21","LEVL_CODE":3,"CNTR_CODE":"FR","NAME_LATN":"Aisne","NUTS_NAME":"Aisne","MOUNT_TYPE":null,"URBN_TYPE":3,"COAST_TYPE":null}},{"type":"Feature","geometry":{"type":"Polygon","coordinates":[[[1.7044,49.2322],[1.7139,49.4092],[1.7838,49.7583],[3.1184,49.706],[3.0719,49.1176],[2.5905,49.0797],[1.7044,49.2322]]]},"properties":{"NUTS_ID":"FRE22","LEVL_CODE":3,"CNTR_CODE":"FR","NAME_LATN":"Oise","NUTS_NAME":"Oise","MOUNT_TYPE":null,"URBN_TYPE":2,"COAST_TYPE":null}},{"type":"Feature","geometry":{"type":"Polygon","coordinates":[[[1.7838,49.7583],[1.3796,50.0651],[1.6447,50.3504],[3.0903,50.0537],[3.173,50.0113],[3.1184,49.706],[1.7838,49.7583]]]},"properties":{"NUTS_ID":"FRE23","LEVL_CODE":3,"CNTR_CODE":"FR","NAME_LATN":"Somme","NUTS_NAME":"Somme","MOUNT_TYPE":null,"URBN_TYPE":3,"COAST_TYPE":1}},{"type":"Feature","geometry":{"type":"Polygon","coordinates":[[[8.2326,48.9666],[7.9596,48.7186],[7.6807,48.2573],[7.577,48.1191],[7.1983,48.3105],[7.1232,48.5136],[7.0794,48.5364],[7.1817,48.9492],[7.6357,49.054],[7.9107,49.0452],[8.0683,48.9993],[8.2326,48.9666]]]},"properties":{"NUTS_ID":"FRF11","LEVL_CODE":3,"CNTR_CODE":"FR","NAME_LATN":"Bas-Rhin","NUTS_NAME":"Bas-Rhin","MOUNT_TYPE":null,"URBN_TYPE":2,"COAST_TYPE":null}},{"type":"Feature","geometry":{"type":"Polygon","coordinates":[[[7.6186,47.4882],[7.3809,47.4319],[7.1304,47.503],[6.8462,47.8229],[7.1983,48.3105],[7.577,48.1191],[7.5773,48.1157],[7.546,47.7436],[7.589,47.5899],[7.6186,47.5386],[7.6186,47.4882]]]},"properties":{"NUTS_ID":"FRF12","LEVL_CODE":3,"CNTR_CODE":"FR","NAME_LATN":"Haut-Rhin","NUTS_NAME":"Haut-Rhin","MOUNT_TYPE":null,"URBN_TYPE":2,"COAST_TYPE":null}},{"type":"Feature","geometry":{"type":"Polygon","coordinates":[[[4.2331,49.9578],[4.4325,49.9416],[4.7928,50.147],[4.9694,49.8018],[5.1537,49.7179],[5.3935,49.6171],[4.951,49.2369],[4.048,49.4056],[4.2331,49.9578]]]},"properties":{"NUTS_ID":"FRF21","LEVL_CODE":3,"CNTR_CODE":"FR","NAME_LATN":"Ardennes","NUTS_NAME":"Ardennes","MOUNT_TYPE":null,"URBN_TYPE":3,"COAST_TYPE":null}},{"type":"Feature","geometry":{"type":"Polygon","coordinates":[[[4.6702,48.5319],[4.7042,48.0202],[4.2934,47.9257],[3.4148,48.3903],[3.5556,48.6203],[4.6702,48.5319]]]},"properties":{"NUTS_ID":"FRF22","LEVL_CODE":3,"CNTR_CODE":"FR","NAME_LATN":"Aube","NUTS_NAME":"Aube","MOUNT_TYPE":null,"URBN_TYPE":2,"COAST_TYPE":null}},{"type":"Feature","geometry":{"type":"Polygon","coordinates":[[[3.4852,48.8519],[4.048,49.4056],[4.951,49.2369],[4.9884,48.6844],[4.6702,48.5319],[3.5556,48.6203],[3.4852,48.8519]]]},"properties":{"NUTS_ID":"FRF23","LEVL_CODE":3,"CNTR_CODE":"FR","NAME_LATN":"Marne","NUTS_NAME":"Marne","MOUNT_TYPE":null,"URBN_TYPE":2,"COAST_TYPE":null}},{"type":"Feature","geometry":{"type":"Polygon","coordinates":[[[4.7042,48.0202],[4.6702,48.5319],[4.9884,48.6844],[5.4701,48.4209],[5.8847,47.926],[5.3741,47.6045],[4.7042,48.0202]]]},"properties":{"NUTS_ID":"FRF24","LEVL_CODE":3,"CNTR_CODE":"FR","NAME_LATN":"Haute-Marne","NUTS_NAME":"Haute-Marne","MOUNT_TYPE":null,"URBN_TYPE":3,"COAST_TYPE":null}},{"type":"Feature","geometry":{"type":"Polygon","coordinates":[[[5.7345,49.5458],[5.8181,49.5463],[5.8934,49.4969],[6.106,48.9891],[7.0794,48.5364],[7.1232,48.5136],[6.0771,48.3672],[5.7652,48.4965],[5.7934,49.0721],[5.4709,49.4972],[5.7345,49.5458]]]},"properties":{"NUTS_ID":"FRF31","LEVL_CODE":3,"CNTR_CODE":"FR","NAME_LATN":"Meurthe-et-Moselle ","NUTS_NAME":"Meurthe-et-Moselle ","MOUNT_TYPE":null,"URBN_TYPE":2,"COAST_TYPE":null}},{"type":"Feature","geometry":{"type":"Polygon","coordinates":[[[5.3935,49.6171],[5.4709,49.4972],[5.7934,49.0721],[5.7652,48.4965],[5.4701,48.4209],[4.9884,48.6844],[4.951,49.2369],[5.3935,49.6171]]]},"properties":{"NUTS_ID":"FRF32","LEVL_CODE":3,"CNTR_CODE":"FR","NAME_LATN":"Meuse ","NUTS_NAME":"Meuse ","MOUNT_TYPE":null,"URBN_TYPE":3,"COAST_TYPE":null}},{"type":"Feature","geometry":{"type":"Polygon","coordinates":[[[7.3688,49.1615],[7.6357,49.054],[7.1817,48.9492],[7.0794,48.5364],[6.106,48.9891],[5.8934,49.4969],[6.3671,49.4695],[6.557,49.4192],[6.7235,49.2188],[7.1011,49.156],[7.3688,49.1615]]]},"properties":{"NUTS_ID":"FRF33","LEVL_CODE":3,"CNTR_CODE":"FR","NAME_LATN":"Moselle","NUTS_NAME":"Moselle","MOUNT_TYPE":null,"URBN_TYPE":2,"COAST_TYPE":null}},{"type":"Feature","geometry":{"type":"Polygon","coordinates":[[[7.1232,48.5136],[7.1983,48.3105],[6.8462,47.8229],[6.8235,47.8131],[5.8847,47.926],[5.4701,48.4209],[5.7652,48.4965],[6.0771,48.3672],[7.1232,48.5136]]]},"properties":{"NUTS_ID":"FRF34","LEVL_CODE":3,"CNTR_CODE":"FR","NAME_LATN":"Vosges","NUTS_NAME":"Vosges","MOUNT_TYPE":null,"URBN_TYPE":3,"COAST_TYPE":null}},{"type":"Feature","geometry":{"type":"Polygon","coordinates":[[[-2.4263,47.4761],[-2.097,47.6314],[-1.2459,47.7767],[-0.9536,47.4093],[-1.1486,47.0295],[-1.9805,47.0287],[-2.4263,47.4761]]]},"properties":{"NUTS_ID":"FRG01","LEVL_CODE":3,"CNTR_CODE":"FR","NAME_LATN":"Loire-Atlantique","NUTS_NAME":"Loire-Atlantique","MOUNT_TYPE":null,"URBN_TYPE":1,"COAST_TYPE":1}},{"type":"Feature","geometry":{"type":"Polygon","coordinates":[[[-1.1486,47.0295],[-0.9536,47.4093],[-1.2459,47.7767],[-1.2382,47.81],[-0.3817,47.7606],[0.23,47.6084],[0.0538,47.1637],[-0.1021,47.0648],[-0.892,46.9758],[-1.1486,47.0295]]]},"properties":{"NUTS_ID":"FRG02","LEVL_CODE":3,"CNTR_CODE":"FR","NAME_LATN":"Maine-et-Loire","NUTS_NAME":"Maine-et-Loire","MOUNT_TYPE":null,"URBN_TYPE":2,"COAST_TYPE":null}},{"type":"Feature","geometry":{"type":"Polygon","coordinates":[[[-1.0554,48.508],[-0.8604,48.5015],[-0.0545,48.382],[-0.3817,47.7606],[-1.2382,47.81],[-1.0554,48.508]]]},"properties":{"NUTS_ID":"FRG03","LEVL_CODE":3,"CNTR_CODE":"FR","NAME_LATN":"Mayenne","NUTS_NAME":"Mayenne","MOUNT_TYPE":null,"URBN_TYPE":3,"COAST_TYPE":null}},{"type":"Feature","geometry":{"type":"Polygon","coordinates":[[[-0.0545,48.382],[0.7977,48.1945],[0.8417,48.1038],[0.6144,47.6942],[0.23,47.6084],[-0.3817,47.7606],[-0.0545,48.382]]]},"properties":{"NUTS_ID":"FRG04","LEVL_CODE":3,"CNTR_CODE":"FR","NAME_LATN":"Sarthe","NUTS_NAME":"Sarthe","MOUNT_TYPE":null,"URBN_TYPE":3,"COAST_TYPE":null}},{"type":"Feature","geometry":{"type":"Polygon","coordinates":[[[-1.9805,47.0287],[-1.1486,47.0295],[-0.892,46.9758],[-0.7505,46.3043],[-1.0757,46.32],[-1.6623,46.4409],[-1.9805,47.0287]]]},"properties":{"NUTS_ID":"FRG05","LEVL_CODE":3,"CNTR_CODE":"FR","NAME_LATN":"Vendée","NUTS_NAME":"Vendée","MOUNT_TYPE":null,"URBN_TYPE":3,"COAST_TYPE":1}},{"type":"Feature","geometry":{"type":"Polygon","coordinates":[[[-2.1238,48.6048],[-2.2873,48.1337],[-3.5648,48.1857],[-3.5826,48.6708],[-3.162,48.7944],[-2.1238,48.6048]]]},"properties":{"NUTS_ID":"FRH01","LEVL_CODE":3,"CNTR_CODE":"FR","NAME_LATN":"Côtes-d’Armor","NUTS_NAME":"Côtes-d’Armor","MOUNT_TYPE":null,"URBN_TYPE":3,"COAST_TYPE":1}},{"type":"Feature","geometry":{"type":"Polygon","coordinates":[[[-3.5826,48.6708],[-3.5648,48.1857],[-3.523,47.8491],[-4.3104,47.9087],[-4.6589,48.4244],[-3.5826,48.6708]]]},"properties":{"NUTS_ID":"FRH02","LEVL_CODE":3,"CNTR_CODE":"FR","NAME_LATN":"Finistère","NUTS_NAME":"Finistère","MOUNT_TYPE":null,"URBN_TYPE":3,"COAST_TYPE":1}},{"type":"Feature","geometry":{"type":"Polygon","coordinates":[[[-1.5711,48.6265],[-1.0554,48.508],[-1.2382,47.81],[-1.2459,47.7767],[-2.097,47.6314],[-2.2873,48.1337],[-2.1238,48.6048],[-1.5711,48.6265]]]},"properties":{"NUTS_ID":"FRH03","LEVL_CODE":3,"CNTR_CODE":"FR","NAME_LATN":"Ille-et-Vilaine","NUTS_NAME":"Ille-et-Vilaine","MOUNT_TYPE":null,"URBN_TYPE":2,"COAST_TYPE":1}},{"type":"Feature","geometry":{"type":"Polygon","coordinates":[[[-2.097,47.6314],[-2.4263,47.4761],[-3.523,47.8491],[-3.5648,48.1857],[-2.2873,48.1337],[-2.097,47.6314]]]},"properties":{"NUTS_ID":"FRH04","LEVL_CODE":3,"CNTR_CODE":"FR","NAME_LATN":"Morbihan","NUTS_NAME":"Morbihan","MOUNT_TYPE":null,"URBN_TYPE":3,"COAST_TYPE":1}},{"type":"Feature","geometry":{"type":"Polygon","coordinates":[[[0.0043,45.1916],[0.6297,45.7146],[1.2532,45.4442],[1.4483,45.0193],[1.0751,44.5773],[0.2973,44.7623],[-0.0402,45.1024],[0.0043,45.1916]]]},"properties":{"NUTS_ID":"FRI11","LEVL_CODE":3,"CNTR_CODE":"FR","NAME_LATN":"Dordogne","NUTS_NAME":"Dordogne","MOUNT_TYPE":null,"URBN_TYPE":3,"COAST_TYPE":null}},{"type":"Feature","geometry":{"type":"Polygon","coordinates":[[[-0.0402,45.1024],[0.2973,44.7623],[-0.1407,44.2264],[-1.2541,44.4676],[-1.1518,45.3881],[-0.8211,45.4035],[-0.0402,45.1024]]]},"properties":{"NUTS_ID":"FRI12","LEVL_CODE":3,"CNTR_CODE":"FR","NAME_LATN":"Gironde","NUTS_NAME":"Gironde","MOUNT_TYPE":null,"URBN_TYPE":1,"COAST_TYPE":1}},{"type":"Feature","geometry":{"type":"Polygon","coordinates":[[[-1.2541,44.4676],[-0.1407,44.2264],[0.076,43.9831],[-0.2428,43.585],[-1.5248,43.5296],[-1.2541,44.4676]]]},"properties":{"NUTS_ID":"FRI13","LEVL_CODE":3,"CNTR_CODE":"FR","NAME_LATN":"Landes","NUTS_NAME":"Landes","MOUNT_TYPE":null,"URBN_TYPE":3,"COAST_TYPE":1}},{"type":"Feature","geometry":{"type":"Polygon","coordinates":[[[0.2973,44.7623],[1.0751,44.5773],[1.0641,44.3785],[0.7419,44.0652],[0.076,43.9831],[-0.1407,44.2264],[0.2973,44.7623]]]},"properties":{"NUTS_ID":"FRI14","LEVL_CODE":3,"CNTR_CODE":"FR","NAME_LATN":"Lot-et-Garonne","NUTS_NAME":"Lot-et-Garonne","MOUNT_TYPE":null,"URBN_TYPE":3,"COAST_TYPE":null}},{"type":"Feature","geometry":{"type":"Polygon","coordinates":[[[-1.5248,43.5296],[-0.2428,43.585],[-0.0968,43.5824],[-0.3133,42.8494],[-0.7245,42.9202],[-1.7289,43.2961],[-1.786,43.3506],[-1.5248,43.5296]]]},"properties":{"NUTS_ID":"FRI15","LEVL_CODE":3,"CNTR_CODE":"FR","NAME_LATN":"Pyrénées-Atlantiques","NUTS_NAME":"Pyrénées-Atlantiques","MOUNT_TYPE":null,"URBN_TYPE":2,"COAST_TYPE":1}},{"type":"Feature","geometry":{"type":"Polygon","coordinates":[[[1.4483,45.0193],[1.2532,45.4442],[1.8987,45.6983],[2.4921,45.7377],[2.5084,45.4785],[2.1104,44.9836],[1.4483,45.0193]]]},"properties":{"NUTS_ID":"FRI21","LEVL_CODE":3,"CNTR_CODE":"FR","NAME_LATN":"Corrèze","NUTS_NAME":"Corrèze","MOUNT_TYPE":null,"URBN_TYPE":3,"COAST_TYPE":null}},{"type":"Feature","geometry":{"type":"Polygon","coordinates":[[[2.4921,45.7377],[1.8987,45.6983],[1.4152,46.3472],[2.1678,46.4241],[2.281,46.4204],[2.5654,46.143],[2.4921,45.7377]]]},"properties":{"NUTS_ID":"FRI22","LEVL_CODE":3,"CNTR_CODE":"FR","NAME_LATN":"Creuse","NUTS_NAME":"Creuse","MOUNT_TYPE":null,"URBN_TYPE":3,"COAST_TYPE":null}},{"type":"Feature","geometry":{"type":"Polygon","coordinates":[[[1.2532,45.4442],[0.6297,45.7146],[0.8234,46.1286],[1.1773,46.3839],[1.4152,46.3472],[1.8987,45.6983],[1.2532,45.4442]]]},"properties":{"NUTS_ID":"FRI23","LEVL_CODE":3,"CNTR_CODE":"FR","NAME_LATN":"Haute-Vienne","NUTS_NAME":"Haute-Vienne","MOUNT_TYPE":null,"URBN_TYPE":3,"COAST_TYPE":null}},{"type":"Feature","geometry":{"type":"Polygon","coordinates":[[[0.6297,45.7146],[0.0043,45.1916],[-0.3909,45.7229],[-0.1076,45.9721],[0.1974,46.0956],[0.8234,46.1286],[0.6297,45.7146]]]},"properties":{"NUTS_ID":"FRI31","LEVL_CODE":3,"CNTR_CODE":"FR","NAME_LATN":"Charente","NUTS_NAME":"Charente","MOUNT_TYPE":null,"URBN_TYPE":3,"COAST_TYPE":null}},{"type":"Feature","geometry":{"type":"Polygon","coordinates":[[[-1.0757,46.32],[-0.7505,46.3043],[-0.1076,45.9721],[-0.3909,45.7229],[0.0043,45.1916],[-0.0402,45.1024],[-0.8211,45.4035],[-1.1234,45.7808],[-1.0757,46.32]]]},"properties":{"NUTS_ID":"FRI32","LEVL_CODE":3,"CNTR_CODE":"FR","NAME_LATN":"Charente-Maritime","NUTS_NAME":"Charente-Maritime","MOUNT_TYPE":null,"URBN_TYPE":3,"COAST_TYPE":1}},{"type":"Feature","geometry":{"type":"Polygon","coordinates":[[[-0.892,46.9758],[-0.1021,47.0648],[0.1974,46.0956],[-0.1076,45.9721],[-0.7505,46.3043],[-0.892,46.9758]]]},"properties":{"NUTS_ID":"FRI33","LEVL_CODE":3,"CNTR_CODE":"FR","NAME_LATN":"Deux-Sèvres","NUTS_NAME":"Deux-Sèvres","MOUNT_TYPE":null,"URBN_TYPE":3,"COAST_TYPE":null}},{"type":"Feature","geometry":{"type":"Polygon","coordinates":[[[-0.1021,47.0648],[0.0538,47.1637],[0.8675,46.7482],[1.1773,46.3839],[0.8234,46.1286],[0.1974,46.0956],[-0.1021,47.0648]]]},"properties":{"NUTS_ID":"FRI34","LEVL_CODE":3,"CNTR_CODE":"FR","NAME_LATN":"Vienne","NUTS_NAME":"Vienne","MOUNT_TYPE":null,"URBN_TYPE":3,"COAST_TYPE":null}},{"type":"Feature","geometry":{"type":"Polygon","coordinates":[[[3.0434,42.8382],[2.166,42.6639],[1.6884,43.2736],[2.0291,43.4369],[2.5657,43.4229],[3.2405,43.2129],[3.0434,42.8382]]]},"properties":{"NUTS_ID":"FRJ11","LEVL_CODE":3,"CNTR_CODE":"FR","NAME_LATN":"Aude","NUTS_NAME":"Aude","MOUNT_TYPE":null,"URBN_TYPE":3,"COAST_TYPE":1}},{"type":"Feature","geometry":{"type":"Polygon","coordinates":[[[4.1011,43.5547],[3.8716,43.8882],[3.3584,43.9138],[3.3736,44.1708],[3.9982,44.4598],[4.6492,44.2704],[4.7391,43.9241],[4.2303,43.4602],[4.1011,43.5547]]]},"properties":{"NUTS_ID":"FRJ12","LEVL_CODE":3,"CNTR_CODE":"FR","NAME_LATN":"Gard","NUTS_NAME":"Gard","MOUNT_TYPE":null,"URBN_TYPE":2,"COAST_TYPE":1}},{"type":"Feature","geometry":{"type":"Polygon","coordinates":[[[3.2405,43.2129],[2.5657,43.4229],[2.9355,43.6947],[3.3584,43.9138],[3.8716,43.8882],[4.1011,43.5547],[3.2405,43.2129]]]},"properties":{"NUTS_ID":"FRJ13","LEVL_CODE":3,"CNTR_CODE":"FR","NAME_LATN":"Hérault","NUTS_NAME":"Hérault","MOUNT_TYPE":null,"URBN_TYPE":2,"COAST_TYPE":1}},{"type":"Feature","geometry":{"type":"Polygon","coordinates":[[[3.9982,44.4598],[3.3736,44.1708],[2.9817,44.6447],[3.3613,44.9714],[3.8625,44.7439],[3.9982,44.4598]]]},"properties":{"NUTS_ID":"FRJ14","LEVL_CODE":3,"CNTR_CODE":"FR","NAME_LATN":"Lozère","NUTS_NAME":"Lozère","MOUNT_TYPE":1,"URBN_TYPE":3,"COAST_TYPE":null}},{"type":"Feature","geometry":{"type":"Polygon","coordinates":[[[2.166,42.6639],[3.0434,42.8382],[3.174,42.4352],[1.731,42.4924],[1.7258,42.5044],[1.7861,42.5737],[2.166,42.6639]]]},"properties":{"NUTS_ID":"FRJ15","LEVL_CODE":3,"CNTR_CODE":"FR","NAME_LATN":"Pyrénées-Orientales","NUTS_NAME":"Pyrénées-Orientales","MOUNT_TYPE":1,"URBN_TYPE":2,"COAST_TYPE":1}},{"type":"Feature","geometry":{"type":"Polygon","coordinates":[[[1.6884,43.2736],[2.166,42.6639],[1.7861,42.5737],[1.4297,42.6178],[0.8582,42.8257],[1.6884,43.2736]]]},"properties":{"NUTS_ID":"FRJ21","LEVL_CODE":3,"CNTR_CODE":"FR","NAME_LATN":"Ariège","NUTS_NAME":"Ariège","MOUNT_TYPE":1,"URBN_TYPE":3,"COAST_TYPE":null}},{"type":"Feature","geometry":{"type":"Polygon","coordinates":[[[3.3736,44.1708],[3.3584,43.9138],[2.9355,43.6947],[1.9902,44.1494],[1.8821,44.3401],[2.2075,44.6155],[2.9817,44.6447],[3.3736,44.1708]]]},"properties":{"NUTS_ID":"FRJ22","LEVL_CODE":3,"CNTR_CODE":"FR","NAME_LATN":"Aveyron","NUTS_NAME":"Aveyron","MOUNT_TYPE":1,"URBN_TYPE":3,"COAST_TYPE":null}},{"type":"Feature","geometry":{"type":"Polygon","coordinates":[[[2.0291,43.4369],[1.6884,43.2736],[0.8582,42.8257],[0.6601,42.691],[0.4777,42.7],[0.6068,43.3109],[0.954,43.7874],[1.5556,43.9183],[2.0291,43.4369]]]},"properties":{"NUTS_ID":"FRJ23","LEVL_CODE":3,"CNTR_CODE":"FR","NAME_LATN":"Haute-Garonne","NUTS_NAME":"Haute-Garonne","MOUNT_TYPE":null,"URBN_TYPE":1,"COAST_TYPE":null}},{"type":"Feature","geometry":{"type":"Polygon","coordinates":[[[-0.2428,43.585],[0.076,43.9831],[0.7419,44.0652],[0.954,43.7874],[0.6068,43.3109],[-0.0968,43.5824],[-0.2428,43.585]]]},"properties":{"NUTS_ID":"FRJ24","LEVL_CODE":3,"CNTR_CODE":"FR","NAME_LATN":"Gers","NUTS_NAME":"Gers","MOUNT_TYPE":null,"URBN_TYPE":3,"COAST_TYPE":null}},{"type":"Feature","geometry":{"type":"Polygon","coordinates":[[[1.0751,44.5773],[1.4483,45.0193],[2.1104,44.9836],[2.2075,44.6155],[1.8821,44.3401],[1.0641,44.3785],[1.0751,44.5773]]]},"properties":{"NUTS_ID":"FRJ25","LEVL_CODE":3,"CNTR_CODE":"FR","NAME_LATN":"Lot","NUTS_NAME":"Lot","MOUNT_TYPE":null,"URBN_TYPE":3,"COAST_TYPE":null}},{"type":"Feature","geometry":{"type":"Polygon","coordinates":[[[-0.3133,42.8494],[-0.0968,43.5824],[0.6068,43.3109],[0.4777,42.7],[-0.3133,42.8494]]]},"properties":{"NUTS_ID":"FRJ26","LEVL_CODE":3,"CNTR_CODE":"FR","NAME_LATN":"Hautes-Pyrénées ","NUTS_NAME":"Hautes-Pyrénées ","MOUNT_TYPE":1,"URBN_TYPE":3,"COAST_TYPE":null}},{"type":"Feature","geometry":{"type":"Polygon","coordinates":[[[2.5657,43.4229],[2.0291,43.4369],[1.5556,43.9183],[1.9902,44.1494],[2.9355,43.6947],[2.5657,43.4229]]]},"properties":{"NUTS_ID":"FRJ27","LEVL_CODE":3,"CNTR_CODE":"FR","NAME_LATN":"Tarn","NUTS_NAME":"Tarn","MOUNT_TYPE":null,"URBN_TYPE":3,"COAST_TYPE":null}},{"type":"Feature","geometry":{"type":"Polygon","coordinates":[[[0.7419,44.0652],[1.0641,44.3785],[1.8821,44.3401],[1.9902,44.1494],[1.5556,43.9183],[0.954,43.7874],[0.7419,44.0652]]]},"properties":{"NUTS_ID":"FRJ28","LEVL_CODE":3,"CNTR_CODE":"FR","NAME_LATN":"Tarn-et-Garonne","NUTS_NAME":"Tarn-et-Garonne","MOUNT_TYPE":null,"URBN_TYPE":3,"COAST_TYPE":null}},{"type":"Feature","geometry":{"type":"Polygon","coordinates":[[[2.5654,46.143],[2.281,46.4204],[3.0321,46.7949],[3.6294,46.7495],[3.8995,46.2759],[3.694,45.9307],[2.5654,46.143]]]},"properties":{"NUTS_ID":"FRK11","LEVL_CODE":3,"CNTR_CODE":"FR","NAME_LATN":"Allier","NUTS_NAME":"Allier","MOUNT_TYPE":null,"URBN_TYPE":3,"COAST_TYPE":null}},{"type":"Feature","geometry":{"type":"Polygon","coordinates":[[[2.1104,44.9836],[2.5084,45.4785],[3.1099,45.351],[3.3613,44.9714],[2.9817,44.6447],[2.2075,44.6155],[2.1104,44.9836]]]},"properties":{"NUTS_ID":"FRK12","LEVL_CODE":3,"CNTR_CODE":"FR","NAME_LATN":"Cantal","NUTS_NAME":"Cantal","MOUNT_TYPE":1,"URBN_TYPE":3,"COAST_TYPE":null}},{"type":"Feature","geometry":{"type":"Polygon","coordinates":[[[3.8625,44.7439],[3.3613,44.9714],[3.1099,45.351],[3.8992,45.351],[4.4831,45.2364],[3.8625,44.7439]]]},"properties":{"NUTS_ID":"FRK13","LEVL_CODE":3,"CNTR_CODE":"FR","NAME_LATN":"Haute-Loire","NUTS_NAME":"Haute-Loire","MOUNT_TYPE":1,"URBN_TYPE":3,"COAST_TYPE":null}},{"type":"Feature","geometry":{"type":"Polygon","coordinates":[[[2.5084,45.4785],[2.4921,45.7377],[2.5654,46.143],[3.694,45.9307],[3.8992,45.351],[3.1099,45.351],[2.5084,45.4785]]]},"properties":{"NUTS_ID":"FRK14","LEVL_CODE":3,"CNTR_CODE":"FR","NAME_LATN":"Puy-de-Dôme","NUTS_NAME":"Puy-de-Dôme","MOUNT_TYPE":1,"URBN_TYPE":2,"COAST_TYPE":null}},{"type":"Feature","geometry":{"type":"Polygon","coordinates":[[[6.064,46.4162],[6.1256,46.3172],[5.9561,46.1321],[5.8312,45.9385],[5.6237,45.6133],[5.1011,45.8134],[4.7802,46.1767],[5.3106,46.4468],[6.064,46.4162]]]},"properties":{"NUTS_ID":"FRK21","LEVL_CODE":3,"CNTR_CODE":"FR","NAME_LATN":"Ain","NUTS_NAME":"Ain","MOUNT_TYPE":null,"URBN_TYPE":3,"COAST_TYPE":null}},{"type":"Feature","geometry":{"type":"Polygon","coordinates":[[[4.6492,44.2704],[3.9982,44.4598],[3.8625,44.7439],[4.4831,45.2364],[4.756,45.3657],[4.8005,45.2984],[4.6506,44.3298],[4.6492,44.2704]]]},"properties":{"NUTS_ID":"FRK22","LEVL_CODE":3,"CNTR_CODE":"FR","NAME_LATN":"Ardèche","NUTS_NAME":"Ardèche","MOUNT_TYPE":1,"URBN_TYPE":3,"COAST_TYPE":null}},{"type":"Feature","geometry":{"type":"Polygon","coordinates":[[[4.6506,44.3298],[4.8005,45.2984],[5.0914,45.2701],[5.8015,44.7068],[5.676,44.1914],[5.4988,44.1157],[4.6506,44.3298]]]},"properties":{"NUTS_ID":"FRK23","LEVL_CODE":3,"CNTR_CODE":"FR","NAME_LATN":"Drôme","NUTS_NAME":"Drôme","MOUNT_TYPE":1,"URBN_TYPE":2,"COAST_TYPE":null}},{"type":"Feature","geometry":{"type":"Polygon","coordinates":[[[5.1011,45.8134],[5.6237,45.6133],[6.2606,45.1268],[5.8015,44.7068],[5.0914,45.2701],[4.8005,45.2984],[4.756,45.3657],[4.7569,45.4557],[5.1011,45.8134]]]},"properties":{"NUTS_ID":"FRK24","LEVL_CODE":3,"CNTR_CODE":"FR","NAME_LATN":"Isère","NUTS_NAME":"Isère","MOUNT_TYPE":1,"URBN_TYPE":2,"COAST_TYPE":null}},{"type":"Feature","geometry":{"type":"Polygon","coordinates":[[[3.694,45.9307],[3.8995,46.2759],[4.3881,46.2198],[4.397,45.7253],[4.7569,45.4557],[4.756,45.3657],[4.4831,45.2364],[3.8992,45.351],[3.694,45.9307]]]},"properties":{"NUTS_ID":"FRK25","LEVL_CODE":3,"CNTR_CODE":"FR","NAME_LATN":"Loire","NUTS_NAME":"Loire","MOUNT_TYPE":1,"URBN_TYPE":2,"COAST_TYPE":null}},{"type":"Feature","geometry":{"type":"Polygon","coordinates":[[[4.7802,46.1767],[5.1011,45.8134],[4.7569,45.4557],[4.397,45.7253],[4.3881,46.2198],[4.7802,46.1767]]]},"properties":{"NUTS_ID":"FRK26","LEVL_CODE":3,"CNTR_CODE":"FR","NAME_LATN":"Rhône","NUTS_NAME":"Rhône","MOUNT_TYPE":1,"URBN_TYPE":1,"COAST_TYPE":null}},{"type":"Feature","geometry":{"type":"Polygon","coordinates":[[[5.6237,45.6133],[5.8312,45.9385],[6.1812,45.723],[6.8024,45.7786],[7.1047,45.4685],[6.6301,45.1099],[6.2606,45.1268],[5.6237,45.6133]]]},"properties":{"NUTS_ID":"FRK27","LEVL_CODE":3,"CNTR_CODE":"FR","NAME_LATN":"Savoie","NUTS_NAME":"Savoie","MOUNT_TYPE":1,"URBN_TYPE":2,"COAST_TYPE":null}},{"type":"Feature","geometry":{"type":"Polygon","coordinates":[[[6.2414,46.3436],[6.8211,46.4272],[7.0449,45.9224],[6.8024,45.7786],[6.1812,45.723],[5.8312,45.9385],[5.9561,46.1321],[6.2414,46.3436]]]},"properties":{"NUTS_ID":"FRK28","LEVL_CODE":3,"CNTR_CODE":"FR","NAME_LATN":"Haute-Savoie","NUTS_NAME":"Haute-Savoie","MOUNT_TYPE":1,"URBN_TYPE":2,"COAST_TYPE":null}},{"type":"Feature","geometry":{"type":"Polygon","coordinates":[[[5.4988,44.1157],[5.676,44.1914],[6.9484,44.6547],[6.8874,44.3613],[6.6364,43.7889],[5.7573,43.7294],[5.4988,44.1157]]]},"properties":{"NUTS_ID":"FRL01","LEVL_CODE":3,"CNTR_CODE":"FR","NAME_LATN":"Alpes-de-Haute-Provence","NUTS_NAME":"Alpes-de-Haute-Provence","MOUNT_TYPE":1,"URBN_TYPE":3,"COAST_TYPE":null}},{"type":"Feature","geometry":{"type":"Polygon","coordinates":[[[5.676,44.1914],[5.8015,44.7068],[6.2606,45.1268],[6.6301,45.1099],[7.0658,44.7135],[6.9484,44.6547],[5.676,44.1914]]]},"properties":{"NUTS_ID":"FRL02","LEVL_CODE":3,"CNTR_CODE":"FR","NAME_LATN":"Hautes-Alpes ","NUTS_NAME":"Hautes-Alpes ","MOUNT_TYPE":1,"URBN_TYPE":3,"COAST_TYPE":null}},{"type":"Feature","geometry":{"type":"Polygon","coordinates":[[[6.6364,43.7889],[6.8874,44.3613],[7.7142,44.0615],[7.5299,43.784],[6.9313,43.4803],[6.6364,43.7889]]]},"properties":{"NUTS_ID":"FRL03","LEVL_CODE":3,"CNTR_CODE":"FR","NAME_LATN":"Alpes-Maritimes","NUTS_NAME":"Alpes-Maritimes","MOUNT_TYPE":1,"URBN_TYPE":1,"COAST_TYPE":1}},{"type":"Feature","geometry":{"type":"Polygon","coordinates":[[[4.2303,43.4602],[4.7391,43.9241],[5.7536,43.7246],[5.6719,43.1793],[4.2303,43.4602]]]},"properties":{"NUTS_ID":"FRL04","LEVL_CODE":3,"CNTR_CODE":"FR","NAME_LATN":"Bouches-du-Rhône","NUTS_NAME":"Bouches-du-Rhône","MOUNT_TYPE":null,"URBN_TYPE":1,"COAST_TYPE":1}},{"type":"Feature","geometry":{"type":"Polygon","coordinates":[[[5.7573,43.7294],[6.6364,43.7889],[6.9313,43.4803],[6.4503,43.147],[5.6719,43.1793],[5.7536,43.7246],[5.7573,43.7294]]]},"properties":{"NUTS_ID":"FRL05","LEVL_CODE":3,"CNTR_CODE":"FR","NAME_LATN":"Var","NUTS_NAME":"Var","MOUNT_TYPE":1,"URBN_TYPE":2,"COAST_TYPE":1}},{"type":"Feature","geometry":{"type":"Polygon","coordinates":[[[4.7391,43.9241],[4.6492,44.2704],[4.6506,44.3298],[5.4988,44.1157],[5.7573,43.7294],[5.7536,43.7246],[4.7391,43.9241]]]},"properties":{"NUTS_ID":"FRL06","LEVL_CODE":3,"CNTR_CODE":"FR","NAME_LATN":"Vaucluse","NUTS_NAME":"Vaucluse","MOUNT_TYPE":1,"URBN_TYPE":2,"COAST_TYPE":null}},{"type":"Feature","geometry":{"type":"Polygon","coordinates":[[[9.4022,41.8587],[8.9228,41.5518],[8.5735,42.3813],[9.4022,41.8587]]]},"properties":{"NUTS_ID":"FRM01","LEVL_CODE":3,"CNTR_CODE":"FR","NAME_LATN":"Corse-du-Sud","NUTS_NAME":"Corse-du-Sud","MOUNT_TYPE":1,"URBN_TYPE":2,"COAST_TYPE":1}},{"type":"Feature","geometry":{"type":"Polygon","coordinates":[[[9.4022,41.8587],[8.5735,42.3813],[8.8767,42.6178],[9.4818,42.6178],[9.4022,41.8587]]]},"properties":{"NUTS_ID":"FRM02","LEVL_CODE":3,"CNTR_CODE":"FR","NAME_LATN":"Haute-Corse","NUTS_NAME":"Haute-Corse","MOUNT_TYPE":1,"URBN_TYPE":3,"COAST_TYPE":1}},{"type":"Feature","geometry":{"type":"Polygon","coordinates":[[[-61.3366,16.3595],[-61.6817,15.9553],[-61.8469,16.277],[-61.3366,16.3595]]]},"properties":{"NUTS_ID":"FRY10","LEVL_CODE":3,"CNTR_CODE":"FR","NAME_LATN":"Guadeloupe","NUTS_NAME":"Guadeloupe","MOUNT_TYPE":null,"URBN_TYPE":2,"COAST_TYPE":1}},{"type":"Feature","geometry":{"type":"Polygon","coordinates":[[[-61.2834,14.7912],[-60.9392,14.8265],[-60.8195,14.5273],[-61.1027,14.5743],[-61.2834,14.7912]]]},"properties":{"NUTS_ID":"FRY20","LEVL_CODE":3,"CNTR_CODE":"FR","NAME_LATN":"Martinique ","NUTS_NAME":"Martinique ","MOUNT_TYPE":null,"URBN_TYPE":2,"COAST_TYPE":1}},{"type":"Feature","geometry":{"type":"Polygon","coordinates":[[[11.5048,50.9062],[11.5473,50.9891],[11.5495,50.932],[11.5048,50.9062]]]},"properties":{"NUTS_ID":"DEG03","LEVL_CODE":3,"CNTR_CODE":"DE","NAME_LATN":"Jena, Kreisfreie Stadt","NUTS_NAME":"Jena, Kreisfreie Stadt","MOUNT_TYPE":1,"URBN_TYPE":2,"COAST_TYPE":null}},{"type":"Feature","geometry":{"type":"Polygon","coordinates":[[[11.2239,51.025],[11.3714,51.0197],[11.3899,50.9559],[11.295,50.9214],[11.2239,51.025]]]},"properties":{"NUTS_ID":"DEG05","LEVL_CODE":3,"CNTR_CODE":"DE","NAME_LATN":"Weimar, Kreisfreie Stadt","NUTS_NAME":"Weimar, Kreisfreie Stadt","MOUNT_TYPE":null,"URBN_TYPE":2,"COAST_TYPE":null}},{"type":"Feature","geometry":{"type":"Polygon","coordinates":[[[10.2069,51.1906],[9.9283,51.3753],[10.4886,51.5748],[10.5232,51.3697],[10.5014,51.3273],[10.2069,51.1906]]]},"properties":{"NUTS_ID":"DEG06","LEVL_CODE":3,"CNTR_CODE":"DE","NAME_LATN":"Eichsfeld","NUTS_NAME":"Eichsfeld","MOUNT_TYPE":null,"URBN_TYPE":3,"COAST_TYPE":null}},{"type":"Feature","geometry":{"type":"Polygon","coordinates":[[[10.7014,51.6422],[10.9161,51.6164],[10.9781,51.4269],[10.5232,51.3697],[10.4886,51.5748],[10.6773,51.6384],[10.7014,51.6422]]]},"properties":{"NUTS_ID":"DEG07","LEVL_CODE":3,"CNTR_CODE":"DE","NAME_LATN":"Nordhausen","NUTS_NAME":"Nordhausen","MOUNT_TYPE":null,"URBN_TYPE":3,"COAST_TYPE":null}},{"type":"Feature","geometry":{"type":"Polygon","coordinates":[[[10.21,51.1441],[10.2069,51.1906],[10.5014,51.3273],[10.9226,51.2053],[10.8803,51.0983],[10.6147,51.0392],[10.21,51.1441]]]},"properties":{"NUTS_ID":"DEG09","LEVL_CODE":3,"CNTR_CODE":"DE","NAME_LATN":"Unstrut-Hainich-Kreis","NUTS_NAME":"Unstrut-Hainich-Kreis","MOUNT_TYPE":null,"URBN_TYPE":3,"COAST_TYPE":null}},{"type":"Feature","geometry":{"type":"Polygon","coordinates":[[[11.473,51.2965],[11.3854,51.2459],[10.9226,51.2053],[10.5014,51.3273],[10.5232,51.3697],[10.9781,51.4269],[11.4289,51.3398],[11.473,51.2965]]]},"properties":{"NUTS_ID":"DEG0A","LEVL_CODE":3,"CNTR_CODE":"DE","NAME_LATN":"Kyffhäuserkreis","NUTS_NAME":"Kyffhäuserkreis","MOUNT_TYPE":null,"URBN_TYPE":3,"COAST_TYPE":null}},{"type":"Feature","geometry":{"type":"Polygon","coordinates":[[[10.863,51.0265],[10.9362,50.8949],[10.7527,50.7185],[10.4114,50.8502],[10.6147,51.0392],[10.8803,51.0983],[10.863,51.0265]]]},"properties":{"NUTS_ID":"DEG0C","LEVL_CODE":3,"CNTR_CODE":"DE","NAME_LATN":"Gotha","NUTS_NAME":"Gotha","MOUNT_TYPE":null,"URBN_TYPE":3,"COAST_TYPE":null}},{"type":"Feature","geometry":{"type":"Polygon","coordinates":[[[11.3854,51.2459],[11.4846,51.1054],[11.1705,51.0185],[10.863,51.0265],[10.8803,51.0983],[10.9226,51.2053],[11.3854,51.2459]]]},"properties":{"NUTS_ID":"DEG0D","LEVL_CODE":3,"CNTR_CODE":"DE","NAME_LATN":"Sömmerda","NUTS_NAME":"Sömmerda","MOUNT_TYPE":null,"URBN_TYPE":2,"COAST_TYPE":null}},{"type":"Feature","geometry":{"type":"Polygon","coordinates":[[[10.9456,50.3865],[10.7294,50.2303],[10.6102,50.2279],[10.4505,50.4019],[10.5825,50.5854],[10.8273,50.5805],[10.9687,50.5528],[10.9926,50.5286],[10.9456,50.3865]]]},"properties":{"NUTS_ID":"DEG0E","LEVL_CODE":3,"CNTR_CODE":"DE","NAME_LATN":"Hildburghausen","NUTS_NAME":"Hildburghausen","MOUNT_TYPE":1,"URBN_TYPE":3,"COAST_TYPE":null}},{"type":"Feature","geometry":{"type":"Polygon","coordinates":[[[11.4846,51.1054],[11.6969,51.0875],[11.5473,50.9891],[11.5048,50.9062],[11.4239,50.8086],[11.2219,50.8039],[11.1103,50.9131],[11.1705,51.0185],[11.4846,51.1054]],[[11.2239,51.025],[11.295,50.9214],[11.3899,50.9559],[11.3714,51.0197],[11.2239,51.025]]]},"properties":{"NUTS_ID":"DEG0G","LEVL_CODE":3,"CNTR_CODE":"DE","NAME_LATN":"Weimarer Land","NUTS_NAME":"Weimarer Land","MOUNT_TYPE":null,"URBN_TYPE":2,"COAST_TYPE":null}},{"type":"Feature","geometry":{"type":"Polygon","coordinates":[[[11.6969,51.0875],[12.021,50.9691],[12.0212,50.948],[11.8665,50.7881],[11.5447,50.7508],[11.4239,50.8086],[11.5048,50.9062],[11.5495,50.932],[11.5473,50.9891],[11.6969,51.0875]]]},"properties":{"NUTS_ID":"DEG0J","LEVL_CODE":3,"CNTR_CODE":"DE","NAME_LATN":"Saale-Holzland-Kreis","NUTS_NAME":"Saale-Holzland-Kreis","MOUNT_TYPE":null,"URBN_TYPE":2,"COAST_TYPE":null}},{"type":"Feature","geometry":{"type":"Polygon","coordinates":[[[11.9193,50.4247],[11.6033,50.3988],[11.4816,50.4316],[11.5447,50.7508],[11.8665,50.7881],[11.9441,50.5913],[11.9193,50.4247]]]},"properties":{"NUTS_ID":"DEG0K","LEVL_CODE":3,"CNTR_CODE":"DE","NAME_LATN":"Saale-Orla-Kreis","NUTS_NAME":"Saale-Orla-Kreis","MOUNT_TYPE":null,"URBN_TYPE":3,"COAST_TYPE":null}},{"type":"Feature","geometry":{"type":"Polygon","coordinates":[[[12.3189,50.6765],[11.9441,50.5913],[11.8665,50.7881],[12.0212,50.948],[12.1635,50.9586],[12.2242,50.9429],[12.2505,50.8185],[12.3189,50.6765]]]},"properties":{"NUTS_ID":"DEG0L","LEVL_CODE":3,"CNTR_CODE":"DE","NAME_LATN":"Greiz","NUTS_NAME":"Greiz","MOUNT_TYPE":null,"URBN_TYPE":2,"COAST_TYPE":null}},{"type":"Feature","geometry":{"type":"Polygon","coordinates":[[[12.6174,50.9808],[12.6529,50.9237],[12.2505,50.8185],[12.2242,50.9429],[12.2835,51.0919],[12.6174,50.9808]]]},"properties":{"NUTS_ID":"DEG0M","LEVL_CODE":3,"CNTR_CODE":"DE","NAME_LATN":"Altenburger Land","NUTS_NAME":"Altenburger Land","MOUNT_TYPE":null,"URBN_TYPE":2,"COAST_TYPE":null}},{"type":"Feature","geometry":{"type":"Polygon","coordinates":[[[10.4505,50.4019],[10.0413,50.5165],[10.0563,50.6681],[10.4114,50.8502],[10.7527,50.7185],[10.7526,50.687],[10.5825,50.5854],[10.4505,50.4019]]]},"properties":{"NUTS_ID":"DEG0Q","LEVL_CODE":3,"CNTR_CODE":"DE","NAME_LATN":"Schmalkalden-Meiningen","NUTS_NAME":"Schmalkalden-Meiningen","MOUNT_TYPE":1,"URBN_TYPE":2,"COAST_TYPE":null}},{"type":"Feature","geometry":{"type":"Polygon","coordinates":[[[10.0563,50.6681],[9.9262,50.7674],[10.0216,50.9929],[10.21,51.1441],[10.6147,51.0392],[10.4114,50.8502],[10.0563,50.6681]]]},"properties":{"NUTS_ID":"DEG0R","LEVL_CODE":3,"CNTR_CODE":"DE","NAME_LATN":"Wartburgkreis","NUTS_NAME":"Wartburgkreis","MOUNT_TYPE":null,"URBN_TYPE":3,"COAST_TYPE":null}},{"type":"Feature","geometry":{"type":"Polygon","coordinates":[[[10.8273,50.5805],[10.5825,50.5854],[10.7526,50.687],[10.8273,50.5805]]]},"properties":{"NUTS_ID":"DEG0S","LEVL_CODE":3,"CNTR_CODE":"DE","NAME_LATN":"Suhl, Kreisfreie Stadt","NUTS_NAME":"Suhl, Kreisfreie Stadt","MOUNT_TYPE":1,"URBN_TYPE":2,"COAST_TYPE":null}},{"type":"Feature","geometry":{"type":"Polygon","coordinates":[[[10.9362,50.8949],[11.1103,50.9131],[11.2219,50.8039],[10.9687,50.5528],[10.8273,50.5805],[10.7526,50.687],[10.7527,50.7185],[10.9362,50.8949]]]},"properties":{"NUTS_ID":"DEG0T","LEVL_CODE":3,"CNTR_CODE":"DE","NAME_LATN":"Ilm-Kreis","NUTS_NAME":"Ilm-Kreis","MOUNT_TYPE":1,"URBN_TYPE":3,"COAST_TYPE":null}},{"type":"Feature","geometry":{"type":"Polygon","coordinates":[[[11.4816,50.4316],[11.2659,50.4794],[10.9926,50.5286],[10.9687,50.5528],[11.2219,50.8039],[11.4239,50.8086],[11.5447,50.7508],[11.4816,50.4316]]]},"properties":{"NUTS_ID":"DEG0U","LEVL_CODE":3,"CNTR_CODE":"DE","NAME_LATN":"Saalfeld-Rudolstadt","NUTS_NAME":"Saalfeld-Rudolstadt","MOUNT_TYPE":1,"URBN_TYPE":2,"COAST_TYPE":null}},{"type":"Feature","geometry":{"type":"Polygon","coordinates":[[[11.1899,50.2712],[10.9456,50.3865],[10.9926,50.5286],[11.2659,50.4794],[11.1899,50.2712]]]},"properties":{"NUTS_ID":"DEG0V","LEVL_CODE":3,"CNTR_CODE":"DE","NAME_LATN":"Sonneberg","NUTS_NAME":"Sonneberg","MOUNT_TYPE":1,"URBN_TYPE":3,"COAST_TYPE":null}},{"type":"Feature","geometry":{"type":"Polygon","coordinates":[[[12.5048,55.6373],[12.5841,55.7218],[12.6676,55.698],[12.6719,55.6108],[12.5048,55.6373]]]},"properties":{"NUTS_ID":"DK011","LEVL_CODE":3,"CNTR_CODE":"DK","NAME_LATN":"Byen København","NUTS_NAME":"Byen København","MOUNT_TYPE":null,"URBN_TYPE":1,"COAST_TYPE":1}},{"type":"Feature","geometry":{"type":"Polygon","coordinates":[[[12.5841,55.7218],[12.5048,55.6373],[12.3635,55.5938],[12.2484,55.7097],[12.5826,55.8081],[12.5841,55.7218]]]},"properties":{"NUTS_ID":"DK012","LEVL_CODE":3,"CNTR_CODE":"DK","NAME_LATN":"Københavns omegn","NUTS_NAME":"Københavns omegn","MOUNT_TYPE":null,"URBN_TYPE":1,"COAST_TYPE":1}},{"type":"Feature","geometry":{"type":"Polygon","coordinates":[[[12.5826,55.8081],[12.2484,55.7097],[11.8669,55.7374],[12.5826,55.8081]]]},"properties":{"NUTS_ID":"DK013","LEVL_CODE":3,"CNTR_CODE":"DK","NAME_LATN":"Nordsjælland","NUTS_NAME":"Nordsjælland","MOUNT_TYPE":null,"URBN_TYPE":2,"COAST_TYPE":1}},{"type":"Feature","geometry":{"type":"Polygon","coordinates":[[[14.6385,55.0937],[14.803,55.3001],[15.1622,55.1009],[15.0409,54.9854],[14.6385,55.0937]]]},"properties":{"NUTS_ID":"DK014","LEVL_CODE":3,"CNTR_CODE":"DK","NAME_LATN":"Bornholm","NUTS_NAME":"Bornholm","MOUNT_TYPE":null,"URBN_TYPE":3,"COAST_TYPE":1}},{"type":"Feature","geometry":{"type":"Polygon","coordinates":[[[12.2484,55.7097],[12.3635,55.5938],[12.2168,55.4278],[11.7796,55.659],[11.8669,55.7374],[12.2484,55.7097]]]},"properties":{"NUTS_ID":"DK021","LEVL_CODE":3,"CNTR_CODE":"DK","NAME_LATN":"Østsjælland","NUTS_NAME":"Østsjælland","MOUNT_TYPE":null,"URBN_TYPE":2,"COAST_TYPE":1}},{"type":"Feature","geometry":{"type":"Polygon","coordinates":[[[11.7796,55.659],[12.2168,55.4278],[12.0203,54.8216],[11.2508,55.2867],[11.7796,55.659]]]},"properties":{"NUTS_ID":"DK022","LEVL_CODE":3,"CNTR_CODE":"DK","NAME_LATN":"Vest- og Sydsjælland","NUTS_NAME":"Vest- og Sydsjælland","MOUNT_TYPE":null,"URBN_TYPE":3,"COAST_TYPE":1}},{"type":"Feature","geometry":{"type":"Polygon","coordinates":[[[9.6822,55.3908],[10.6729,55.5336],[10.4177,54.8485],[9.6822,55.3908]]]},"properties":{"NUTS_ID":"DK031","LEVL_CODE":3,"CNTR_CODE":"DK","NAME_LATN":"Fyn","NUTS_NAME":"Fyn","MOUNT_TYPE":null,"URBN_TYPE":2,"COAST_TYPE":1}},{"type":"Feature","geometry":{"type":"Polygon","coordinates":[[[9.4229,54.8232],[9.4028,54.8069],[9.1131,54.8736],[8.636,54.9116],[8.6318,55.3253],[8.1959,55.8323],[9.387,55.9241],[9.672,55.7121],[9.4229,54.8232]]]},"properties":{"NUTS_ID":"DK032","LEVL_CODE":3,"CNTR_CODE":"DK","NAME_LATN":"Sydjylland","NUTS_NAME":"Sydjylland","MOUNT_TYPE":null,"URBN_TYPE":2,"COAST_TYPE":1}},{"type":"Feature","geometry":{"type":"Polygon","coordinates":[[[9.387,55.9241],[8.1959,55.8323],[8.4039,56.6703],[9.023,56.7872],[9.7958,56.5616],[9.387,55.9241]]]},"properties":{"NUTS_ID":"DK041","LEVL_CODE":3,"CNTR_CODE":"DK","NAME_LATN":"Vestjylland","NUTS_NAME":"Vestjylland","MOUNT_TYPE":null,"URBN_TYPE":3,"COAST_TYPE":1}},{"type":"Feature","geometry":{"type":"Polygon","coordinates":[[[9.672,55.7121],[9.387,55.9241],[9.7958,56.5616],[10.1951,56.6846],[10.7954,56.3175],[9.672,55.7121]]]},"properties":{"NUTS_ID":"DK042","LEVL_CODE":3,"CNTR_CODE":"DK","NAME_LATN":"Østjylland","NUTS_NAME":"Østjylland","MOUNT_TYPE":null,"URBN_TYPE":2,"COAST_TYPE":1}},{"type":"Feature","geometry":{"type":"Polygon","coordinates":[[[9.7958,56.5616],[9.023,56.7872],[8.4039,56.6703],[8.539,57.034],[10.4987,57.3425],[10.1951,56.6846],[9.7958,56.5616]]]},"properties":{"NUTS_ID":"DK050","LEVL_CODE":3,"CNTR_CODE":"DK","NAME_LATN":"Nordjylland","NUTS_NAME":"Nordjylland","MOUNT_TYPE":null,"URBN_TYPE":2,"COAST_TYPE":1}},{"type":"Feature","geometry":{"type":"Polygon","coordinates":[[[25.7977,59.5695],[25.3158,59.051],[24.1626,59.0253],[23.7305,59.2374],[24.3951,59.4736],[25.7977,59.5695]]]},"properties":{"NUTS_ID":"EE001","LEVL_CODE":3,"CNTR_CODE":"EE","NAME_LATN":"Põhja-Eesti","NUTS_NAME":"Põhja-Eesti","MOUNT_TYPE":null,"URBN_TYPE":1,"COAST_TYPE":1}},{"type":"Feature","geometry":{"type":"MultiPolygon","coordinates":[[[[23.7305,59.2374],[24.1626,59.0253],[24.3905,58.6632],[25.2474,58.6282],[25.0463,58.0401],[24.3905,57.8732],[24.3928,58.3265],[23.5563,58.6289],[23.7305,59.2374]]],[[[23.0747,58.5277],[22.2096,58.0428],[21.6668,58.316],[22.6928,59.0148],[23.0747,58.5277]]]]},"properties":{"NUTS_ID":"EE004","LEVL_CODE":3,"CNTR_CODE":"EE","NAME_LATN":"Lääne-Eesti","NUTS_NAME":"Lääne-Eesti","MOUNT_TYPE":null,"URBN_TYPE":3,"COAST_TYPE":1}},{"type":"Feature","geometry":{"type":"Polygon","coordinates":[[[25.0463,58.0401],[25.2474,58.6282],[26.8214,59.0347],[27.357,58.7873],[27.6968,57.995],[27.3516,57.5183],[26.4561,57.5514],[25.0463,58.0401]]]},"properties":{"NUTS_ID":"EE008","LEVL_CODE":3,"CNTR_CODE":"EE","NAME_LATN":"Lõuna-Eesti","NUTS_NAME":"Lõuna-Eesti","MOUNT_TYPE":null,"URBN_TYPE":2,"COAST_TYPE":null}},{"type":"Feature","geometry":{"type":"Polygon","coordinates":[[[24.1626,59.0253],[25.3158,59.051],[25.7977,59.5695],[26.9611,59.4359],[26.8214,59.0347],[25.2474,58.6282],[24.3905,58.6632],[24.1626,59.0253]]]},"properties":{"NUTS_ID":"EE009","LEVL_CODE":3,"CNTR_CODE":"EE","NAME_LATN":"Kesk-Eesti","NUTS_NAME":"Kesk-Eesti","MOUNT_TYPE":null,"URBN_TYPE":3,"COAST_TYPE":1}},{"type":"Feature","geometry":{"type":"Polygon","coordinates":[[[27.357,58.7873],[26.8214,59.0347],[26.9611,59.4359],[28.12,59.3544],[27.357,58.7873]]]},"properties":{"NUTS_ID":"EE00A","LEVL_CODE":3,"CNTR_CODE":"EE","NAME_LATN":"Kirde-Eesti","NUTS_NAME":"Kirde-Eesti","MOUNT_TYPE":null,"URBN_TYPE":1,"COAST_TYPE":1}},{"type":"Feature","geometry":{"type":"Polygon","coordinates":[[[23.8231,37.9739],[23.7451,38.0582],[23.8192,38.0598],[23.8231,37.9739]]]},"properties":{"NUTS_ID":"EL301","LEVL_CODE":3,"CNTR_CODE":"EL","NAME_LATN":"Voreios Tomeas Athinon","NUTS_NAME":"Βόρειος Τομέας Αθηνών","MOUNT_TYPE":null,"URBN_TYPE":1,"COAST_TYPE":1}},{"type":"Feature","geometry":{"type":"Polygon","coordinates":[[[23.5973,38.0156],[23.72,38.063],[23.7356,38.0503],[23.6869,37.9782],[23.6855,37.9764],[23.5973,38.0156]]]},"properties":{"NUTS_ID":"EL302","LEVL_CODE":3,"CNTR_CODE":"EL","NAME_LATN":"Dytikos Tomeas Athinon","NUTS_NAME":"Δυτικός Τομέας Αθηνών","MOUNT_TYPE":null,"URBN_TYPE":1,"COAST_TYPE":1}},{"type":"Feature","geometry":{"type":"Polygon","coordinates":[[[23.7451,38.0582],[23.8231,37.9739],[23.8069,37.9178],[23.6869,37.9782],[23.7356,38.0503],[23.7451,38.0582]]]},"properties":{"NUTS_ID":"EL303","LEVL_CODE":3,"CNTR_CODE":"EL","NAME_LATN":"Kentrikos Tomeas Athinon","NUTS_NAME":"Κεντρικός Τομέας Αθηνών","MOUNT_TYPE":null,"URBN_TYPE":1,"COAST_TYPE":1}},{"type":"Feature","geometry":{"type":"Polygon","coordinates":[[[23.6855,37.9764],[23.6869,37.9782],[23.8069,37.9178],[23.7436,37.8538],[23.6855,37.9764]]]},"properties":{"NUTS_ID":"EL304","LEVL_CODE":3,"CNTR_CODE":"EL","NAME_LATN":"Notios Tomeas Athinon","NUTS_NAME":"Νότιος Τομέας Αθηνών","MOUNT_TYPE":null,"URBN_TYPE":1,"COAST_TYPE":1}},{"type":"Feature","geometry":{"type":"Polygon","coordinates":[[[23.8231,37.9739],[23.8192,38.0598],[23.7451,38.0582],[23.7356,38.0503],[23.72,38.063],[23.6345,38.2113],[23.6904,38.3403],[24.0092,38.0688],[23.7436,37.8538],[23.8069,37.9178],[23.8231,37.9739]]]},"properties":{"NUTS_ID":"EL305","LEVL_CODE":3,"CNTR_CODE":"EL","NAME_LATN":"Anatoliki Attiki","NUTS_NAME":"Ανατολική Αττική","MOUNT_TYPE":1,"URBN_TYPE":1,"COAST_TYPE":1}},{"type":"Feature","geometry":{"type":"Polygon","coordinates":[[[23.72,38.063],[23.5973,38.0156],[23.1797,37.9516],[23.1175,38.0606],[23.1262,38.1684],[23.6345,38.2113],[23.72,38.063]]]},"properties":{"NUTS_ID":"EL306","LEVL_CODE":3,"CNTR_CODE":"EL","NAME_LATN":"Dytiki Attiki","NUTS_NAME":"Δυτική Αττική","MOUNT_TYPE":1,"URBN_TYPE":1,"COAST_TYPE":1}},{"type":"Feature","geometry":{"type":"Polygon","coordinates":[[[23.195,36.238],[23.0085,36.0147],[22.7811,36.2486],[23.0216,36.3653],[23.195,36.238]]]},"properties":{"NUTS_ID":"EL307","LEVL_CODE":3,"CNTR_CODE":"EL","NAME_LATN":"Peiraias, Nisoi","NUTS_NAME":"Πειραιάς, Νήσοι","MOUNT_TYPE":1,"URBN_TYPE":1,"COAST_TYPE":1}},{"type":"Feature","geometry":{"type":"Polygon","coordinates":[[[26.6209,39.0524],[26.358,38.962],[25.9067,39.1213],[26.3461,39.3852],[26.6209,39.0524]]]},"properties":{"NUTS_ID":"EL411","LEVL_CODE":3,"CNTR_CODE":"EL","NAME_LATN":"Lesvos, Limnos","NUTS_NAME":"Λέσβος, Λήμνος","MOUNT_TYPE":1,"URBN_TYPE":3,"COAST_TYPE":1}},{"type":"Feature","geometry":{"type":"Polygon","coordinates":[[[26.546,37.7975],[26.8808,37.8594],[27.0058,37.656],[26.8039,37.5671],[26.546,37.7975]]]},"properties":{"NUTS_ID":"EL412","LEVL_CODE":3,"CNTR_CODE":"EL","NAME_LATN":"Ikaria, Samos","NUTS_NAME":"Ικαρία, Σάμος","MOUNT_TYPE":1,"URBN_TYPE":3,"COAST_TYPE":1}},{"type":"Feature","geometry":{"type":"Polygon","coordinates":[[[25.9697,38.306],[25.8895,38.5511],[26.1378,38.5292],[25.9697,38.306]]]},"properties":{"NUTS_ID":"EL413","LEVL_CODE":3,"CNTR_CODE":"EL","NAME_LATN":"Chios","NUTS_NAME":"Χίος","MOUNT_TYPE":1,"URBN_TYPE":2,"COAST_TYPE":1}},{"type":"Feature","geometry":{"type":"Polygon","coordinates":[[[28.1381,36.3221],[27.8316,35.8755],[27.6119,36.1707],[28.1381,36.3221]]]},"properties":{"NUTS_ID":"EL421","LEVL_CODE":3,"CNTR_CODE":"EL","NAME_LATN":"Kalymnos, Karpathos, Kasos, Kos, Rodos","NUTS_NAME":"Κάλυμνος, Κάρπαθος – Ηρωική Νήσος Κάσος, Κως, Ρόδος","MOUNT_TYPE":1,"URBN_TYPE":2,"COAST_TYPE":1}},{"type":"Feature","geometry":{"type":"Polygon","coordinates":[[[25.6554,36.9042],[25.219,37.0957],[25.5134,37.2071],[25.6554,36.9042]]]},"properties":{"NUTS_ID":"EL422","LEVL_CODE":3,"CNTR_CODE":"EL","NAME_LATN":"Andros, Thira, Kea - Kythnos, Milos, Mykonos, Naxos, Paros,  Syros, Tinos","NUTS_NAME":"Άνδρος, Θήρα, Κέα - Κύθνος, Μήλος, Μύκονος, Νάξος, Πάρος, Σύρος, Τήνος","MOUNT_TYPE":1,"URBN_TYPE":3,"COAST_TYPE":1}},{"type":"Feature","geometry":{"type":"Polygon","coordinates":[[[25.5506,34.9908],[24.7225,35.0925],[24.928,35.4069],[25.4907,35.2983],[25.5506,34.9908]]]},"properties":{"NUTS_ID":"EL431","LEVL_CODE":3,"CNTR_CODE":"EL","NAME_LATN":"Irakleio","NUTS_NAME":"Ηράκλειο","MOUNT_TYPE":1,"URBN_TYPE":2,"COAST_TYPE":1}},{"type":"Feature","geometry":{"type":"Polygon","coordinates":[[[25.5506,34.9908],[25.4907,35.2983],[26.3116,35.3161],[26.2305,35.0341],[25.5506,34.9908]]]},"properties":{"NUTS_ID":"EL432","LEVL_CODE":3,"CNTR_CODE":"EL","NAME_LATN":"Lasithi","NUTS_NAME":"Λασίθι","MOUNT_TYPE":1,"URBN_TYPE":3,"COAST_TYPE":1}},{"type":"Feature","geometry":{"type":"Polygon","coordinates":[[[24.928,35.4069],[24.7225,35.0925],[24.2875,35.176],[24.3174,35.3538],[24.928,35.4069]]]},"properties":{"NUTS_ID":"EL433","LEVL_CODE":3,"CNTR_CODE":"EL","NAME_LATN":"Rethymni","NUTS_NAME":"Ρέθυμνο","MOUNT_TYPE":1,"URBN_TYPE":3,"COAST_TYPE":1}},{"type":"Feature","geometry":{"type":"Polygon","coordinates":[[[24.3174,35.3538],[24.2875,35.176],[23.741,35.2633],[23.8929,35.5248],[24.3174,35.3538]]]},"properties":{"NUTS_ID":"EL434","LEVL_CODE":3,"CNTR_CODE":"EL","NAME_LATN":"Chania","NUTS_NAME":"Χανιά","MOUNT_TYPE":1,"URBN_TYPE":2,"COAST_TYPE":1}},{"type":"Feature","geometry":{"type":"Polygon","coordinates":[[[25.9064,41.3076],[25.9486,41.3203],[26.5712,41.4747],[26.0328,40.7303],[25.6324,40.8628],[25.9064,41.3076]]]},"properties":{"NUTS_ID":"EL511","LEVL_CODE":3,"CNTR_CODE":"EL","NAME_LATN":"Evros","NUTS_NAME":"Έβρος","MOUNT_TYPE":null,"URBN_TYPE":2,"COAST_TYPE":1}},{"type":"Feature","geometry":{"type":"Polygon","coordinates":[[[24.784,41.3602],[25.1794,41.3102],[25.2247,41.2646],[25.0725,41.0043],[24.8135,40.8581],[24.4942,41.2015],[24.784,41.3602]]]},"properties":{"NUTS_ID":"EL512","LEVL_CODE":3,"CNTR_CODE":"EL","NAME_LATN":"Xanthi","NUTS_NAME":"Ξάνθη","MOUNT_TYPE":1,"URBN_TYPE":2,"COAST_TYPE":1}},{"type":"Feature","geometry":{"type":"Polygon","coordinates":[[[25.2247,41.2646],[25.9064,41.3076],[25.6324,40.8628],[25.0725,41.0043],[25.2247,41.2646]]]},"properties":{"NUTS_ID":"EL513","LEVL_CODE":3,"CNTR_CODE":"EL","NAME_LATN":"Rodopi","NUTS_NAME":"Ροδόπη","MOUNT_TYPE":1,"URBN_TYPE":2,"COAST_TYPE":1}},{"type":"Feature","geometry":{"type":"Polygon","coordinates":[[[23.6243,41.3757],[24.0597,41.5221],[24.784,41.3602],[24.4942,41.2015],[24.1183,41.0063],[23.6243,41.3757]]]},"properties":{"NUTS_ID":"EL514","LEVL_CODE":3,"CNTR_CODE":"EL","NAME_LATN":"Drama","NUTS_NAME":"Δράμα","MOUNT_TYPE":1,"URBN_TYPE":3,"COAST_TYPE":1}},{"type":"Feature","geometry":{"type":"Polygon","coordinates":[[[24.4942,41.2015],[24.8135,40.8581],[23.8677,40.7787],[24.1183,41.0063],[24.4942,41.2015]]]},"properties":{"NUTS_ID":"EL515","LEVL_CODE":3,"CNTR_CODE":"EL","NAME_LATN":"Thasos, Kavala","NUTS_NAME":"Θάσος, Καβάλα","MOUNT_TYPE":1,"URBN_TYPE":3,"COAST_TYPE":1}},{"type":"Feature","geometry":{"type":"Polygon","coordinates":[[[22.664,40.4916],[22.1838,40.3023],[21.906,40.6821],[22.4914,40.7113],[22.6824,40.529],[22.664,40.4916]]]},"properties":{"NUTS_ID":"EL521","LEVL_CODE":3,"CNTR_CODE":"EL","NAME_LATN":"Imathia","NUTS_NAME":"Ημαθία","MOUNT_TYPE":1,"URBN_TYPE":2,"COAST_TYPE":1}},{"type":"Feature","geometry":{"type":"Polygon","coordinates":[[[22.6824,40.529],[22.4914,40.7113],[22.6393,40.8407],[23.2404,41.006],[23.7651,40.7579],[23.7569,40.6346],[23.0042,40.3503],[22.6824,40.529]]]},"properties":{"NUTS_ID":"EL522","LEVL_CODE":3,"CNTR_CODE":"EL","NAME_LATN":"Thessaloniki","NUTS_NAME":"Θεσσαλονίκη","MOUNT_TYPE":1,"URBN_TYPE":1,"COAST_TYPE":1}},{"type":"Feature","geometry":{"type":"Polygon","coordinates":[[[23.2404,41.006],[22.6393,40.8407],[22.3321,41.1203],[22.8792,41.3407],[23.2404,41.006]]]},"properties":{"NUTS_ID":"EL523","LEVL_CODE":3,"CNTR_CODE":"EL","NAME_LATN":"Kilkis","NUTS_NAME":"Κιλκίς","MOUNT_TYPE":null,"URBN_TYPE":3,"COAST_TYPE":1}},{"type":"Feature","geometry":{"type":"Polygon","coordinates":[[[22.4914,40.7113],[21.906,40.6821],[21.8218,40.6967],[21.7874,40.9311],[21.9294,41.1004],[22.2162,41.1705],[22.3321,41.1203],[22.6393,40.8407],[22.4914,40.7113]]]},"properties":{"NUTS_ID":"EL524","LEVL_CODE":3,"CNTR_CODE":"EL","NAME_LATN":"Pella","NUTS_NAME":"Πέλλα","MOUNT_TYPE":1,"URBN_TYPE":3,"COAST_TYPE":1}},{"type":"Feature","geometry":{"type":"Polygon","coordinates":[[[22.1838,40.3023],[22.664,40.4916],[22.6624,39.9755],[22.1157,40.1902],[22.1838,40.3023]]]},"properties":{"NUTS_ID":"EL525","LEVL_CODE":3,"CNTR_CODE":"EL","NAME_LATN":"Pieria","NUTS_NAME":"Πιερία","MOUNT_TYPE":null,"URBN_TYPE":2,"COAST_TYPE":1}},{"type":"Feature","geometry":{"type":"Polygon","coordinates":[[[22.9276,41.3385],[23.6243,41.3757],[24.1183,41.0063],[23.8677,40.7787],[23.7651,40.7579],[23.2404,41.006],[22.8792,41.3407],[22.9276,41.3385]]]},"properties":{"NUTS_ID":"EL526","LEVL_CODE":3,"CNTR_CODE":"EL","NAME_LATN":"Serres","NUTS_NAME":"Σέρρες","MOUNT_TYPE":1,"URBN_TYPE":3,"COAST_TYPE":1}},{"type":"Feature","geometry":{"type":"Polygon","coordinates":[[[23.0042,40.3503],[23.7569,40.6346],[23.6189,40.2606],[23.0042,40.3503]]]},"properties":{"NUTS_ID":"EL527","LEVL_CODE":3,"CNTR_CODE":"EL","NAME_LATN":"Chalkidiki","NUTS_NAME":"Χαλκιδική","MOUNT_TYPE":1,"URBN_TYPE":3,"COAST_TYPE":1}},{"type":"Feature","geometry":{"type":"Polygon","coordinates":[[[21.906,40.6821],[22.1838,40.3023],[22.1157,40.1902],[21.9177,39.852],[21.2956,39.8575],[21.004,40.1541],[21.5098,40.525],[21.8218,40.6967],[21.906,40.6821]]]},"properties":{"NUTS_ID":"EL531","LEVL_CODE":3,"CNTR_CODE":"EL","NAME_LATN":"Grevena, Kozani","NUTS_NAME":"Γρεβενά, Κοζάνη","MOUNT_TYPE":1,"URBN_TYPE":2,"COAST_TYPE":null}},{"type":"Feature","geometry":{"type":"Polygon","coordinates":[[[20.7785,40.3487],[21.0561,40.6167],[21.5098,40.525],[21.004,40.1541],[20.7785,40.3487]]]},"properties":{"NUTS_ID":"EL532","LEVL_CODE":3,"CNTR_CODE":"EL","NAME_LATN":"Kastoria","NUTS_NAME":"Καστοριά","MOUNT_TYPE":1,"URBN_TYPE":2,"COAST_TYPE":null}},{"type":"Feature","geometry":{"type":"Polygon","coordinates":[[[21.0561,40.6167],[20.9802,40.8557],[21.7874,40.9311],[21.8218,40.6967],[21.5098,40.525],[21.0561,40.6167]]]},"properties":{"NUTS_ID":"EL533","LEVL_CODE":3,"CNTR_CODE":"EL","NAME_LATN":"Florina","NUTS_NAME":"Φλώρινα","MOUNT_TYPE":1,"URBN_TYPE":3,"COAST_TYPE":null}},{"type":"Feature","geometry":{"type":"Polygon","coordinates":[[[20.4778,39.2748],[20.6805,39.2883],[21.1816,39.5011],[21.3729,39.1746],[21.1225,39.0308],[20.4778,39.2748]]]},"properties":{"NUTS_ID":"EL541","LEVL_CODE":3,"CNTR_CODE":"EL","NAME_LATN":"Arta, Preveza","NUTS_NAME":"Άρτα, Πρέβεζα","MOUNT_TYPE":1,"URBN_TYPE":3,"COAST_TYPE":1}},{"type":"Feature","geometry":{"type":"Polygon","coordinates":[[[20.3023,39.8127],[20.3913,39.7885],[20.6805,39.2883],[20.4778,39.2748],[20.0088,39.6913],[20.3023,39.8127]]]},"properties":{"NUTS_ID":"EL542","LEVL_CODE":3,"CNTR_CODE":"EL","NAME_LATN":"Thesprotia","NUTS_NAME":"Θεσπρωτία","MOUNT_TYPE":1,"URBN_TYPE":3,"COAST_TYPE":1}},{"type":"Feature","geometry":{"type":"Polygon","coordinates":[[[20.3913,39.7885],[20.6129,40.0797],[20.7785,40.3487],[21.004,40.1541],[21.2956,39.8575],[21.1816,39.5011],[20.6805,39.2883],[20.3913,39.7885]]]},"properties":{"NUTS_ID":"EL543","LEVL_CODE":3,"CNTR_CODE":"EL","NAME_LATN":"Ioannina","NUTS_NAME":"Ιωάννινα","MOUNT_TYPE":1,"URBN_TYPE":2,"COAST_TYPE":null}},{"type":"Feature","geometry":{"type":"Polygon","coordinates":[[[21.2956,39.8575],[21.9177,39.852],[22.2582,39.2722],[21.9476,39.0308],[21.3964,39.1647],[21.3729,39.1746],[21.1816,39.5011],[21.2956,39.8575]]]},"properties":{"NUTS_ID":"EL611","LEVL_CODE":3,"CNTR_CODE":"EL","NAME_LATN":"Karditsa, Trikala","NUTS_NAME":"Καρδίτσα, Τρίκαλα","MOUNT_TYPE":1,"URBN_TYPE":3,"COAST_TYPE":null}},{"type":"Feature","geometry":{"type":"Polygon","coordinates":[[[22.1157,40.1902],[22.6624,39.9755],[22.9159,39.6029],[22.5049,39.1305],[22.2582,39.2722],[21.9177,39.852],[22.1157,40.1902]]]},"properties":{"NUTS_ID":"EL612","LEVL_CODE":3,"CNTR_CODE":"EL","NAME_LATN":"Larisa","NUTS_NAME":"Λάρισα","MOUNT_TYPE":1,"URBN_TYPE":2,"COAST_TYPE":1}},{"type":"Feature","geometry":{"type":"Polygon","coordinates":[[[22.5049,39.1305],[22.9159,39.6029],[22.9621,38.9748],[22.5049,39.1305]]]},"properties":{"NUTS_ID":"EL613","LEVL_CODE":3,"CNTR_CODE":"EL","NAME_LATN":"Magnisia, Sporades","NUTS_NAME":"Μαγνησία, Σποράδες","MOUNT_TYPE":1,"URBN_TYPE":2,"COAST_TYPE":1}},{"type":"Feature","geometry":{"type":"Polygon","coordinates":[[[20.5765,37.7373],[20.9098,37.8622],[20.8647,37.585],[20.5765,37.7373]]]},"properties":{"NUTS_ID":"EL621","LEVL_CODE":3,"CNTR_CODE":"EL","NAME_LATN":"Zakynthos","NUTS_NAME":"Ζάκυνθος","MOUNT_TYPE":1,"URBN_TYPE":3,"COAST_TYPE":1}},{"type":"Feature","geometry":{"type":"Polygon","coordinates":[[[19.6106,39.745],[19.8931,39.8212],[19.8395,39.5762],[19.6106,39.745]]]},"properties":{"NUTS_ID":"EL622","LEVL_CODE":3,"CNTR_CODE":"EL","NAME_LATN":"Kerkyra","NUTS_NAME":"Κέρκυρα","MOUNT_TYPE":null,"URBN_TYPE":3,"COAST_TYPE":1}},{"type":"Feature","geometry":{"type":"Polygon","coordinates":[[[20.4269,38.3214],[20.7639,38.3506],[20.7628,38.0723],[20.5149,38.1027],[20.4269,38.3214]]]},"properties":{"NUTS_ID":"EL623","LEVL_CODE":3,"CNTR_CODE":"EL","NAME_LATN":"Ithaki, Kefallinia","NUTS_NAME":"Ιθάκη, Κεφαλληνία","MOUNT_TYPE":1,"URBN_TYPE":3,"COAST_TYPE":1}},{"type":"Feature","geometry":{"type":"Polygon","coordinates":[[[20.8454,38.639],[20.4715,38.5156],[20.5841,38.8222],[20.8454,38.639]]]},"properties":{"NUTS_ID":"EL624","LEVL_CODE":3,"CNTR_CODE":"EL","NAME_LATN":"Lefkada","NUTS_NAME":"Λευκάδα","MOUNT_TYPE":1,"URBN_TYPE":3,"COAST_TYPE":1}},{"type":"Feature","geometry":{"type":"Polygon","coordinates":[[[21.1225,39.0308],[21.3729,39.1746],[21.3964,39.1647],[21.946,38.784],[21.9994,38.7686],[21.8517,38.3745],[21.1354,38.3756],[20.8354,38.7965],[21.1225,39.0308]]]},"properties":{"NUTS_ID":"EL631","LEVL_CODE":3,"CNTR_CODE":"EL","NAME_LATN":"Aitoloakarnania","NUTS_NAME":"Αιτωλοακαρνανία","MOUNT_TYPE":1,"URBN_TYPE":3,"COAST_TYPE":1}},{"type":"Feature","geometry":{"type":"Polygon","coordinates":[[[22.373,38.1422],[22.2643,37.8392],[21.8897,37.8659],[21.3511,38.1021],[21.8365,38.3038],[22.373,38.1422]]]},"properties":{"NUTS_ID":"EL632","LEVL_CODE":3,"CNTR_CODE":"EL","NAME_LATN":"Achaia","NUTS_NAME":"Αχαΐα","MOUNT_TYPE":1,"URBN_TYPE":2,"COAST_TYPE":1}},{"type":"Feature","geometry":{"type":"Polygon","coordinates":[[[21.3511,38.1021],[21.8897,37.8659],[21.9656,37.4834],[21.6802,37.3774],[21.22,37.8146],[21.3511,38.1021]]]},"properties":{"NUTS_ID":"EL633","LEVL_CODE":3,"CNTR_CODE":"EL","NAME_LATN":"Ileia","NUTS_NAME":"Ηλεία","MOUNT_TYPE":null,"URBN_TYPE":3,"COAST_TYPE":1}},{"type":"Feature","geometry":{"type":"Polygon","coordinates":[[[23.6904,38.3403],[23.6345,38.2113],[23.1262,38.1684],[22.6008,38.3166],[22.5821,38.5594],[23.3778,38.5258],[23.3762,38.5098],[23.6211,38.3526],[23.6904,38.3403]]]},"properties":{"NUTS_ID":"EL641","LEVL_CODE":3,"CNTR_CODE":"EL","NAME_LATN":"Voiotia","NUTS_NAME":"Βοιωτία","MOUNT_TYPE":1,"URBN_TYPE":3,"COAST_TYPE":1}},{"type":"Feature","geometry":{"type":"Polygon","coordinates":[[[23.6211,38.3526],[23.3762,38.5098],[23.3933,38.6637],[23.1674,38.8967],[24.0746,38.6357],[23.6211,38.3526]]]},"properties":{"NUTS_ID":"EL642","LEVL_CODE":3,"CNTR_CODE":"EL","NAME_LATN":"Evvoia","NUTS_NAME":"Εύβοια","MOUNT_TYPE":1,"URBN_TYPE":3,"COAST_TYPE":1}},{"type":"Feature","geometry":{"type":"Polygon","coordinates":[[[21.3964,39.1647],[21.9476,39.0308],[21.946,38.784],[21.3964,39.1647]]]},"properties":{"NUTS_ID":"EL643","LEVL_CODE":3,"CNTR_CODE":"EL","NAME_LATN":"Evrytania","NUTS_NAME":"Ευρυτανία","MOUNT_TYPE":1,"URBN_TYPE":3,"COAST_TYPE":1}},{"type":"Feature","geometry":{"type":"Polygon","coordinates":[[[21.9476,39.0308],[22.2582,39.2722],[22.5049,39.1305],[22.9621,38.9748],[22.8849,38.82],[23.3778,38.5258],[22.5821,38.5594],[21.9994,38.7686],[21.946,38.784],[21.9476,39.0308]]]},"properties":{"NUTS_ID":"EL644","LEVL_CODE":3,"CNTR_CODE":"EL","NAME_LATN":"Fthiotida","NUTS_NAME":"Φθιώτιδα","MOUNT_TYPE":1,"URBN_TYPE":3,"COAST_TYPE":1}},{"type":"Feature","geometry":{"type":"Polygon","coordinates":[[[21.8517,38.3745],[21.9994,38.7686],[22.5821,38.5594],[22.6008,38.3166],[21.8517,38.3745]]]},"properties":{"NUTS_ID":"EL645","LEVL_CODE":3,"CNTR_CODE":"EL","NAME_LATN":"Fokida","NUTS_NAME":"Φωκίδα","MOUNT_TYPE":1,"URBN_TYPE":3,"COAST_TYPE":1}},{"type":"Feature","geometry":{"type":"Polygon","coordinates":[[[23.1723,37.612],[23.4244,37.4117],[22.9808,37.0479],[21.9656,37.4834],[21.8897,37.8659],[22.2643,37.8392],[23.12,37.73],[23.1723,37.612]]]},"properties":{"NUTS_ID":"EL651","LEVL_CODE":3,"CNTR_CODE":"EL","NAME_LATN":"Argolida, Arkadia","NUTS_NAME":"Αργολίδα, Αρκαδία","MOUNT_TYPE":1,"URBN_TYPE":3,"COAST_TYPE":1}},{"type":"Feature","geometry":{"type":"Polygon","coordinates":[[[23.1175,38.0606],[23.1797,37.9516],[23.12,37.73],[22.2643,37.8392],[22.373,38.1422],[23.1175,38.0606]]]},"properties":{"NUTS_ID":"EL652","LEVL_CODE":3,"CNTR_CODE":"EL","NAME_LATN":"Korinthia","NUTS_NAME":"Κορινθία","MOUNT_TYPE":1,"URBN_TYPE":2,"COAST_TYPE":1}},{"type":"Feature","geometry":{"type":"Polygon","coordinates":[[[21.6802,37.3774],[21.9656,37.4834],[22.9808,37.0479],[22.9372,36.6605],[22.3754,36.7254],[21.6802,37.3774]]]},"properties":{"NUTS_ID":"EL653","LEVL_CODE":3,"CNTR_CODE":"EL","NAME_LATN":"Lakonia, Messinia","NUTS_NAME":"Λακωνία, Μεσσηνία","MOUNT_TYPE":1,"URBN_TYPE":3,"COAST_TYPE":1}},{"type":"Feature","geometry":{"type":"Polygon","coordinates":[[[-7.6997,43.7351],[-7.9997,42.8489],[-8.7267,42.6883],[-9.2397,43.0579],[-7.6997,43.7351]]]},"properties":{"NUTS_ID":"ES111","LEVL_CODE":3,"CNTR_CODE":"ES","NAME_LATN":"A Coruña","NUTS_NAME":"A Coruña","MOUNT_TYPE":1,"URBN_TYPE":2,"COAST_TYPE":1}},{"type":"Feature","geometry":{"type":"Polygon","coordinates":[[[-7.9997,42.8489],[-7.6997,43.7351],[-7.0318,43.5445],[-6.8242,42.915],[-7.0771,42.508],[-7.9307,42.5786],[-7.9997,42.8489]]]},"properties":{"NUTS_ID":"ES112","LEVL_CODE":3,"CNTR_CODE":"ES","NAME_LATN":"Lugo","NUTS_NAME":"Lugo","MOUNT_TYPE":1,"URBN_TYPE":3,"COAST_TYPE":1}},{"type":"Feature","geometry":{"type":"Polygon","coordinates":[[[-7.9307,42.5786],[-7.0771,42.508],[-6.7843,42.2536],[-6.9858,41.9714],[-7.2005,41.8797],[-8.0519,41.8206],[-8.1651,41.8183],[-8.199,42.1544],[-7.9307,42.5786]]]},"properties":{"NUTS_ID":"ES113","LEVL_CODE":3,"CNTR_CODE":"ES","NAME_LATN":"Ourense","NUTS_NAME":"Ourense","MOUNT_TYPE":1,"URBN_TYPE":3,"COAST_TYPE":null}},{"type":"Feature","geometry":{"type":"Polygon","coordinates":[[[-8.7267,42.6883],[-7.9997,42.8489],[-7.9307,42.5786],[-8.199,42.1544],[-8.8632,41.8721],[-8.7267,42.6883]]]},"properties":{"NUTS_ID":"ES114","LEVL_CODE":3,"CNTR_CODE":"ES","NAME_LATN":"Pontevedra","NUTS_NAME":"Pontevedra","MOUNT_TYPE":1,"URBN_TYPE":2,"COAST_TYPE":1}},{"type":"Feature","geometry":{"type":"Polygon","coordinates":[[[-6.8242,42.915],[-7.0318,43.5445],[-5.8377,43.6106],[-4.5123,43.3932],[-4.841,43.1808],[-6.8242,42.915]]]},"properties":{"NUTS_ID":"ES120","LEVL_CODE":3,"CNTR_CODE":"ES","NAME_LATN":"Asturias","NUTS_NAME":"Asturias","MOUNT_TYPE":1,"URBN_TYPE":2,"COAST_TYPE":1}},{"type":"Feature","geometry":{"type":"Polygon","coordinates":[[[-4.841,43.1808],[-4.5123,43.3932],[-3.5826,43.5119],[-3.1533,43.3532],[-3.4176,43.1333],[-3.9997,42.7689],[-4.7378,43.0209],[-4.841,43.1808]]]},"properties":{"NUTS_ID":"ES130","LEVL_CODE":3,"CNTR_CODE":"ES","NAME_LATN":"Cantabria","NUTS_NAME":"Cantabria","MOUNT_TYPE":1,"URBN_TYPE":2,"COAST_TYPE":1}},{"type":"Feature","geometry":{"type":"Polygon","coordinates":[[[-2.2508,42.8957],[-2.4207,42.4893],[-2.8581,42.6384],[-3.1418,43.1611],[-2.5464,43.088],[-2.2508,42.8957]]]},"properties":{"NUTS_ID":"ES211","LEVL_CODE":3,"CNTR_CODE":"ES","NAME_LATN":"Araba/Álava","NUTS_NAME":"Araba/Álava","MOUNT_TYPE":1,"URBN_TYPE":1,"COAST_TYPE":null}},{"type":"Feature","geometry":{"type":"Polygon","coordinates":[[[-1.786,43.3506],[-1.7289,43.2961],[-2.2508,42.8957],[-2.5464,43.088],[-2.4128,43.3211],[-1.786,43.3506]]]},"properties":{"NUTS_ID":"ES212","LEVL_CODE":3,"CNTR_CODE":"ES","NAME_LATN":"Gipuzkoa","NUTS_NAME":"Gipuzkoa","MOUNT_TYPE":1,"URBN_TYPE":1,"COAST_TYPE":1}},{"type":"Feature","geometry":{"type":"Polygon","coordinates":[[[-3.4176,43.1333],[-3.1533,43.3532],[-2.4128,43.3211],[-2.5464,43.088],[-3.1418,43.1611],[-3.4176,43.1333]]]},"properties":{"NUTS_ID":"ES213","LEVL_CODE":3,"CNTR_CODE":"ES","NAME_LATN":"Bizkaia","NUTS_NAME":"Bizkaia","MOUNT_TYPE":1,"URBN_TYPE":1,"COAST_TYPE":1}},{"type":"Feature","geometry":{"type":"Polygon","coordinates":[[[-1.7289,43.2961],[-0.7245,42.9202],[-0.9011,42.7427],[-1.4571,42.0275],[-1.8472,42.008],[-2.4207,42.4893],[-2.2508,42.8957],[-1.7289,43.2961]]]},"properties":{"NUTS_ID":"ES220","LEVL_CODE":3,"CNTR_CODE":"ES","NAME_LATN":"Navarra","NUTS_NAME":"Navarra","MOUNT_TYPE":1,"URBN_TYPE":2,"COAST_TYPE":null}},{"type":"Feature","geometry":{"type":"Polygon","coordinates":[[[-2.8581,42.6384],[-2.4207,42.4893],[-1.8472,42.008],[-1.8565,41.9664],[-2.9136,42.0228],[-2.8581,42.6384]]]},"properties":{"NUTS_ID":"ES230","LEVL_CODE":3,"CNTR_CODE":"ES","NAME_LATN":"La Rioja","NUTS_NAME":"La Rioja","MOUNT_TYPE":1,"URBN_TYPE":2,"COAST_TYPE":null}},{"type":"Feature","geometry":{"type":"Polygon","coordinates":[[[-0.7245,42.9202],[-0.3133,42.8494],[0.4777,42.7],[0.6601,42.691],[0.6755,42.1084],[0.3359,41.4074],[-0.2236,41.5638],[-0.6824,41.9584],[-0.9011,42.7427],[-0.7245,42.9202]]]},"properties":{"NUTS_ID":"ES241","LEVL_CODE":3,"CNTR_CODE":"ES","NAME_LATN":"Huesca","NUTS_NAME":"Huesca","MOUNT_TYPE":1,"URBN_TYPE":2,"COAST_TYPE":null}},{"type":"Feature","geometry":{"type":"Polygon","coordinates":[[[-1.4488,40.1454],[-1.8057,40.398],[-1.6174,40.9437],[-0.4138,41.2524],[0.2208,41.0713],[0.1705,40.7329],[-0.2224,40.7088],[-0.7976,39.8811],[-1.4488,40.1454]]]},"properties":{"NUTS_ID":"ES242","LEVL_CODE":3,"CNTR_CODE":"ES","NAME_LATN":"Teruel","NUTS_NAME":"Teruel","MOUNT_TYPE":1,"URBN_TYPE":3,"COAST_TYPE":null}},{"type":"Feature","geometry":{"type":"Polygon","coordinates":[[[-1.8472,42.008],[-1.4571,42.0275],[-0.9011,42.7427],[-0.6824,41.9584],[-0.2236,41.5638],[0.3359,41.4074],[0.3856,41.2786],[0.2208,41.0713],[-0.4138,41.2524],[-1.6174,40.9437],[-2.0517,41.1469],[-1.8565,41.9664],[-1.8472,42.008]]]},"properties":{"NUTS_ID":"ES243","LEVL_CODE":3,"CNTR_CODE":"ES","NAME_LATN":"Zaragoza","NUTS_NAME":"Zaragoza","MOUNT_TYPE":1,"URBN_TYPE":1,"COAST_TYPE":null}},{"type":"Feature","geometry":{"type":"Polygon","coordinates":[[[-3.5396,41.165],[-3.0678,40.158],[-3.1614,40.0649],[-3.5826,40.0135],[-4.0956,40.2603],[-4.5791,40.2172],[-4.3193,40.6476],[-3.5396,41.165]]]},"properties":{"NUTS_ID":"ES300","LEVL_CODE":3,"CNTR_CODE":"ES","NAME_LATN":"Madrid","NUTS_NAME":"Madrid","MOUNT_TYPE":null,"URBN_TYPE":1,"COAST_TYPE":null}},{"type":"Feature","geometry":{"type":"Polygon","coordinates":[[[-4.3193,40.6476],[-4.5791,40.2172],[-5.336,40.1159],[-5.7376,40.2942],[-5.195,40.8319],[-5.125,41.1321],[-4.7221,41.1493],[-4.3193,40.6476]]]},"properties":{"NUTS_ID":"ES411","LEVL_CODE":3,"CNTR_CODE":"ES","NAME_LATN":"Ávila","NUTS_NAME":"Ávila","MOUNT_TYPE":1,"URBN_TYPE":3,"COAST_TYPE":null}},{"type":"Feature","geometry":{"type":"Polygon","coordinates":[[[-3.9997,42.7689],[-3.4176,43.1333],[-3.1418,43.1611],[-2.8581,42.6384],[-2.9136,42.0228],[-3.5416,41.5776],[-3.9807,41.5834],[-4.0409,41.7683],[-4.214,42.47],[-3.9997,42.7689]]]},"properties":{"NUTS_ID":"ES412","LEVL_CODE":3,"CNTR_CODE":"ES","NAME_LATN":"Burgos","NUTS_NAME":"Burgos","MOUNT_TYPE":1,"URBN_TYPE":2,"COAST_TYPE":null}},{"type":"Feature","geometry":{"type":"Polygon","coordinates":[[[-7.0771,42.508],[-6.8242,42.915],[-4.841,43.1808],[-4.7378,43.0209],[-5.0022,42.2891],[-5.3763,42.0415],[-6.7843,42.2536],[-7.0771,42.508]]]},"properties":{"NUTS_ID":"ES413","LEVL_CODE":3,"CNTR_CODE":"ES","NAME_LATN":"León","NUTS_NAME":"León","MOUNT_TYPE":1,"URBN_TYPE":2,"COAST_TYPE":null}},{"type":"Feature","geometry":{"type":"Polygon","coordinates":[[[-4.7378,43.0209],[-3.9997,42.7689],[-4.214,42.47],[-4.0409,41.7683],[-4.773,41.8967],[-5.0022,42.2891],[-4.7378,43.0209]]]},"properties":{"NUTS_ID":"ES414","LEVL_CODE":3,"CNTR_CODE":"ES","NAME_LATN":"Palencia","NUTS_NAME":"Palencia","MOUNT_TYPE":null,"URBN_TYPE":2,"COAST_TYPE":null}},{"type":"Feature","geometry":{"type":"Polygon","coordinates":[[[-5.125,41.1321],[-5.195,40.8319],[-5.7376,40.2942],[-6.2209,40.4407],[-6.8651,40.2707],[-6.9299,41.0293],[-6.6898,41.2052],[-6.4797,41.2944],[-5.2888,41.182],[-5.125,41.1321]]]},"properties":{"NUTS_ID":"ES415","LEVL_CODE":3,"CNTR_CODE":"ES","NAME_LATN":"Salamanca","NUTS_NAME":"Salamanca","MOUNT_TYPE":null,"URBN_TYPE":2,"COAST_TYPE":null}},{"type":"Feature","geometry":{"type":"Polygon","coordinates":[[[-3.5396,41.165],[-4.3193,40.6476],[-4.7221,41.1493],[-3.9807,41.5834],[-3.5416,41.5776],[-3.2074,41.3042],[-3.5396,41.165]]]},"properties":{"NUTS_ID":"ES416","LEVL_CODE":3,"CNTR_CODE":"ES","NAME_LATN":"Segovia","NUTS_NAME":"Segovia","MOUNT_TYPE":null,"URBN_TYPE":3,"COAST_TYPE":null}},{"type":"Feature","geometry":{"type":"Polygon","coordinates":[[[-2.9136,42.0228],[-1.8565,41.9664],[-2.0517,41.1469],[-3.2074,41.3042],[-3.5416,41.5776],[-2.9136,42.0228]]]},"properties":{"NUTS_ID":"ES417","LEVL_CODE":3,"CNTR_CODE":"ES","NAME_LATN":"Soria","NUTS_NAME":"Soria","MOUNT_TYPE":null,"URBN_TYPE":2,"COAST_TYPE":null}},{"type":"Feature","geometry":{"type":"Polygon","coordinates":[[[-4.7221,41.1493],[-5.125,41.1321],[-5.2888,41.182],[-5.3763,42.0415],[-5.0022,42.2891],[-4.773,41.8967],[-4.0409,41.7683],[-3.9807,41.5834],[-4.7221,41.1493]]]},"properties":{"NUTS_ID":"ES418","LEVL_CODE":3,"CNTR_CODE":"ES","NAME_LATN":"Valladolid","NUTS_NAME":"Valladolid","MOUNT_TYPE":null,"URBN_TYPE":2,"COAST_TYPE":null}},{"type":"Feature","geometry":{"type":"Polygon","coordinates":[[[-6.9858,41.9714],[-6.7843,42.2536],[-5.3763,42.0415],[-5.2888,41.182],[-6.4797,41.2944],[-6.261,41.5521],[-6.9858,41.9714]]]},"properties":{"NUTS_ID":"ES419","LEVL_CODE":3,"CNTR_CODE":"ES","NAME_LATN":"Zamora","NUTS_NAME":"Zamora","MOUNT_TYPE":null,"URBN_TYPE":3,"COAST_TYPE":null}},{"type":"Feature","geometry":{"type":"Polygon","coordinates":[[[-2.5513,38.0841],[-2.7621,38.5328],[-2.7429,39.3183],[-1.5052,39.4176],[-0.9289,38.7838],[-1.0269,38.6555],[-1.3286,38.64],[-2.3412,38.0259],[-2.5513,38.0841]]]},"properties":{"NUTS_ID":"ES421","LEVL_CODE":3,"CNTR_CODE":"ES","NAME_LATN":"Albacete","NUTS_NAME":"Albacete","MOUNT_TYPE":null,"URBN_TYPE":2,"COAST_TYPE":null}},{"type":"Feature","geometry":{"type":"Polygon","coordinates":[[[-2.7429,39.3183],[-2.7621,38.5328],[-4.2689,38.3472],[-5.047,38.7291],[-4.9408,39.3952],[-4.1733,39.5071],[-3.5826,39.3059],[-2.9318,39.4715],[-2.7429,39.3183]]]},"properties":{"NUTS_ID":"ES422","LEVL_CODE":3,"CNTR_CODE":"ES","NAME_LATN":"Ciudad Real","NUTS_NAME":"Ciudad Real","MOUNT_TYPE":null,"URBN_TYPE":2,"COAST_TYPE":null}},{"type":"Feature","geometry":{"type":"Polygon","coordinates":[[[-1.8057,40.398],[-1.4488,40.1454],[-1.2676,39.7483],[-1.5052,39.4176],[-2.7429,39.3183],[-2.9318,39.4715],[-3.1614,40.0649],[-3.0678,40.158],[-2.2446,40.5777],[-1.8057,40.398]]]},"properties":{"NUTS_ID":"ES423","LEVL_CODE":3,"CNTR_CODE":"ES","NAME_LATN":"Cuenca","NUTS_NAME":"Cuenca","MOUNT_TYPE":null,"URBN_TYPE":2,"COAST_TYPE":null}},{"type":"Feature","geometry":{"type":"Polygon","coordinates":[[[-1.6174,40.9437],[-1.8057,40.398],[-2.2446,40.5777],[-3.0678,40.158],[-3.5396,41.165],[-3.2074,41.3042],[-2.0517,41.1469],[-1.6174,40.9437]]]},"properties":{"NUTS_ID":"ES424","LEVL_CODE":3,"CNTR_CODE":"ES","NAME_LATN":"Guadalajara","NUTS_NAME":"Guadalajara","MOUNT_TYPE":1,"URBN_TYPE":2,"COAST_TYPE":null}},{"type":"Feature","geometry":{"type":"Polygon","coordinates":[[[-4.5791,40.2172],[-4.0956,40.2603],[-3.5826,40.0135],[-3.1614,40.0649],[-2.9318,39.4715],[-3.5826,39.3059],[-4.1733,39.5071],[-4.9408,39.3952],[-4.9526,39.395],[-5.336,40.1159],[-4.5791,40.2172]]]},"properties":{"NUTS_ID":"ES425","LEVL_CODE":3,"CNTR_CODE":"ES","NAME_LATN":"Toledo","NUTS_NAME":"Toledo","MOUNT_TYPE":null,"URBN_TYPE":2,"COAST_TYPE":null}},{"type":"Feature","geometry":{"type":"Polygon","coordinates":[[[-4.9408,39.3952],[-5.047,38.7291],[-5.5848,38.1318],[-6.1803,37.9411],[-6.9317,38.2084],[-7.108,38.1881],[-7.2031,38.751],[-7.2315,39.2784],[-6.9354,39.4036],[-6.097,39.063],[-4.9526,39.395],[-4.9408,39.3952]]]},"properties":{"NUTS_ID":"ES431","LEVL_CODE":3,"CNTR_CODE":"ES","NAME_LATN":"Badajoz","NUTS_NAME":"Badajoz","MOUNT_TYPE":null,"URBN_TYPE":2,"COAST_TYPE":null}},{"type":"Feature","geometry":{"type":"Polygon","coordinates":[[[-5.7376,40.2942],[-5.336,40.1159],[-4.9526,39.395],[-6.097,39.063],[-6.9354,39.4036],[-7.2315,39.2784],[-7.5428,39.6628],[-7.0105,39.7373],[-6.9513,40.2574],[-6.8651,40.2707],[-6.2209,40.4407],[-5.7376,40.2942]]]},"properties":{"NUTS_ID":"ES432","LEVL_CODE":3,"CNTR_CODE":"ES","NAME_LATN":"Cáceres","NUTS_NAME":"Cáceres","MOUNT_TYPE":null,"URBN_TYPE":2,"COAST_TYPE":null}},{"type":"Feature","geometry":{"type":"Polygon","coordinates":[[[1.6453,41.1956],[1.3925,41.5752],[1.8423,42.3064],[2.3835,42.071],[2.7785,41.6488],[1.6453,41.1956]]]},"properties":{"NUTS_ID":"ES511","LEVL_CODE":3,"CNTR_CODE":"ES","NAME_LATN":"Barcelona","NUTS_NAME":"Barcelona","MOUNT_TYPE":1,"URBN_TYPE":1,"COAST_TYPE":1}},{"type":"Feature","geometry":{"type":"Polygon","coordinates":[[[1.731,42.4924],[3.174,42.4352],[3.1457,41.8967],[2.7785,41.6488],[2.3835,42.071],[1.8423,42.3064],[1.731,42.4924]]]},"properties":{"NUTS_ID":"ES512","LEVL_CODE":3,"CNTR_CODE":"ES","NAME_LATN":"Girona","NUTS_NAME":"Girona","MOUNT_TYPE":1,"URBN_TYPE":2,"COAST_TYPE":1}},{"type":"Feature","geometry":{"type":"Polygon","coordinates":[[[1.7258,42.5044],[1.731,42.4924],[1.8423,42.3064],[1.3925,41.5752],[0.3856,41.2786],[0.3359,41.4074],[0.6755,42.1084],[0.6601,42.691],[0.8582,42.8257],[1.4297,42.6178],[1.7258,42.5044]]]},"properties":{"NUTS_ID":"ES513","LEVL_CODE":3,"CNTR_CODE":"ES","NAME_LATN":"Lleida","NUTS_NAME":"Lleida","MOUNT_TYPE":1,"URBN_TYPE":2,"COAST_TYPE":null}},{"type":"Feature","geometry":{"type":"Polygon","coordinates":[[[0.1705,40.7329],[0.2208,41.0713],[0.3856,41.2786],[1.3925,41.5752],[1.6453,41.1956],[0.9469,40.995],[0.5152,40.5229],[0.1705,40.7329]]]},"properties":{"NUTS_ID":"ES514","LEVL_CODE":3,"CNTR_CODE":"ES","NAME_LATN":"Tarragona","NUTS_NAME":"Tarragona","MOUNT_TYPE":1,"URBN_TYPE":2,"COAST_TYPE":1}},{"type":"Feature","geometry":{"type":"Polygon","coordinates":[[[-1.0269,38.6555],[-0.9289,38.7838],[-0.0376,38.8864],[-0.7621,37.847],[-1.0269,38.6555]]]},"properties":{"NUTS_ID":"ES521","LEVL_CODE":3,"CNTR_CODE":"ES","NAME_LATN":"Alicante/Alacant","NUTS_NAME":"Alicante/Alacant","MOUNT_TYPE":1,"URBN_TYPE":1,"COAST_TYPE":1}},{"type":"Feature","geometry":{"type":"Polygon","coordinates":[[[-0.7976,39.8811],[-0.2224,40.7088],[0.1705,40.7329],[0.5152,40.5229],[-0.1702,39.7483],[-0.7976,39.8811]]]},"properties":{"NUTS_ID":"ES522","LEVL_CODE":3,"CNTR_CODE":"ES","NAME_LATN":"Castellón/Castelló","NUTS_NAME":"Castellón/Castelló","MOUNT_TYPE":1,"URBN_TYPE":2,"COAST_TYPE":1}},{"type":"Feature","geometry":{"type":"Polygon","coordinates":[[[-1.4488,40.1454],[-0.7976,39.8811],[-0.1702,39.7483],[-0.2843,39.4346],[-0.0376,38.8864],[-0.9289,38.7838],[-1.5052,39.4176],[-1.2676,39.7483],[-1.4488,40.1454]]]},"properties":{"NUTS_ID":"ES523","LEVL_CODE":3,"CNTR_CODE":"ES","NAME_LATN":"Valencia/València","NUTS_NAME":"Valencia/València","MOUNT_TYPE":1,"URBN_TYPE":1,"COAST_TYPE":1}},{"type":"Feature","geometry":{"type":"Polygon","coordinates":[[[1.119,38.9662],[1.4106,39.1112],[1.4207,38.816],[1.119,38.9662]]]},"properties":{"NUTS_ID":"ES531","LEVL_CODE":3,"CNTR_CODE":"ES","NAME_LATN":"Eivissa y Formentera","NUTS_NAME":"Eivissa y Formentera","MOUNT_TYPE":null,"URBN_TYPE":2,"COAST_TYPE":1}},{"type":"Feature","geometry":{"type":"Polygon","coordinates":[[[2.3748,39.5351],[2.951,39.8983],[3.339,39.6723],[2.9864,39.3243],[2.3748,39.5351]]]},"properties":{"NUTS_ID":"ES532","LEVL_CODE":3,"CNTR_CODE":"ES","NAME_LATN":"Mallorca","NUTS_NAME":"Mallorca","MOUNT_TYPE":null,"URBN_TYPE":1,"COAST_TYPE":1}},{"type":"Feature","geometry":{"type":"Polygon","coordinates":[[[3.767,40.0219],[4.1602,40.0608],[4.2001,39.8368],[3.767,40.0219]]]},"properties":{"NUTS_ID":"ES533","LEVL_CODE":3,"CNTR_CODE":"ES","NAME_LATN":"Menorca","NUTS_NAME":"Menorca","MOUNT_TYPE":null,"URBN_TYPE":2,"COAST_TYPE":1}},{"type":"Feature","geometry":{"type":"Polygon","coordinates":[[[-3.1287,36.7509],[-2.2078,37.9162],[-1.63,37.3752],[-2.1938,36.7632],[-3.1287,36.7509]]]},"properties":{"NUTS_ID":"ES611","LEVL_CODE":3,"CNTR_CODE":"ES","NAME_LATN":"Almería","NUTS_NAME":"Almería","MOUNT_TYPE":1,"URBN_TYPE":2,"COAST_TYPE":1}},{"type":"Feature","geometry":{"type":"Polygon","coordinates":[[[-6.3456,36.7988],[-6.3311,36.8988],[-5.1424,37.0039],[-5.397,36.5837],[-5.2524,36.3113],[-5.6119,36.0443],[-6.0031,36.1912],[-6.3456,36.7988]]]},"properties":{"NUTS_ID":"ES612","LEVL_CODE":3,"CNTR_CODE":"ES","NAME_LATN":"Cádiz","NUTS_NAME":"Cádiz","MOUNT_TYPE":null,"URBN_TYPE":1,"COAST_TYPE":1}},{"type":"Feature","geometry":{"type":"Polygon","coordinates":[[[-5.047,38.7291],[-4.2689,38.3472],[-4.2372,37.7447],[-4.0008,37.4021],[-4.3281,37.1841],[-4.6534,37.2559],[-5.5848,38.1318],[-5.047,38.7291]]]},"properties":{"NUTS_ID":"ES613","LEVL_CODE":3,"CNTR_CODE":"ES","NAME_LATN":"Córdoba","NUTS_NAME":"Córdoba","MOUNT_TYPE":null,"URBN_TYPE":2,"COAST_TYPE":null}},{"type":"Feature","geometry":{"type":"Polygon","coordinates":[[[-2.5513,38.0841],[-2.3412,38.0259],[-2.2078,37.9162],[-3.1287,36.7509],[-3.7775,36.7379],[-4.3281,37.1841],[-4.0008,37.4021],[-2.9582,37.677],[-2.5513,38.0841]]]},"properties":{"NUTS_ID":"ES614","LEVL_CODE":3,"CNTR_CODE":"ES","NAME_LATN":"Granada","NUTS_NAME":"Granada","MOUNT_TYPE":1,"URBN_TYPE":2,"COAST_TYPE":1}},{"type":"Feature","geometry":{"type":"Polygon","coordinates":[[[-6.9317,38.2084],[-6.1803,37.9411],[-6.4045,37.613],[-6.3311,36.8988],[-6.3456,36.7988],[-6.9171,37.1495],[-7.4019,37.1748],[-7.5127,37.5263],[-6.9317,38.2084]]]},"properties":{"NUTS_ID":"ES615","LEVL_CODE":3,"CNTR_CODE":"ES","NAME_LATN":"Huelva","NUTS_NAME":"Huelva","MOUNT_TYPE":null,"URBN_TYPE":2,"COAST_TYPE":1}},{"type":"Feature","geometry":{"type":"Polygon","coordinates":[[[-2.7621,38.5328],[-2.5513,38.0841],[-2.9582,37.677],[-4.0008,37.4021],[-4.2372,37.7447],[-4.2689,38.3472],[-2.7621,38.5328]]]},"properties":{"NUTS_ID":"ES616","LEVL_CODE":3,"CNTR_CODE":"ES","NAME_LATN":"Jaén","NUTS_NAME":"Jaén","MOUNT_TYPE":1,"URBN_TYPE":2,"COAST_TYPE":null}},{"type":"Feature","geometry":{"type":"Polygon","coordinates":[[[-5.2524,36.3113],[-5.397,36.5837],[-5.1424,37.0039],[-4.6534,37.2559],[-4.3281,37.1841],[-3.7775,36.7379],[-4.3443,36.707],[-5.2524,36.3113]]]},"properties":{"NUTS_ID":"ES617","LEVL_CODE":3,"CNTR_CODE":"ES","NAME_LATN":"Málaga","NUTS_NAME":"Málaga","MOUNT_TYPE":1,"URBN_TYPE":1,"COAST_TYPE":1}},{"type":"Feature","geometry":{"type":"Polygon","coordinates":[[[-6.1803,37.9411],[-5.5848,38.1318],[-4.6534,37.2559],[-5.1424,37.0039],[-6.3311,36.8988],[-6.4045,37.613],[-6.1803,37.9411]]]},"properties":{"NUTS_ID":"ES618","LEVL_CODE":3,"CNTR_CODE":"ES","NAME_LATN":"Sevilla","NUTS_NAME":"Sevilla","MOUNT_TYPE":null,"URBN_TYPE":1,"COAST_TYPE":null}},{"type":"Feature","geometry":{"type":"Polygon","coordinates":[[[-2.3412,38.0259],[-1.3286,38.64],[-1.0269,38.6555],[-0.7621,37.847],[-0.9283,37.5874],[-1.63,37.3752],[-2.2078,37.9162],[-2.3412,38.0259]]]},"properties":{"NUTS_ID":"ES620","LEVL_CODE":3,"CNTR_CODE":"ES","NAME_LATN":"Murcia","NUTS_NAME":"Murcia","MOUNT_TYPE":1,"URBN_TYPE":1,"COAST_TYPE":1}},{"type":"Feature","geometry":{"type":"Polygon","coordinates":[[[-5.382,35.9126],[-5.3366,35.8954],[-5.3442,35.8711],[-5.382,35.9126]]]},"properties":{"NUTS_ID":"ES630","LEVL_CODE":3,"CNTR_CODE":"ES","NAME_LATN":"Ceuta","NUTS_NAME":"Ceuta","MOUNT_TYPE":null,"URBN_TYPE":1,"COAST_TYPE":1}},{"type":"Feature","geometry":{"type":"Polygon","coordinates":[[[-2.9297,35.2717],[-2.9676,35.2828],[-2.9601,35.3152],[-2.9323,35.2936],[-2.9297,35.2717]]]},"properties":{"NUTS_ID":"ES640","LEVL_CODE":3,"CNTR_CODE":"ES","NAME_LATN":"Melilla","NUTS_NAME":"Melilla","MOUNT_TYPE":null,"URBN_TYPE":1,"COAST_TYPE":1}},{"type":"Feature","geometry":{"type":"Polygon","coordinates":[[[-18.251,27.714],[-17.9443,27.9079],[-17.9687,27.5765],[-18.251,27.714]]]},"properties":{"NUTS_ID":"ES703","LEVL_CODE":3,"CNTR_CODE":"ES","NAME_LATN":"El Hierro","NUTS_NAME":"El Hierro","MOUNT_TYPE":1,"URBN_TYPE":3,"COAST_TYPE":1}},{"type":"Feature","geometry":{"type":"Polygon","coordinates":[[[-14.2558,28.1984],[-14.0057,28.7101],[-13.8992,28.2622],[-14.2558,28.1984]]]},"properties":{"NUTS_ID":"ES704","LEVL_CODE":3,"CNTR_CODE":"ES","NAME_LATN":"Fuerteventura","NUTS_NAME":"Fuerteventura","MOUNT_TYPE":null,"URBN_TYPE":2,"COAST_TYPE":1}},{"type":"Feature","geometry":{"type":"Polygon","coordinates":[[[-15.9234,27.9757],[-15.5472,28.1995],[-15.3331,27.944],[-15.5735,27.7162],[-15.9234,27.9757]]]},"properties":{"NUTS_ID":"ES705","LEVL_CODE":3,"CNTR_CODE":"ES","NAME_LATN":"Gran Canaria","NUTS_NAME":"Gran Canaria","MOUNT_TYPE":1,"URBN_TYPE":1,"COAST_TYPE":1}},{"type":"Feature","geometry":{"type":"Polygon","coordinates":[[[-17.4815,28.0835],[-17.2689,28.2742],[-17.0148,28.0836],[-17.2325,27.963],[-17.4815,28.0835]]]},"properties":{"NUTS_ID":"ES706","LEVL_CODE":3,"CNTR_CODE":"ES","NAME_LATN":"La Gomera","NUTS_NAME":"La Gomera","MOUNT_TYPE":1,"URBN_TYPE":3,"COAST_TYPE":1}},{"type":"Feature","geometry":{"type":"Polygon","coordinates":[[[-18.0717,28.8027],[-17.7215,28.8309],[-17.777,28.4898],[-18.0717,28.8027]]]},"properties":{"NUTS_ID":"ES707","LEVL_CODE":3,"CNTR_CODE":"ES","NAME_LATN":"La Palma","NUTS_NAME":"La Palma","MOUNT_TYPE":1,"URBN_TYPE":2,"COAST_TYPE":1}},{"type":"Feature","geometry":{"type":"Polygon","coordinates":[[[-13.8784,28.9844],[-13.6425,29.1699],[-13.5818,28.9001],[-13.8784,28.9844]]]},"properties":{"NUTS_ID":"ES708","LEVL_CODE":3,"CNTR_CODE":"ES","NAME_LATN":"Lanzarote","NUTS_NAME":"Lanzarote","MOUNT_TYPE":null,"URBN_TYPE":2,"COAST_TYPE":1}},{"type":"Feature","geometry":{"type":"Polygon","coordinates":[[[-16.9871,28.3634],[-16.4366,28.5047],[-16.6081,28.0094],[-16.9871,28.3634]]]},"properties":{"NUTS_ID":"ES709","LEVL_CODE":3,"CNTR_CODE":"ES","NAME_LATN":"Tenerife","NUTS_NAME":"Tenerife","MOUNT_TYPE":1,"URBN_TYPE":1,"COAST_TYPE":1}},{"type":"Feature","geometry":{"type":"Polygon","coordinates":[[[21.3296,61.9539],[21.6478,62.0196],[22.8312,62.2709],[22.5051,61.4363],[22.9685,61.0433],[22.1071,60.9198],[21.4199,61.0474],[21.612,61.5448],[21.3296,61.9539]]]},"properties":{"NUTS_ID":"FI196","LEVL_CODE":3,"CNTR_CODE":"FI","NAME_LATN":"Satakunta","NUTS_NAME":"Satakunta","MOUNT_TYPE":null,"URBN_TYPE":3,"COAST_TYPE":1}},{"type":"Feature","geometry":{"type":"Polygon","coordinates":[[[26.1387,63.4576],[26.2173,62.8686],[26.7091,62.4529],[26.3001,62.127],[26.315,61.6084],[25.5013,61.6769],[24.75,61.8085],[24.013,62.3633],[24.4657,62.5657],[24.359,63.1164],[25.0363,63.4581],[26.1387,63.4576]]]},"properties":{"NUTS_ID":"FI198","LEVL_CODE":3,"CNTR_CODE":"FI","NAME_LATN":"Keski-Suomi","NUTS_NAME":"Keski-Suomi","MOUNT_TYPE":null,"URBN_TYPE":2,"COAST_TYPE":null}},{"type":"Feature","geometry":{"type":"Polygon","coordinates":[[[22.8312,62.2709],[21.6478,62.0196],[21.7541,62.6867],[22.7559,63.3188],[23.697,63.3803],[24.359,63.1164],[24.4657,62.5657],[24.013,62.3633],[22.8312,62.2709]]]},"properties":{"NUTS_ID":"FI199","LEVL_CODE":3,"CNTR_CODE":"FI","NAME_LATN":"Etelä-Pohjanmaa","NUTS_NAME":"Etelä-Pohjanmaa","MOUNT_TYPE":null,"URBN_TYPE":3,"COAST_TYPE":null}},{"type":"Feature","geometry":{"type":"Polygon","coordinates":[[[21.6478,62.0196],[21.3296,61.9539],[21.0729,62.9174],[21.5298,63.2411],[22.9875,63.7836],[23.697,63.3803],[22.7559,63.3188],[21.7541,62.6867],[21.6478,62.0196]]]},"properties":{"NUTS_ID":"FI19A","LEVL_CODE":3,"CNTR_CODE":"FI","NAME_LATN":"Pohjanmaa","NUTS_NAME":"Pohjanmaa","MOUNT_TYPE":null,"URBN_TYPE":3,"COAST_TYPE":1}},{"type":"Feature","geometry":{"type":"Polygon","coordinates":[[[22.9685,61.0433],[22.5051,61.4363],[22.8312,62.2709],[24.013,62.3633],[24.75,61.8085],[25.5013,61.6769],[24.9139,61.3249],[23.1954,61.0012],[22.9685,61.0433]]]},"properties":{"NUTS_ID":"FI19B","LEVL_CODE":3,"CNTR_CODE":"FI","NAME_LATN":"Pirkanmaa","NUTS_NAME":"Pirkanmaa","MOUNT_TYPE":null,"URBN_TYPE":2,"COAST_TYPE":null}},{"type":"Feature","geometry":{"type":"Polygon","coordinates":[[[22.994,60.0833],[23.9005,60.6498],[25.111,60.8186],[26.3001,60.7492],[26.4917,60.4476],[26.2474,60.2451],[23.6297,59.8773],[22.994,60.0833]]]},"properties":{"NUTS_ID":"FI1B1","LEVL_CODE":3,"CNTR_CODE":"FI","NAME_LATN":"Helsinki-Uusimaa","NUTS_NAME":"Helsinki-Uusimaa","MOUNT_TYPE":null,"URBN_TYPE":1,"COAST_TYPE":1}},{"type":"Feature","geometry":{"type":"Polygon","coordinates":[[[21.4199,61.0474],[22.1071,60.9198],[22.9685,61.0433],[23.1954,61.0012],[23.9005,60.6498],[22.994,60.0833],[22.5254,59.9516],[21.2403,60.7687],[21.4199,61.0474]]]},"properties":{"NUTS_ID":"FI1C1","LEVL_CODE":3,"CNTR_CODE":"FI","NAME_LATN":"Varsinais-Suomi","NUTS_NAME":"Varsinais-Suomi","MOUNT_TYPE":null,"URBN_TYPE":2,"COAST_TYPE":1}},{"type":"Feature","geometry":{"type":"Polygon","coordinates":[[[23.1954,61.0012],[24.9139,61.3249],[25.111,60.8186],[23.9005,60.6498],[23.1954,61.0012]]]},"properties":{"NUTS_ID":"FI1C2","LEVL_CODE":3,"CNTR_CODE":"FI","NAME_LATN":"Kanta-Häme","NUTS_NAME":"Kanta-Häme","MOUNT_TYPE":null,"URBN_TYPE":2,"COAST_TYPE":null}},{"type":"Feature","geometry":{"type":"Polygon","coordinates":[[[27.9913,60.669],[27.1724,61.1612],[29.5593,61.7221],[30.144,61.8522],[27.9913,60.669]]]},"properties":{"NUTS_ID":"FI1C5","LEVL_CODE":3,"CNTR_CODE":"FI","NAME_LATN":"Etelä-Karjala","NUTS_NAME":"Etelä-Karjala","MOUNT_TYPE":null,"URBN_TYPE":2,"COAST_TYPE":1}},{"type":"Feature","geometry":{"type":"Polygon","coordinates":[[[25.5013,61.6769],[26.315,61.6084],[26.5137,61.2743],[26.3001,60.7492],[25.111,60.8186],[24.9139,61.3249],[25.5013,61.6769]]]},"properties":{"NUTS_ID":"FI1C6","LEVL_CODE":3,"CNTR_CODE":"FI","NAME_LATN":"Päijät-Häme","NUTS_NAME":"Päijät-Häme","MOUNT_TYPE":null,"URBN_TYPE":2,"COAST_TYPE":null}},{"type":"Feature","geometry":{"type":"Polygon","coordinates":[[[26.4917,60.4476],[26.3001,60.7492],[26.5137,61.2743],[27.1724,61.1612],[27.9913,60.669],[27.7384,60.4476],[26.4917,60.4476]]]},"properties":{"NUTS_ID":"FI1C7","LEVL_CODE":3,"CNTR_CODE":"FI","NAME_LATN":"Kymenlaakso","NUTS_NAME":"Kymenlaakso","MOUNT_TYPE":null,"URBN_TYPE":2,"COAST_TYPE":1}},{"type":"Feature","geometry":{"type":"Polygon","coordinates":[[[25.0363,63.4581],[24.359,63.1164],[23.697,63.3803],[22.9875,63.7836],[23.6173,64.0488],[24.0799,64.026],[25.0363,63.4581]]]},"properties":{"NUTS_ID":"FI1D5","LEVL_CODE":3,"CNTR_CODE":"FI","NAME_LATN":"Keski-Pohjanmaa","NUTS_NAME":"Keski-Pohjanmaa","MOUNT_TYPE":null,"URBN_TYPE":2,"COAST_TYPE":1}},{"type":"Feature","geometry":{"type":"Polygon","coordinates":[[[24.1551,65.816],[23.701,66.3347],[23.9021,66.765],[23.4772,67.9929],[23.0071,68.3068],[20.5486,69.06],[21.9836,69.0729],[23.1353,68.6752],[25.0244,68.6541],[25.6658,69.0213],[26.1522,69.7626],[27.7823,70.0534],[29.1176,69.6151],[28.9296,69.0519],[28.6936,68.2085],[29.927,67.6843],[29.115,66.9668],[29.5729,66.4329],[28.6688,66.4388],[28.346,65.824],[27.5162,65.938],[25.0846,65.5889],[24.1551,65.816]]]},"properties":{"NUTS_ID":"FI1D7","LEVL_CODE":3,"CNTR_CODE":"FI","NAME_LATN":"Lappi","NUTS_NAME":"Lappi","MOUNT_TYPE":null,"URBN_TYPE":3,"COAST_TYPE":1}},{"type":"Feature","geometry":{"type":"Polygon","coordinates":[[[29.9719,63.7572],[28.3596,63.7548],[26.8704,64.037],[27.3794,64.5862],[27.4208,65.0748],[29.7547,65.4974],[29.6879,64.9413],[30.4931,64.1224],[29.9719,63.7572]]]},"properties":{"NUTS_ID":"FI1D8","LEVL_CODE":3,"CNTR_CODE":"FI","NAME_LATN":"Kainuu","NUTS_NAME":"Kainuu","MOUNT_TYPE":null,"URBN_TYPE":3,"COAST_TYPE":null}},{"type":"Feature","geometry":{"type":"Polygon","coordinates":[[[26.1387,63.4576],[25.0363,63.4581],[24.0799,64.026],[23.6173,64.0488],[24.5197,64.7249],[25.2696,64.9368],[25.0846,65.5889],[27.5162,65.938],[28.346,65.824],[28.6688,66.4388],[29.5729,66.4329],[30.0793,65.7743],[29.7547,65.4974],[27.4208,65.0748],[27.3794,64.5862],[26.8704,64.037],[26.1387,63.4576]]]},"properties":{"NUTS_ID":"FI1D9","LEVL_CODE":3,"CNTR_CODE":"FI","NAME_LATN":"Pohjois-Pohjanmaa","NUTS_NAME":"Pohjois-Pohjanmaa","MOUNT_TYPE":null,"URBN_TYPE":2,"COAST_TYPE":1}},{"type":"Feature","geometry":{"type":"Polygon","coordinates":[[[26.315,61.6084],[26.3001,62.127],[26.7091,62.4529],[27.5195,62.4524],[27.7548,62.0234],[28.6528,62.2313],[29.2302,62.3589],[29.5593,61.7221],[27.1724,61.1612],[26.5137,61.2743],[26.315,61.6084]]]},"properties":{"NUTS_ID":"FI1DA","LEVL_CODE":3,"CNTR_CODE":"FI","NAME_LATN":"Etelä-Savo","NUTS_NAME":"Etelä-Savo","MOUNT_TYPE":null,"URBN_TYPE":3,"COAST_TYPE":null}},{"type":"Feature","geometry":{"type":"Polygon","coordinates":[[[26.7091,62.4529],[26.2173,62.8686],[26.1387,63.4576],[26.8704,64.037],[28.3596,63.7548],[28.9535,62.9339],[28.3931,62.4801],[28.6528,62.2313],[27.7548,62.0234],[27.5195,62.4524],[26.7091,62.4529]]]},"properties":{"NUTS_ID":"FI1DB","LEVL_CODE":3,"CNTR_CODE":"FI","NAME_LATN":"Pohjois-Savo","NUTS_NAME":"Pohjois-Savo","MOUNT_TYPE":null,"URBN_TYPE":2,"COAST_TYPE":null}},{"type":"Feature","geometry":{"type":"Polygon","coordinates":[[[30.144,61.8522],[29.5593,61.7221],[29.2302,62.3589],[28.6528,62.2313],[28.3931,62.4801],[28.9535,62.9339],[28.3596,63.7548],[29.9719,63.7572],[31.0889,63.2652],[31.4603,62.8928],[31.1651,62.4884],[30.144,61.8522]]]},"properties":{"NUTS_ID":"FI1DC","LEVL_CODE":3,"CNTR_CODE":"FI","NAME_LATN":"Pohjois-Karjala","NUTS_NAME":"Pohjois-Karjala","MOUNT_TYPE":null,"URBN_TYPE":3,"COAST_TYPE":null}},{"type":"Feature","geometry":{"type":"Polygon","coordinates":[[[21.015,60.1736],[20.2558,59.8787],[19.5233,60.2356],[20.4976,60.502],[21.015,60.1736]]]},"properties":{"NUTS_ID":"FI200","LEVL_CODE":3,"CNTR_CODE":"FI","NAME_LATN":"Åland","NUTS_NAME":"Åland","MOUNT_TYPE":null,"URBN_TYPE":3,"COAST_TYPE":1}},{"type":"Feature","geometry":{"type":"Polygon","coordinates":[[[2.4163,48.8492],[2.3319,48.817],[2.3199,48.9005],[2.4163,48.8492]]]},"properties":{"NUTS_ID":"FR101","LEVL_CODE":3,"CNTR_CODE":"FR","NAME_LATN":"Paris","NUTS_NAME":"Paris","MOUNT_TYPE":null,"URBN_TYPE":1,"COAST_TYPE":null}},{"type":"Feature","geometry":{"type":"Polygon","coordinates":[[[3.0719,49.1176],[3.4852,48.8519],[3.5556,48.6203],[3.4148,48.3903],[2.9363,48.1634],[2.4027,48.3207],[2.5717,48.692],[2.5923,48.8074],[2.5531,49.0098],[2.5905,49.0797],[3.0719,49.1176]]]},"properties":{"NUTS_ID":"FR102","LEVL_CODE":3,"CNTR_CODE":"FR","NAME_LATN":"Seine-et-Marne ","NUTS_NAME":"Seine-et-Marne ","MOUNT_TYPE":null,"URBN_TYPE":2,"COAST_TYPE":null}},{"type":"Feature","geometry":{"type":"Polygon","coordinates":[[[1.5015,48.9411],[1.6088,49.0779],[2.2006,48.9087],[2.2266,48.7761],[1.9221,48.4576],[1.5015,48.9411]]]},"properties":{"NUTS_ID":"FR103","LEVL_CODE":3,"CNTR_CODE":"FR","NAME_LATN":"Yvelines ","NUTS_NAME":"Yvelines ","MOUNT_TYPE":null,"URBN_TYPE":1,"COAST_TYPE":null}},{"type":"Feature","geometry":{"type":"Polygon","coordinates":[[[2.5717,48.692],[2.4027,48.3207],[1.9941,48.2866],[1.9221,48.4576],[2.2266,48.7761],[2.3207,48.7488],[2.5717,48.692]]]},"properties":{"NUTS_ID":"FR104","LEVL_CODE":3,"CNTR_CODE":"FR","NAME_LATN":"Essonne","NUTS_NAME":"Essonne","MOUNT_TYPE":null,"URBN_TYPE":1,"COAST_TYPE":null}},{"type":"Feature","geometry":{"type":"Polygon","coordinates":[[[2.3199,48.9005],[2.3319,48.817],[2.3207,48.7488],[2.2266,48.7761],[2.2006,48.9087],[2.291,48.951],[2.3199,48.9005]]]},"properties":{"NUTS_ID":"FR105","LEVL_CODE":3,"CNTR_CODE":"FR","NAME_LATN":"Hauts-de-Seine ","NUTS_NAME":"Hauts-de-Seine ","MOUNT_TYPE":null,"URBN_TYPE":1,"COAST_TYPE":null}},{"type":"Feature","geometry":{"type":"Polygon","coordinates":[[[2.4163,48.8492],[2.3199,48.9005],[2.291,48.951],[2.5531,49.0098],[2.5923,48.8074],[2.4163,48.8492]]]},"properties":{"NUTS_ID":"FR106","LEVL_CODE":3,"CNTR_CODE":"FR","NAME_LATN":"Seine-Saint-Denis ","NUTS_NAME":"Seine-Saint-Denis ","MOUNT_TYPE":null,"URBN_TYPE":1,"COAST_TYPE":null}},{"type":"Feature","geometry":{"type":"Polygon","coordinates":[[[2.3319,48.817],[2.4163,48.8492],[2.5923,48.8074],[2.5717,48.692],[2.3207,48.7488],[2.3319,48.817]]]},"properties":{"NUTS_ID":"FR107","LEVL_CODE":3,"CNTR_CODE":"FR","NAME_LATN":"Val-de-Marne","NUTS_NAME":"Val-de-Marne","MOUNT_TYPE":null,"URBN_TYPE":1,"COAST_TYPE":null}},{"type":"Feature","geometry":{"type":"Polygon","coordinates":[[[1.6088,49.0779],[1.7044,49.2322],[2.5905,49.0797],[2.5531,49.0098],[2.291,48.951],[2.2006,48.9087],[1.6088,49.0779]]]},"properties":{"NUTS_ID":"FR108","LEVL_CODE":3,"CNTR_CODE":"FR","NAME_LATN":"Val-d’Oise","NUTS_NAME":"Val-d’Oise","MOUNT_TYPE":null,"URBN_TYPE":1,"COAST_TYPE":null}},{"type":"Feature","geometry":{"type":"Polygon","coordinates":[[[2.281,46.4204],[2.1678,46.4241],[1.8391,47.2193],[2.2392,47.621],[2.8746,47.5204],[3.0321,46.7949],[2.281,46.4204]]]},"properties":{"NUTS_ID":"FRB01","LEVL_CODE":3,"CNTR_CODE":"FR","NAME_LATN":"Cher","NUTS_NAME":"Cher","MOUNT_TYPE":null,"URBN_TYPE":3,"COAST_TYPE":null}},{"type":"Feature","geometry":{"type":"Polygon","coordinates":[[[0.7977,48.1945],[0.8148,48.6702],[1.5015,48.9411],[1.9221,48.4576],[1.9941,48.2866],[1.5201,47.9823],[0.8417,48.1038],[0.7977,48.1945]]]},"properties":{"NUTS_ID":"FRB02","LEVL_CODE":3,"CNTR_CODE":"FR","NAME_LATN":"Eure-et-Loir","NUTS_NAME":"Eure-et-Loir","MOUNT_TYPE":null,"URBN_TYPE":3,"COAST_TYPE":null}},{"type":"Feature","geometry":{"type":"Polygon","coordinates":[[[2.1678,46.4241],[1.4152,46.3472],[1.1773,46.3839],[0.8675,46.7482],[1.3267,47.1862],[1.8391,47.2193],[2.1678,46.4241]]]},"properties":{"NUTS_ID":"FRB03","LEVL_CODE":3,"CNTR_CODE":"FR","NAME_LATN":"Indre","NUTS_NAME":"Indre","MOUNT_TYPE":null,"URBN_TYPE":3,"COAST_TYPE":null}},{"type":"Feature","geometry":{"type":"Polygon","coordinates":[[[0.0538,47.1637],[0.23,47.6084],[0.6144,47.6942],[1.3267,47.1862],[0.8675,46.7482],[0.0538,47.1637]]]},"properties":{"NUTS_ID":"FRB04","LEVL_CODE":3,"CNTR_CODE":"FR","NAME_LATN":"Indre-et-Loire","NUTS_NAME":"Indre-et-Loire","MOUNT_TYPE":null,"URBN_TYPE":2,"COAST_TYPE":null}},{"type":"Feature","geometry":{"type":"Polygon","coordinates":[[[0.6144,47.6942],[0.8417,48.1038],[1.5201,47.9823],[2.2392,47.621],[1.8391,47.2193],[1.3267,47.1862],[0.6144,47.6942]]]},"properties":{"NUTS_ID":"FRB05","LEVL_CODE":3,"CNTR_CODE":"FR","NAME_LATN":"Loir-et-Cher","NUTS_NAME":"Loir-et-Cher","MOUNT_TYPE":null,"URBN_TYPE":3,"COAST_TYPE":null}},{"type":"Feature","geometry":{"type":"Polygon","coordinates":[[[2.4027,48.3207],[2.9363,48.1634],[2.9765,47.5694],[2.8746,47.5204],[2.2392,47.621],[1.5201,47.9823],[1.9941,48.2866],[2.4027,48.3207]]]},"properties":{"NUTS_ID":"FRB06","LEVL_CODE":3,"CNTR_CODE":"FR","NAME_LATN":"Loiret","NUTS_NAME":"Loiret","MOUNT_TYPE":null,"URBN_TYPE":2,"COAST_TYPE":null}},{"type":"Feature","geometry":{"type":"Polygon","coordinates":[[[4.2934,47.9257],[4.7042,48.0202],[5.3741,47.6045],[5.5185,47.3042],[5.2552,46.9799],[4.116,47.1233],[4.1061,47.3393],[4.2934,47.9257]]]},"properties":{"NUTS_ID":"FRC11","LEVL_CODE":3,"CNTR_CODE":"FR","NAME_LATN":"Côte-d’Or","NUTS_NAME":"Côte-d’Or","MOUNT_TYPE":null,"URBN_TYPE":2,"COAST_TYPE":null}},{"type":"Feature","geometry":{"type":"Polygon","coordinates":[[[3.6294,46.7495],[3.0321,46.7949],[2.8746,47.5204],[2.9765,47.5694],[4.1061,47.3393],[4.116,47.1233],[3.6294,46.7495]]]},"properties":{"NUTS_ID":"FRC12","LEVL_CODE":3,"CNTR_CODE":"FR","NAME_LATN":"Nièvre","NUTS_NAME":"Nièvre","MOUNT_TYPE":null,"URBN_TYPE":3,"COAST_TYPE":null}},{"type":"Feature","geometry":{"type":"Polygon","coordinates":[[[3.8995,46.2759],[3.6294,46.7495],[4.116,47.1233],[5.2552,46.9799],[5.3106,46.4468],[4.7802,46.1767],[4.3881,46.2198],[3.8995,46.2759]]]},"properties":{"NUTS_ID":"FRC13","LEVL_CODE":3,"CNTR_CODE":"FR","NAME_LATN":"Saône-et-Loire","NUTS_NAME":"Saône-et-Loire","MOUNT_TYPE":null,"URBN_TYPE":3,"COAST_TYPE":null}},{"type":"Feature","geometry":{"type":"Polygon","coordinates":[[[3.4148,48.3903],[4.2934,47.9257],[4.1061,47.3393],[2.9765,47.5694],[2.9363,48.1634],[3.4148,48.3903]]]},"properties":{"NUTS_ID":"FRC14","LEVL_CODE":3,"CNTR_CODE":"FR","NAME_LATN":"Yonne","NUTS_NAME":"Yonne","MOUNT_TYPE":null,"URBN_TYPE":3,"COAST_TYPE":null}},{"type":"Feature","geometry":{"type":"Polygon","coordinates":[[[6.46,46.8516],[6.1381,46.5577],[5.6987,47.265],[6.807,47.5628],[6.9392,47.4337],[6.8589,47.1653],[6.46,46.8516]]]},"properties":{"NUTS_ID":"FRC21","LEVL_CODE":3,"CNTR_CODE":"FR","NAME_LATN":"Doubs","NUTS_NAME":"Doubs","MOUNT_TYPE":1,"URBN_TYPE":2,"COAST_TYPE":null}},{"type":"Feature","geometry":{"type":"Polygon","coordinates":[[[6.1381,46.5577],[6.064,46.4162],[5.3106,46.4468],[5.2552,46.9799],[5.5185,47.3042],[5.6987,47.265],[6.1381,46.5577]]]},"properties":{"NUTS_ID":"FRC22","LEVL_CODE":3,"CNTR_CODE":"FR","NAME_LATN":"Jura","NUTS_NAME":"Jura","MOUNT_TYPE":1,"URBN_TYPE":3,"COAST_TYPE":null}},{"type":"Feature","geometry":{"type":"Polygon","coordinates":[[[5.3741,47.6045],[5.8847,47.926],[6.8235,47.8131],[6.807,47.5628],[5.6987,47.265],[5.5185,47.3042],[5.3741,47.6045]]]},"properties":{"NUTS_ID":"FRC23","LEVL_CODE":3,"CNTR_CODE":"FR","NAME_LATN":"Haute-Saône","NUTS_NAME":"Haute-Saône","MOUNT_TYPE":null,"URBN_TYPE":3,"COAST_TYPE":null}},{"type":"Feature","geometry":{"type":"Polygon","coordinates":[[[7.1304,47.503],[6.9392,47.4337],[6.807,47.5628],[6.8235,47.8131],[6.8462,47.8229],[7.1304,47.503]]]},"properties":{"NUTS_ID":"FRC24","LEVL_CODE":3,"CNTR_CODE":"FR","NAME_LATN":"Territoire de Belfort","NUTS_NAME":"Territoire de Belfort","MOUNT_TYPE":null,"URBN_TYPE":2,"COAST_TYPE":null}},{"type":"Feature","geometry":{"type":"Polygon","coordinates":[[[18.9284,48.0567],[19.0143,48.0777],[20.0519,48.1677],[20.0931,48.1432],[19.5709,47.7349],[18.9284,48.0567]]]},"properties":{"NUTS_ID":"HU313","LEVL_CODE":3,"CNTR_CODE":"HU","NAME_LATN":"Nógrád","NUTS_NAME":"Nógrád","MOUNT_TYPE":null,"URBN_TYPE":3,"COAST_TYPE":null}},{"type":"Feature","geometry":{"type":"Polygon","coordinates":[[[20.828,47.659],[21.1222,47.9618],[22.1282,47.5981],[21.659,47.0221],[20.9921,47.2323],[20.828,47.659]]]},"properties":{"NUTS_ID":"HU321","LEVL_CODE":3,"CNTR_CODE":"HU","NAME_LATN":"Hajdú-Bihar","NUTS_NAME":"Hajdú-Bihar","MOUNT_TYPE":null,"URBN_TYPE":2,"COAST_TYPE":null}},{"type":"Feature","geometry":{"type":"Polygon","coordinates":[[[20.828,47.659],[20.9921,47.2323],[20.4243,46.8035],[20.0612,46.8064],[20.0947,47.0074],[19.6663,47.5885],[20.4383,47.4749],[20.7717,47.6545],[20.828,47.659]]]},"properties":{"NUTS_ID":"HU322","LEVL_CODE":3,"CNTR_CODE":"HU","NAME_LATN":"Jász-Nagykun-Szolnok","NUTS_NAME":"Jász-Nagykun-Szolnok","MOUNT_TYPE":null,"URBN_TYPE":2,"COAST_TYPE":null}},{"type":"Feature","geometry":{"type":"Polygon","coordinates":[[[22.1282,47.5981],[21.1222,47.9618],[22.1211,48.3783],[22.1553,48.4034],[22.8736,47.968],[22.1808,47.6001],[22.1282,47.5981]]]},"properties":{"NUTS_ID":"HU323","LEVL_CODE":3,"CNTR_CODE":"HU","NAME_LATN":"Szabolcs-Szatmár-Bereg","NUTS_NAME":"Szabolcs-Szatmár-Bereg","MOUNT_TYPE":null,"URBN_TYPE":3,"COAST_TYPE":null}},{"type":"Feature","geometry":{"type":"Polygon","coordinates":[[[20.0947,47.0074],[20.0612,46.8064],[19.6981,46.1879],[19.3027,45.9916],[18.8897,45.9212],[18.8213,45.9144],[18.7821,46.109],[18.9251,46.8572],[18.9659,47.029],[20.0947,47.0074]]]},"properties":{"NUTS_ID":"HU331","LEVL_CODE":3,"CNTR_CODE":"HU","NAME_LATN":"Bács-Kiskun","NUTS_NAME":"Bács-Kiskun","MOUNT_TYPE":null,"URBN_TYPE":2,"COAST_TYPE":null}},{"type":"Feature","geometry":{"type":"Polygon","coordinates":[[[20.9921,47.2323],[21.659,47.0221],[21.4414,46.6515],[20.7756,46.2759],[20.4243,46.8035],[20.9921,47.2323]]]},"properties":{"NUTS_ID":"HU332","LEVL_CODE":3,"CNTR_CODE":"HU","NAME_LATN":"Békés","NUTS_NAME":"Békés","MOUNT_TYPE":null,"URBN_TYPE":2,"COAST_TYPE":null}},{"type":"Feature","geometry":{"type":"Polygon","coordinates":[[[20.0612,46.8064],[20.4243,46.8035],[20.7756,46.2759],[20.7053,46.1609],[20.2643,46.1264],[19.8654,46.1503],[19.6981,46.1879],[20.0612,46.8064]]]},"properties":{"NUTS_ID":"HU333","LEVL_CODE":3,"CNTR_CODE":"HU","NAME_LATN":"Csongrád-Csanád","NUTS_NAME":"Csongrád-Csanád","MOUNT_TYPE":null,"URBN_TYPE":2,"COAST_TYPE":null}},{"type":"Feature","geometry":{"type":"Polygon","coordinates":[[[-6.5951,54.0446],[-7.3437,53.7991],[-7.9188,53.8215],[-9.1323,54.1624],[-8.3021,54.5192],[-8.3494,55.1068],[-7.1164,55.2212],[-8.0443,54.3635],[-6.5951,54.0446]]]},"properties":{"NUTS_ID":"IE041","LEVL_CODE":3,"CNTR_CODE":"IE","NAME_LATN":"Border","NUTS_NAME":"Border","MOUNT_TYPE":null,"URBN_TYPE":3,"COAST_TYPE":1}},{"type":"Feature","geometry":{"type":"Polygon","coordinates":[[[-9.1323,54.1624],[-7.9188,53.8215],[-8.0815,53.1668],[-9.0093,53.1408],[-10.1543,53.5141],[-9.1323,54.1624]]]},"properties":{"NUTS_ID":"IE042","LEVL_CODE":3,"CNTR_CODE":"IE","NAME_LATN":"West","NUTS_NAME":"West","MOUNT_TYPE":null,"URBN_TYPE":3,"COAST_TYPE":1}},{"type":"Feature","geometry":{"type":"Polygon","coordinates":[[[-9.0093,53.1408],[-8.0815,53.1668],[-7.6741,52.7813],[-7.4297,52.3849],[-8.1047,52.2065],[-9.0841,52.3319],[-9.3744,52.5877],[-9.0093,53.1408]]]},"properties":{"NUTS_ID":"IE051","LEVL_CODE":3,"CNTR_CODE":"IE","NAME_LATN":"Mid-West ","NUTS_NAME":"Mid-West ","MOUNT_TYPE":null,"URBN_TYPE":3,"COAST_TYPE":1}},{"type":"Feature","geometry":{"type":"Polygon","coordinates":[[[-8.1047,52.2065],[-7.4297,52.3849],[-7.6741,52.7813],[-6.9394,52.88],[-6.1445,52.7377],[-6.4719,52.2186],[-7.8422,51.9542],[-8.1047,52.2065]]]},"properties":{"NUTS_ID":"IE052","LEVL_CODE":3,"CNTR_CODE":"IE","NAME_LATN":"South-East ","NUTS_NAME":"South-East ","MOUNT_TYPE":null,"URBN_TYPE":3,"COAST_TYPE":1}},{"type":"Feature","geometry":{"type":"Polygon","coordinates":[[[-9.3744,52.5877],[-9.0841,52.3319],[-8.1047,52.2065],[-7.8422,51.9542],[-9.0841,51.548],[-9.7055,51.4539],[-10.3498,51.8697],[-10.2279,52.2203],[-9.3744,52.5877]]]},"properties":{"NUTS_ID":"IE053","LEVL_CODE":3,"CNTR_CODE":"IE","NAME_LATN":"South-West ","NUTS_NAME":"South-West ","MOUNT_TYPE":null,"URBN_TYPE":3,"COAST_TYPE":1}},{"type":"Feature","geometry":{"type":"Polygon","coordinates":[[[-6.1032,53.2106],[-6.4998,53.3054],[-6.2131,53.6336],[-6.1032,53.2106]]]},"properties":{"NUTS_ID":"IE061","LEVL_CODE":3,"CNTR_CODE":"IE","NAME_LATN":"Dublin","NUTS_NAME":"Dublin","MOUNT_TYPE":null,"URBN_TYPE":1,"COAST_TYPE":1}},{"type":"Feature","geometry":{"type":"Polygon","coordinates":[[[-7.3437,53.7991],[-6.5951,54.0446],[-6.2131,53.6336],[-6.4998,53.3054],[-6.1032,53.2106],[-6.1445,52.7377],[-6.9394,52.88],[-7.0799,53.6005],[-7.3437,53.7991]]]},"properties":{"NUTS_ID":"IE062","LEVL_CODE":3,"CNTR_CODE":"IE","NAME_LATN":"Mid-East","NUTS_NAME":"Mid-East","MOUNT_TYPE":null,"URBN_TYPE":2,"COAST_TYPE":1}},{"type":"Feature","geometry":{"type":"Polygon","coordinates":[[[-7.9188,53.8215],[-7.3437,53.7991],[-7.0799,53.6005],[-6.9394,52.88],[-7.6741,52.7813],[-8.0815,53.1668],[-7.9188,53.8215]]]},"properties":{"NUTS_ID":"IE063","LEVL_CODE":3,"CNTR_CODE":"IE","NAME_LATN":"Midland","NUTS_NAME":"Midland","MOUNT_TYPE":null,"URBN_TYPE":3,"COAST_TYPE":null}},{"type":"Feature","geometry":{"type":"Polygon","coordinates":[[[-22.1255,64.0406],[-21.37,64.3803],[-21.5151,64.0684],[-22.1255,64.0406]]]},"properties":{"NUTS_ID":"IS001","LEVL_CODE":3,"CNTR_CODE":"IS","NAME_LATN":"Höfuðborgarsvæði","NUTS_NAME":"Höfuðborgarsvæði","MOUNT_TYPE":null,"URBN_TYPE":null,"COAST_TYPE":null}},{"type":"Feature","geometry":{"type":"Polygon","coordinates":[[[-22.1255,64.0406],[-21.5151,64.0684],[-21.37,64.3803],[-23.0761,64.7782],[-22.6774,65.3604],[-23.6163,65.4854],[-22.6513,66.3664],[-21.6419,66.0422],[-20.9943,65.5296],[-20.1558,65.9443],[-18.6387,66.0526],[-18.0419,65.8869],[-16.0413,66.4282],[-15.0444,66.1539],[-13.8667,65.2808],[-14.0211,64.9193],[-14.8403,64.3482],[-18.365,63.4948],[-22.0074,63.836],[-22.1309,63.8366],[-22.1255,64.0406]]]},"properties":{"NUTS_ID":"IS002","LEVL_CODE":3,"CNTR_CODE":"IS","NAME_LATN":"Landsbyggð","NUTS_NAME":"Landsbyggð","MOUNT_TYPE":null,"URBN_TYPE":null,"COAST_TYPE":null}},{"type":"Feature","geometry":{"type":"Polygon","coordinates":[[[6.6301,45.1099],[7.1047,45.4685],[7.8958,45.59],[8.0083,45.3846],[8.1519,45.1686],[8.129,45.123],[7.9434,44.8463],[7.0658,44.7135],[6.6301,45.1099]]]},"properties":{"NUTS_ID":"ITC11","LEVL_CODE":3,"CNTR_CODE":"IT","NAME_LATN":"Torino","NUTS_NAME":"Torino","MOUNT_TYPE":1,"URBN_TYPE":1,"COAST_TYPE":null}},{"type":"Feature","geometry":{"type":"Polygon","coordinates":[[[7.8641,45.9168],[7.8771,45.927],[8.3499,45.7724],[8.5135,45.3134],[8.5478,45.1681],[8.1519,45.1686],[8.0083,45.3846],[7.9366,45.7243],[7.8641,45.9168]]]},"properties":{"NUTS_ID":"ITC12","LEVL_CODE":3,"CNTR_CODE":"IT","NAME_LATN":"Vercelli","NUTS_NAME":"Vercelli","MOUNT_TYPE":null,"URBN_TYPE":3,"COAST_TYPE":null}},{"type":"Feature","geometry":{"type":"Polygon","coordinates":[[[8.0083,45.3846],[7.8958,45.59],[7.9366,45.7243],[8.0083,45.3846]]]},"properties":{"NUTS_ID":"ITC13","LEVL_CODE":3,"CNTR_CODE":"IT","NAME_LATN":"Biella","NUTS_NAME":"Biella","MOUNT_TYPE":1,"URBN_TYPE":2,"COAST_TYPE":null}},{"type":"Feature","geometry":{"type":"Polygon","coordinates":[[[7.8771,45.927],[8.3847,46.4522],[8.7139,46.0973],[8.5938,45.8282],[8.3499,45.7724],[7.8771,45.927]]]},"properties":{"NUTS_ID":"ITC14","LEVL_CODE":3,"CNTR_CODE":"IT","NAME_LATN":"Verbano-Cusio-Ossola","NUTS_NAME":"Verbano-Cusio-Ossola","MOUNT_TYPE":1,"URBN_TYPE":2,"COAST_TYPE":null}},{"type":"Feature","geometry":{"type":"Polygon","coordinates":[[[8.5135,45.3134],[8.3499,45.7724],[8.5938,45.8282],[8.7069,45.5583],[8.8429,45.3938],[8.5135,45.3134]]]},"properties":{"NUTS_ID":"ITC15","LEVL_CODE":3,"CNTR_CODE":"IT","NAME_LATN":"Novara","NUTS_NAME":"Novara","MOUNT_TYPE":null,"URBN_TYPE":2,"COAST_TYPE":null}},{"type":"Feature","geometry":{"type":"Polygon","coordinates":[[[6.8874,44.3613],[6.9484,44.6547],[7.0658,44.7135],[7.9434,44.8463],[8.2528,44.5287],[8.0156,44.1107],[7.7142,44.0615],[6.8874,44.3613]]]},"properties":{"NUTS_ID":"ITC16","LEVL_CODE":3,"CNTR_CODE":"IT","NAME_LATN":"Cuneo","NUTS_NAME":"Cuneo","MOUNT_TYPE":1,"URBN_TYPE":3,"COAST_TYPE":null}},{"type":"Feature","geometry":{"type":"Polygon","coordinates":[[[7.9434,44.8463],[8.129,45.123],[8.2616,44.5195],[8.2528,44.5287],[7.9434,44.8463]]]},"properties":{"NUTS_ID":"ITC17","LEVL_CODE":3,"CNTR_CODE":"IT","NAME_LATN":"Asti","NUTS_NAME":"Asti","MOUNT_TYPE":null,"URBN_TYPE":3,"COAST_TYPE":null}},{"type":"Feature","geometry":{"type":"Polygon","coordinates":[[[8.129,45.123],[8.1519,45.1686],[8.5478,45.1681],[9.2001,44.6861],[9.203,44.6135],[8.5762,44.5092],[8.2616,44.5195],[8.129,45.123]]]},"properties":{"NUTS_ID":"ITC18","LEVL_CODE":3,"CNTR_CODE":"IT","NAME_LATN":"Alessandria","NUTS_NAME":"Alessandria","MOUNT_TYPE":null,"URBN_TYPE":2,"COAST_TYPE":null}},{"type":"Feature","geometry":{"type":"Polygon","coordinates":[[[7.0449,45.9224],[7.8641,45.9168],[7.9366,45.7243],[7.8958,45.59],[7.1047,45.4685],[6.8024,45.7786],[7.0449,45.9224]]]},"properties":{"NUTS_ID":"ITC20","LEVL_CODE":3,"CNTR_CODE":"IT","NAME_LATN":"Valle d’Aosta/Vallée d’Aoste","NUTS_NAME":"Valle d’Aosta/Vallée d’Aoste","MOUNT_TYPE":1,"URBN_TYPE":2,"COAST_TYPE":null}},{"type":"Feature","geometry":{"type":"Polygon","coordinates":[[[7.5299,43.784],[7.7142,44.0615],[8.0156,44.1107],[8.1354,43.9389],[7.5299,43.784]]]},"properties":{"NUTS_ID":"ITC31","LEVL_CODE":3,"CNTR_CODE":"IT","NAME_LATN":"Imperia","NUTS_NAME":"Imperia","MOUNT_TYPE":1,"URBN_TYPE":1,"COAST_TYPE":1}},{"type":"Feature","geometry":{"type":"Polygon","coordinates":[[[8.0156,44.1107],[8.2528,44.5287],[8.2616,44.5195],[8.5762,44.5092],[8.633,44.3798],[8.1354,43.9389],[8.0156,44.1107]]]},"properties":{"NUTS_ID":"ITC32","LEVL_CODE":3,"CNTR_CODE":"IT","NAME_LATN":"Savona","NUTS_NAME":"Savona","MOUNT_TYPE":1,"URBN_TYPE":2,"COAST_TYPE":1}},{"type":"Feature","geometry":{"type":"Polygon","coordinates":[[[8.5762,44.5092],[9.203,44.6135],[9.4934,44.5559],[9.4791,44.4092],[9.5113,44.2167],[8.633,44.3798],[8.5762,44.5092]]]},"properties":{"NUTS_ID":"ITC33","LEVL_CODE":3,"CNTR_CODE":"IT","NAME_LATN":"Genova","NUTS_NAME":"Genova","MOUNT_TYPE":1,"URBN_TYPE":1,"COAST_TYPE":1}},{"type":"Feature","geometry":{"type":"Polygon","coordinates":[[[9.5113,44.2167],[9.4791,44.4092],[9.6867,44.3659],[10.0188,44.0445],[9.5113,44.2167]]]},"properties":{"NUTS_ID":"ITC34","LEVL_CODE":3,"CNTR_CODE":"IT","NAME_LATN":"La Spezia","NUTS_NAME":"La Spezia","MOUNT_TYPE":1,"URBN_TYPE":1,"COAST_TYPE":1}},{"type":"Feature","geometry":{"type":"Polygon","coordinates":[[[8.7139,46.0973],[8.9121,45.8304],[9.0558,45.6465],[9.0529,45.6232],[8.7069,45.5583],[8.5938,45.8282],[8.7139,46.0973]]]},"properties":{"NUTS_ID":"ITC41","LEVL_CODE":3,"CNTR_CODE":"IT","NAME_LATN":"Varese","NUTS_NAME":"Varese","MOUNT_TYPE":null,"URBN_TYPE":1,"COAST_TYPE":null}},{"type":"Feature","geometry":{"type":"Polygon","coordinates":[[[9.1594,46.1696],[9.2485,46.2338],[9.4141,46.1369],[9.2471,45.7427],[9.0558,45.6465],[8.9121,45.8304],[9.1594,46.1696]]]},"properties":{"NUTS_ID":"ITC42","LEVL_CODE":3,"CNTR_CODE":"IT","NAME_LATN":"Como","NUTS_NAME":"Como","MOUNT_TYPE":1,"URBN_TYPE":1,"COAST_TYPE":null}},{"type":"Feature","geometry":{"type":"Polygon","coordinates":[[[9.2471,45.7427],[9.4141,46.1369],[9.5269,46.0115],[9.4766,45.6692],[9.2471,45.7427]]]},"properties":{"NUTS_ID":"ITC43","LEVL_CODE":3,"CNTR_CODE":"IT","NAME_LATN":"Lecco","NUTS_NAME":"Lecco","MOUNT_TYPE":1,"URBN_TYPE":1,"COAST_TYPE":null}},{"type":"Feature","geometry":{"type":"Polygon","coordinates":[[[9.2485,46.2338],[10.4528,46.5307],[10.6221,46.4481],[10.5158,46.3432],[10.1696,46.0571],[9.5269,46.0115],[9.4141,46.1369],[9.2485,46.2338]]]},"properties":{"NUTS_ID":"ITC44","LEVL_CODE":3,"CNTR_CODE":"IT","NAME_LATN":"Sondrio","NUTS_NAME":"Sondrio","MOUNT_TYPE":1,"URBN_TYPE":2,"COAST_TYPE":null}},{"type":"Feature","geometry":{"type":"Polygon","coordinates":[[[9.4766,45.6692],[9.5269,46.0115],[10.1696,46.0571],[9.8896,45.4273],[9.5192,45.5045],[9.4959,45.6397],[9.4766,45.6692]]]},"properties":{"NUTS_ID":"ITC46","LEVL_CODE":3,"CNTR_CODE":"IT","NAME_LATN":"Bergamo","NUTS_NAME":"Bergamo","MOUNT_TYPE":1,"URBN_TYPE":1,"COAST_TYPE":null}},{"type":"Feature","geometry":{"type":"Polygon","coordinates":[[[10.1696,46.0571],[10.5158,46.3432],[10.8402,45.8328],[10.6268,45.3846],[10.3177,45.2047],[9.8896,45.4273],[10.1696,46.0571]]]},"properties":{"NUTS_ID":"ITC47","LEVL_CODE":3,"CNTR_CODE":"IT","NAME_LATN":"Brescia","NUTS_NAME":"Brescia","MOUNT_TYPE":1,"URBN_TYPE":1,"COAST_TYPE":null}},{"type":"Feature","geometry":{"type":"Polygon","coordinates":[[[8.5478,45.1681],[8.5135,45.3134],[8.8429,45.3938],[9.3388,45.313],[9.5487,45.1326],[9.2001,44.6861],[8.5478,45.1681]]]},"properties":{"NUTS_ID":"ITC48","LEVL_CODE":3,"CNTR_CODE":"IT","NAME_LATN":"Pavia","NUTS_NAME":"Pavia","MOUNT_TYPE":null,"URBN_TYPE":2,"COAST_TYPE":null}},{"type":"Feature","geometry":{"type":"Polygon","coordinates":[[[9.5487,45.1326],[9.3388,45.313],[9.4839,45.4487],[9.8911,45.1309],[9.5487,45.1326]]]},"properties":{"NUTS_ID":"ITC49","LEVL_CODE":3,"CNTR_CODE":"IT","NAME_LATN":"Lodi","NUTS_NAME":"Lodi","MOUNT_TYPE":null,"URBN_TYPE":2,"COAST_TYPE":null}},{"type":"Feature","geometry":{"type":"Polygon","coordinates":[[[5.1021,51.429],[4.7597,51.5024],[4.6763,51.7249],[5.0005,51.8209],[5.1281,51.7376],[5.2733,51.5528],[5.1021,51.429]]]},"properties":{"NUTS_ID":"NL415","LEVL_CODE":3,"CNTR_CODE":"NL","NAME_LATN":"Midden-Noord-Brabant","NUTS_NAME":"Midden-Noord-Brabant","MOUNT_TYPE":null,"URBN_TYPE":1,"COAST_TYPE":null}},{"type":"Feature","geometry":{"type":"Polygon","coordinates":[[[5.2733,51.5528],[5.1281,51.7376],[5.5979,51.8281],[5.8652,51.7574],[5.8381,51.5665],[5.2733,51.5528]]]},"properties":{"NUTS_ID":"NL416","LEVL_CODE":3,"CNTR_CODE":"NL","NAME_LATN":"Noordoost-Noord-Brabant","NUTS_NAME":"Noordoost-Noord-Brabant","MOUNT_TYPE":null,"URBN_TYPE":1,"COAST_TYPE":null}},{"type":"Feature","geometry":{"type":"Polygon","coordinates":[[[5.9532,51.7478],[6.2244,51.365],[6.0727,51.2426],[5.8402,51.3469],[5.8381,51.5665],[5.8652,51.7574],[5.9532,51.7478]]]},"properties":{"NUTS_ID":"NL421","LEVL_CODE":3,"CNTR_CODE":"NL","NAME_LATN":"Noord-Limburg","NUTS_NAME":"Noord-Limburg","MOUNT_TYPE":null,"URBN_TYPE":2,"COAST_TYPE":null}},{"type":"Feature","geometry":{"type":"Polygon","coordinates":[[[5.7983,51.0599],[5.5663,51.2208],[5.8402,51.3469],[6.0727,51.2426],[6.1748,51.1845],[5.8771,51.0321],[5.7983,51.0599]]]},"properties":{"NUTS_ID":"NL422","LEVL_CODE":3,"CNTR_CODE":"NL","NAME_LATN":"Midden-Limburg","NUTS_NAME":"Midden-Limburg","MOUNT_TYPE":null,"URBN_TYPE":2,"COAST_TYPE":null}},{"type":"Feature","geometry":{"type":"Polygon","coordinates":[[[5.6876,50.8119],[5.7661,51.0086],[5.7983,51.0599],[5.8771,51.0321],[6.0869,50.9131],[6.021,50.7543],[5.8191,50.7146],[5.6876,50.8119]]]},"properties":{"NUTS_ID":"NL423","LEVL_CODE":3,"CNTR_CODE":"NL","NAME_LATN":"Zuid-Limburg","NUTS_NAME":"Zuid-Limburg","MOUNT_TYPE":null,"URBN_TYPE":1,"COAST_TYPE":null}},{"type":"Feature","geometry":{"type":"Polygon","coordinates":[[[12.2547,62.331],[12.2994,62.2675],[12.1524,61.7726],[12.7909,61.3923],[12.6702,61.056],[12.3502,60.9441],[12.4187,60.1131],[11.8398,59.8407],[11.1831,60.5363],[10.4658,60.3316],[8.2517,61.0739],[8.1371,61.5085],[7.3491,62.0077],[9.0621,62.3726],[9.6908,62.2931],[10.5062,62.6745],[12.2547,62.331]]]},"properties":{"NUTS_ID":"NO020","LEVL_CODE":3,"CNTR_CODE":"NO","NAME_LATN":"Innlandet","NUTS_NAME":"Innlandet","MOUNT_TYPE":1,"URBN_TYPE":null,"COAST_TYPE":null}},{"type":"Feature","geometry":{"type":"Polygon","coordinates":[[[12.2547,62.331],[10.5062,62.6745],[9.6908,62.2931],[9.0621,62.3726],[9.2905,62.848],[8.7552,63.4243],[10.1081,63.9744],[10.8565,64.6269],[10.8014,64.9074],[12.2237,64.9702],[14.326,65.1189],[13.7344,64.6109],[14.0231,64.1665],[12.3354,63.7253],[12.0396,63.1979],[12.2547,62.331]]]},"properties":{"NUTS_ID":"NO060","LEVL_CODE":3,"CNTR_CODE":"NO","NAME_LATN":"Trøndelag/Trööndelage","NUTS_NAME":"Trøndelag/Trööndelage","MOUNT_TYPE":1,"URBN_TYPE":null,"COAST_TYPE":null}},{"type":"Feature","geometry":{"type":"MultiPolygon","coordinates":[[[[14.326,65.1189],[12.2237,64.9702],[12.0665,66.0613],[12.9459,66.1674],[13.1934,66.7867],[14.7181,67.4161],[14.8511,67.8889],[16.5528,68.4484],[18.1259,68.5365],[17.9245,68.0728],[16.8794,67.9382],[16.327,67.5509],[16.2699,67.0454],[15.454,66.3452],[14.6167,66.1227],[14.326,65.1189]]],[[[15.9803,68.7934],[16.1143,68.5389],[14.4459,68.2862],[14.6443,68.7753],[15.9803,68.7934]]]]},"properties":{"NUTS_ID":"NO071","LEVL_CODE":3,"CNTR_CODE":"NO","NAME_LATN":"Nordland/Nordlánnda","NUTS_NAME":"Nordland/Nordlánnda","MOUNT_TYPE":1,"URBN_TYPE":null,"COAST_TYPE":null}},{"type":"Feature","geometry":{"type":"Polygon","coordinates":[[[21.9836,69.0729],[20.5486,69.06],[19.9361,68.3903],[18.1259,68.5365],[16.5528,68.4484],[16.1143,68.5389],[15.9803,68.7934],[17.5716,68.7477],[17.1551,69.3493],[17.9928,69.5136],[19.154,70.117],[20.7564,69.8039],[21.4446,70.1912],[22.6129,69.6109],[21.9836,69.0729]]]},"properties":{"NUTS_ID":"NO072","LEVL_CODE":3,"CNTR_CODE":"NO","NAME_LATN":"Troms/Romsa/Tromssa","NUTS_NAME":"Troms/Romsa/Tromssa","MOUNT_TYPE":1,"URBN_TYPE":null,"COAST_TYPE":null}},{"type":"Feature","geometry":{"type":"Polygon","coordinates":[[[28.9296,69.0519],[29.1176,69.6151],[27.7823,70.0534],[26.1522,69.7626],[25.6658,69.0213],[25.0244,68.6541],[23.1353,68.6752],[21.9836,69.0729],[22.6129,69.6109],[21.4446,70.1912],[22.4443,70.6754],[23.6586,70.528],[25.5049,71.0359],[26.8268,70.6229],[27.9567,70.9823],[30.4628,70.4809],[30.1638,69.9844],[30.8406,69.7765],[28.9296,69.0519]]]},"properties":{"NUTS_ID":"NO073","LEVL_CODE":3,"CNTR_CODE":"NO","NAME_LATN":"Finnmark/Finnmárku/Finmarkku","NUTS_NAME":"Finnmark/Finnmárku/Finmarkku","MOUNT_TYPE":null,"URBN_TYPE":null,"COAST_TYPE":null}},{"type":"Feature","geometry":{"type":"Polygon","coordinates":[[[10.5483,60.0231],[10.588,60.159],[10.986,59.919],[10.7713,59.7835],[10.5483,60.0231]]]},"properties":{"NUTS_ID":"NO081","LEVL_CODE":3,"CNTR_CODE":"NO","NAME_LATN":"Oslo","NUTS_NAME":"Oslo","MOUNT_TYPE":1,"URBN_TYPE":null,"COAST_TYPE":null}},{"type":"Feature","geometry":{"type":"Polygon","coordinates":[[[10.6071,59.3761],[10.9838,59.6597],[11.8346,59.6087],[11.8262,59.2379],[11.2448,59.0919],[10.6071,59.3761]]]},"properties":{"NUTS_ID":"NO083","LEVL_CODE":3,"CNTR_CODE":"NO","NAME_LATN":"Østfold","NUTS_NAME":"Østfold","MOUNT_TYPE":null,"URBN_TYPE":null,"COAST_TYPE":null}},{"type":"Feature","geometry":{"type":"Polygon","coordinates":[[[10.4658,60.3316],[11.1831,60.5363],[11.8398,59.8407],[11.8346,59.6087],[10.9838,59.6597],[10.6071,59.3761],[10.4281,59.526],[10.1232,59.6537],[10.5483,60.0231],[10.7713,59.7835],[10.986,59.919],[10.588,60.159],[10.4658,60.3316]]]},"properties":{"NUTS_ID":"NO084","LEVL_CODE":3,"CNTR_CODE":"NO","NAME_LATN":"Akershus","NUTS_NAME":"Akershus","MOUNT_TYPE":null,"URBN_TYPE":null,"COAST_TYPE":null}},{"type":"Feature","geometry":{"type":"Polygon","coordinates":[[[8.2517,61.0739],[10.4658,60.3316],[10.588,60.159],[10.5483,60.0231],[10.1232,59.6537],[9.7401,59.5041],[8.736,60.1644],[7.488,60.0988],[7.7251,60.745],[8.2517,61.0739]]]},"properties":{"NUTS_ID":"NO085","LEVL_CODE":3,"CNTR_CODE":"NO","NAME_LATN":"Buskerud","NUTS_NAME":"Buskerud","MOUNT_TYPE":1,"URBN_TYPE":null,"COAST_TYPE":null}},{"type":"Feature","geometry":{"type":"Polygon","coordinates":[[[6.4388,58.2909],[6.6632,58.9822],[7.2147,59.6727],[7.9878,59.0063],[9.3071,58.7729],[8.5455,58.2997],[7.689,58.04],[6.4388,58.2909]]]},"properties":{"NUTS_ID":"NO092","LEVL_CODE":3,"CNTR_CODE":"NO","NAME_LATN":"Agder","NUTS_NAME":"Agder","MOUNT_TYPE":1,"URBN_TYPE":null,"COAST_TYPE":null}},{"type":"Feature","geometry":{"type":"Polygon","coordinates":[[[10.1232,59.6537],[10.4281,59.526],[10.3409,59.0634],[9.8405,58.9228],[9.7401,59.5041],[10.1232,59.6537]]]},"properties":{"NUTS_ID":"NO093","LEVL_CODE":3,"CNTR_CODE":"NO","NAME_LATN":"Vestfold","NUTS_NAME":"Vestfold","MOUNT_TYPE":null,"URBN_TYPE":null,"COAST_TYPE":null}},{"type":"Feature","geometry":{"type":"Polygon","coordinates":[[[7.488,60.0988],[8.736,60.1644],[9.7401,59.5041],[9.8405,58.9228],[9.3071,58.7729],[7.9878,59.0063],[7.2147,59.6727],[7.0963,59.7828],[7.488,60.0988]]]},"properties":{"NUTS_ID":"NO094","LEVL_CODE":3,"CNTR_CODE":"NO","NAME_LATN":"Telemark","NUTS_NAME":"Telemark","MOUNT_TYPE":1,"URBN_TYPE":null,"COAST_TYPE":null}},{"type":"Feature","geometry":{"type":"Polygon","coordinates":[[[7.2147,59.6727],[6.6632,58.9822],[6.4388,58.2909],[5.7184,58.5835],[5.3027,59.4811],[7.0963,59.7828],[7.2147,59.6727]]]},"properties":{"NUTS_ID":"NO0A1","LEVL_CODE":3,"CNTR_CODE":"NO","NAME_LATN":"Rogaland","NUTS_NAME":"Rogaland","MOUNT_TYPE":1,"URBN_TYPE":null,"COAST_TYPE":null}},{"type":"Feature","geometry":{"type":"Polygon","coordinates":[[[7.3491,62.0077],[8.1371,61.5085],[8.2517,61.0739],[7.7251,60.745],[7.488,60.0988],[7.0963,59.7828],[5.3027,59.4811],[4.6595,61.0977],[5.4797,61.9829],[7.3491,62.0077]]]},"properties":{"NUTS_ID":"NO0A2","LEVL_CODE":3,"CNTR_CODE":"NO","NAME_LATN":"Vestland","NUTS_NAME":"Vestland","MOUNT_TYPE":1,"URBN_TYPE":null,"COAST_TYPE":null}},{"type":"Feature","geometry":{"type":"Polygon","coordinates":[[[9.0621,62.3726],[7.3491,62.0077],[5.4797,61.9829],[5.5614,62.337],[8.7552,63.4243],[9.2905,62.848],[9.0621,62.3726]]]},"properties":{"NUTS_ID":"NO0A3","LEVL_CODE":3,"CNTR_CODE":"NO","NAME_LATN":"Møre og Romsdal","NUTS_NAME":"Møre og Romsdal","MOUNT_TYPE":1,"URBN_TYPE":null,"COAST_TYPE":null}},{"type":"Feature","geometry":{"type":"Polygon","coordinates":[[[-8.5119,71.0236],[-8.0472,71.1777],[-7.9354,71.0515],[-8.5119,71.0236]]]},"properties":{"NUTS_ID":"NO0B1","LEVL_CODE":3,"CNTR_CODE":"NO","NAME_LATN":"Jan Mayen","NUTS_NAME":"Jan Mayen","MOUNT_TYPE":null,"URBN_TYPE":null,"COAST_TYPE":null}},{"type":"Feature","geometry":{"type":"MultiPolygon","coordinates":[[[[19.941,80.3975],[21.8396,80.2234],[24.2949,80.3603],[26.498,79.7931],[25.8478,79.3927],[23.2538,79.1564],[20.7645,79.3389],[18.4721,79.9865],[19.941,80.3975]]],[[[17.2943,79.8625],[19.0222,79.2782],[20.154,79.2904],[23.7893,77.7328],[21.7104,77.5261],[20.718,78.5597],[19.663,78.5491],[16.9787,76.7467],[14.3397,77.3822],[13.8293,78.2881],[11.9024,78.6604],[10.7414,79.6461],[13.7058,79.5118],[17.2943,79.8625]]]]},"properties":{"NUTS_ID":"NO0B2","LEVL_CODE":3,"CNTR_CODE":"NO","NAME_LATN":"Svalbard","NUTS_NAME":"Svalbard","MOUNT_TYPE":null,"URBN_TYPE":null,"COAST_TYPE":null}},{"type":"Feature","geometry":{"type":"Polygon","coordinates":[[[19.6584,49.9813],[19.8725,50.1902],[20.1369,50.0541],[19.9961,49.9055],[19.6584,49.9813]]]},"properties":{"NUTS_ID":"PL213","LEVL_CODE":3,"CNTR_CODE":"PL","NAME_LATN":"Miasto Kraków","NUTS_NAME":"Miasto Kraków","MOUNT_TYPE":null,"URBN_TYPE":1,"COAST_TYPE":null}},{"type":"Feature","geometry":{"type":"Polygon","coordinates":[[[20.6815,50.2059],[20.5181,49.7982],[19.9919,49.6535],[19.7576,49.8301],[19.5977,50.0006],[19.5403,50.164],[19.8445,50.4342],[19.95,50.5048],[20.6815,50.2059]],[[19.6584,49.9813],[19.9961,49.9055],[20.1369,50.0541],[19.8725,50.1902],[19.6584,49.9813]]]},"properties":{"NUTS_ID":"PL214","LEVL_CODE":3,"CNTR_CODE":"PL","NAME_LATN":"Krakowski","NUTS_NAME":"Krakowski","MOUNT_TYPE":null,"URBN_TYPE":3,"COAST_TYPE":null}},{"type":"Feature","geometry":{"type":"Polygon","coordinates":[[[20.5181,49.7982],[20.6815,50.2059],[21.2088,50.3549],[21.2971,49.8429],[21.2418,49.7761],[20.5181,49.7982]]]},"properties":{"NUTS_ID":"PL217","LEVL_CODE":3,"CNTR_CODE":"PL","NAME_LATN":"Tarnowski","NUTS_NAME":"Tarnowski","MOUNT_TYPE":null,"URBN_TYPE":3,"COAST_TYPE":null}},{"type":"Feature","geometry":{"type":"Polygon","coordinates":[[[19.9919,49.6535],[20.5181,49.7982],[21.2418,49.7761],[21.3977,49.4338],[20.6149,49.4178],[19.9919,49.6535]]]},"properties":{"NUTS_ID":"PL218","LEVL_CODE":3,"CNTR_CODE":"PL","NAME_LATN":"Nowosądecki","NUTS_NAME":"Nowosądecki","MOUNT_TYPE":1,"URBN_TYPE":3,"COAST_TYPE":null}},{"type":"Feature","geometry":{"type":"Polygon","coordinates":[[[19.7576,49.8301],[19.9919,49.6535],[20.6149,49.4178],[19.8839,49.2042],[19.4674,49.6138],[19.415,49.7753],[19.7576,49.8301]]]},"properties":{"NUTS_ID":"PL219","LEVL_CODE":3,"CNTR_CODE":"PL","NAME_LATN":"Nowotarski","NUTS_NAME":"Nowotarski","MOUNT_TYPE":1,"URBN_TYPE":3,"COAST_TYPE":null}},{"type":"Feature","geometry":{"type":"Polygon","coordinates":[[[19.8445,50.4342],[19.5403,50.164],[19.5977,50.0006],[19.7576,49.8301],[19.415,49.7753],[19.0932,49.9567],[19.2538,50.1342],[19.8445,50.4342]]]},"properties":{"NUTS_ID":"PL21A","LEVL_CODE":3,"CNTR_CODE":"PL","NAME_LATN":"Oświęcimski","NUTS_NAME":"Oświęcimski","MOUNT_TYPE":null,"URBN_TYPE":2,"COAST_TYPE":null}},{"type":"Feature","geometry":{"type":"Polygon","coordinates":[[[19.7471,50.866],[19.7129,50.7292],[19.1336,50.5225],[18.6159,50.8536],[18.673,51.0569],[19.243,51.0368],[19.7471,50.866]]]},"properties":{"NUTS_ID":"PL224","LEVL_CODE":3,"CNTR_CODE":"PL","NAME_LATN":"Częstochowski","NUTS_NAME":"Częstochowski","MOUNT_TYPE":null,"URBN_TYPE":2,"COAST_TYPE":null}},{"type":"Feature","geometry":{"type":"Polygon","coordinates":[[[18.8516,49.5172],[18.5757,49.9104],[18.6296,49.8999],[19.0932,49.9567],[19.415,49.7753],[19.4674,49.6138],[18.8516,49.5172]]]},"properties":{"NUTS_ID":"PL225","LEVL_CODE":3,"CNTR_CODE":"PL","NAME_LATN":"Bielski","NUTS_NAME":"Bielski","MOUNT_TYPE":1,"URBN_TYPE":2,"COAST_TYPE":null}},{"type":"Feature","geometry":{"type":"Polygon","coordinates":[[[18.5757,49.9104],[18.0351,50.0658],[18.0598,50.1746],[18.4259,50.249],[18.7197,50.2001],[18.6296,49.8999],[18.5757,49.9104]]]},"properties":{"NUTS_ID":"PL227","LEVL_CODE":3,"CNTR_CODE":"PL","NAME_LATN":"Rybnicki","NUTS_NAME":"Rybnicki","MOUNT_TYPE":null,"URBN_TYPE":1,"COAST_TYPE":null}},{"type":"Feature","geometry":{"type":"Polygon","coordinates":[[[18.6159,50.8536],[19.1336,50.5225],[19.0415,50.3487],[18.8623,50.3281],[18.6075,50.55],[18.6159,50.8536]]]},"properties":{"NUTS_ID":"PL228","LEVL_CODE":3,"CNTR_CODE":"PL","NAME_LATN":"Bytomski","NUTS_NAME":"Bytomski","MOUNT_TYPE":null,"URBN_TYPE":2,"COAST_TYPE":null}},{"type":"Feature","geometry":{"type":"Polygon","coordinates":[[[18.7197,50.2001],[18.4259,50.249],[18.6075,50.55],[18.8623,50.3281],[18.7969,50.2463],[18.7197,50.2001]]]},"properties":{"NUTS_ID":"PL229","LEVL_CODE":3,"CNTR_CODE":"PL","NAME_LATN":"Gliwicki","NUTS_NAME":"Gliwicki","MOUNT_TYPE":null,"URBN_TYPE":1,"COAST_TYPE":null}},{"type":"Feature","geometry":{"type":"Polygon","coordinates":[[[18.8623,50.3281],[19.0415,50.3487],[19.2418,50.1613],[18.7969,50.2463],[18.8623,50.3281]]]},"properties":{"NUTS_ID":"PL22A","LEVL_CODE":3,"CNTR_CODE":"PL","NAME_LATN":"Katowicki","NUTS_NAME":"Katowicki","MOUNT_TYPE":null,"URBN_TYPE":1,"COAST_TYPE":null}},{"type":"Feature","geometry":{"type":"Polygon","coordinates":[[[19.95,50.5048],[19.8445,50.4342],[19.2538,50.1342],[19.2418,50.1613],[19.0415,50.3487],[19.1336,50.5225],[19.7129,50.7292],[19.95,50.5048]]]},"properties":{"NUTS_ID":"PL22B","LEVL_CODE":3,"CNTR_CODE":"PL","NAME_LATN":"Sosnowiecki","NUTS_NAME":"Sosnowiecki","MOUNT_TYPE":null,"URBN_TYPE":1,"COAST_TYPE":null}},{"type":"Feature","geometry":{"type":"Polygon","coordinates":[[[19.2538,50.1342],[19.0932,49.9567],[18.6296,49.8999],[18.7197,50.2001],[18.7969,50.2463],[19.2418,50.1613],[19.2538,50.1342]]]},"properties":{"NUTS_ID":"PL22C","LEVL_CODE":3,"CNTR_CODE":"PL","NAME_LATN":"Tyski","NUTS_NAME":"Tyski","MOUNT_TYPE":null,"URBN_TYPE":1,"COAST_TYPE":null}},{"type":"Feature","geometry":{"type":"Polygon","coordinates":[[[16.8922,53.6559],[17.3907,53.491],[17.4388,53.2675],[17.4585,52.7389],[17.1514,52.574],[16.9538,52.7895],[16.0138,52.7347],[15.9468,52.7548],[15.9625,53.0414],[16.5821,53.2209],[16.8922,53.6559]]]},"properties":{"NUTS_ID":"PL411","LEVL_CODE":3,"CNTR_CODE":"PL","NAME_LATN":"Pilski","NUTS_NAME":"Pilski","MOUNT_TYPE":null,"URBN_TYPE":3,"COAST_TYPE":null}},{"type":"Feature","geometry":{"type":"Polygon","coordinates":[[[17.1514,52.574],[17.4585,52.7389],[18.3772,52.5375],[19.0471,52.3328],[18.8278,52.0642],[18.472,51.851],[17.5144,52.1241],[17.1514,52.574]]]},"properties":{"NUTS_ID":"PL414","LEVL_CODE":3,"CNTR_CODE":"PL","NAME_LATN":"Koniński","NUTS_NAME":"Koniński","MOUNT_TYPE":null,"URBN_TYPE":3,"COAST_TYPE":null}},{"type":"Feature","geometry":{"type":"Polygon","coordinates":[[[16.6819,52.4327],[16.9295,52.5534],[17.1529,52.3589],[17.0058,52.2331],[16.6819,52.4327]]]},"properties":{"NUTS_ID":"PL415","LEVL_CODE":3,"CNTR_CODE":"PL","NAME_LATN":"Miasto Poznań","NUTS_NAME":"Miasto Poznań","MOUNT_TYPE":null,"URBN_TYPE":1,"COAST_TYPE":null}},{"type":"Feature","geometry":{"type":"Polygon","coordinates":[[[17.5144,52.1241],[18.472,51.851],[18.1637,51.1725],[17.9395,51.1089],[17.7953,51.1941],[17.2574,51.6428],[17.1887,51.9674],[17.5144,52.1241]]]},"properties":{"NUTS_ID":"PL416","LEVL_CODE":3,"CNTR_CODE":"PL","NAME_LATN":"Kaliski","NUTS_NAME":"Kaliski","MOUNT_TYPE":null,"URBN_TYPE":3,"COAST_TYPE":null}},{"type":"Feature","geometry":{"type":"Polygon","coordinates":[[[15.9468,52.7548],[16.0138,52.7347],[17.1887,51.9674],[17.2574,51.6428],[16.8284,51.5722],[16.4162,51.7849],[15.8808,52.2904],[15.9468,52.7548]]]},"properties":{"NUTS_ID":"PL417","LEVL_CODE":3,"CNTR_CODE":"PL","NAME_LATN":"Leszczyński","NUTS_NAME":"Leszczyński","MOUNT_TYPE":null,"URBN_TYPE":3,"COAST_TYPE":null}},{"type":"Feature","geometry":{"type":"Polygon","coordinates":[[[16.0138,52.7347],[16.9538,52.7895],[17.1514,52.574],[17.5144,52.1241],[17.1887,51.9674],[16.0138,52.7347]],[[16.6819,52.4327],[17.0058,52.2331],[17.1529,52.3589],[16.9295,52.5534],[16.6819,52.4327]]]},"properties":{"NUTS_ID":"PL418","LEVL_CODE":3,"CNTR_CODE":"PL","NAME_LATN":"Poznański","NUTS_NAME":"Poznański","MOUNT_TYPE":null,"URBN_TYPE":2,"COAST_TYPE":null}},{"type":"Feature","geometry":{"type":"Polygon","coordinates":[[[14.384,53.4115],[14.625,53.5716],[14.8151,53.4205],[14.5702,53.2773],[14.384,53.4115]]]},"properties":{"NUTS_ID":"PL424","LEVL_CODE":3,"CNTR_CODE":"PL","NAME_LATN":"Miasto Szczecin","NUTS_NAME":"Miasto Szczecin","MOUNT_TYPE":null,"URBN_TYPE":2,"COAST_TYPE":1}},{"type":"Feature","geometry":{"type":"Polygon","coordinates":[[[16.6991,54.5692],[16.7928,53.9856],[15.4792,53.8771],[15.388,54.159],[16.6991,54.5692]]]},"properties":{"NUTS_ID":"PL426","LEVL_CODE":3,"CNTR_CODE":"PL","NAME_LATN":"Koszaliński","NUTS_NAME":"Koszaliński","MOUNT_TYPE":null,"URBN_TYPE":2,"COAST_TYPE":1}},{"type":"Feature","geometry":{"type":"Polygon","coordinates":[[[14.5651,52.6245],[14.4364,52.6799],[14.8083,53.2199],[15.3364,53.21],[15.4792,53.8771],[16.7928,53.9856],[16.9821,53.9049],[16.8922,53.6559],[16.5821,53.2209],[15.9625,53.0414],[14.5651,52.6245]]]},"properties":{"NUTS_ID":"PL427","LEVL_CODE":3,"CNTR_CODE":"PL","NAME_LATN":"Szczecinecko-pyrzycki","NUTS_NAME":"Szczecinecko-pyrzycki","MOUNT_TYPE":null,"URBN_TYPE":3,"COAST_TYPE":null}},{"type":"Feature","geometry":{"type":"Polygon","coordinates":[[[14.1567,52.8956],[14.1437,52.9614],[14.4122,53.3296],[14.2675,53.6979],[15.388,54.159],[15.4792,53.8771],[15.3364,53.21],[14.8083,53.2199],[14.4364,52.6799],[14.1567,52.8956]],[[14.384,53.4115],[14.5702,53.2773],[14.8151,53.4205],[14.625,53.5716],[14.384,53.4115]]]},"properties":{"NUTS_ID":"PL428","LEVL_CODE":3,"CNTR_CODE":"PL","NAME_LATN":"Szczeciński","NUTS_NAME":"Szczeciński","MOUNT_TYPE":null,"URBN_TYPE":2,"COAST_TYPE":1}},{"type":"Feature","geometry":{"type":"Polygon","coordinates":[[[14.6009,52.2721],[14.5344,52.395],[14.5651,52.6245],[15.9625,53.0414],[15.9468,52.7548],[15.8808,52.2904],[15.3188,52.3457],[14.7551,52.0701],[14.6009,52.2721]]]},"properties":{"NUTS_ID":"PL431","LEVL_CODE":3,"CNTR_CODE":"PL","NAME_LATN":"Gorzowski","NUTS_NAME":"Gorzowski","MOUNT_TYPE":null,"URBN_TYPE":2,"COAST_TYPE":null}},{"type":"Feature","geometry":{"type":"Polygon","coordinates":[[[14.9742,51.3639],[14.7299,51.5818],[14.7167,52.0012],[14.7551,52.0701],[15.3188,52.3457],[15.8808,52.2904],[16.4162,51.7849],[15.714,51.5174],[14.9742,51.3639]]]},"properties":{"NUTS_ID":"PL432","LEVL_CODE":3,"CNTR_CODE":"PL","NAME_LATN":"Zielonogórski","NUTS_NAME":"Zielonogórski","MOUNT_TYPE":null,"URBN_TYPE":2,"COAST_TYPE":null}},{"type":"Feature","geometry":{"type":"Polygon","coordinates":[[[16.7425,51.1937],[17.0174,51.2729],[17.2147,51.0713],[16.9632,50.9793],[16.7425,51.1937]]]},"properties":{"NUTS_ID":"PL514","LEVL_CODE":3,"CNTR_CODE":"PL","NAME_LATN":"Miasto Wrocław","NUTS_NAME":"Miasto Wrocław","MOUNT_TYPE":null,"URBN_TYPE":1,"COAST_TYPE":null}},{"type":"Feature","geometry":{"type":"Polygon","coordinates":[[[15.5353,50.7794],[14.8234,50.8706],[14.9742,51.3639],[15.714,51.5174],[16.4418,51.1261],[16.3372,51.029],[16.1073,50.6621],[15.5353,50.7794]]]},"properties":{"NUTS_ID":"PL515","LEVL_CODE":3,"CNTR_CODE":"PL","NAME_LATN":"Jeleniogórski","NUTS_NAME":"Jeleniogórski","MOUNT_TYPE":null,"URBN_TYPE":3,"COAST_TYPE":null}},{"type":"Feature","geometry":{"type":"Polygon","coordinates":[[[16.4162,51.7849],[16.8284,51.5722],[16.4418,51.1261],[15.714,51.5174],[16.4162,51.7849]]]},"properties":{"NUTS_ID":"PL516","LEVL_CODE":3,"CNTR_CODE":"PL","NAME_LATN":"Legnicko-głogowski","NUTS_NAME":"Legnicko-głogowski","MOUNT_TYPE":null,"URBN_TYPE":2,"COAST_TYPE":null}},{"type":"Feature","geometry":{"type":"Polygon","coordinates":[[[16.5803,50.1428],[16.1073,50.6621],[16.3372,51.029],[17.1649,50.6135],[16.9079,50.4495],[16.8633,50.1981],[16.5803,50.1428]]]},"properties":{"NUTS_ID":"PL517","LEVL_CODE":3,"CNTR_CODE":"PL","NAME_LATN":"Wałbrzyski","NUTS_NAME":"Wałbrzyski","MOUNT_TYPE":1,"URBN_TYPE":2,"COAST_TYPE":null}},{"type":"Feature","geometry":{"type":"Polygon","coordinates":[[[17.2574,51.6428],[17.7953,51.1941],[17.1649,50.6135],[16.3372,51.029],[16.4418,51.1261],[16.8284,51.5722],[17.2574,51.6428]],[[16.7425,51.1937],[16.9632,50.9793],[17.2147,51.0713],[17.0174,51.2729],[16.7425,51.1937]]]},"properties":{"NUTS_ID":"PL518","LEVL_CODE":3,"CNTR_CODE":"PL","NAME_LATN":"Wrocławski","NUTS_NAME":"Wrocławski","MOUNT_TYPE":null,"URBN_TYPE":2,"COAST_TYPE":null}},{"type":"Feature","geometry":{"type":"Polygon","coordinates":[[[17.4296,50.2545],[16.9079,50.4495],[17.1649,50.6135],[17.7953,51.1941],[17.9395,51.1089],[17.5472,50.615],[18.0598,50.1746],[18.0351,50.0658],[17.4296,50.2545]]]},"properties":{"NUTS_ID":"PL523","LEVL_CODE":3,"CNTR_CODE":"PL","NAME_LATN":"Nyski","NUTS_NAME":"Nyski","MOUNT_TYPE":null,"URBN_TYPE":3,"COAST_TYPE":null}},{"type":"Feature","geometry":{"type":"Polygon","coordinates":[[[18.673,51.0569],[18.6159,50.8536],[18.6075,50.55],[18.4259,50.249],[18.0598,50.1746],[17.5472,50.615],[17.9395,51.1089],[18.1637,51.1725],[18.673,51.0569]]]},"properties":{"NUTS_ID":"PL524","LEVL_CODE":3,"CNTR_CODE":"PL","NAME_LATN":"Opolski","NUTS_NAME":"Opolski","MOUNT_TYPE":null,"URBN_TYPE":2,"COAST_TYPE":null}},{"type":"Feature","geometry":{"type":"Polygon","coordinates":[[[19.0942,52.969],[18.5647,52.879],[17.7024,53.2859],[18.2797,53.2531],[19.0942,52.969]]]},"properties":{"NUTS_ID":"PL613","LEVL_CODE":3,"CNTR_CODE":"PL","NAME_LATN":"Bydgosko-toruński","NUTS_NAME":"Bydgosko-toruński","MOUNT_TYPE":null,"URBN_TYPE":2,"COAST_TYPE":null}},{"type":"Feature","geometry":{"type":"Polygon","coordinates":[[[19.0942,52.969],[18.2797,53.2531],[18.7821,53.606],[19.1293,53.5883],[19.7616,53.1518],[19.6848,52.963],[19.4447,52.939],[19.0942,52.969]]]},"properties":{"NUTS_ID":"PL616","LEVL_CODE":3,"CNTR_CODE":"PL","NAME_LATN":"Grudziądzki","NUTS_NAME":"Grudziądzki","MOUNT_TYPE":null,"URBN_TYPE":3,"COAST_TYPE":null}},{"type":"Feature","geometry":{"type":"Polygon","coordinates":[[[17.4585,52.7389],[17.4388,53.2675],[17.7024,53.2859],[18.5647,52.879],[18.3772,52.5375],[17.4585,52.7389]]]},"properties":{"NUTS_ID":"PL617","LEVL_CODE":3,"CNTR_CODE":"PL","NAME_LATN":"Inowrocławski","NUTS_NAME":"Inowrocławski","MOUNT_TYPE":null,"URBN_TYPE":3,"COAST_TYPE":null}},{"type":"Feature","geometry":{"type":"Polygon","coordinates":[[[17.4388,53.2675],[17.3907,53.491],[18.072,53.7811],[18.7821,53.606],[18.2797,53.2531],[17.7024,53.2859],[17.4388,53.2675]]]},"properties":{"NUTS_ID":"PL618","LEVL_CODE":3,"CNTR_CODE":"PL","NAME_LATN":"Świecki","NUTS_NAME":"Świecki","MOUNT_TYPE":null,"URBN_TYPE":3,"COAST_TYPE":null}},{"type":"Feature","geometry":{"type":"Polygon","coordinates":[[[19.0471,52.3328],[18.3772,52.5375],[18.5647,52.879],[19.0942,52.969],[19.4447,52.939],[19.2892,52.3927],[19.0471,52.3328]]]},"properties":{"NUTS_ID":"PL619","LEVL_CODE":3,"CNTR_CODE":"PL","NAME_LATN":"Włocławski","NUTS_NAME":"Włocławski","MOUNT_TYPE":null,"URBN_TYPE":3,"COAST_TYPE":null}},{"type":"Feature","geometry":{"type":"Polygon","coordinates":[[[19.7616,53.1518],[19.1293,53.5883],[19.2177,54.1161],[19.257,54.2785],[20.314,54.4021],[20.1443,54.0697],[20.4111,53.2142],[19.7616,53.1518]]]},"properties":{"NUTS_ID":"PL621","LEVL_CODE":3,"CNTR_CODE":"PL","NAME_LATN":"Elbląski","NUTS_NAME":"Elbląski","MOUNT_TYPE":null,"URBN_TYPE":2,"COAST_TYPE":1}},{"type":"Feature","geometry":{"type":"Polygon","coordinates":[[[20.4111,53.2142],[20.1443,54.0697],[20.314,54.4021],[21.5593,54.3225],[21.5517,53.4781],[20.676,53.2695],[20.4111,53.2142]]]},"properties":{"NUTS_ID":"PL622","LEVL_CODE":3,"CNTR_CODE":"PL","NAME_LATN":"Olsztyński","NUTS_NAME":"Olsztyński","MOUNT_TYPE":null,"URBN_TYPE":2,"COAST_TYPE":null}},{"type":"Feature","geometry":{"type":"Polygon","coordinates":[[[21.5517,53.4781],[21.5593,54.3225],[22.792,54.3634],[22.6928,53.8021],[22.1357,53.5445],[21.613,53.4808],[21.5517,53.4781]]]},"properties":{"NUTS_ID":"PL623","LEVL_CODE":3,"CNTR_CODE":"PL","NAME_LATN":"Ełcki","NUTS_NAME":"Ełcki","MOUNT_TYPE":null,"URBN_TYPE":2,"COAST_TYPE":null}},{"type":"Feature","geometry":{"type":"Polygon","coordinates":[[[18.95,54.3583],[18.6111,54.3014],[18.5417,54.5845],[18.95,54.3583]]]},"properties":{"NUTS_ID":"PL633","LEVL_CODE":3,"CNTR_CODE":"PL","NAME_LATN":"Trójmiejski","NUTS_NAME":"Trójmiejski","MOUNT_TYPE":null,"URBN_TYPE":1,"COAST_TYPE":1}},{"type":"Feature","geometry":{"type":"Polygon","coordinates":[[[19.257,54.2785],[19.2177,54.1161],[18.3272,54.1411],[17.8002,54.1782],[17.6666,54.7832],[18.5417,54.5845],[18.6111,54.3014],[18.95,54.3583],[19.257,54.2785]]]},"properties":{"NUTS_ID":"PL634","LEVL_CODE":3,"CNTR_CODE":"PL","NAME_LATN":"Gdański","NUTS_NAME":"Gdański","MOUNT_TYPE":null,"URBN_TYPE":2,"COAST_TYPE":1}},{"type":"Feature","geometry":{"type":"Polygon","coordinates":[[[16.7928,53.9856],[16.6991,54.5692],[17.6666,54.7832],[17.8002,54.1782],[16.9821,53.9049],[16.7928,53.9856]]]},"properties":{"NUTS_ID":"PL636","LEVL_CODE":3,"CNTR_CODE":"PL","NAME_LATN":"Słupski","NUTS_NAME":"Słupski","MOUNT_TYPE":null,"URBN_TYPE":2,"COAST_TYPE":1}},{"type":"Feature","geometry":{"type":"Polygon","coordinates":[[[17.3907,53.491],[16.8922,53.6559],[16.9821,53.9049],[17.8002,54.1782],[18.3272,54.1411],[18.072,53.7811],[17.3907,53.491]]]},"properties":{"NUTS_ID":"PL637","LEVL_CODE":3,"CNTR_CODE":"PL","NAME_LATN":"Chojnicki","NUTS_NAME":"Chojnicki","MOUNT_TYPE":null,"URBN_TYPE":3,"COAST_TYPE":null}},{"type":"Feature","geometry":{"type":"Polygon","coordinates":[[[19.1293,53.5883],[18.7821,53.606],[18.072,53.7811],[18.3272,54.1411],[19.2177,54.1161],[19.1293,53.5883]]]},"properties":{"NUTS_ID":"PL638","LEVL_CODE":3,"CNTR_CODE":"PL","NAME_LATN":"Starogardzki","NUTS_NAME":"Starogardzki","MOUNT_TYPE":null,"URBN_TYPE":2,"COAST_TYPE":1}},{"type":"Feature","geometry":{"type":"Polygon","coordinates":[[[19.1935,51.8403],[19.5262,51.9031],[19.6879,51.7396],[19.4072,51.6336],[19.1935,51.8403]]]},"properties":{"NUTS_ID":"PL711","LEVL_CODE":3,"CNTR_CODE":"PL","NAME_LATN":"Miasto Łódź","NUTS_NAME":"Miasto Łódź","MOUNT_TYPE":null,"URBN_TYPE":1,"COAST_TYPE":null}},{"type":"Feature","geometry":{"type":"Polygon","coordinates":[[[19.2733,51.5551],[19.1273,52.0007],[19.7122,51.9997],[20.0162,51.7735],[19.2733,51.5551]],[[19.1935,51.8403],[19.4072,51.6336],[19.6879,51.7396],[19.5262,51.9031],[19.1935,51.8403]]]},"properties":{"NUTS_ID":"PL712","LEVL_CODE":3,"CNTR_CODE":"PL","NAME_LATN":"Łódzki","NUTS_NAME":"Łódzki","MOUNT_TYPE":null,"URBN_TYPE":1,"COAST_TYPE":null}},{"type":"Feature","geometry":{"type":"Polygon","coordinates":[[[9.5192,45.5045],[9.8896,45.4273],[10.3177,45.2047],[10.464,44.9372],[10.0835,45.044],[9.8911,45.1309],[9.4839,45.4487],[9.5192,45.5045]]]},"properties":{"NUTS_ID":"ITC4A","LEVL_CODE":3,"CNTR_CODE":"IT","NAME_LATN":"Cremona","NUTS_NAME":"Cremona","MOUNT_TYPE":null,"URBN_TYPE":2,"COAST_TYPE":null}},{"type":"Feature","geometry":{"type":"Polygon","coordinates":[[[10.3177,45.2047],[10.6268,45.3846],[11.2055,45.1095],[11.4268,44.9501],[11.2462,44.9514],[10.8879,44.9143],[10.5043,44.9224],[10.464,44.9372],[10.3177,45.2047]]]},"properties":{"NUTS_ID":"ITC4B","LEVL_CODE":3,"CNTR_CODE":"IT","NAME_LATN":"Mantova","NUTS_NAME":"Mantova","MOUNT_TYPE":null,"URBN_TYPE":3,"COAST_TYPE":null}},{"type":"Feature","geometry":{"type":"Polygon","coordinates":[[[8.8429,45.3938],[8.7069,45.5583],[9.0529,45.6232],[9.4959,45.6397],[9.5192,45.5045],[9.4839,45.4487],[9.3388,45.313],[8.8429,45.3938]]]},"properties":{"NUTS_ID":"ITC4C","LEVL_CODE":3,"CNTR_CODE":"IT","NAME_LATN":"Milano","NUTS_NAME":"Milano","MOUNT_TYPE":null,"URBN_TYPE":1,"COAST_TYPE":null}},{"type":"Feature","geometry":{"type":"Polygon","coordinates":[[[9.0529,45.6232],[9.0558,45.6465],[9.2471,45.7427],[9.4766,45.6692],[9.4959,45.6397],[9.0529,45.6232]]]},"properties":{"NUTS_ID":"ITC4D","LEVL_CODE":3,"CNTR_CODE":"IT","NAME_LATN":"Monza e della Brianza","NUTS_NAME":"Monza e della Brianza","MOUNT_TYPE":null,"URBN_TYPE":1,"COAST_TYPE":null}},{"type":"Feature","geometry":{"type":"Polygon","coordinates":[[[13.0306,42.1154],[13.394,42.5912],[13.7653,42.4201],[14.0853,42.0867],[14.2298,41.8771],[13.941,41.6879],[13.2963,41.9486],[13.0306,42.1154]]]},"properties":{"NUTS_ID":"ITF11","LEVL_CODE":3,"CNTR_CODE":"IT","NAME_LATN":"L’Aquila","NUTS_NAME":"L’Aquila","MOUNT_TYPE":1,"URBN_TYPE":2,"COAST_TYPE":null}},{"type":"Feature","geometry":{"type":"Polygon","coordinates":[[[13.7653,42.4201],[13.394,42.5912],[13.3578,42.6941],[13.9157,42.8945],[14.1463,42.5305],[13.7653,42.4201]]]},"properties":{"NUTS_ID":"ITF12","LEVL_CODE":3,"CNTR_CODE":"IT","NAME_LATN":"Teramo","NUTS_NAME":"Teramo","MOUNT_TYPE":1,"URBN_TYPE":2,"COAST_TYPE":1}},{"type":"Feature","geometry":{"type":"Polygon","coordinates":[[[14.0853,42.0867],[13.7653,42.4201],[14.1463,42.5305],[14.254,42.4448],[14.0853,42.0867]]]},"properties":{"NUTS_ID":"ITF13","LEVL_CODE":3,"CNTR_CODE":"IT","NAME_LATN":"Pescara","NUTS_NAME":"Pescara","MOUNT_TYPE":1,"URBN_TYPE":2,"COAST_TYPE":1}},{"type":"Feature","geometry":{"type":"Polygon","coordinates":[[[14.2298,41.8771],[14.0853,42.0867],[14.254,42.4448],[14.7796,42.0701],[14.4854,41.7596],[14.2298,41.8771]]]},"properties":{"NUTS_ID":"ITF14","LEVL_CODE":3,"CNTR_CODE":"IT","NAME_LATN":"Chieti","NUTS_NAME":"Chieti","MOUNT_TYPE":1,"URBN_TYPE":2,"COAST_TYPE":1}},{"type":"Feature","geometry":{"type":"Polygon","coordinates":[[[13.941,41.6879],[14.2298,41.8771],[14.4854,41.7596],[14.3825,41.4432],[13.9779,41.4625],[13.941,41.6879]]]},"properties":{"NUTS_ID":"ITF21","LEVL_CODE":3,"CNTR_CODE":"IT","NAME_LATN":"Isernia","NUTS_NAME":"Isernia","MOUNT_TYPE":1,"URBN_TYPE":3,"COAST_TYPE":null}},{"type":"Feature","geometry":{"type":"Polygon","coordinates":[[[14.4854,41.7596],[14.7796,42.0701],[15.1382,41.927],[15.0077,41.4864],[14.505,41.3826],[14.3825,41.4432],[14.4854,41.7596]]]},"properties":{"NUTS_ID":"ITF22","LEVL_CODE":3,"CNTR_CODE":"IT","NAME_LATN":"Campobasso","NUTS_NAME":"Campobasso","MOUNT_TYPE":1,"URBN_TYPE":3,"COAST_TYPE":1}},{"type":"Feature","geometry":{"type":"Polygon","coordinates":[[[13.9779,41.4625],[14.3825,41.4432],[14.505,41.3826],[14.5312,41.0133],[14.0321,40.8989],[13.7621,41.2225],[13.8737,41.3383],[13.9779,41.4625]]]},"properties":{"NUTS_ID":"ITF31","LEVL_CODE":3,"CNTR_CODE":"IT","NAME_LATN":"Caserta","NUTS_NAME":"Caserta","MOUNT_TYPE":null,"URBN_TYPE":1,"COAST_TYPE":1}},{"type":"Feature","geometry":{"type":"Polygon","coordinates":[[[14.505,41.3826],[15.0077,41.4864],[15.1492,41.2804],[14.572,41.0095],[14.5312,41.0133],[14.505,41.3826]]]},"properties":{"NUTS_ID":"ITF32","LEVL_CODE":3,"CNTR_CODE":"IT","NAME_LATN":"Benevento","NUTS_NAME":"Benevento","MOUNT_TYPE":1,"URBN_TYPE":3,"COAST_TYPE":1}},{"type":"Feature","geometry":{"type":"Polygon","coordinates":[[[14.0321,40.8989],[14.5312,41.0133],[14.572,41.0095],[14.6056,40.8476],[14.4819,40.6427],[14.0321,40.8989]]]},"properties":{"NUTS_ID":"ITF33","LEVL_CODE":3,"CNTR_CODE":"IT","NAME_LATN":"Napoli","NUTS_NAME":"Napoli","MOUNT_TYPE":null,"URBN_TYPE":1,"COAST_TYPE":1}},{"type":"Feature","geometry":{"type":"Polygon","coordinates":[[[14.572,41.0095],[15.1492,41.2804],[15.5429,41.0558],[15.335,40.8348],[14.6056,40.8476],[14.572,41.0095]]]},"properties":{"NUTS_ID":"ITF34","LEVL_CODE":3,"CNTR_CODE":"IT","NAME_LATN":"Avellino","NUTS_NAME":"Avellino","MOUNT_TYPE":1,"URBN_TYPE":2,"COAST_TYPE":1}},{"type":"Feature","geometry":{"type":"Polygon","coordinates":[[[14.4819,40.6427],[14.6056,40.8476],[15.335,40.8348],[15.7428,40.2832],[15.645,40.0428],[15.1455,40.1308],[14.4819,40.6427]]]},"properties":{"NUTS_ID":"ITF35","LEVL_CODE":3,"CNTR_CODE":"IT","NAME_LATN":"Salerno","NUTS_NAME":"Salerno","MOUNT_TYPE":1,"URBN_TYPE":2,"COAST_TYPE":1}},{"type":"Feature","geometry":{"type":"Polygon","coordinates":[[[16.8673,40.3978],[16.725,40.7138],[17.3537,40.7486],[17.7984,40.3796],[17.7635,40.2955],[16.8673,40.3978]]]},"properties":{"NUTS_ID":"ITF43","LEVL_CODE":3,"CNTR_CODE":"IT","NAME_LATN":"Taranto","NUTS_NAME":"Taranto","MOUNT_TYPE":null,"URBN_TYPE":1,"COAST_TYPE":1}},{"type":"Feature","geometry":{"type":"Polygon","coordinates":[[[17.7984,40.3796],[17.3537,40.7486],[17.389,40.8919],[18.0974,40.5153],[17.7984,40.3796]]]},"properties":{"NUTS_ID":"ITF44","LEVL_CODE":3,"CNTR_CODE":"IT","NAME_LATN":"Brindisi","NUTS_NAME":"Brindisi","MOUNT_TYPE":null,"URBN_TYPE":1,"COAST_TYPE":1}},{"type":"Feature","geometry":{"type":"Polygon","coordinates":[[[17.7635,40.2955],[17.7984,40.3796],[18.0974,40.5153],[17.7635,40.2955]]]},"properties":{"NUTS_ID":"ITF45","LEVL_CODE":3,"CNTR_CODE":"IT","NAME_LATN":"Lecce","NUTS_NAME":"Lecce","MOUNT_TYPE":null,"URBN_TYPE":1,"COAST_TYPE":1}},{"type":"Feature","geometry":{"type":"Polygon","coordinates":[[[15.0077,41.4864],[15.1382,41.927],[16.0778,41.8928],[16.0247,41.4256],[15.8703,41.1399],[15.5429,41.0558],[15.1492,41.2804],[15.0077,41.4864]]]},"properties":{"NUTS_ID":"ITF46","LEVL_CODE":3,"CNTR_CODE":"IT","NAME_LATN":"Foggia","NUTS_NAME":"Foggia","MOUNT_TYPE":null,"URBN_TYPE":1,"COAST_TYPE":1}},{"type":"Feature","geometry":{"type":"Polygon","coordinates":[[[17.3537,40.7486],[16.725,40.7138],[16.2441,40.838],[16.2025,40.9175],[16.5423,41.2294],[17.389,40.8919],[17.3537,40.7486]]]},"properties":{"NUTS_ID":"ITF47","LEVL_CODE":3,"CNTR_CODE":"IT","NAME_LATN":"Bari","NUTS_NAME":"Bari","MOUNT_TYPE":null,"URBN_TYPE":1,"COAST_TYPE":1}},{"type":"Feature","geometry":{"type":"Polygon","coordinates":[[[15.8703,41.1399],[16.0247,41.4256],[16.5423,41.2294],[16.2025,40.9175],[15.8703,41.1399]]]},"properties":{"NUTS_ID":"ITF48","LEVL_CODE":3,"CNTR_CODE":"IT","NAME_LATN":"Barletta-Andria-Trani","NUTS_NAME":"Barletta-Andria-Trani","MOUNT_TYPE":null,"URBN_TYPE":1,"COAST_TYPE":1}},{"type":"Feature","geometry":{"type":"Polygon","coordinates":[[[15.335,40.8348],[15.5429,41.0558],[15.8703,41.1399],[16.2025,40.9175],[16.2441,40.838],[16.0989,40.5284],[16.3989,40.0554],[15.756,39.9234],[15.645,40.0428],[15.7428,40.2832],[15.335,40.8348]]]},"properties":{"NUTS_ID":"ITF51","LEVL_CODE":3,"CNTR_CODE":"IT","NAME_LATN":"Potenza","NUTS_NAME":"Potenza","MOUNT_TYPE":1,"URBN_TYPE":3,"COAST_TYPE":1}},{"type":"Feature","geometry":{"type":"Polygon","coordinates":[[[16.725,40.7138],[16.8673,40.3978],[16.644,40.1191],[16.3989,40.0554],[16.0989,40.5284],[16.2441,40.838],[16.725,40.7138]]]},"properties":{"NUTS_ID":"ITF52","LEVL_CODE":3,"CNTR_CODE":"IT","NAME_LATN":"Matera","NUTS_NAME":"Matera","MOUNT_TYPE":1,"URBN_TYPE":2,"COAST_TYPE":1}},{"type":"Feature","geometry":{"type":"Polygon","coordinates":[[[15.756,39.9234],[16.3989,40.0554],[16.644,40.1191],[16.4958,39.7462],[17.0251,39.4836],[16.6132,39.1941],[16.0932,39.0487],[15.756,39.9234]]]},"properties":{"NUTS_ID":"ITF61","LEVL_CODE":3,"CNTR_CODE":"IT","NAME_LATN":"Cosenza","NUTS_NAME":"Cosenza","MOUNT_TYPE":1,"URBN_TYPE":2,"COAST_TYPE":1}},{"type":"Feature","geometry":{"type":"Polygon","coordinates":[[[16.6132,39.1941],[17.0251,39.4836],[16.8907,38.9271],[16.6132,39.1941]]]},"properties":{"NUTS_ID":"ITF62","LEVL_CODE":3,"CNTR_CODE":"IT","NAME_LATN":"Crotone","NUTS_NAME":"Crotone","MOUNT_TYPE":null,"URBN_TYPE":2,"COAST_TYPE":1}},{"type":"Feature","geometry":{"type":"Polygon","coordinates":[[[16.0932,39.0487],[16.6132,39.1941],[16.8907,38.9271],[16.5821,38.4698],[16.42,38.554],[16.2138,38.8104],[16.0932,39.0487]]]},"properties":{"NUTS_ID":"ITF63","LEVL_CODE":3,"CNTR_CODE":"IT","NAME_LATN":"Catanzaro","NUTS_NAME":"Catanzaro","MOUNT_TYPE":1,"URBN_TYPE":2,"COAST_TYPE":1}},{"type":"Feature","geometry":{"type":"Polygon","coordinates":[[[16.2138,38.8104],[16.42,38.554],[15.919,38.5068],[16.2138,38.8104]]]},"properties":{"NUTS_ID":"ITF64","LEVL_CODE":3,"CNTR_CODE":"IT","NAME_LATN":"Vibo Valentia","NUTS_NAME":"Vibo Valentia","MOUNT_TYPE":1,"URBN_TYPE":3,"COAST_TYPE":1}},{"type":"Feature","geometry":{"type":"Polygon","coordinates":[[[16.42,38.554],[16.5821,38.4698],[15.919,38.5068],[16.42,38.554]]]},"properties":{"NUTS_ID":"ITF65","LEVL_CODE":3,"CNTR_CODE":"IT","NAME_LATN":"Reggio Calabria","NUTS_NAME":"Reggio Calabria","MOUNT_TYPE":1,"URBN_TYPE":2,"COAST_TYPE":1}},{"type":"Feature","geometry":{"type":"Polygon","coordinates":[[[12.9773,38.0402],[13.0121,37.7427],[12.8965,37.5771],[12.9773,38.0402]]]},"properties":{"NUTS_ID":"ITG11","LEVL_CODE":3,"CNTR_CODE":"IT","NAME_LATN":"Trapani","NUTS_NAME":"Trapani","MOUNT_TYPE":null,"URBN_TYPE":2,"COAST_TYPE":1}},{"type":"Feature","geometry":{"type":"Polygon","coordinates":[[[13.0121,37.7427],[12.9773,38.0402],[14.1835,38.0194],[14.2799,37.8401],[14.1351,37.6167],[13.7325,37.683],[13.0121,37.7427]]]},"properties":{"NUTS_ID":"ITG12","LEVL_CODE":3,"CNTR_CODE":"IT","NAME_LATN":"Palermo","NUTS_NAME":"Palermo","MOUNT_TYPE":1,"URBN_TYPE":1,"COAST_TYPE":1}},{"type":"Feature","geometry":{"type":"Polygon","coordinates":[[[14.2799,37.8401],[14.1835,38.0194],[15.4887,38.2297],[15.2581,37.8073],[14.7423,37.8181],[14.2799,37.8401]]]},"properties":{"NUTS_ID":"ITG13","LEVL_CODE":3,"CNTR_CODE":"IT","NAME_LATN":"Messina","NUTS_NAME":"Messina","MOUNT_TYPE":1,"URBN_TYPE":2,"COAST_TYPE":1}},{"type":"Feature","geometry":{"type":"Polygon","coordinates":[[[12.8965,37.5771],[13.0121,37.7427],[13.7325,37.683],[14.0362,37.106],[12.8965,37.5771]]]},"properties":{"NUTS_ID":"ITG14","LEVL_CODE":3,"CNTR_CODE":"IT","NAME_LATN":"Agrigento","NUTS_NAME":"Agrigento","MOUNT_TYPE":1,"URBN_TYPE":1,"COAST_TYPE":1}},{"type":"Feature","geometry":{"type":"Polygon","coordinates":[[[13.7325,37.683],[14.1351,37.6167],[14.3527,37.3061],[14.4441,37.053],[14.3376,37.002],[14.0362,37.106],[13.7325,37.683]]]},"properties":{"NUTS_ID":"ITG15","LEVL_CODE":3,"CNTR_CODE":"IT","NAME_LATN":"Caltanissetta","NUTS_NAME":"Caltanissetta","MOUNT_TYPE":1,"URBN_TYPE":1,"COAST_TYPE":1}},{"type":"Feature","geometry":{"type":"Polygon","coordinates":[[[14.1351,37.6167],[14.2799,37.8401],[14.7423,37.8181],[14.3527,37.3061],[14.1351,37.6167]]]},"properties":{"NUTS_ID":"ITG16","LEVL_CODE":3,"CNTR_CODE":"IT","NAME_LATN":"Enna","NUTS_NAME":"Enna","MOUNT_TYPE":1,"URBN_TYPE":2,"COAST_TYPE":1}},{"type":"Feature","geometry":{"type":"Polygon","coordinates":[[[14.7423,37.8181],[15.2581,37.8073],[15.0915,37.3577],[14.7939,37.1321],[14.4441,37.053],[14.3527,37.3061],[14.7423,37.8181]]]},"properties":{"NUTS_ID":"ITG17","LEVL_CODE":3,"CNTR_CODE":"IT","NAME_LATN":"Catania","NUTS_NAME":"Catania","MOUNT_TYPE":1,"URBN_TYPE":1,"COAST_TYPE":1}},{"type":"Feature","geometry":{"type":"Polygon","coordinates":[[[14.3376,37.002],[14.4441,37.053],[14.7939,37.1321],[15.0004,36.7028],[14.3376,37.002]]]},"properties":{"NUTS_ID":"ITG18","LEVL_CODE":3,"CNTR_CODE":"IT","NAME_LATN":"Ragusa","NUTS_NAME":"Ragusa","MOUNT_TYPE":null,"URBN_TYPE":2,"COAST_TYPE":1}},{"type":"Feature","geometry":{"type":"Polygon","coordinates":[[[14.7939,37.1321],[15.0915,37.3577],[15.0004,36.7028],[14.7939,37.1321]]]},"properties":{"NUTS_ID":"ITG19","LEVL_CODE":3,"CNTR_CODE":"IT","NAME_LATN":"Siracusa","NUTS_NAME":"Siracusa","MOUNT_TYPE":null,"URBN_TYPE":1,"COAST_TYPE":1}},{"type":"Feature","geometry":{"type":"Polygon","coordinates":[[[9.7494,40.6581],[8.6203,40.319],[8.3998,40.4076],[8.2552,40.8137],[9.2932,41.2579],[9.7494,40.6581]]]},"properties":{"NUTS_ID":"ITG2D","LEVL_CODE":3,"CNTR_CODE":"IT","NAME_LATN":"Sassari","NUTS_NAME":"Sassari","MOUNT_TYPE":1,"URBN_TYPE":2,"COAST_TYPE":1}},{"type":"Feature","geometry":{"type":"Polygon","coordinates":[[[8.6203,40.319],[9.7494,40.6581],[9.6511,39.5493],[9.1656,39.8326],[8.6203,40.319]]]},"properties":{"NUTS_ID":"ITG2E","LEVL_CODE":3,"CNTR_CODE":"IT","NAME_LATN":"Nuoro","NUTS_NAME":"Nuoro","MOUNT_TYPE":1,"URBN_TYPE":3,"COAST_TYPE":1}},{"type":"Feature","geometry":{"type":"Polygon","coordinates":[[[8.9107,38.9155],[8.971,39.3138],[9.4423,39.127],[8.9107,38.9155]]]},"properties":{"NUTS_ID":"ITG2F","LEVL_CODE":3,"CNTR_CODE":"IT","NAME_LATN":"Cagliari","NUTS_NAME":"Cagliari","MOUNT_TYPE":1,"URBN_TYPE":1,"COAST_TYPE":1}},{"type":"Feature","geometry":{"type":"Polygon","coordinates":[[[8.3998,40.4076],[8.6203,40.319],[9.1656,39.8326],[8.5161,39.7462],[8.3998,40.4076]]]},"properties":{"NUTS_ID":"ITG2G","LEVL_CODE":3,"CNTR_CODE":"IT","NAME_LATN":"Oristano","NUTS_NAME":"Oristano","MOUNT_TYPE":null,"URBN_TYPE":3,"COAST_TYPE":1}},{"type":"Feature","geometry":{"type":"Polygon","coordinates":[[[9.1656,39.8326],[9.6511,39.5493],[9.4423,39.127],[8.971,39.3138],[8.9107,38.9155],[8.4035,39.1224],[8.5161,39.7462],[9.1656,39.8326]]]},"properties":{"NUTS_ID":"ITG2H","LEVL_CODE":3,"CNTR_CODE":"IT","NAME_LATN":"Sud Sardegna","NUTS_NAME":"Sud Sardegna","MOUNT_TYPE":1,"URBN_TYPE":3,"COAST_TYPE":1}},{"type":"Feature","geometry":{"type":"Polygon","coordinates":[[[12.2407,47.0692],[12.4779,46.6798],[11.8283,46.5089],[11.3075,46.2919],[10.6221,46.4481],[10.4528,46.5307],[10.4697,46.8549],[11.1643,46.9657],[11.6272,47.0133],[12.136,47.0807],[12.2407,47.0692]]]},"properties":{"NUTS_ID":"ITH10","LEVL_CODE":3,"CNTR_CODE":"IT","NAME_LATN":"Bolzano-Bozen","NUTS_NAME":"Bolzano-Bozen","MOUNT_TYPE":1,"URBN_TYPE":2,"COAST_TYPE":null}},{"type":"Feature","geometry":{"type":"Polygon","coordinates":[[[10.5158,46.3432],[10.6221,46.4481],[11.3075,46.2919],[11.8283,46.5089],[11.6844,45.984],[11.1383,45.6971],[10.8402,45.8328],[10.5158,46.3432]]]},"properties":{"NUTS_ID":"ITH20","LEVL_CODE":3,"CNTR_CODE":"IT","NAME_LATN":"Trento","NUTS_NAME":"Trento","MOUNT_TYPE":1,"URBN_TYPE":2,"COAST_TYPE":null}},{"type":"Feature","geometry":{"type":"Polygon","coordinates":[[[10.6268,45.3846],[10.8402,45.8328],[11.1383,45.6971],[11.4871,45.266],[11.4169,45.1293],[11.2055,45.1095],[10.6268,45.3846]]]},"properties":{"NUTS_ID":"ITH31","LEVL_CODE":3,"CNTR_CODE":"IT","NAME_LATN":"Verona","NUTS_NAME":"Verona","MOUNT_TYPE":null,"URBN_TYPE":2,"COAST_TYPE":null}},{"type":"Feature","geometry":{"type":"Polygon","coordinates":[[[11.1383,45.6971],[11.6844,45.984],[11.7996,45.8806],[11.8217,45.6872],[11.4871,45.266],[11.1383,45.6971]]]},"properties":{"NUTS_ID":"ITH32","LEVL_CODE":3,"CNTR_CODE":"IT","NAME_LATN":"Vicenza","NUTS_NAME":"Vicenza","MOUNT_TYPE":1,"URBN_TYPE":2,"COAST_TYPE":null}},{"type":"Feature","geometry":{"type":"Polygon","coordinates":[[[12.4779,46.6798],[12.6906,46.657],[12.7314,46.6343],[12.4987,46.4122],[12.4005,46.042],[11.7996,45.8806],[11.6844,45.984],[11.8283,46.5089],[12.4779,46.6798]]]},"properties":{"NUTS_ID":"ITH33","LEVL_CODE":3,"CNTR_CODE":"IT","NAME_LATN":"Belluno","NUTS_NAME":"Belluno","MOUNT_TYPE":1,"URBN_TYPE":3,"COAST_TYPE":null}},{"type":"Feature","geometry":{"type":"Polygon","coordinates":[[[11.8217,45.6872],[11.7996,45.8806],[12.4005,46.042],[12.6617,45.7924],[12.0925,45.5983],[11.8217,45.6872]]]},"properties":{"NUTS_ID":"ITH34","LEVL_CODE":3,"CNTR_CODE":"IT","NAME_LATN":"Treviso","NUTS_NAME":"Treviso","MOUNT_TYPE":null,"URBN_TYPE":2,"COAST_TYPE":1}},{"type":"Feature","geometry":{"type":"Polygon","coordinates":[[[12.0925,45.5983],[12.6617,45.7924],[12.9791,45.834],[13.0988,45.6445],[12.3306,45.1606],[11.9688,45.134],[12.0925,45.5983]]]},"properties":{"NUTS_ID":"ITH35","LEVL_CODE":3,"CNTR_CODE":"IT","NAME_LATN":"Venezia","NUTS_NAME":"Venezia","MOUNT_TYPE":null,"URBN_TYPE":1,"COAST_TYPE":1}},{"type":"Feature","geometry":{"type":"Polygon","coordinates":[[[11.4169,45.1293],[11.4871,45.266],[11.8217,45.6872],[12.0925,45.5983],[11.9688,45.134],[11.4169,45.1293]]]},"properties":{"NUTS_ID":"ITH36","LEVL_CODE":3,"CNTR_CODE":"IT","NAME_LATN":"Padova","NUTS_NAME":"Padova","MOUNT_TYPE":null,"URBN_TYPE":2,"COAST_TYPE":1}},{"type":"Feature","geometry":{"type":"Polygon","coordinates":[[[11.4268,44.9501],[11.2055,45.1095],[11.4169,45.1293],[11.9688,45.134],[12.3306,45.1606],[12.3991,44.7926],[11.4268,44.9501]]]},"properties":{"NUTS_ID":"ITH37","LEVL_CODE":3,"CNTR_CODE":"IT","NAME_LATN":"Rovigo","NUTS_NAME":"Rovigo","MOUNT_TYPE":null,"URBN_TYPE":3,"COAST_TYPE":1}},{"type":"Feature","geometry":{"type":"Polygon","coordinates":[[[12.4005,46.042],[12.4987,46.4122],[12.906,46.2984],[12.9791,45.834],[12.6617,45.7924],[12.4005,46.042]]]},"properties":{"NUTS_ID":"ITH41","LEVL_CODE":3,"CNTR_CODE":"IT","NAME_LATN":"Pordenone","NUTS_NAME":"Pordenone","MOUNT_TYPE":null,"URBN_TYPE":2,"COAST_TYPE":1}},{"type":"Feature","geometry":{"type":"Polygon","coordinates":[[[13.5042,46.5663],[13.7142,46.5227],[13.684,46.4375],[13.4969,46.0513],[13.3514,45.7357],[13.0988,45.6445],[12.9791,45.834],[12.906,46.2984],[12.4987,46.4122],[12.7314,46.6343],[13.5042,46.5663]]]},"properties":{"NUTS_ID":"ITH42","LEVL_CODE":3,"CNTR_CODE":"IT","NAME_LATN":"Udine","NUTS_NAME":"Udine","MOUNT_TYPE":1,"URBN_TYPE":2,"COAST_TYPE":1}},{"type":"Feature","geometry":{"type":"Polygon","coordinates":[[[13.3514,45.7357],[13.4969,46.0513],[13.5971,45.8195],[13.5962,45.8079],[13.5798,45.787],[13.3514,45.7357]]]},"properties":{"NUTS_ID":"ITH43","LEVL_CODE":3,"CNTR_CODE":"IT","NAME_LATN":"Gorizia","NUTS_NAME":"Gorizia","MOUNT_TYPE":null,"URBN_TYPE":1,"COAST_TYPE":1}},{"type":"Feature","geometry":{"type":"Polygon","coordinates":[[[13.5798,45.787],[13.5962,45.8079],[13.7232,45.5948],[13.5798,45.787]]]},"properties":{"NUTS_ID":"ITH44","LEVL_CODE":3,"CNTR_CODE":"IT","NAME_LATN":"Trieste","NUTS_NAME":"Trieste","MOUNT_TYPE":1,"URBN_TYPE":1,"COAST_TYPE":1}},{"type":"Feature","geometry":{"type":"Polygon","coordinates":[[[9.203,44.6135],[9.2001,44.6861],[9.5487,45.1326],[9.8911,45.1309],[10.0835,45.044],[9.4934,44.5559],[9.203,44.6135]]]},"properties":{"NUTS_ID":"ITH51","LEVL_CODE":3,"CNTR_CODE":"IT","NAME_LATN":"Piacenza","NUTS_NAME":"Piacenza","MOUNT_TYPE":1,"URBN_TYPE":2,"COAST_TYPE":null}},{"type":"Feature","geometry":{"type":"Polygon","coordinates":[[[9.4791,44.4092],[9.4934,44.5559],[10.0835,45.044],[10.464,44.9372],[10.5043,44.9224],[10.1421,44.3539],[9.6867,44.3659],[9.4791,44.4092]]]},"properties":{"NUTS_ID":"ITH52","LEVL_CODE":3,"CNTR_CODE":"IT","NAME_LATN":"Parma","NUTS_NAME":"Parma","MOUNT_TYPE":1,"URBN_TYPE":2,"COAST_TYPE":null}},{"type":"Feature","geometry":{"type":"Polygon","coordinates":[[[10.5043,44.9224],[10.8879,44.9143],[10.4701,44.226],[10.2539,44.2686],[10.1421,44.3539],[10.5043,44.9224]]]},"properties":{"NUTS_ID":"ITH53","LEVL_CODE":3,"CNTR_CODE":"IT","NAME_LATN":"Reggio nell’Emilia","NUTS_NAME":"Reggio nell’Emilia","MOUNT_TYPE":null,"URBN_TYPE":2,"COAST_TYPE":null}},{"type":"Feature","geometry":{"type":"Polygon","coordinates":[[[10.8879,44.9143],[11.2462,44.9514],[11.2934,44.8028],[10.8148,44.1162],[10.6241,44.1204],[10.4701,44.226],[10.8879,44.9143]]]},"properties":{"NUTS_ID":"ITH54","LEVL_CODE":3,"CNTR_CODE":"IT","NAME_LATN":"Modena","NUTS_NAME":"Modena","MOUNT_TYPE":null,"URBN_TYPE":2,"COAST_TYPE":null}},{"type":"Feature","geometry":{"type":"Polygon","coordinates":[[[10.8148,44.1162],[11.2934,44.8028],[11.7892,44.5543],[11.525,44.1576],[11.2024,44.1007],[11.0494,44.0902],[10.8148,44.1162]]]},"properties":{"NUTS_ID":"ITH55","LEVL_CODE":3,"CNTR_CODE":"IT","NAME_LATN":"Bologna","NUTS_NAME":"Bologna","MOUNT_TYPE":null,"URBN_TYPE":2,"COAST_TYPE":null}},{"type":"Feature","geometry":{"type":"Polygon","coordinates":[[[11.2462,44.9514],[11.4268,44.9501],[12.3991,44.7926],[12.2699,44.63],[11.7892,44.5543],[11.2934,44.8028],[11.2462,44.9514]]]},"properties":{"NUTS_ID":"ITH56","LEVL_CODE":3,"CNTR_CODE":"IT","NAME_LATN":"Ferrara","NUTS_NAME":"Ferrara","MOUNT_TYPE":null,"URBN_TYPE":2,"COAST_TYPE":1}},{"type":"Feature","geometry":{"type":"Polygon","coordinates":[[[11.525,44.1576],[11.7892,44.5543],[12.2699,44.63],[12.3843,44.2247],[11.7159,44.1225],[11.525,44.1576]]]},"properties":{"NUTS_ID":"ITH57","LEVL_CODE":3,"CNTR_CODE":"IT","NAME_LATN":"Ravenna","NUTS_NAME":"Ravenna","MOUNT_TYPE":null,"URBN_TYPE":2,"COAST_TYPE":1}},{"type":"Feature","geometry":{"type":"Polygon","coordinates":[[[11.7159,44.1225],[12.3843,44.2247],[12.4503,44.1622],[12.1075,43.7538],[11.7102,43.8774],[11.7159,44.1225]]]},"properties":{"NUTS_ID":"ITH58","LEVL_CODE":3,"CNTR_CODE":"IT","NAME_LATN":"Forlì-Cesena","NUTS_NAME":"Forlì-Cesena","MOUNT_TYPE":1,"URBN_TYPE":2,"COAST_TYPE":1}},{"type":"Feature","geometry":{"type":"Polygon","coordinates":[[[12.1075,43.7538],[12.4503,44.1622],[12.7507,43.9706],[12.2838,43.7649],[12.1075,43.7538]]]},"properties":{"NUTS_ID":"ITH59","LEVL_CODE":3,"CNTR_CODE":"IT","NAME_LATN":"Rimini","NUTS_NAME":"Rimini","MOUNT_TYPE":1,"URBN_TYPE":1,"COAST_TYPE":1}},{"type":"Feature","geometry":{"type":"Polygon","coordinates":[[[10.0188,44.0445],[9.6867,44.3659],[10.1421,44.3539],[10.2539,44.2686],[10.1435,43.9754],[10.0188,44.0445]]]},"properties":{"NUTS_ID":"ITI11","LEVL_CODE":3,"CNTR_CODE":"IT","NAME_LATN":"Massa-Carrara","NUTS_NAME":"Massa-Carrara","MOUNT_TYPE":1,"URBN_TYPE":2,"COAST_TYPE":1}},{"type":"Feature","geometry":{"type":"Polygon","coordinates":[[[10.2539,44.2686],[10.4701,44.226],[10.6241,44.1204],[10.7278,43.8142],[10.7111,43.7863],[10.2581,43.8151],[10.1435,43.9754],[10.2539,44.2686]]]},"properties":{"NUTS_ID":"ITI12","LEVL_CODE":3,"CNTR_CODE":"IT","NAME_LATN":"Lucca","NUTS_NAME":"Lucca","MOUNT_TYPE":1,"URBN_TYPE":2,"COAST_TYPE":1}},{"type":"Feature","geometry":{"type":"Polygon","coordinates":[[[10.6241,44.1204],[10.8148,44.1162],[11.0494,44.0902],[10.9641,43.8125],[10.7278,43.8142],[10.6241,44.1204]]]},"properties":{"NUTS_ID":"ITI13","LEVL_CODE":3,"CNTR_CODE":"IT","NAME_LATN":"Pistoia","NUTS_NAME":"Pistoia","MOUNT_TYPE":1,"URBN_TYPE":1,"COAST_TYPE":null}},{"type":"Feature","geometry":{"type":"Polygon","coordinates":[[[11.2024,44.1007],[11.525,44.1576],[11.7159,44.1225],[11.7102,43.8774],[11.3975,43.5482],[10.9521,43.4522],[10.7111,43.7863],[10.7278,43.8142],[10.9641,43.8125],[11.2024,44.1007]]]},"properties":{"NUTS_ID":"ITI14","LEVL_CODE":3,"CNTR_CODE":"IT","NAME_LATN":"Firenze","NUTS_NAME":"Firenze","MOUNT_TYPE":1,"URBN_TYPE":1,"COAST_TYPE":null}},{"type":"Feature","geometry":{"type":"Polygon","coordinates":[[[11.0494,44.0902],[11.2024,44.1007],[10.9641,43.8125],[11.0494,44.0902]]]},"properties":{"NUTS_ID":"ITI15","LEVL_CODE":3,"CNTR_CODE":"IT","NAME_LATN":"Prato","NUTS_NAME":"Prato","MOUNT_TYPE":1,"URBN_TYPE":1,"COAST_TYPE":null}},{"type":"Feature","geometry":{"type":"Polygon","coordinates":[[[10.2998,43.582],[10.7173,43.1085],[10.7057,42.9419],[10.2998,43.582]]]},"properties":{"NUTS_ID":"ITI16","LEVL_CODE":3,"CNTR_CODE":"IT","NAME_LATN":"Livorno","NUTS_NAME":"Livorno","MOUNT_TYPE":null,"URBN_TYPE":2,"COAST_TYPE":1}},{"type":"Feature","geometry":{"type":"Polygon","coordinates":[[[10.2581,43.8151],[10.7111,43.7863],[10.9521,43.4522],[10.9116,43.1626],[10.7173,43.1085],[10.2998,43.582],[10.2581,43.8151]]]},"properties":{"NUTS_ID":"ITI17","LEVL_CODE":3,"CNTR_CODE":"IT","NAME_LATN":"Pisa","NUTS_NAME":"Pisa","MOUNT_TYPE":null,"URBN_TYPE":2,"COAST_TYPE":1}},{"type":"Feature","geometry":{"type":"Polygon","coordinates":[[[11.7102,43.8774],[12.1075,43.7538],[12.2838,43.7649],[12.2139,43.6108],[11.9613,43.1669],[11.3975,43.5482],[11.7102,43.8774]]]},"properties":{"NUTS_ID":"ITI18","LEVL_CODE":3,"CNTR_CODE":"IT","NAME_LATN":"Arezzo","NUTS_NAME":"Arezzo","MOUNT_TYPE":1,"URBN_TYPE":2,"COAST_TYPE":null}},{"type":"Feature","geometry":{"type":"Polygon","coordinates":[[[10.9521,43.4522],[11.3975,43.5482],[11.9613,43.1669],[11.9333,42.8693],[11.895,42.8347],[11.746,42.7857],[10.9116,43.1626],[10.9521,43.4522]]]},"properties":{"NUTS_ID":"ITI19","LEVL_CODE":3,"CNTR_CODE":"IT","NAME_LATN":"Siena","NUTS_NAME":"Siena","MOUNT_TYPE":1,"URBN_TYPE":3,"COAST_TYPE":null}},{"type":"Feature","geometry":{"type":"Polygon","coordinates":[[[10.7057,42.9419],[10.7173,43.1085],[10.9116,43.1626],[11.746,42.7857],[11.4499,42.3777],[10.7057,42.9419]]]},"properties":{"NUTS_ID":"ITI1A","LEVL_CODE":3,"CNTR_CODE":"IT","NAME_LATN":"Grosseto","NUTS_NAME":"Grosseto","MOUNT_TYPE":null,"URBN_TYPE":3,"COAST_TYPE":1}},{"type":"Feature","geometry":{"type":"Polygon","coordinates":[[[11.9613,43.1669],[12.2139,43.6108],[12.7675,43.4598],[12.8624,43.2112],[13.2353,42.8677],[13.1892,42.7336],[12.8909,42.6178],[11.9333,42.8693],[11.9613,43.1669]]]},"properties":{"NUTS_ID":"ITI21","LEVL_CODE":3,"CNTR_CODE":"IT","NAME_LATN":"Perugia","NUTS_NAME":"Perugia","MOUNT_TYPE":1,"URBN_TYPE":2,"COAST_TYPE":null}},{"type":"Feature","geometry":{"type":"Polygon","coordinates":[[[11.895,42.8347],[11.9333,42.8693],[12.8909,42.6178],[12.4447,42.3988],[11.895,42.8347]]]},"properties":{"NUTS_ID":"ITI22","LEVL_CODE":3,"CNTR_CODE":"IT","NAME_LATN":"Terni","NUTS_NAME":"Terni","MOUNT_TYPE":1,"URBN_TYPE":2,"COAST_TYPE":null}},{"type":"Feature","geometry":{"type":"Polygon","coordinates":[[[12.2838,43.7649],[12.7507,43.9706],[13.1726,43.7503],[12.7675,43.4598],[12.2139,43.6108],[12.2838,43.7649]]]},"properties":{"NUTS_ID":"ITI31","LEVL_CODE":3,"CNTR_CODE":"IT","NAME_LATN":"Pesaro e Urbino","NUTS_NAME":"Pesaro e Urbino","MOUNT_TYPE":1,"URBN_TYPE":2,"COAST_TYPE":1}},{"type":"Feature","geometry":{"type":"Polygon","coordinates":[[[12.8624,43.2112],[12.7675,43.4598],[13.1726,43.7503],[13.6421,43.4741],[12.8624,43.2112]]]},"properties":{"NUTS_ID":"ITI32","LEVL_CODE":3,"CNTR_CODE":"IT","NAME_LATN":"Ancona","NUTS_NAME":"Ancona","MOUNT_TYPE":null,"URBN_TYPE":2,"COAST_TYPE":1}},{"type":"Feature","geometry":{"type":"Polygon","coordinates":[[[13.2353,42.8677],[12.8624,43.2112],[13.6421,43.4741],[13.743,43.2941],[13.2418,42.892],[13.2353,42.8677]]]},"properties":{"NUTS_ID":"ITI33","LEVL_CODE":3,"CNTR_CODE":"IT","NAME_LATN":"Macerata","NUTS_NAME":"Macerata","MOUNT_TYPE":1,"URBN_TYPE":2,"COAST_TYPE":1}},{"type":"Feature","geometry":{"type":"Polygon","coordinates":[[[13.9157,42.8945],[13.3578,42.6941],[13.1892,42.7336],[13.2353,42.8677],[13.2418,42.892],[13.8495,43.0667],[13.9157,42.8945]]]},"properties":{"NUTS_ID":"ITI34","LEVL_CODE":3,"CNTR_CODE":"IT","NAME_LATN":"Ascoli Piceno","NUTS_NAME":"Ascoli Piceno","MOUNT_TYPE":1,"URBN_TYPE":2,"COAST_TYPE":1}},{"type":"Feature","geometry":{"type":"Polygon","coordinates":[[[13.2418,42.892],[13.743,43.2941],[13.8495,43.0667],[13.2418,42.892]]]},"properties":{"NUTS_ID":"ITI35","LEVL_CODE":3,"CNTR_CODE":"IT","NAME_LATN":"Fermo","NUTS_NAME":"Fermo","MOUNT_TYPE":null,"URBN_TYPE":2,"COAST_TYPE":1}},{"type":"Feature","geometry":{"type":"Polygon","coordinates":[[[11.746,42.7857],[11.895,42.8347],[12.4447,42.3988],[12.5196,42.2947],[11.7338,42.158],[11.4499,42.3777],[11.746,42.7857]]]},"properties":{"NUTS_ID":"ITI41","LEVL_CODE":3,"CNTR_CODE":"IT","NAME_LATN":"Viterbo","NUTS_NAME":"Viterbo","MOUNT_TYPE":1,"URBN_TYPE":3,"COAST_TYPE":1}},{"type":"Feature","geometry":{"type":"Polygon","coordinates":[[[13.394,42.5912],[13.0306,42.1154],[12.5196,42.2947],[12.4447,42.3988],[12.8909,42.6178],[13.1892,42.7336],[13.3578,42.6941],[13.394,42.5912]]]},"properties":{"NUTS_ID":"ITI42","LEVL_CODE":3,"CNTR_CODE":"IT","NAME_LATN":"Rieti","NUTS_NAME":"Rieti","MOUNT_TYPE":1,"URBN_TYPE":3,"COAST_TYPE":null}},{"type":"Feature","geometry":{"type":"Polygon","coordinates":[[[13.0306,42.1154],[13.2963,41.9486],[13.1751,41.5835],[12.7733,41.4163],[11.7338,42.158],[12.5196,42.2947],[13.0306,42.1154]]]},"properties":{"NUTS_ID":"ITI43","LEVL_CODE":3,"CNTR_CODE":"IT","NAME_LATN":"Roma","NUTS_NAME":"Roma","MOUNT_TYPE":null,"URBN_TYPE":1,"COAST_TYPE":1}},{"type":"Feature","geometry":{"type":"Polygon","coordinates":[[[13.8737,41.3383],[13.7621,41.2225],[12.7733,41.4163],[13.1751,41.5835],[13.8737,41.3383]]]},"properties":{"NUTS_ID":"ITI44","LEVL_CODE":3,"CNTR_CODE":"IT","NAME_LATN":"Latina","NUTS_NAME":"Latina","MOUNT_TYPE":null,"URBN_TYPE":2,"COAST_TYPE":1}},{"type":"Feature","geometry":{"type":"Polygon","coordinates":[[[13.2963,41.9486],[13.941,41.6879],[13.9779,41.4625],[13.8737,41.3383],[13.1751,41.5835],[13.2963,41.9486]]]},"properties":{"NUTS_ID":"ITI45","LEVL_CODE":3,"CNTR_CODE":"IT","NAME_LATN":"Frosinone","NUTS_NAME":"Frosinone","MOUNT_TYPE":1,"URBN_TYPE":3,"COAST_TYPE":1}},{"type":"Feature","geometry":{"type":"Polygon","coordinates":[[[9.6206,47.1516],[9.6028,47.0619],[9.5122,47.0854],[9.5307,47.2706],[9.6206,47.1516]]]},"properties":{"NUTS_ID":"LI000","LEVL_CODE":3,"CNTR_CODE":"LI","NAME_LATN":"Liechtenstein","NUTS_NAME":"Liechtenstein","MOUNT_TYPE":1,"URBN_TYPE":null,"COAST_TYPE":null}},{"type":"Feature","geometry":{"type":"Polygon","coordinates":[[[26.7404,55.2628],[25.7519,54.8228],[25.6599,54.1908],[24.8359,54.149],[24.4143,54.5333],[24.4298,55.3908],[24.6551,55.5177],[25.7338,55.3052],[26.7404,55.2628]]]},"properties":{"NUTS_ID":"LT011","LEVL_CODE":3,"CNTR_CODE":"LT","NAME_LATN":"Vilniaus apskritis","NUTS_NAME":"Vilniaus apskritis","MOUNT_TYPE":null,"URBN_TYPE":1,"COAST_TYPE":null}},{"type":"Feature","geometry":{"type":"Polygon","coordinates":[[[24.4143,54.5333],[24.8359,54.149],[24.3905,53.9032],[23.5146,53.9566],[23.3215,54.2533],[23.7555,54.4686],[24.4143,54.5333]]]},"properties":{"NUTS_ID":"LT021","LEVL_CODE":3,"CNTR_CODE":"LT","NAME_LATN":"Alytaus apskritis","NUTS_NAME":"Alytaus apskritis","MOUNT_TYPE":null,"URBN_TYPE":2,"COAST_TYPE":null}},{"type":"Feature","geometry":{"type":"Polygon","coordinates":[[[24.4298,55.3908],[24.4143,54.5333],[23.7555,54.4686],[23.4119,55.0735],[22.6758,55.4711],[23.8794,55.5582],[24.4298,55.3908]]]},"properties":{"NUTS_ID":"LT022","LEVL_CODE":3,"CNTR_CODE":"LT","NAME_LATN":"Kauno apskritis","NUTS_NAME":"Kauno apskritis","MOUNT_TYPE":null,"URBN_TYPE":2,"COAST_TYPE":null}},{"type":"Feature","geometry":{"type":"Polygon","coordinates":[[[21.8803,55.597],[21.6511,55.18],[21.2721,55.2454],[21.0646,56.0692],[21.9782,56.3851],[21.512,55.8088],[21.8803,55.597]]]},"properties":{"NUTS_ID":"LT023","LEVL_CODE":3,"CNTR_CODE":"LT","NAME_LATN":"Klaipėdos apskritis","NUTS_NAME":"Klaipėdos apskritis","MOUNT_TYPE":null,"URBN_TYPE":2,"COAST_TYPE":1}},{"type":"Feature","geometry":{"type":"Polygon","coordinates":[[[23.7555,54.4686],[23.3215,54.2533],[22.792,54.3634],[22.589,55.0703],[23.4119,55.0735],[23.7555,54.4686]]]},"properties":{"NUTS_ID":"LT024","LEVL_CODE":3,"CNTR_CODE":"LT","NAME_LATN":"Marijampolės apskritis","NUTS_NAME":"Marijampolės apskritis","MOUNT_TYPE":null,"URBN_TYPE":3,"COAST_TYPE":null}},{"type":"Feature","geometry":{"type":"Polygon","coordinates":[[[24.6551,55.5177],[24.4298,55.3908],[23.8794,55.5582],[24.0475,56.2841],[24.891,56.4417],[25.8214,56.0522],[26.0462,55.9441],[25.6862,55.7149],[24.6551,55.5177]]]},"properties":{"NUTS_ID":"LT025","LEVL_CODE":3,"CNTR_CODE":"LT","NAME_LATN":"Panevėžio apskritis","NUTS_NAME":"Panevėžio apskritis","MOUNT_TYPE":null,"URBN_TYPE":2,"COAST_TYPE":null}},{"type":"Feature","geometry":{"type":"Polygon","coordinates":[[[23.8794,55.5582],[22.6758,55.4711],[22.4663,55.6729],[22.6356,56.3682],[22.9205,56.3991],[24.0475,56.2841],[23.8794,55.5582]]]},"properties":{"NUTS_ID":"LT026","LEVL_CODE":3,"CNTR_CODE":"LT","NAME_LATN":"Šiaulių apskritis","NUTS_NAME":"Šiaulių apskritis","MOUNT_TYPE":null,"URBN_TYPE":2,"COAST_TYPE":null}},{"type":"Feature","geometry":{"type":"Polygon","coordinates":[[[22.6758,55.4711],[23.4119,55.0735],[22.589,55.0703],[21.6511,55.18],[21.8803,55.597],[22.4663,55.6729],[22.6758,55.4711]]]},"properties":{"NUTS_ID":"LT027","LEVL_CODE":3,"CNTR_CODE":"LT","NAME_LATN":"Tauragės apskritis","NUTS_NAME":"Tauragės apskritis","MOUNT_TYPE":null,"URBN_TYPE":3,"COAST_TYPE":null}},{"type":"Feature","geometry":{"type":"Polygon","coordinates":[[[21.8803,55.597],[21.512,55.8088],[21.9782,56.3851],[22.6356,56.3682],[22.4663,55.6729],[21.8803,55.597]]]},"properties":{"NUTS_ID":"LT028","LEVL_CODE":3,"CNTR_CODE":"LT","NAME_LATN":"Telšių apskritis","NUTS_NAME":"Telšių apskritis","MOUNT_TYPE":null,"URBN_TYPE":2,"COAST_TYPE":null}},{"type":"Feature","geometry":{"type":"Polygon","coordinates":[[[26.7404,55.2628],[25.7338,55.3052],[24.6551,55.5177],[25.6862,55.7149],[26.0462,55.9441],[26.6304,55.6806],[26.7404,55.2628]]]},"properties":{"NUTS_ID":"LT029","LEVL_CODE":3,"CNTR_CODE":"LT","NAME_LATN":"Utenos apskritis","NUTS_NAME":"Utenos apskritis","MOUNT_TYPE":null,"URBN_TYPE":2,"COAST_TYPE":null}},{"type":"Feature","geometry":{"type":"Polygon","coordinates":[[[6.0249,50.1828],[6.1377,50.13],[6.475,49.8213],[6.3801,49.5511],[6.3671,49.4695],[5.8934,49.4969],[5.8181,49.5463],[5.7464,49.8536],[6.0249,50.1828]]]},"properties":{"NUTS_ID":"LU000","LEVL_CODE":3,"CNTR_CODE":"LU","NAME_LATN":"Luxembourg","NUTS_NAME":"Luxembourg","MOUNT_TYPE":null,"URBN_TYPE":2,"COAST_TYPE":null}},{"type":"Feature","geometry":{"type":"Polygon","coordinates":[[[26.0462,55.9441],[25.8214,56.0522],[26.6249,56.5402],[27.0106,57.1182],[27.6908,57.3706],[27.7818,56.8952],[28.237,56.2841],[27.5474,55.8184],[26.6304,55.6806],[26.0462,55.9441]]]},"properties":{"NUTS_ID":"LV005","LEVL_CODE":3,"CNTR_CODE":"LV","NAME_LATN":"Latgale","NUTS_NAME":"Latgale","MOUNT_TYPE":null,"URBN_TYPE":2,"COAST_TYPE":null}},{"type":"Feature","geometry":{"type":"Polygon","coordinates":[[[25.8214,56.0522],[24.891,56.4417],[24.0475,56.2841],[22.9205,56.3991],[23.5062,56.8925],[24.5286,56.718],[25.5123,56.7911],[26.6249,56.5402],[25.8214,56.0522]]]},"properties":{"NUTS_ID":"LV009","LEVL_CODE":3,"CNTR_CODE":"LV","NAME_LATN":"Zemgale","NUTS_NAME":"Zemgale","MOUNT_TYPE":null,"URBN_TYPE":3,"COAST_TYPE":null}},{"type":"Feature","geometry":{"type":"Polygon","coordinates":[[[24.5286,56.718],[23.5062,56.8925],[23.5529,56.9799],[24.3905,57.1836],[24.5286,56.718]]]},"properties":{"NUTS_ID":"LV00A","LEVL_CODE":3,"CNTR_CODE":"LV","NAME_LATN":"Rīga","NUTS_NAME":"Rīga","MOUNT_TYPE":null,"URBN_TYPE":1,"COAST_TYPE":1}},{"type":"Feature","geometry":{"type":"Polygon","coordinates":[[[21.9782,56.3851],[21.0646,56.0692],[21.1041,56.7904],[21.8112,57.5728],[22.5467,57.7201],[23.5529,56.9799],[23.5062,56.8925],[22.9205,56.3991],[22.6356,56.3682],[21.9782,56.3851]]]},"properties":{"NUTS_ID":"LV00B","LEVL_CODE":3,"CNTR_CODE":"LV","NAME_LATN":"Kurzeme","NUTS_NAME":"Kurzeme","MOUNT_TYPE":null,"URBN_TYPE":2,"COAST_TYPE":1}},{"type":"Feature","geometry":{"type":"Polygon","coordinates":[[[24.3905,57.8732],[25.0463,58.0401],[26.4561,57.5514],[27.3516,57.5183],[27.6908,57.3706],[27.0106,57.1182],[26.6249,56.5402],[25.5123,56.7911],[24.5286,56.718],[24.3905,57.1836],[24.3905,57.8732]]]},"properties":{"NUTS_ID":"LV00C","LEVL_CODE":3,"CNTR_CODE":"LV","NAME_LATN":"Vidzeme","NUTS_NAME":"Vidzeme","MOUNT_TYPE":null,"URBN_TYPE":3,"COAST_TYPE":1}},{"type":"Feature","geometry":{"type":"Polygon","coordinates":[[[20.0763,42.5558],[19.8309,42.4664],[19.3866,42.3065],[19.3866,41.8505],[18.5253,42.4206],[18.4381,42.5557],[18.7223,43.2079],[19.2241,43.5275],[20.0639,43.0068],[20.3529,42.8334],[20.0878,42.5784],[20.0763,42.5558]]]},"properties":{"NUTS_ID":"ME000","LEVL_CODE":3,"CNTR_CODE":"ME","NAME_LATN":"Crna Gora","NUTS_NAME":"Црна Гора","MOUNT_TYPE":null,"URBN_TYPE":null,"COAST_TYPE":null}},{"type":"Feature","geometry":{"type":"Polygon","coordinates":[[[22.2162,41.1705],[21.9294,41.1004],[21.3739,41.6055],[21.3935,41.718],[21.8213,41.9606],[22.0342,42.0159],[22.2664,41.5564],[22.2162,41.1705]]]},"properties":{"NUTS_ID":"MK001","LEVL_CODE":3,"CNTR_CODE":"MK","NAME_LATN":"Vardarski","NUTS_NAME":"Вардарски","MOUNT_TYPE":null,"URBN_TYPE":null,"COAST_TYPE":null}},{"type":"Feature","geometry":{"type":"Polygon","coordinates":[[[22.8672,42.0222],[22.9683,41.5198],[22.2664,41.5564],[22.0342,42.0159],[22.5104,42.1552],[22.8672,42.0222]]]},"properties":{"NUTS_ID":"MK002","LEVL_CODE":3,"CNTR_CODE":"MK","NAME_LATN":"Istočen","NUTS_NAME":"Источен","MOUNT_TYPE":null,"URBN_TYPE":null,"COAST_TYPE":null}},{"type":"Feature","geometry":{"type":"Polygon","coordinates":[[[20.5017,41.3172],[20.5578,41.5819],[21.2379,41.83],[21.3935,41.718],[21.3739,41.6055],[20.9548,41.3239],[20.8378,40.9277],[20.5977,41.092],[20.5017,41.3172]]]},"properties":{"NUTS_ID":"MK003","LEVL_CODE":3,"CNTR_CODE":"MK","NAME_LATN":"Jugozapaden","NUTS_NAME":"Југозападен","MOUNT_TYPE":null,"URBN_TYPE":null,"COAST_TYPE":null}},{"type":"Feature","geometry":{"type":"Polygon","coordinates":[[[22.9683,41.5198],[22.9276,41.3385],[22.8792,41.3407],[22.3321,41.1203],[22.2162,41.1705],[22.2664,41.5564],[22.9683,41.5198]]]},"properties":{"NUTS_ID":"MK004","LEVL_CODE":3,"CNTR_CODE":"MK","NAME_LATN":"Jugoistočen","NUTS_NAME":"Југоисточен","MOUNT_TYPE":null,"URBN_TYPE":null,"COAST_TYPE":null}},{"type":"Feature","geometry":{"type":"Polygon","coordinates":[[[20.9802,40.8557],[20.8378,40.9277],[20.9548,41.3239],[21.3739,41.6055],[21.9294,41.1004],[21.7874,40.9311],[20.9802,40.8557]]]},"properties":{"NUTS_ID":"MK005","LEVL_CODE":3,"CNTR_CODE":"MK","NAME_LATN":"Pelagoniski","NUTS_NAME":"Пелагониски","MOUNT_TYPE":null,"URBN_TYPE":null,"COAST_TYPE":null}},{"type":"Feature","geometry":{"type":"Polygon","coordinates":[[[20.5578,41.5819],[20.5629,41.8461],[20.5943,41.8773],[20.9837,42.1399],[21.2127,42.1107],[21.2379,41.83],[20.5578,41.5819]]]},"properties":{"NUTS_ID":"MK006","LEVL_CODE":3,"CNTR_CODE":"MK","NAME_LATN":"Pološki","NUTS_NAME":"Полошки","MOUNT_TYPE":null,"URBN_TYPE":null,"COAST_TYPE":null}},{"type":"Feature","geometry":{"type":"Polygon","coordinates":[[[22.3602,42.3112],[22.5104,42.1552],[22.0342,42.0159],[21.8213,41.9606],[21.4443,42.2349],[21.5869,42.2628],[22.3602,42.3112]]]},"properties":{"NUTS_ID":"MK007","LEVL_CODE":3,"CNTR_CODE":"MK","NAME_LATN":"Severoistočen","NUTS_NAME":"Североисточен","MOUNT_TYPE":null,"URBN_TYPE":null,"COAST_TYPE":null}},{"type":"Feature","geometry":{"type":"Polygon","coordinates":[[[21.8213,41.9606],[21.3935,41.718],[21.2379,41.83],[21.2127,42.1107],[21.3772,42.238],[21.4443,42.2349],[21.8213,41.9606]]]},"properties":{"NUTS_ID":"MK008","LEVL_CODE":3,"CNTR_CODE":"MK","NAME_LATN":"Skopski","NUTS_NAME":"Скопски","MOUNT_TYPE":null,"URBN_TYPE":null,"COAST_TYPE":null}},{"type":"Feature","geometry":{"type":"Polygon","coordinates":[[[14.4897,35.9304],[14.431,35.8271],[14.3656,35.8661],[14.3774,35.9375],[14.4897,35.9304]]]},"properties":{"NUTS_ID":"MT001","LEVL_CODE":3,"CNTR_CODE":"MT","NAME_LATN":"Malta","NUTS_NAME":"Malta","MOUNT_TYPE":null,"URBN_TYPE":1,"COAST_TYPE":1}},{"type":"Feature","geometry":{"type":"Polygon","coordinates":[[[14.3328,36.0387],[14.2306,36.0212],[14.2652,36.0728],[14.3328,36.0387]]]},"properties":{"NUTS_ID":"MT002","LEVL_CODE":3,"CNTR_CODE":"MT","NAME_LATN":"Gozo and Comino/Għawdex u Kemmuna","NUTS_NAME":"Gozo and Comino/Għawdex u Kemmuna","MOUNT_TYPE":null,"URBN_TYPE":1,"COAST_TYPE":1}},{"type":"Feature","geometry":{"type":"Polygon","coordinates":[[[7.0927,53.257],[6.9115,53.243],[6.8749,53.408],[7.0927,53.257]]]},"properties":{"NUTS_ID":"NL112","LEVL_CODE":3,"CNTR_CODE":"NL","NAME_LATN":"Delfzijl en omgeving","NUTS_NAME":"Delfzijl en omgeving","MOUNT_TYPE":null,"URBN_TYPE":2,"COAST_TYPE":1}},{"type":"Feature","geometry":{"type":"Polygon","coordinates":[[[7.2028,53.1133],[7.0927,52.8382],[6.9357,52.9934],[6.8138,53.071],[6.9115,53.243],[7.0927,53.257],[7.2089,53.2431],[7.2028,53.1133]]]},"properties":{"NUTS_ID":"NL114","LEVL_CODE":3,"CNTR_CODE":"NL","NAME_LATN":"Oost-Groningen","NUTS_NAME":"Oost-Groningen","MOUNT_TYPE":null,"URBN_TYPE":2,"COAST_TYPE":1}},{"type":"Feature","geometry":{"type":"Polygon","coordinates":[[[6.8749,53.408],[6.9115,53.243],[6.8138,53.071],[6.3152,53.0941],[6.1768,53.1595],[6.1913,53.4109],[6.8749,53.408]]]},"properties":{"NUTS_ID":"NL115","LEVL_CODE":3,"CNTR_CODE":"NL","NAME_LATN":"Overig Groningen","NUTS_NAME":"Overig Groningen","MOUNT_TYPE":null,"URBN_TYPE":2,"COAST_TYPE":1}},{"type":"Feature","geometry":{"type":"Polygon","coordinates":[[[6.1768,53.1595],[6.3152,53.0941],[6.3691,52.922],[6.1198,52.8543],[5.8198,52.8173],[5.7964,53.0588],[6.1768,53.1595]]]},"properties":{"NUTS_ID":"NL126","LEVL_CODE":3,"CNTR_CODE":"NL","NAME_LATN":"Zuidoost-Friesland","NUTS_NAME":"Zuidoost-Friesland","MOUNT_TYPE":null,"URBN_TYPE":2,"COAST_TYPE":1}},{"type":"Feature","geometry":{"type":"Polygon","coordinates":[[[6.1913,53.4109],[6.1768,53.1595],[5.7964,53.0588],[5.4112,53.1517],[6.1913,53.4109]]]},"properties":{"NUTS_ID":"NL127","LEVL_CODE":3,"CNTR_CODE":"NL","NAME_LATN":"Noord-Friesland","NUTS_NAME":"Noord-Friesland","MOUNT_TYPE":null,"URBN_TYPE":2,"COAST_TYPE":1}},{"type":"Feature","geometry":{"type":"Polygon","coordinates":[[[5.7964,53.0588],[5.8198,52.8173],[5.7951,52.8065],[5.3773,52.7648],[5.1644,53.0009],[5.4112,53.1517],[5.7964,53.0588]]]},"properties":{"NUTS_ID":"NL128","LEVL_CODE":3,"CNTR_CODE":"NL","NAME_LATN":"Zuidwest-Friesland","NUTS_NAME":"Zuidwest-Friesland","MOUNT_TYPE":null,"URBN_TYPE":2,"COAST_TYPE":1}},{"type":"Feature","geometry":{"type":"Polygon","coordinates":[[[6.8138,53.071],[6.9357,52.9934],[6.5875,52.7357],[6.3691,52.922],[6.3152,53.0941],[6.8138,53.071]]]},"properties":{"NUTS_ID":"NL131","LEVL_CODE":3,"CNTR_CODE":"NL","NAME_LATN":"Noord-Drenthe","NUTS_NAME":"Noord-Drenthe","MOUNT_TYPE":null,"URBN_TYPE":2,"COAST_TYPE":1}},{"type":"Feature","geometry":{"type":"Polygon","coordinates":[[[7.0927,52.8382],[7.0062,52.6388],[6.7097,52.6278],[6.6294,52.6697],[6.5875,52.7357],[6.9357,52.9934],[7.0927,52.8382]]]},"properties":{"NUTS_ID":"NL132","LEVL_CODE":3,"CNTR_CODE":"NL","NAME_LATN":"Zuidoost-Drenthe","NUTS_NAME":"Zuidoost-Drenthe","MOUNT_TYPE":null,"URBN_TYPE":2,"COAST_TYPE":null}},{"type":"Feature","geometry":{"type":"Polygon","coordinates":[[[6.1198,52.8543],[6.3691,52.922],[6.5875,52.7357],[6.6294,52.6697],[6.1198,52.8543]]]},"properties":{"NUTS_ID":"NL133","LEVL_CODE":3,"CNTR_CODE":"NL","NAME_LATN":"Zuidwest-Drenthe","NUTS_NAME":"Zuidwest-Drenthe","MOUNT_TYPE":null,"URBN_TYPE":2,"COAST_TYPE":null}},{"type":"Feature","geometry":{"type":"Polygon","coordinates":[[[6.7097,52.6278],[6.6978,52.4863],[6.3906,52.4281],[6.1098,52.4406],[5.8643,52.5182],[5.7951,52.8065],[5.8198,52.8173],[6.1198,52.8543],[6.6294,52.6697],[6.7097,52.6278]]]},"properties":{"NUTS_ID":"NL211","LEVL_CODE":3,"CNTR_CODE":"NL","NAME_LATN":"Noord-Overijssel","NUTS_NAME":"Noord-Overijssel","MOUNT_TYPE":null,"URBN_TYPE":2,"COAST_TYPE":null}},{"type":"Feature","geometry":{"type":"Polygon","coordinates":[[[6.1098,52.4406],[6.3906,52.4281],[6.382,52.2461],[6.1664,52.231],[6.1098,52.4406]]]},"properties":{"NUTS_ID":"NL212","LEVL_CODE":3,"CNTR_CODE":"NL","NAME_LATN":"Zuidwest-Overijssel","NUTS_NAME":"Zuidwest-Overijssel","MOUNT_TYPE":null,"URBN_TYPE":2,"COAST_TYPE":null}},{"type":"Feature","geometry":{"type":"Polygon","coordinates":[[[6.6978,52.4863],[7.0657,52.2414],[6.7605,52.1186],[6.382,52.2461],[6.3906,52.4281],[6.6978,52.4863]]]},"properties":{"NUTS_ID":"NL213","LEVL_CODE":3,"CNTR_CODE":"NL","NAME_LATN":"Twente","NUTS_NAME":"Twente","MOUNT_TYPE":null,"URBN_TYPE":1,"COAST_TYPE":null}},{"type":"Feature","geometry":{"type":"Polygon","coordinates":[[[5.8643,52.5182],[6.1098,52.4406],[6.1664,52.231],[6.0089,52.0739],[5.6658,51.9528],[5.606,51.9432],[5.4046,52.2496],[5.8643,52.5182]]]},"properties":{"NUTS_ID":"NL221","LEVL_CODE":3,"CNTR_CODE":"NL","NAME_LATN":"Veluwe","NUTS_NAME":"Veluwe","MOUNT_TYPE":null,"URBN_TYPE":1,"COAST_TYPE":null}},{"type":"Feature","geometry":{"type":"Polygon","coordinates":[[[5.1281,51.7376],[5.0005,51.8209],[5.0269,51.8586],[5.606,51.9432],[5.6658,51.9528],[5.5979,51.8281],[5.1281,51.7376]]]},"properties":{"NUTS_ID":"NL224","LEVL_CODE":3,"CNTR_CODE":"NL","NAME_LATN":"Zuidwest-Gelderland","NUTS_NAME":"Zuidwest-Gelderland","MOUNT_TYPE":null,"URBN_TYPE":2,"COAST_TYPE":null}},{"type":"Feature","geometry":{"type":"Polygon","coordinates":[[[6.4078,51.8281],[6.1678,51.9008],[6.0089,52.0739],[6.1664,52.231],[6.382,52.2461],[6.7605,52.1186],[6.4078,51.8281]]]},"properties":{"NUTS_ID":"NL225","LEVL_CODE":3,"CNTR_CODE":"NL","NAME_LATN":"Achterhoek","NUTS_NAME":"Achterhoek","MOUNT_TYPE":null,"URBN_TYPE":2,"COAST_TYPE":null}},{"type":"Feature","geometry":{"type":"Polygon","coordinates":[[[6.1678,51.9008],[5.9532,51.7478],[5.8652,51.7574],[5.5979,51.8281],[5.6658,51.9528],[6.0089,52.0739],[6.1678,51.9008]]]},"properties":{"NUTS_ID":"NL226","LEVL_CODE":3,"CNTR_CODE":"NL","NAME_LATN":"Arnhem/Nijmegen","NUTS_NAME":"Arnhem/Nijmegen","MOUNT_TYPE":null,"URBN_TYPE":1,"COAST_TYPE":null}},{"type":"Feature","geometry":{"type":"Polygon","coordinates":[[[5.3773,52.7648],[5.7951,52.8065],[5.8643,52.5182],[5.4046,52.2496],[5.3355,52.2902],[5.0792,52.3887],[5.0604,52.5789],[5.3773,52.7648]]]},"properties":{"NUTS_ID":"NL230","LEVL_CODE":3,"CNTR_CODE":"NL","NAME_LATN":"Flevoland","NUTS_NAME":"Flevoland","MOUNT_TYPE":null,"URBN_TYPE":1,"COAST_TYPE":1}},{"type":"Feature","geometry":{"type":"Polygon","coordinates":[[[5.1644,53.0009],[5.3773,52.7648],[5.0604,52.5789],[4.9265,52.6071],[4.6491,52.7561],[5.1644,53.0009]]]},"properties":{"NUTS_ID":"NL321","LEVL_CODE":3,"CNTR_CODE":"NL","NAME_LATN":"Kop van Noord-Holland","NUTS_NAME":"Kop van Noord-Holland","MOUNT_TYPE":null,"URBN_TYPE":1,"COAST_TYPE":1}},{"type":"Feature","geometry":{"type":"Polygon","coordinates":[[[4.6097,52.5734],[4.7825,52.5195],[4.723,52.4333],[4.6824,52.4133],[4.5606,52.4374],[4.6097,52.5734]]]},"properties":{"NUTS_ID":"NL323","LEVL_CODE":3,"CNTR_CODE":"NL","NAME_LATN":"IJmond","NUTS_NAME":"IJmond","MOUNT_TYPE":null,"URBN_TYPE":1,"COAST_TYPE":1}},{"type":"Feature","geometry":{"type":"Polygon","coordinates":[[[4.723,52.4333],[4.7825,52.5195],[4.834,52.5389],[4.723,52.4333]]]},"properties":{"NUTS_ID":"NL325","LEVL_CODE":3,"CNTR_CODE":"NL","NAME_LATN":"Zaanstreek","NUTS_NAME":"Zaanstreek","MOUNT_TYPE":null,"URBN_TYPE":1,"COAST_TYPE":1}},{"type":"Feature","geometry":{"type":"Polygon","coordinates":[[[5.0792,52.3887],[5.3355,52.2902],[5.0215,52.3025],[5.0792,52.3887]]]},"properties":{"NUTS_ID":"NL327","LEVL_CODE":3,"CNTR_CODE":"NL","NAME_LATN":"Het Gooi en Vechtstreek","NUTS_NAME":"Het Gooi en Vechtstreek","MOUNT_TYPE":null,"URBN_TYPE":1,"COAST_TYPE":1}},{"type":"Feature","geometry":{"type":"Polygon","coordinates":[[[4.6491,52.7561],[4.9265,52.6071],[4.834,52.5389],[4.7825,52.5195],[4.6097,52.5734],[4.6491,52.7561]]]},"properties":{"NUTS_ID":"NL328","LEVL_CODE":3,"CNTR_CODE":"NL","NAME_LATN":"Alkmaar en omgeving","NUTS_NAME":"Alkmaar en omgeving","MOUNT_TYPE":null,"URBN_TYPE":1,"COAST_TYPE":1}},{"type":"Feature","geometry":{"type":"Polygon","coordinates":[[[4.5606,52.4374],[4.6824,52.4133],[4.6117,52.3136],[4.4938,52.3283],[4.5606,52.4374]]]},"properties":{"NUTS_ID":"NL32A","LEVL_CODE":3,"CNTR_CODE":"NL","NAME_LATN":"Agglomeratie Haarlem","NUTS_NAME":"Agglomeratie Haarlem","MOUNT_TYPE":null,"URBN_TYPE":1,"COAST_TYPE":1}},{"type":"Feature","geometry":{"type":"Polygon","coordinates":[[[5.0604,52.5789],[5.0792,52.3887],[5.0215,52.3025],[4.7945,52.2267],[4.7288,52.2098],[4.6117,52.3136],[4.6824,52.4133],[4.723,52.4333],[4.834,52.5389],[4.9265,52.6071],[5.0604,52.5789]]]},"properties":{"NUTS_ID":"NL32B","LEVL_CODE":3,"CNTR_CODE":"NL","NAME_LATN":"Groot-Amsterdam","NUTS_NAME":"Groot-Amsterdam","MOUNT_TYPE":null,"URBN_TYPE":1,"COAST_TYPE":1}},{"type":"Feature","geometry":{"type":"Polygon","coordinates":[[[3.8563,51.2111],[3.3807,51.2743],[3.3658,51.3698],[4.2348,51.3483],[3.9777,51.2251],[3.8563,51.2111]]]},"properties":{"NUTS_ID":"NL341","LEVL_CODE":3,"CNTR_CODE":"NL","NAME_LATN":"Zeeuwsch-Vlaanderen","NUTS_NAME":"Zeeuwsch-Vlaanderen","MOUNT_TYPE":null,"URBN_TYPE":3,"COAST_TYPE":1}},{"type":"Feature","geometry":{"type":"Polygon","coordinates":[[[4.2796,51.376],[4.2437,51.3747],[3.8446,51.7551],[4.2425,51.6471],[4.2796,51.376]]]},"properties":{"NUTS_ID":"NL342","LEVL_CODE":3,"CNTR_CODE":"NL","NAME_LATN":"Overig Zeeland","NUTS_NAME":"Overig Zeeland","MOUNT_TYPE":null,"URBN_TYPE":2,"COAST_TYPE":1}},{"type":"Feature","geometry":{"type":"Polygon","coordinates":[[[5.4046,52.2496],[5.606,51.9432],[5.0269,51.8586],[4.8779,51.9378],[4.7945,52.2267],[5.0215,52.3025],[5.3355,52.2902],[5.4046,52.2496]]]},"properties":{"NUTS_ID":"NL350","LEVL_CODE":3,"CNTR_CODE":"NL","NAME_LATN":"Utrecht","NUTS_NAME":"Utrecht","MOUNT_TYPE":null,"URBN_TYPE":1,"COAST_TYPE":null}},{"type":"Feature","geometry":{"type":"Polygon","coordinates":[[[4.3742,52.1871],[4.5306,52.0805],[4.5572,52.0612],[4.4079,51.9682],[4.198,52.0541],[4.3742,52.1871]]]},"properties":{"NUTS_ID":"NL361","LEVL_CODE":3,"CNTR_CODE":"NL","NAME_LATN":"Agglomeratie ’s-Gravenhage","NUTS_NAME":"Agglomeratie ’s-Gravenhage","MOUNT_TYPE":null,"URBN_TYPE":1,"COAST_TYPE":1}},{"type":"Feature","geometry":{"type":"Polygon","coordinates":[[[4.198,52.0541],[4.4079,51.9682],[4.1278,52.0005],[4.198,52.0541]]]},"properties":{"NUTS_ID":"NL362","LEVL_CODE":3,"CNTR_CODE":"NL","NAME_LATN":"Delft en Westland","NUTS_NAME":"Delft en Westland","MOUNT_TYPE":null,"URBN_TYPE":1,"COAST_TYPE":1}},{"type":"Feature","geometry":{"type":"Polygon","coordinates":[[[4.4938,52.3283],[4.6117,52.3136],[4.7288,52.2098],[4.5306,52.0805],[4.3742,52.1871],[4.4938,52.3283]]]},"properties":{"NUTS_ID":"NL363","LEVL_CODE":3,"CNTR_CODE":"NL","NAME_LATN":"Agglomeratie Leiden en Bollenstreek","NUTS_NAME":"Agglomeratie Leiden en Bollenstreek","MOUNT_TYPE":null,"URBN_TYPE":1,"COAST_TYPE":1}},{"type":"Feature","geometry":{"type":"Polygon","coordinates":[[[5.0005,51.8209],[4.6763,51.7249],[4.6204,51.7141],[4.6195,51.8896],[4.8779,51.9378],[5.0269,51.8586],[5.0005,51.8209]]]},"properties":{"NUTS_ID":"NL364","LEVL_CODE":3,"CNTR_CODE":"NL","NAME_LATN":"Zuidoost-Zuid-Holland","NUTS_NAME":"Zuidoost-Zuid-Holland","MOUNT_TYPE":null,"URBN_TYPE":1,"COAST_TYPE":1}},{"type":"Feature","geometry":{"type":"Polygon","coordinates":[[[4.7288,52.2098],[4.7945,52.2267],[4.8779,51.9378],[4.6195,51.8896],[4.5572,52.0612],[4.5306,52.0805],[4.7288,52.2098]]]},"properties":{"NUTS_ID":"NL365","LEVL_CODE":3,"CNTR_CODE":"NL","NAME_LATN":"Oost-Zuid-Holland","NUTS_NAME":"Oost-Zuid-Holland","MOUNT_TYPE":null,"URBN_TYPE":1,"COAST_TYPE":1}},{"type":"Feature","geometry":{"type":"Polygon","coordinates":[[[4.2425,51.6471],[3.8446,51.7551],[4.1278,52.0005],[4.4079,51.9682],[4.5572,52.0612],[4.6195,51.8896],[4.6204,51.7141],[4.2425,51.6471]]]},"properties":{"NUTS_ID":"NL366","LEVL_CODE":3,"CNTR_CODE":"NL","NAME_LATN":"Groot-Rijnmond","NUTS_NAME":"Groot-Rijnmond","MOUNT_TYPE":null,"URBN_TYPE":1,"COAST_TYPE":1}},{"type":"Feature","geometry":{"type":"Polygon","coordinates":[[[4.6695,51.4264],[4.2796,51.376],[4.2425,51.6471],[4.6204,51.7141],[4.6763,51.7249],[4.7597,51.5024],[4.6695,51.4264]]]},"properties":{"NUTS_ID":"NL411","LEVL_CODE":3,"CNTR_CODE":"NL","NAME_LATN":"West-Noord-Brabant","NUTS_NAME":"West-Noord-Brabant","MOUNT_TYPE":null,"URBN_TYPE":1,"COAST_TYPE":1}},{"type":"Feature","geometry":{"type":"Polygon","coordinates":[[[5.2377,51.2616],[5.1021,51.429],[5.2733,51.5528],[5.8381,51.5665],[5.8402,51.3469],[5.5663,51.2208],[5.2377,51.2616]]]},"properties":{"NUTS_ID":"NL414","LEVL_CODE":3,"CNTR_CODE":"NL","NAME_LATN":"Zuidoost-Noord-Brabant","NUTS_NAME":"Zuidoost-Noord-Brabant","MOUNT_TYPE":null,"URBN_TYPE":1,"COAST_TYPE":null}},{"type":"Feature","geometry":{"type":"Polygon","coordinates":[[[-51.6243,4.201],[-52.5022,2.7137],[-52.8923,2.2342],[-54.1715,2.1462],[-54.6003,2.3375],[-54.2661,2.7137],[-54.0163,3.5539],[-54.3776,4.2092],[-54.4562,4.8468],[-53.9677,5.7451],[-52.9187,5.4087],[-51.8322,4.6079],[-51.6243,4.201]]]},"properties":{"NUTS_ID":"FRY30","LEVL_CODE":3,"CNTR_CODE":"FR","NAME_LATN":"Guyane","NUTS_NAME":"Guyane","MOUNT_TYPE":null,"URBN_TYPE":2,"COAST_TYPE":1}},{"type":"Feature","geometry":{"type":"Polygon","coordinates":[[[55.1208,-21.012],[55.6105,-20.8521],[55.8643,-21.247],[55.4902,-21.4001],[55.1208,-21.012]]]},"properties":{"NUTS_ID":"FRY40","LEVL_CODE":3,"CNTR_CODE":"FR","NAME_LATN":"La Réunion","NUTS_NAME":"La Réunion","MOUNT_TYPE":null,"URBN_TYPE":1,"COAST_TYPE":1}},{"type":"Feature","geometry":{"type":"Polygon","coordinates":[[[44.9857,-12.939],[45.134,-12.6849],[45.315,-12.695],[45.2417,-13.0462],[44.9857,-12.939]]]},"properties":{"NUTS_ID":"FRY50","LEVL_CODE":3,"CNTR_CODE":"FR","NAME_LATN":"Mayotte ","NUTS_NAME":"Mayotte ","MOUNT_TYPE":null,"URBN_TYPE":1,"COAST_TYPE":1}},{"type":"Feature","geometry":{"type":"Polygon","coordinates":[[[16.7022,45.9231],[17.122,45.8834],[17.4415,45.5751],[16.93,45.4816],[16.6099,45.6704],[16.7022,45.9231]]]},"properties":{"NUTS_ID":"HR021","LEVL_CODE":3,"CNTR_CODE":"HR","NAME_LATN":"Bjelovarsko-bilogorska županija","NUTS_NAME":"Bjelovarsko-bilogorska županija","MOUNT_TYPE":null,"URBN_TYPE":3,"COAST_TYPE":null}},{"type":"Feature","geometry":{"type":"Polygon","coordinates":[[[17.4415,45.5751],[17.122,45.8834],[17.2943,45.9885],[17.6515,45.8478],[17.9121,45.7908],[17.8857,45.4737],[17.4415,45.5751]]]},"properties":{"NUTS_ID":"HR022","LEVL_CODE":3,"CNTR_CODE":"HR","NAME_LATN":"Virovitičko-podravska županija","NUTS_NAME":"Virovitičko-podravska županija","MOUNT_TYPE":null,"URBN_TYPE":3,"COAST_TYPE":null}},{"type":"Feature","geometry":{"type":"Polygon","coordinates":[[[16.93,45.4816],[17.4415,45.5751],[17.8857,45.4737],[18.0723,45.2657],[17.2249,45.3846],[16.93,45.4816]]]},"properties":{"NUTS_ID":"HR023","LEVL_CODE":3,"CNTR_CODE":"HR","NAME_LATN":"Požeško-slavonska županija","NUTS_NAME":"Požeško-slavonska županija","MOUNT_TYPE":null,"URBN_TYPE":3,"COAST_TYPE":null}},{"type":"Feature","geometry":{"type":"Polygon","coordinates":[[[17.2249,45.3846],[18.0723,45.2657],[18.5211,45.2325],[18.5296,45.0883],[17.1412,45.1633],[17.2249,45.3846]]]},"properties":{"NUTS_ID":"HR024","LEVL_CODE":3,"CNTR_CODE":"HR","NAME_LATN":"Brodsko-posavska županija","NUTS_NAME":"Brodsko-posavska županija","MOUNT_TYPE":null,"URBN_TYPE":3,"COAST_TYPE":null}},{"type":"Feature","geometry":{"type":"Polygon","coordinates":[[[18.8213,45.9144],[18.8897,45.9212],[19.0339,45.4868],[19.0053,45.4346],[18.5211,45.2325],[18.0723,45.2657],[17.8857,45.4737],[17.9121,45.7908],[18.8213,45.9144]]]},"properties":{"NUTS_ID":"HR025","LEVL_CODE":3,"CNTR_CODE":"HR","NAME_LATN":"Osječko-baranjska županija","NUTS_NAME":"Osječko-baranjska županija","MOUNT_TYPE":null,"URBN_TYPE":2,"COAST_TYPE":null}},{"type":"Feature","geometry":{"type":"Polygon","coordinates":[[[18.5296,45.0883],[18.5211,45.2325],[19.0053,45.4346],[19.4253,45.1677],[19.0221,44.8554],[18.5296,45.0883]]]},"properties":{"NUTS_ID":"HR026","LEVL_CODE":3,"CNTR_CODE":"HR","NAME_LATN":"Vukovarsko-srijemska županija","NUTS_NAME":"Vukovarsko-srijemska županija","MOUNT_TYPE":null,"URBN_TYPE":3,"COAST_TYPE":null}},{"type":"Feature","geometry":{"type":"Polygon","coordinates":[[[15.2264,45.4271],[15.3313,45.7629],[15.9221,45.4786],[15.84,45.2245],[15.7367,44.9356],[15.0166,45.123],[15.2264,45.4271]]]},"properties":{"NUTS_ID":"HR027","LEVL_CODE":3,"CNTR_CODE":"HR","NAME_LATN":"Karlovačka županija","NUTS_NAME":"Karlovačka županija","MOUNT_TYPE":null,"URBN_TYPE":3,"COAST_TYPE":null}},{"type":"Feature","geometry":{"type":"Polygon","coordinates":[[[16.6099,45.6704],[16.93,45.4816],[17.2249,45.3846],[17.1412,45.1633],[15.84,45.2245],[15.9221,45.4786],[16.6099,45.6704]]]},"properties":{"NUTS_ID":"HR028","LEVL_CODE":3,"CNTR_CODE":"HR","NAME_LATN":"Sisačko-moslavačka županija","NUTS_NAME":"Sisačko-moslavačka županija","MOUNT_TYPE":null,"URBN_TYPE":3,"COAST_TYPE":null}},{"type":"Feature","geometry":{"type":"Polygon","coordinates":[[[15.2264,45.4271],[15.0166,45.123],[14.8813,45.0311],[14.2264,45.1538],[14.1113,45.4823],[14.1182,45.4812],[14.5698,45.6724],[15.2264,45.4271]]]},"properties":{"NUTS_ID":"HR031","LEVL_CODE":3,"CNTR_CODE":"HR","NAME_LATN":"Primorsko-goranska županija","NUTS_NAME":"Primorsko-goranska županija","MOUNT_TYPE":1,"URBN_TYPE":2,"COAST_TYPE":1}},{"type":"Feature","geometry":{"type":"Polygon","coordinates":[[[15.0166,45.123],[15.7367,44.9356],[16.1321,44.4546],[15.2892,44.3632],[14.8813,45.0311],[15.0166,45.123]]]},"properties":{"NUTS_ID":"HR032","LEVL_CODE":3,"CNTR_CODE":"HR","NAME_LATN":"Ličko-senjska županija","NUTS_NAME":"Ličko-senjska županija","MOUNT_TYPE":1,"URBN_TYPE":3,"COAST_TYPE":1}},{"type":"Feature","geometry":{"type":"Polygon","coordinates":[[[15.2892,44.3632],[16.1321,44.4546],[16.1729,44.2104],[15.5385,43.8564],[15.2892,44.3632]]]},"properties":{"NUTS_ID":"HR033","LEVL_CODE":3,"CNTR_CODE":"HR","NAME_LATN":"Zadarska županija","NUTS_NAME":"Zadarska županija","MOUNT_TYPE":null,"URBN_TYPE":3,"COAST_TYPE":1}},{"type":"Feature","geometry":{"type":"Polygon","coordinates":[[[15.5385,43.8564],[16.1729,44.2104],[16.5443,43.9742],[16.0218,43.5075],[15.5385,43.8564]]]},"properties":{"NUTS_ID":"HR034","LEVL_CODE":3,"CNTR_CODE":"HR","NAME_LATN":"Šibensko-kninska županija","NUTS_NAME":"Šibensko-kninska županija","MOUNT_TYPE":1,"URBN_TYPE":3,"COAST_TYPE":1}},{"type":"Feature","geometry":{"type":"Polygon","coordinates":[[[16.0218,43.5075],[16.5443,43.9742],[17.4507,43.1769],[17.4259,43.0608],[16.0218,43.5075]]]},"properties":{"NUTS_ID":"HR035","LEVL_CODE":3,"CNTR_CODE":"HR","NAME_LATN":"Splitsko-dalmatinska županija","NUTS_NAME":"Splitsko-dalmatinska županija","MOUNT_TYPE":1,"URBN_TYPE":2,"COAST_TYPE":1}},{"type":"Feature","geometry":{"type":"Polygon","coordinates":[[[14.1113,45.4823],[14.2264,45.1538],[13.5856,45.4785],[14.1113,45.4823]]]},"properties":{"NUTS_ID":"HR036","LEVL_CODE":3,"CNTR_CODE":"HR","NAME_LATN":"Istarska županija","NUTS_NAME":"Istarska županija","MOUNT_TYPE":null,"URBN_TYPE":3,"COAST_TYPE":1}},{"type":"Feature","geometry":{"type":"Polygon","coordinates":[[[18.4381,42.5557],[18.5253,42.4206],[17.4403,42.7565],[17.4259,43.0608],[17.4507,43.1769],[18.4381,42.5557]]]},"properties":{"NUTS_ID":"HR037","LEVL_CODE":3,"CNTR_CODE":"HR","NAME_LATN":"Dubrovačko-neretvanska županija","NUTS_NAME":"Dubrovačko-neretvanska županija","MOUNT_TYPE":1,"URBN_TYPE":3,"COAST_TYPE":1}},{"type":"Feature","geometry":{"type":"Polygon","coordinates":[[[15.9568,45.9016],[16.1548,45.9688],[16.1947,45.8381],[15.9231,45.6591],[15.8552,45.8101],[15.9568,45.9016]]]},"properties":{"NUTS_ID":"HR050","LEVL_CODE":3,"CNTR_CODE":"HR","NAME_LATN":"Grad Zagreb","NUTS_NAME":"Grad Zagreb","MOUNT_TYPE":null,"URBN_TYPE":1,"COAST_TYPE":null}},{"type":"Feature","geometry":{"type":"Polygon","coordinates":[[[16.3015,46.3783],[16.2421,46.4901],[16.5968,46.4759],[16.8548,46.3504],[16.7736,46.3048],[16.3015,46.3783]]]},"properties":{"NUTS_ID":"HR061","LEVL_CODE":3,"CNTR_CODE":"HR","NAME_LATN":"Međimurska županija","NUTS_NAME":"Međimurska županija","MOUNT_TYPE":null,"URBN_TYPE":3,"COAST_TYPE":null}},{"type":"Feature","geometry":{"type":"Polygon","coordinates":[[[16.3015,46.3783],[16.7736,46.3048],[16.3414,46.0275],[16.2513,46.0717],[15.8735,46.2794],[16.3015,46.3783]]]},"properties":{"NUTS_ID":"HR062","LEVL_CODE":3,"CNTR_CODE":"HR","NAME_LATN":"Varaždinska županija","NUTS_NAME":"Varaždinska županija","MOUNT_TYPE":null,"URBN_TYPE":3,"COAST_TYPE":null}},{"type":"Feature","geometry":{"type":"Polygon","coordinates":[[[17.122,45.8834],[16.7022,45.9231],[16.3414,46.0275],[16.7736,46.3048],[16.8548,46.3504],[16.876,46.3206],[17.2943,45.9885],[17.122,45.8834]]]},"properties":{"NUTS_ID":"HR063","LEVL_CODE":3,"CNTR_CODE":"HR","NAME_LATN":"Koprivničko-križevačka županija","NUTS_NAME":"Koprivničko-križevačka županija","MOUNT_TYPE":null,"URBN_TYPE":3,"COAST_TYPE":null}},{"type":"Feature","geometry":{"type":"Polygon","coordinates":[[[16.1548,45.9688],[15.9568,45.9016],[15.7064,45.9753],[15.6273,46.086],[15.7915,46.2593],[15.8735,46.2794],[16.2513,46.0717],[16.1548,45.9688]]]},"properties":{"NUTS_ID":"HR064","LEVL_CODE":3,"CNTR_CODE":"HR","NAME_LATN":"Krapinsko-zagorska županija","NUTS_NAME":"Krapinsko-zagorska županija","MOUNT_TYPE":null,"URBN_TYPE":3,"COAST_TYPE":null}},{"type":"Feature","geometry":{"type":"Polygon","coordinates":[[[16.7022,45.9231],[16.6099,45.6704],[15.9221,45.4786],[15.3313,45.7629],[15.4045,45.7928],[15.7064,45.9753],[15.9568,45.9016],[15.8552,45.8101],[15.9231,45.6591],[16.1947,45.8381],[16.1548,45.9688],[16.2513,46.0717],[16.3414,46.0275],[16.7022,45.9231]]]},"properties":{"NUTS_ID":"HR065","LEVL_CODE":3,"CNTR_CODE":"HR","NAME_LATN":"Zagrebačka županija","NUTS_NAME":"Zagrebačka županija","MOUNT_TYPE":null,"URBN_TYPE":2,"COAST_TYPE":null}},{"type":"Feature","geometry":{"type":"Polygon","coordinates":[[[18.8705,47.604],[19.186,47.6062],[19.281,47.4228],[19.0074,47.3312],[18.8705,47.604]]]},"properties":{"NUTS_ID":"HU110","LEVL_CODE":3,"CNTR_CODE":"HU","NAME_LATN":"Budapest","NUTS_NAME":"Budapest","MOUNT_TYPE":null,"URBN_TYPE":1,"COAST_TYPE":null}},{"type":"Feature","geometry":{"type":"Polygon","coordinates":[[[18.9284,48.0567],[19.5709,47.7349],[19.6663,47.5885],[20.0947,47.0074],[18.9659,47.029],[18.6885,47.577],[18.8494,47.8172],[18.9284,48.0567]],[[18.8705,47.604],[19.0074,47.3312],[19.281,47.4228],[19.186,47.6062],[18.8705,47.604]]]},"properties":{"NUTS_ID":"HU120","LEVL_CODE":3,"CNTR_CODE":"HU","NAME_LATN":"Pest","NUTS_NAME":"Pest","MOUNT_TYPE":null,"URBN_TYPE":2,"COAST_TYPE":null}},{"type":"Feature","geometry":{"type":"Polygon","coordinates":[[[18.9659,47.029],[18.9251,46.8572],[18.2109,46.7782],[18.2052,46.9716],[18.0357,47.3343],[18.6885,47.577],[18.9659,47.029]]]},"properties":{"NUTS_ID":"HU211","LEVL_CODE":3,"CNTR_CODE":"HU","NAME_LATN":"Fejér","NUTS_NAME":"Fejér","MOUNT_TYPE":null,"URBN_TYPE":2,"COAST_TYPE":null}},{"type":"Feature","geometry":{"type":"Polygon","coordinates":[[[18.8494,47.8172],[18.6885,47.577],[18.0357,47.3343],[17.8839,47.3896],[17.8939,47.7395],[18.8494,47.8172]]]},"properties":{"NUTS_ID":"HU212","LEVL_CODE":3,"CNTR_CODE":"HU","NAME_LATN":"Komárom-Esztergom","NUTS_NAME":"Komárom-Esztergom","MOUNT_TYPE":null,"URBN_TYPE":2,"COAST_TYPE":null}},{"type":"Feature","geometry":{"type":"Polygon","coordinates":[[[18.0357,47.3343],[18.2052,46.9716],[17.4191,46.7507],[17.0745,47.0487],[17.1724,47.4325],[17.8839,47.3896],[18.0357,47.3343]]]},"properties":{"NUTS_ID":"HU213","LEVL_CODE":3,"CNTR_CODE":"HU","NAME_LATN":"Veszprém","NUTS_NAME":"Veszprém","MOUNT_TYPE":null,"URBN_TYPE":2,"COAST_TYPE":null}},{"type":"Feature","geometry":{"type":"Polygon","coordinates":[[[16.6462,47.4466],[16.4215,47.6653],[17.1608,48.0067],[17.2474,48.012],[17.7054,47.759],[17.8939,47.7395],[17.8839,47.3896],[17.1724,47.4325],[16.6462,47.4466]]]},"properties":{"NUTS_ID":"HU221","LEVL_CODE":3,"CNTR_CODE":"HU","NAME_LATN":"Győr-Moson-Sopron","NUTS_NAME":"Győr-Moson-Sopron","MOUNT_TYPE":null,"URBN_TYPE":2,"COAST_TYPE":null}},{"type":"Feature","geometry":{"type":"Polygon","coordinates":[[[16.4338,47.3529],[16.6462,47.4466],[17.1724,47.4325],[17.0745,47.0487],[16.3708,46.7222],[16.1138,46.8691],[16.4338,47.3529]]]},"properties":{"NUTS_ID":"HU222","LEVL_CODE":3,"CNTR_CODE":"HU","NAME_LATN":"Vas","NUTS_NAME":"Vas","MOUNT_TYPE":null,"URBN_TYPE":2,"COAST_TYPE":null}},{"type":"Feature","geometry":{"type":"Polygon","coordinates":[[[16.8548,46.3504],[16.5968,46.4759],[16.3708,46.7222],[17.0745,47.0487],[17.4191,46.7507],[16.876,46.3206],[16.8548,46.3504]]]},"properties":{"NUTS_ID":"HU223","LEVL_CODE":3,"CNTR_CODE":"HU","NAME_LATN":"Zala","NUTS_NAME":"Zala","MOUNT_TYPE":null,"URBN_TYPE":3,"COAST_TYPE":null}},{"type":"Feature","geometry":{"type":"Polygon","coordinates":[[[18.7821,46.109],[18.8213,45.9144],[17.9121,45.7908],[17.6515,45.8478],[18.0529,46.2958],[18.7821,46.109]]]},"properties":{"NUTS_ID":"HU231","LEVL_CODE":3,"CNTR_CODE":"HU","NAME_LATN":"Baranya","NUTS_NAME":"Baranya","MOUNT_TYPE":null,"URBN_TYPE":2,"COAST_TYPE":null}},{"type":"Feature","geometry":{"type":"Polygon","coordinates":[[[17.6515,45.8478],[17.2943,45.9885],[16.876,46.3206],[17.4191,46.7507],[18.2052,46.9716],[18.2109,46.7782],[18.0529,46.2958],[17.6515,45.8478]]]},"properties":{"NUTS_ID":"HU232","LEVL_CODE":3,"CNTR_CODE":"HU","NAME_LATN":"Somogy","NUTS_NAME":"Somogy","MOUNT_TYPE":null,"URBN_TYPE":3,"COAST_TYPE":null}},{"type":"Feature","geometry":{"type":"Polygon","coordinates":[[[18.9251,46.8572],[18.7821,46.109],[18.0529,46.2958],[18.2109,46.7782],[18.9251,46.8572]]]},"properties":{"NUTS_ID":"HU233","LEVL_CODE":3,"CNTR_CODE":"HU","NAME_LATN":"Tolna","NUTS_NAME":"Tolna","MOUNT_TYPE":null,"URBN_TYPE":3,"COAST_TYPE":null}},{"type":"Feature","geometry":{"type":"Polygon","coordinates":[[[20.0931,48.1432],[20.0519,48.1677],[20.4639,48.464],[21.3882,48.5496],[22.1211,48.3783],[21.1222,47.9618],[20.828,47.659],[20.7717,47.6545],[20.0931,48.1432]]]},"properties":{"NUTS_ID":"HU311","LEVL_CODE":3,"CNTR_CODE":"HU","NAME_LATN":"Borsod-Abaúj-Zemplén","NUTS_NAME":"Borsod-Abaúj-Zemplén","MOUNT_TYPE":null,"URBN_TYPE":2,"COAST_TYPE":null}},{"type":"Feature","geometry":{"type":"Polygon","coordinates":[[[19.5709,47.7349],[20.0931,48.1432],[20.7717,47.6545],[20.4383,47.4749],[19.6663,47.5885],[19.5709,47.7349]]]},"properties":{"NUTS_ID":"HU312","LEVL_CODE":3,"CNTR_CODE":"HU","NAME_LATN":"Heves","NUTS_NAME":"Heves","MOUNT_TYPE":null,"URBN_TYPE":3,"COAST_TYPE":null}},{"type":"Feature","geometry":{"type":"Polygon","coordinates":[[[30.6624,40.1677],[30.8361,40.0979],[31.7233,39.9656],[31.9706,39.4533],[31.8435,39.1422],[31.5925,39.0433],[30.4642,39.2137],[30.0316,39.6648],[30.6624,40.1677]]]},"properties":{"NUTS_ID":"TR412","LEVL_CODE":3,"CNTR_CODE":"TR","NAME_LATN":"Eskişehir","NUTS_NAME":"Eskişehir","MOUNT_TYPE":null,"URBN_TYPE":null,"COAST_TYPE":null}},{"type":"Feature","geometry":{"type":"Polygon","coordinates":[[[30.6624,40.1677],[30.0316,39.6648],[29.7605,39.8678],[29.9053,40.5301],[29.967,40.5514],[30.588,40.2861],[30.6624,40.1677]]]},"properties":{"NUTS_ID":"TR413","LEVL_CODE":3,"CNTR_CODE":"TR","NAME_LATN":"Bilecik","NUTS_NAME":"Bilecik","MOUNT_TYPE":null,"URBN_TYPE":null,"COAST_TYPE":null}},{"type":"Feature","geometry":{"type":"Polygon","coordinates":[[[29.967,40.5514],[29.9053,40.5301],[29.4969,40.5272],[29.5576,40.6873],[29.34,40.8107],[29.9182,41.1415],[30.3671,41.1792],[29.967,40.5514]]]},"properties":{"NUTS_ID":"TR421","LEVL_CODE":3,"CNTR_CODE":"TR","NAME_LATN":"Kocaeli","NUTS_NAME":"Kocaeli","MOUNT_TYPE":null,"URBN_TYPE":null,"COAST_TYPE":null}},{"type":"Feature","geometry":{"type":"Polygon","coordinates":[[[30.588,40.2861],[29.967,40.5514],[30.3671,41.1792],[30.9675,41.0748],[30.9186,40.6599],[30.588,40.2861]]]},"properties":{"NUTS_ID":"TR422","LEVL_CODE":3,"CNTR_CODE":"TR","NAME_LATN":"Sakarya","NUTS_NAME":"Sakarya","MOUNT_TYPE":null,"URBN_TYPE":null,"COAST_TYPE":null}},{"type":"Feature","geometry":{"type":"Polygon","coordinates":[[[30.9186,40.6599],[30.9675,41.0748],[31.293,41.1158],[31.8536,41.0083],[31.3,40.6679],[30.9186,40.6599]]]},"properties":{"NUTS_ID":"TR423","LEVL_CODE":3,"CNTR_CODE":"TR","NAME_LATN":"Düzce","NUTS_NAME":"Düzce","MOUNT_TYPE":null,"URBN_TYPE":null,"COAST_TYPE":null}},{"type":"Feature","geometry":{"type":"Polygon","coordinates":[[[30.8361,40.0979],[30.6624,40.1677],[30.588,40.2861],[30.9186,40.6599],[31.3,40.6679],[31.8536,41.0083],[31.9809,41.0463],[32.5916,40.8194],[32.5653,40.7428],[31.8964,40.3674],[31.2288,40.3326],[30.8361,40.0979]]]},"properties":{"NUTS_ID":"TR424","LEVL_CODE":3,"CNTR_CODE":"TR","NAME_LATN":"Bolu","NUTS_NAME":"Bolu","MOUNT_TYPE":null,"URBN_TYPE":null,"COAST_TYPE":null}},{"type":"Feature","geometry":{"type":"Polygon","coordinates":[[[29.5576,40.6873],[29.4969,40.5272],[29.0112,40.4703],[29.5576,40.6873]]]},"properties":{"NUTS_ID":"TR425","LEVL_CODE":3,"CNTR_CODE":"TR","NAME_LATN":"Yalova","NUTS_NAME":"Yalova","MOUNT_TYPE":null,"URBN_TYPE":null,"COAST_TYPE":null}},{"type":"Feature","geometry":{"type":"Polygon","coordinates":[[[31.8435,39.1422],[31.9706,39.4533],[31.7233,39.9656],[30.8361,40.0979],[31.2288,40.3326],[31.8964,40.3674],[32.5653,40.7428],[33.6482,40.2947],[33.2636,39.7215],[33.4218,39.3965],[33.8852,39.0279],[33.3237,38.6619],[33.0565,39.2034],[32.4359,39.0269],[31.8435,39.1422]]]},"properties":{"NUTS_ID":"TR510","LEVL_CODE":3,"CNTR_CODE":"TR","NAME_LATN":"Ankara","NUTS_NAME":"Ankara","MOUNT_TYPE":null,"URBN_TYPE":null,"COAST_TYPE":null}},{"type":"Feature","geometry":{"type":"Polygon","coordinates":[[[31.5925,39.0433],[31.8435,39.1422],[32.4359,39.0269],[33.0565,39.2034],[33.3237,38.6619],[33.2937,38.092],[34.0607,38.0614],[34.4365,37.3314],[34.2592,37.2467],[33.6655,37.4929],[33.1363,37.4955],[32.5235,36.7668],[31.8028,37.2994],[31.3194,37.4107],[31.4644,37.9907],[31.2377,38.3834],[31.5925,39.0433]]]},"properties":{"NUTS_ID":"TR521","LEVL_CODE":3,"CNTR_CODE":"TR","NAME_LATN":"Konya","NUTS_NAME":"Konya","MOUNT_TYPE":null,"URBN_TYPE":null,"COAST_TYPE":null}},{"type":"Feature","geometry":{"type":"Polygon","coordinates":[[[32.5235,36.7668],[33.1363,37.4955],[33.6655,37.4929],[34.2592,37.2467],[33.169,36.9002],[32.5585,36.5167],[32.5235,36.7668]]]},"properties":{"NUTS_ID":"TR522","LEVL_CODE":3,"CNTR_CODE":"TR","NAME_LATN":"Karaman","NUTS_NAME":"Karaman","MOUNT_TYPE":null,"URBN_TYPE":null,"COAST_TYPE":null}},{"type":"Feature","geometry":{"type":"Polygon","coordinates":[[[31.3194,37.4107],[31.8028,37.2994],[32.5235,36.7668],[32.5585,36.5167],[32.5624,36.1007],[31.3851,36.7668],[30.8005,36.8471],[30.1763,36.2665],[29.2686,36.3041],[29.7585,36.9634],[30.1755,37.3352],[30.9876,37.344],[31.3194,37.4107]]]},"properties":{"NUTS_ID":"TR611","LEVL_CODE":3,"CNTR_CODE":"TR","NAME_LATN":"Antalya","NUTS_NAME":"Antalya","MOUNT_TYPE":null,"URBN_TYPE":null,"COAST_TYPE":null}},{"type":"Feature","geometry":{"type":"Polygon","coordinates":[[[31.2377,38.3834],[31.4644,37.9907],[31.3194,37.4107],[30.9876,37.344],[30.0926,37.7992],[30.8005,38.3664],[31.2377,38.3834]]]},"properties":{"NUTS_ID":"TR612","LEVL_CODE":3,"CNTR_CODE":"TR","NAME_LATN":"Isparta","NUTS_NAME":"Isparta","MOUNT_TYPE":null,"URBN_TYPE":null,"COAST_TYPE":null}},{"type":"Feature","geometry":{"type":"Polygon","coordinates":[[[30.9876,37.344],[30.1755,37.3352],[29.7585,36.9634],[29.3452,36.9261],[29.5166,37.5082],[29.8971,37.7775],[30.0926,37.7992],[30.9876,37.344]]]},"properties":{"NUTS_ID":"TR613","LEVL_CODE":3,"CNTR_CODE":"TR","NAME_LATN":"Burdur","NUTS_NAME":"Burdur","MOUNT_TYPE":null,"URBN_TYPE":null,"COAST_TYPE":null}},{"type":"Feature","geometry":{"type":"Polygon","coordinates":[[[34.8716,36.7668],[35.0478,37.0172],[34.7748,37.4209],[35.3111,37.7176],[36.0932,38.2557],[36.4096,38.2629],[36.2607,37.7498],[35.9187,37.3475],[36.0576,37.0082],[36.007,36.9306],[35.4541,36.5621],[34.8716,36.7668]]]},"properties":{"NUTS_ID":"TR621","LEVL_CODE":3,"CNTR_CODE":"TR","NAME_LATN":"Adana","NUTS_NAME":"Adana","MOUNT_TYPE":null,"URBN_TYPE":null,"COAST_TYPE":null}},{"type":"Feature","geometry":{"type":"Polygon","coordinates":[[[34.2592,37.2467],[34.4365,37.3314],[34.7748,37.4209],[35.0478,37.0172],[34.8716,36.7668],[33.5399,36.1568],[32.5624,36.1007],[32.5585,36.5167],[33.169,36.9002],[34.2592,37.2467]]]},"properties":{"NUTS_ID":"TR622","LEVL_CODE":3,"CNTR_CODE":"TR","NAME_LATN":"Mersin","NUTS_NAME":"Mersin","MOUNT_TYPE":null,"URBN_TYPE":null,"COAST_TYPE":null}},{"type":"Feature","geometry":{"type":"Polygon","coordinates":[[[36.007,36.9306],[36.0576,37.0082],[36.4428,36.9331],[36.6652,36.8268],[36.6576,36.3148],[36.1641,35.8193],[35.8386,36.3013],[36.007,36.9306]]]},"properties":{"NUTS_ID":"TR631","LEVL_CODE":3,"CNTR_CODE":"TR","NAME_LATN":"Hatay","NUTS_NAME":"Hatay","MOUNT_TYPE":null,"URBN_TYPE":null,"COAST_TYPE":null}},{"type":"Feature","geometry":{"type":"Polygon","coordinates":[[[36.2607,37.7498],[36.4096,38.2629],[36.7804,38.5371],[37.3169,38.578],[37.6863,38.2383],[37.6158,37.9442],[37.6038,37.4835],[36.6931,37.2162],[36.2607,37.7498]]]},"properties":{"NUTS_ID":"TR632","LEVL_CODE":3,"CNTR_CODE":"TR","NAME_LATN":"Kahramanmaraş","NUTS_NAME":"Kahramanmaraş","MOUNT_TYPE":null,"URBN_TYPE":null,"COAST_TYPE":null}},{"type":"Feature","geometry":{"type":"Polygon","coordinates":[[[36.0576,37.0082],[35.9187,37.3475],[36.2607,37.7498],[36.6931,37.2162],[36.4428,36.9331],[36.0576,37.0082]]]},"properties":{"NUTS_ID":"TR633","LEVL_CODE":3,"CNTR_CODE":"TR","NAME_LATN":"Osmaniye","NUTS_NAME":"Osmaniye","MOUNT_TYPE":null,"URBN_TYPE":null,"COAST_TYPE":null}},{"type":"Feature","geometry":{"type":"Polygon","coordinates":[[[33.4218,39.3965],[33.2636,39.7215],[33.6482,40.2947],[33.9594,40.2505],[34.2078,39.972],[34.1144,39.7924],[33.4218,39.3965]]]},"properties":{"NUTS_ID":"TR711","LEVL_CODE":3,"CNTR_CODE":"TR","NAME_LATN":"Kırıkkale","NUTS_NAME":"Kırıkkale","MOUNT_TYPE":null,"URBN_TYPE":null,"COAST_TYPE":null}},{"type":"Feature","geometry":{"type":"Polygon","coordinates":[[[33.3237,38.6619],[33.8852,39.0279],[34.2412,38.8325],[34.5006,38.3866],[34.0607,38.0614],[33.2937,38.092],[33.3237,38.6619]]]},"properties":{"NUTS_ID":"TR712","LEVL_CODE":3,"CNTR_CODE":"TR","NAME_LATN":"Aksaray","NUTS_NAME":"Aksaray","MOUNT_TYPE":null,"URBN_TYPE":null,"COAST_TYPE":null}},{"type":"Feature","geometry":{"type":"Polygon","coordinates":[[[34.4365,37.3314],[34.0607,38.0614],[34.5006,38.3866],[34.8781,38.3666],[35.3111,37.7176],[34.7748,37.4209],[34.4365,37.3314]]]},"properties":{"NUTS_ID":"TR713","LEVL_CODE":3,"CNTR_CODE":"TR","NAME_LATN":"Niğde","NUTS_NAME":"Niğde","MOUNT_TYPE":null,"URBN_TYPE":null,"COAST_TYPE":null}},{"type":"Feature","geometry":{"type":"Polygon","coordinates":[[[34.5006,38.3866],[34.2412,38.8325],[34.6715,39.3836],[35.0441,39.0337],[34.8781,38.3666],[34.5006,38.3866]]]},"properties":{"NUTS_ID":"TR714","LEVL_CODE":3,"CNTR_CODE":"TR","NAME_LATN":"Nevşehir","NUTS_NAME":"Nevşehir","MOUNT_TYPE":null,"URBN_TYPE":null,"COAST_TYPE":null}},{"type":"Feature","geometry":{"type":"Polygon","coordinates":[[[33.8852,39.0279],[33.4218,39.3965],[34.1144,39.7924],[34.6715,39.3836],[34.2412,38.8325],[33.8852,39.0279]]]},"properties":{"NUTS_ID":"TR715","LEVL_CODE":3,"CNTR_CODE":"TR","NAME_LATN":"Kırşehir","NUTS_NAME":"Kırşehir","MOUNT_TYPE":null,"URBN_TYPE":null,"COAST_TYPE":null}},{"type":"Feature","geometry":{"type":"Polygon","coordinates":[[[36.4096,38.2629],[36.0932,38.2557],[35.3111,37.7176],[34.8781,38.3666],[35.0441,39.0337],[35.8565,39.3223],[36.8337,39.0533],[36.7804,38.5371],[36.4096,38.2629]]]},"properties":{"NUTS_ID":"TR721","LEVL_CODE":3,"CNTR_CODE":"TR","NAME_LATN":"Kayseri","NUTS_NAME":"Kayseri","MOUNT_TYPE":null,"URBN_TYPE":null,"COAST_TYPE":null}},{"type":"Feature","geometry":{"type":"Polygon","coordinates":[[[37.3169,38.578],[36.7804,38.5371],[36.8337,39.0533],[35.8565,39.3223],[35.988,39.9233],[37.5781,40.3904],[38.1001,40.5203],[38.7722,40.0671],[38.2979,39.6332],[38.3153,39.1463],[37.5426,38.9723],[37.3169,38.578]]]},"properties":{"NUTS_ID":"TR722","LEVL_CODE":3,"CNTR_CODE":"TR","NAME_LATN":"Sivas","NUTS_NAME":"Sivas","MOUNT_TYPE":null,"URBN_TYPE":null,"COAST_TYPE":null}},{"type":"Feature","geometry":{"type":"Polygon","coordinates":[[[34.1144,39.7924],[34.2078,39.972],[34.9805,40.0354],[35.34,40.2551],[35.4451,40.2508],[35.988,39.9233],[35.8565,39.3223],[35.0441,39.0337],[34.6715,39.3836],[34.1144,39.7924]]]},"properties":{"NUTS_ID":"TR723","LEVL_CODE":3,"CNTR_CODE":"TR","NAME_LATN":"Yozgat","NUTS_NAME":"Yozgat","MOUNT_TYPE":null,"URBN_TYPE":null,"COAST_TYPE":null}},{"type":"Feature","geometry":{"type":"Polygon","coordinates":[[[31.8536,41.0083],[31.293,41.1158],[32.0951,41.5896],[32.2763,41.3056],[31.9809,41.0463],[31.8536,41.0083]]]},"properties":{"NUTS_ID":"TR811","LEVL_CODE":3,"CNTR_CODE":"TR","NAME_LATN":"Zonguldak","NUTS_NAME":"Zonguldak","MOUNT_TYPE":null,"URBN_TYPE":null,"COAST_TYPE":null}},{"type":"Feature","geometry":{"type":"Polygon","coordinates":[[[32.5916,40.8194],[31.9809,41.0463],[32.2763,41.3056],[32.8748,41.5756],[33.0938,41.0585],[32.5916,40.8194]]]},"properties":{"NUTS_ID":"TR812","LEVL_CODE":3,"CNTR_CODE":"TR","NAME_LATN":"Karabük","NUTS_NAME":"Karabük","MOUNT_TYPE":null,"URBN_TYPE":null,"COAST_TYPE":null}},{"type":"Feature","geometry":{"type":"Polygon","coordinates":[[[32.2763,41.3056],[32.0951,41.5896],[32.7578,41.8486],[32.8748,41.5756],[32.2763,41.3056]]]},"properties":{"NUTS_ID":"TR813","LEVL_CODE":3,"CNTR_CODE":"TR","NAME_LATN":"Bartın","NUTS_NAME":"Bartın","MOUNT_TYPE":null,"URBN_TYPE":null,"COAST_TYPE":null}},{"type":"Feature","geometry":{"type":"Polygon","coordinates":[[[33.0938,41.0585],[32.8748,41.5756],[32.7578,41.8486],[33.399,42.0005],[34.2282,41.9547],[34.4833,41.3509],[34.0784,40.8133],[33.0938,41.0585]]]},"properties":{"NUTS_ID":"TR821","LEVL_CODE":3,"CNTR_CODE":"TR","NAME_LATN":"Kastamonu","NUTS_NAME":"Kastamonu","MOUNT_TYPE":null,"URBN_TYPE":null,"COAST_TYPE":null}},{"type":"Feature","geometry":{"type":"Polygon","coordinates":[[[32.5653,40.7428],[32.5916,40.8194],[33.0938,41.0585],[34.0784,40.8133],[33.9594,40.2505],[33.6482,40.2947],[32.5653,40.7428]]]},"properties":{"NUTS_ID":"TR822","LEVL_CODE":3,"CNTR_CODE":"TR","NAME_LATN":"Çankırı","NUTS_NAME":"Çankırı","MOUNT_TYPE":null,"URBN_TYPE":null,"COAST_TYPE":null}},{"type":"Feature","geometry":{"type":"Polygon","coordinates":[[[34.4833,41.3509],[34.2282,41.9547],[34.9564,42.0359],[35.3393,41.7007],[35.3775,41.3188],[34.8787,41.2569],[34.4833,41.3509]]]},"properties":{"NUTS_ID":"TR823","LEVL_CODE":3,"CNTR_CODE":"TR","NAME_LATN":"Sinop","NUTS_NAME":"Sinop","MOUNT_TYPE":null,"URBN_TYPE":null,"COAST_TYPE":null}},{"type":"Feature","geometry":{"type":"Polygon","coordinates":[[[34.8787,41.2569],[35.3775,41.3188],[35.3393,41.7007],[35.9367,41.6892],[36.2137,41.3853],[37.1699,41.1476],[36.6824,40.8869],[36.4251,40.8655],[35.0814,41.076],[34.8787,41.2569]]]},"properties":{"NUTS_ID":"TR831","LEVL_CODE":3,"CNTR_CODE":"TR","NAME_LATN":"Samsun","NUTS_NAME":"Samsun","MOUNT_TYPE":null,"URBN_TYPE":null,"COAST_TYPE":null}},{"type":"Feature","geometry":{"type":"Polygon","coordinates":[[[37.5781,40.3904],[35.988,39.9233],[35.4451,40.2508],[36.2904,40.6399],[36.4251,40.8655],[36.6824,40.8869],[37.5781,40.3904]]]},"properties":{"NUTS_ID":"TR832","LEVL_CODE":3,"CNTR_CODE":"TR","NAME_LATN":"Tokat","NUTS_NAME":"Tokat","MOUNT_TYPE":null,"URBN_TYPE":null,"COAST_TYPE":null}},{"type":"Feature","geometry":{"type":"Polygon","coordinates":[[[34.2078,39.972],[33.9594,40.2505],[34.0784,40.8133],[34.4833,41.3509],[34.8787,41.2569],[35.0814,41.076],[35.34,40.2551],[34.9805,40.0354],[34.2078,39.972]]]},"properties":{"NUTS_ID":"TR833","LEVL_CODE":3,"CNTR_CODE":"TR","NAME_LATN":"Çorum","NUTS_NAME":"Çorum","MOUNT_TYPE":null,"URBN_TYPE":null,"COAST_TYPE":null}},{"type":"Feature","geometry":{"type":"Polygon","coordinates":[[[35.4451,40.2508],[35.34,40.2551],[35.0814,41.076],[36.4251,40.8655],[36.2904,40.6399],[35.4451,40.2508]]]},"properties":{"NUTS_ID":"TR834","LEVL_CODE":3,"CNTR_CODE":"TR","NAME_LATN":"Amasya","NUTS_NAME":"Amasya","MOUNT_TYPE":null,"URBN_TYPE":null,"COAST_TYPE":null}},{"type":"Feature","geometry":{"type":"Polygon","coordinates":[[[40.3297,40.9884],[40.4762,40.5285],[40.1033,40.5415],[39.1374,40.7764],[39.1806,41.0737],[40.3297,40.9884]]]},"properties":{"NUTS_ID":"TR901","LEVL_CODE":3,"CNTR_CODE":"TR","NAME_LATN":"Trabzon","NUTS_NAME":"Trabzon","MOUNT_TYPE":null,"URBN_TYPE":null,"COAST_TYPE":null}},{"type":"Feature","geometry":{"type":"Polygon","coordinates":[[[38.1001,40.5203],[37.5781,40.3904],[36.6824,40.8869],[37.1699,41.1476],[38.116,40.958],[38.1001,40.5203]]]},"properties":{"NUTS_ID":"TR902","LEVL_CODE":3,"CNTR_CODE":"TR","NAME_LATN":"Ordu","NUTS_NAME":"Ordu","MOUNT_TYPE":null,"URBN_TYPE":null,"COAST_TYPE":null}},{"type":"Feature","geometry":{"type":"Polygon","coordinates":[[[38.7722,40.0671],[38.1001,40.5203],[38.116,40.958],[39.1806,41.0737],[39.1374,40.7764],[38.8335,40.5386],[38.9539,40.0589],[38.7722,40.0671]]]},"properties":{"NUTS_ID":"TR903","LEVL_CODE":3,"CNTR_CODE":"TR","NAME_LATN":"Giresun","NUTS_NAME":"Giresun","MOUNT_TYPE":null,"URBN_TYPE":null,"COAST_TYPE":null}},{"type":"Feature","geometry":{"type":"Polygon","coordinates":[[[40.4762,40.5285],[40.3297,40.9884],[41.2463,41.3279],[41.1293,40.8257],[40.5739,40.5555],[40.4762,40.5285]]]},"properties":{"NUTS_ID":"TR904","LEVL_CODE":3,"CNTR_CODE":"TR","NAME_LATN":"Rize","NUTS_NAME":"Rize","MOUNT_TYPE":null,"URBN_TYPE":null,"COAST_TYPE":null}},{"type":"Feature","geometry":{"type":"Polygon","coordinates":[[[41.1293,40.8257],[41.2463,41.3279],[41.5471,41.5204],[42.5202,41.4367],[42.3686,40.9728],[41.4733,40.6588],[41.1293,40.8257]]]},"properties":{"NUTS_ID":"TR905","LEVL_CODE":3,"CNTR_CODE":"TR","NAME_LATN":"Artvin","NUTS_NAME":"Artvin","MOUNT_TYPE":null,"URBN_TYPE":null,"COAST_TYPE":null}},{"type":"Feature","geometry":{"type":"Polygon","coordinates":[[[39.1374,40.7764],[40.1033,40.5415],[39.7978,39.9272],[38.9539,40.0589],[38.8335,40.5386],[39.1374,40.7764]]]},"properties":{"NUTS_ID":"TR906","LEVL_CODE":3,"CNTR_CODE":"TR","NAME_LATN":"Gümüşhane","NUTS_NAME":"Gümüşhane","MOUNT_TYPE":null,"URBN_TYPE":null,"COAST_TYPE":null}},{"type":"Feature","geometry":{"type":"Polygon","coordinates":[[[40.5739,40.5555],[41.1293,40.8257],[41.4733,40.6588],[42.3686,40.9728],[42.6024,40.6292],[42.1253,40.3423],[42.5567,39.9346],[42.4196,39.5347],[41.741,39.1947],[41.1676,39.3725],[40.6339,39.5275],[40.2953,40.0323],[40.5739,40.5555]]]},"properties":{"NUTS_ID":"TRA11","LEVL_CODE":3,"CNTR_CODE":"TR","NAME_LATN":"Erzurum","NUTS_NAME":"Erzurum","MOUNT_TYPE":null,"URBN_TYPE":null,"COAST_TYPE":null}},{"type":"Feature","geometry":{"type":"Polygon","coordinates":[[[38.3153,39.1463],[38.2979,39.6332],[38.7722,40.0671],[38.9539,40.0589],[39.7978,39.9272],[40.2953,40.0323],[40.6339,39.5275],[40.4038,39.565],[39.2036,39.4404],[38.7656,39.0124],[38.678,39.042],[38.3153,39.1463]]]},"properties":{"NUTS_ID":"TRA12","LEVL_CODE":3,"CNTR_CODE":"TR","NAME_LATN":"Erzincan","NUTS_NAME":"Erzincan","MOUNT_TYPE":null,"URBN_TYPE":null,"COAST_TYPE":null}},{"type":"Feature","geometry":{"type":"Polygon","coordinates":[[[40.1033,40.5415],[40.4762,40.5285],[40.5739,40.5555],[40.2953,40.0323],[39.7978,39.9272],[40.1033,40.5415]]]},"properties":{"NUTS_ID":"TRA13","LEVL_CODE":3,"CNTR_CODE":"TR","NAME_LATN":"Bayburt","NUTS_NAME":"Bayburt","MOUNT_TYPE":null,"URBN_TYPE":null,"COAST_TYPE":null}},{"type":"Feature","geometry":{"type":"Polygon","coordinates":[[[42.4196,39.5347],[42.5567,39.9346],[43.2843,40.0023],[43.5324,39.7762],[44.4672,39.6841],[44.0377,39.3613],[43.2648,39.3066],[43.0008,39.0188],[42.7046,38.9464],[42.4196,39.5347]]]},"properties":{"NUTS_ID":"TRA21","LEVL_CODE":3,"CNTR_CODE":"TR","NAME_LATN":"Ağrı","NUTS_NAME":"Ağrı","MOUNT_TYPE":null,"URBN_TYPE":null,"COAST_TYPE":null}},{"type":"Feature","geometry":{"type":"Polygon","coordinates":[[[42.5567,39.9346],[42.1253,40.3423],[42.6024,40.6292],[43.4683,41.0333],[43.6487,40.1312],[43.2843,40.0023],[42.5567,39.9346]]]},"properties":{"NUTS_ID":"TRA22","LEVL_CODE":3,"CNTR_CODE":"TR","NAME_LATN":"Kars","NUTS_NAME":"Kars","MOUNT_TYPE":null,"URBN_TYPE":null,"COAST_TYPE":null}},{"type":"Feature","geometry":{"type":"Polygon","coordinates":[[[44.4672,39.6841],[43.5324,39.7762],[43.2843,40.0023],[43.6487,40.1312],[44.3997,39.9888],[44.4672,39.6841]]]},"properties":{"NUTS_ID":"TRA23","LEVL_CODE":3,"CNTR_CODE":"TR","NAME_LATN":"Iğdır","NUTS_NAME":"Iğdır","MOUNT_TYPE":null,"URBN_TYPE":null,"COAST_TYPE":null}},{"type":"Feature","geometry":{"type":"Polygon","coordinates":[[[42.3686,40.9728],[42.5202,41.4367],[42.8368,41.541],[43.4683,41.0333],[42.6024,40.6292],[42.3686,40.9728]]]},"properties":{"NUTS_ID":"TRA24","LEVL_CODE":3,"CNTR_CODE":"TR","NAME_LATN":"Ardahan","NUTS_NAME":"Ardahan","MOUNT_TYPE":null,"URBN_TYPE":null,"COAST_TYPE":null}},{"type":"Feature","geometry":{"type":"Polygon","coordinates":[[[37.6158,37.9442],[37.6863,38.2383],[37.3169,38.578],[37.5426,38.9723],[38.3153,39.1463],[38.678,39.042],[38.4529,38.538],[39.1514,38.2993],[39.1267,38.1867],[38.3201,38.171],[37.6158,37.9442]]]},"properties":{"NUTS_ID":"TRB11","LEVL_CODE":3,"CNTR_CODE":"TR","NAME_LATN":"Malatya","NUTS_NAME":"Malatya","MOUNT_TYPE":null,"URBN_TYPE":null,"COAST_TYPE":null}},{"type":"Feature","geometry":{"type":"Polygon","coordinates":[[[38.678,39.042],[38.7656,39.0124],[39.5076,38.8038],[39.9346,39.101],[40.2243,39.0389],[40.2936,38.4767],[39.1514,38.2993],[38.4529,38.538],[38.678,39.042]]]},"properties":{"NUTS_ID":"TRB12","LEVL_CODE":3,"CNTR_CODE":"TR","NAME_LATN":"Elazığ","NUTS_NAME":"Elazığ","MOUNT_TYPE":null,"URBN_TYPE":null,"COAST_TYPE":null}},{"type":"Feature","geometry":{"type":"Polygon","coordinates":[[[40.6339,39.5275],[41.1676,39.3725],[41.1392,38.7146],[40.2936,38.4767],[40.2243,39.0389],[39.9346,39.101],[40.4038,39.565],[40.6339,39.5275]]]},"properties":{"NUTS_ID":"TRB13","LEVL_CODE":3,"CNTR_CODE":"TR","NAME_LATN":"Bingöl","NUTS_NAME":"Bingöl","MOUNT_TYPE":null,"URBN_TYPE":null,"COAST_TYPE":null}},{"type":"Feature","geometry":{"type":"Polygon","coordinates":[[[38.7656,39.0124],[39.2036,39.4404],[40.4038,39.565],[39.9346,39.101],[39.5076,38.8038],[38.7656,39.0124]]]},"properties":{"NUTS_ID":"TRB14","LEVL_CODE":3,"CNTR_CODE":"TR","NAME_LATN":"Tunceli","NUTS_NAME":"Tunceli","MOUNT_TYPE":null,"URBN_TYPE":null,"COAST_TYPE":null}},{"type":"Feature","geometry":{"type":"Polygon","coordinates":[[[43.0008,39.0188],[43.2648,39.3066],[44.0377,39.3613],[44.3931,38.1555],[44.2911,37.9419],[43.4992,37.7418],[42.8845,37.7669],[42.684,38.0304],[43.0008,39.0188]]]},"properties":{"NUTS_ID":"TRB21","LEVL_CODE":3,"CNTR_CODE":"TR","NAME_LATN":"Van","NUTS_NAME":"Van","MOUNT_TYPE":null,"URBN_TYPE":null,"COAST_TYPE":null}},{"type":"Feature","geometry":{"type":"Polygon","coordinates":[[[41.1676,39.3725],[41.741,39.1947],[42.4196,39.5347],[42.7046,38.9464],[41.4872,38.5421],[41.3666,38.4833],[41.1392,38.7146],[41.1676,39.3725]]]},"properties":{"NUTS_ID":"TRB22","LEVL_CODE":3,"CNTR_CODE":"TR","NAME_LATN":"Muş","NUTS_NAME":"Muş","MOUNT_TYPE":null,"URBN_TYPE":null,"COAST_TYPE":null}},{"type":"Feature","geometry":{"type":"Polygon","coordinates":[[[42.7046,38.9464],[43.0008,39.0188],[42.684,38.0304],[41.647,38.2607],[41.4872,38.5421],[42.7046,38.9464]]]},"properties":{"NUTS_ID":"TRB23","LEVL_CODE":3,"CNTR_CODE":"TR","NAME_LATN":"Bitlis","NUTS_NAME":"Bitlis","MOUNT_TYPE":null,"URBN_TYPE":null,"COAST_TYPE":null}},{"type":"Feature","geometry":{"type":"Polygon","coordinates":[[[43.4992,37.7418],[44.2911,37.9419],[44.7837,37.1541],[43.2363,37.3475],[43.4992,37.7418]]]},"properties":{"NUTS_ID":"TRB24","LEVL_CODE":3,"CNTR_CODE":"TR","NAME_LATN":"Hakkari","NUTS_NAME":"Hakkari","MOUNT_TYPE":null,"URBN_TYPE":null,"COAST_TYPE":null}},{"type":"Feature","geometry":{"type":"Polygon","coordinates":[[[36.6652,36.8268],[36.4428,36.9331],[36.6931,37.2162],[37.6038,37.4835],[38.081,37.4479],[38.025,36.8303],[37.5727,36.7058],[36.9925,36.9747],[36.7124,36.8268],[36.6652,36.8268]]]},"properties":{"NUTS_ID":"TRC11","LEVL_CODE":3,"CNTR_CODE":"TR","NAME_LATN":"Gaziantep","NUTS_NAME":"Gaziantep","MOUNT_TYPE":null,"URBN_TYPE":null,"COAST_TYPE":null}},{"type":"Feature","geometry":{"type":"Polygon","coordinates":[[[37.6038,37.4835],[37.6158,37.9442],[38.3201,38.171],[39.1267,38.1867],[39.1375,38.018],[38.6723,37.595],[38.081,37.4479],[37.6038,37.4835]]]},"properties":{"NUTS_ID":"TRC12","LEVL_CODE":3,"CNTR_CODE":"TR","NAME_LATN":"Adıyaman","NUTS_NAME":"Adıyaman","MOUNT_TYPE":null,"URBN_TYPE":null,"COAST_TYPE":null}},{"type":"Feature","geometry":{"type":"Polygon","coordinates":[[[36.7124,36.8268],[36.9925,36.9747],[37.5727,36.7058],[36.7124,36.8268]]]},"properties":{"NUTS_ID":"TRC13","LEVL_CODE":3,"CNTR_CODE":"TR","NAME_LATN":"Kilis","NUTS_NAME":"Kilis","MOUNT_TYPE":null,"URBN_TYPE":null,"COAST_TYPE":null}},{"type":"Feature","geometry":{"type":"Polygon","coordinates":[[[38.025,36.8303],[38.081,37.4479],[38.6723,37.595],[39.1375,38.018],[39.7878,37.7878],[39.893,37.5209],[40.2763,36.9176],[39.4389,36.6975],[38.025,36.8303]]]},"properties":{"NUTS_ID":"TRC21","LEVL_CODE":3,"CNTR_CODE":"TR","NAME_LATN":"Şanlıurfa","NUTS_NAME":"Şanlıurfa","MOUNT_TYPE":null,"URBN_TYPE":null,"COAST_TYPE":null}},{"type":"Feature","geometry":{"type":"Polygon","coordinates":[[[39.1267,38.1867],[39.1514,38.2993],[40.2936,38.4767],[41.1392,38.7146],[41.3666,38.4833],[41.0114,37.7253],[39.893,37.5209],[39.7878,37.7878],[39.1375,38.018],[39.1267,38.1867]]]},"properties":{"NUTS_ID":"TRC22","LEVL_CODE":3,"CNTR_CODE":"TR","NAME_LATN":"Diyarbakır","NUTS_NAME":"Diyarbakır","MOUNT_TYPE":null,"URBN_TYPE":null,"COAST_TYPE":null}},{"type":"Feature","geometry":{"type":"Polygon","coordinates":[[[40.2763,36.9176],[39.893,37.5209],[41.0114,37.7253],[41.3531,37.5344],[41.8125,37.6953],[41.6646,37.1183],[40.2763,36.9176]]]},"properties":{"NUTS_ID":"TRC31","LEVL_CODE":3,"CNTR_CODE":"TR","NAME_LATN":"Mardin","NUTS_NAME":"Mardin","MOUNT_TYPE":null,"URBN_TYPE":null,"COAST_TYPE":null}},{"type":"Feature","geometry":{"type":"Polygon","coordinates":[[[41.3666,38.4833],[41.4872,38.5421],[41.647,38.2607],[41.8125,37.6953],[41.3531,37.5344],[41.0114,37.7253],[41.3666,38.4833]]]},"properties":{"NUTS_ID":"TRC32","LEVL_CODE":3,"CNTR_CODE":"TR","NAME_LATN":"Batman","NUTS_NAME":"Batman","MOUNT_TYPE":null,"URBN_TYPE":null,"COAST_TYPE":null}},{"type":"Feature","geometry":{"type":"Polygon","coordinates":[[[42.8845,37.7669],[43.4992,37.7418],[43.2363,37.3475],[41.6646,37.1183],[41.8125,37.6953],[42.2002,37.606],[42.8845,37.7669]]]},"properties":{"NUTS_ID":"TRC33","LEVL_CODE":3,"CNTR_CODE":"TR","NAME_LATN":"Şırnak","NUTS_NAME":"Şırnak","MOUNT_TYPE":null,"URBN_TYPE":null,"COAST_TYPE":null}},{"type":"Feature","geometry":{"type":"Polygon","coordinates":[[[42.684,38.0304],[42.8845,37.7669],[42.2002,37.606],[41.8125,37.6953],[41.647,38.2607],[42.684,38.0304]]]},"properties":{"NUTS_ID":"TRC34","LEVL_CODE":3,"CNTR_CODE":"TR","NAME_LATN":"Siirt","NUTS_NAME":"Siirt","MOUNT_TYPE":null,"URBN_TYPE":null,"COAST_TYPE":null}},{"type":"Feature","geometry":{"type":"Polygon","coordinates":[[[19.7471,50.866],[19.243,51.0368],[19.2733,51.5551],[20.0162,51.7735],[20.385,51.6417],[20.4249,51.6116],[20.4328,51.3394],[20.0395,50.9902],[19.7471,50.866]]]},"properties":{"NUTS_ID":"PL713","LEVL_CODE":3,"CNTR_CODE":"PL","NAME_LATN":"Piotrkowski","NUTS_NAME":"Piotrkowski","MOUNT_TYPE":null,"URBN_TYPE":3,"COAST_TYPE":null}},{"type":"Feature","geometry":{"type":"Polygon","coordinates":[[[19.243,51.0368],[18.673,51.0569],[18.1637,51.1725],[18.472,51.851],[18.8278,52.0642],[19.1273,52.0007],[19.2733,51.5551],[19.243,51.0368]]]},"properties":{"NUTS_ID":"PL714","LEVL_CODE":3,"CNTR_CODE":"PL","NAME_LATN":"Sieradzki","NUTS_NAME":"Sieradzki","MOUNT_TYPE":null,"URBN_TYPE":3,"COAST_TYPE":null}},{"type":"Feature","geometry":{"type":"Polygon","coordinates":[[[18.8278,52.0642],[19.0471,52.3328],[19.2892,52.3927],[19.9361,52.2997],[20.5339,51.8354],[20.385,51.6417],[20.0162,51.7735],[19.7122,51.9997],[19.1273,52.0007],[18.8278,52.0642]]]},"properties":{"NUTS_ID":"PL715","LEVL_CODE":3,"CNTR_CODE":"PL","NAME_LATN":"Skierniewicki","NUTS_NAME":"Skierniewicki","MOUNT_TYPE":null,"URBN_TYPE":3,"COAST_TYPE":null}},{"type":"Feature","geometry":{"type":"Polygon","coordinates":[[[20.0395,50.9902],[20.4328,51.3394],[21.6302,51.0634],[20.9951,50.6574],[20.0395,50.9902]]]},"properties":{"NUTS_ID":"PL721","LEVL_CODE":3,"CNTR_CODE":"PL","NAME_LATN":"Kielecki","NUTS_NAME":"Kielecki","MOUNT_TYPE":null,"URBN_TYPE":2,"COAST_TYPE":null}},{"type":"Feature","geometry":{"type":"Polygon","coordinates":[[[20.6815,50.2059],[19.95,50.5048],[19.7129,50.7292],[19.7471,50.866],[20.0395,50.9902],[20.9951,50.6574],[21.6302,51.0634],[21.803,51.0721],[21.8643,50.8027],[21.2088,50.3549],[20.6815,50.2059]]]},"properties":{"NUTS_ID":"PL722","LEVL_CODE":3,"CNTR_CODE":"PL","NAME_LATN":"Sandomiersko-jędrzejowski","NUTS_NAME":"Sandomiersko-jędrzejowski","MOUNT_TYPE":null,"URBN_TYPE":3,"COAST_TYPE":null}},{"type":"Feature","geometry":{"type":"Polygon","coordinates":[[[23.1784,52.2832],[23.6179,52.0333],[23.7092,51.2776],[23.2692,51.3298],[22.3984,51.7138],[22.6229,52.0187],[23.1284,52.2878],[23.1784,52.2832]]]},"properties":{"NUTS_ID":"PL811","LEVL_CODE":3,"CNTR_CODE":"PL","NAME_LATN":"Bialski","NUTS_NAME":"Bialski","MOUNT_TYPE":null,"URBN_TYPE":3,"COAST_TYPE":null}},{"type":"Feature","geometry":{"type":"Polygon","coordinates":[[[23.2692,51.3298],[23.7092,51.2776],[24.0982,50.6374],[23.5476,50.2516],[22.6382,50.3031],[22.5197,50.5832],[22.5781,50.8384],[23.2692,51.3298]]]},"properties":{"NUTS_ID":"PL812","LEVL_CODE":3,"CNTR_CODE":"PL","NAME_LATN":"Chełmsko-zamojski","NUTS_NAME":"Chełmsko-zamojski","MOUNT_TYPE":null,"URBN_TYPE":3,"COAST_TYPE":null}},{"type":"Feature","geometry":{"type":"Polygon","coordinates":[[[22.3984,51.7138],[23.2692,51.3298],[22.5781,50.8384],[22.1939,51.1488],[22.3984,51.7138]]]},"properties":{"NUTS_ID":"PL814","LEVL_CODE":3,"CNTR_CODE":"PL","NAME_LATN":"Lubelski","NUTS_NAME":"Lubelski","MOUNT_TYPE":null,"URBN_TYPE":2,"COAST_TYPE":null}},{"type":"Feature","geometry":{"type":"Polygon","coordinates":[[[21.8643,50.8027],[21.803,51.0721],[21.6155,51.6176],[21.9858,51.9913],[22.6229,52.0187],[22.3984,51.7138],[22.1939,51.1488],[22.5781,50.8384],[22.5197,50.5832],[21.8643,50.8027]]]},"properties":{"NUTS_ID":"PL815","LEVL_CODE":3,"CNTR_CODE":"PL","NAME_LATN":"Puławski","NUTS_NAME":"Puławski","MOUNT_TYPE":null,"URBN_TYPE":3,"COAST_TYPE":null}},{"type":"Feature","geometry":{"type":"Polygon","coordinates":[[[21.2418,49.7761],[21.2971,49.8429],[21.4774,49.8405],[22.2945,49.7446],[22.6861,49.5732],[22.5668,49.0884],[21.3977,49.4338],[21.2418,49.7761]]]},"properties":{"NUTS_ID":"PL821","LEVL_CODE":3,"CNTR_CODE":"PL","NAME_LATN":"Krośnieński","NUTS_NAME":"Krośnieński","MOUNT_TYPE":1,"URBN_TYPE":3,"COAST_TYPE":null}},{"type":"Feature","geometry":{"type":"Polygon","coordinates":[[[22.6382,50.3031],[23.5476,50.2516],[22.6861,49.5732],[22.2945,49.7446],[22.4479,50.1231],[22.6382,50.3031]]]},"properties":{"NUTS_ID":"PL822","LEVL_CODE":3,"CNTR_CODE":"PL","NAME_LATN":"Przemyski","NUTS_NAME":"Przemyski","MOUNT_TYPE":null,"URBN_TYPE":3,"COAST_TYPE":null}},{"type":"Feature","geometry":{"type":"Polygon","coordinates":[[[22.2945,49.7446],[21.4774,49.8405],[21.6954,50.4088],[22.4479,50.1231],[22.2945,49.7446]]]},"properties":{"NUTS_ID":"PL823","LEVL_CODE":3,"CNTR_CODE":"PL","NAME_LATN":"Rzeszowski","NUTS_NAME":"Rzeszowski","MOUNT_TYPE":null,"URBN_TYPE":2,"COAST_TYPE":null}},{"type":"Feature","geometry":{"type":"Polygon","coordinates":[[[21.2971,49.8429],[21.2088,50.3549],[21.8643,50.8027],[22.5197,50.5832],[22.6382,50.3031],[22.4479,50.1231],[21.6954,50.4088],[21.4774,49.8405],[21.2971,49.8429]]]},"properties":{"NUTS_ID":"PL824","LEVL_CODE":3,"CNTR_CODE":"PL","NAME_LATN":"Tarnobrzeski","NUTS_NAME":"Tarnobrzeski","MOUNT_TYPE":null,"URBN_TYPE":3,"COAST_TYPE":null}},{"type":"Feature","geometry":{"type":"Polygon","coordinates":[[[23.5887,53.6959],[23.9162,52.9048],[22.8237,52.9],[22.4797,53.2134],[22.9394,53.266],[23.5887,53.6959]]]},"properties":{"NUTS_ID":"PL841","LEVL_CODE":3,"CNTR_CODE":"PL","NAME_LATN":"Białostocki","NUTS_NAME":"Białostocki","MOUNT_TYPE":null,"URBN_TYPE":2,"COAST_TYPE":null}},{"type":"Feature","geometry":{"type":"Polygon","coordinates":[[[21.613,53.4808],[22.1357,53.5445],[22.4797,53.2134],[22.8237,52.9],[23.9162,52.9048],[23.1784,52.2832],[23.1284,52.2878],[22.4086,52.6097],[21.613,53.4808]]]},"properties":{"NUTS_ID":"PL842","LEVL_CODE":3,"CNTR_CODE":"PL","NAME_LATN":"Łomżyński","NUTS_NAME":"Łomżyński","MOUNT_TYPE":null,"URBN_TYPE":3,"COAST_TYPE":null}},{"type":"Feature","geometry":{"type":"Polygon","coordinates":[[[22.1357,53.5445],[22.6928,53.8021],[22.792,54.3634],[23.3215,54.2533],[23.5146,53.9566],[23.5887,53.6959],[22.9394,53.266],[22.4797,53.2134],[22.1357,53.5445]]]},"properties":{"NUTS_ID":"PL843","LEVL_CODE":3,"CNTR_CODE":"PL","NAME_LATN":"Suwalski","NUTS_NAME":"Suwalski","MOUNT_TYPE":null,"URBN_TYPE":3,"COAST_TYPE":null}},{"type":"Feature","geometry":{"type":"Polygon","coordinates":[[[21.165,52.1447],[20.9276,52.1651],[20.9151,52.354],[21.165,52.1447]]]},"properties":{"NUTS_ID":"PL911","LEVL_CODE":3,"CNTR_CODE":"PL","NAME_LATN":"Miasto Warszawa","NUTS_NAME":"Miasto Warszawa","MOUNT_TYPE":null,"URBN_TYPE":1,"COAST_TYPE":null}},{"type":"Feature","geometry":{"type":"Polygon","coordinates":[[[21.165,52.1447],[20.9151,52.354],[20.9305,52.5589],[21.1218,52.5536],[21.5967,52.5533],[21.9083,52.092],[21.2758,51.8768],[21.2391,51.9016],[21.165,52.1447]]]},"properties":{"NUTS_ID":"PL912","LEVL_CODE":3,"CNTR_CODE":"PL","NAME_LATN":"Warszawski wschodni","NUTS_NAME":"Warszawski wschodni","MOUNT_TYPE":null,"URBN_TYPE":2,"COAST_TYPE":null}},{"type":"Feature","geometry":{"type":"Polygon","coordinates":[[[20.9151,52.354],[20.9276,52.1651],[21.165,52.1447],[21.2391,51.9016],[20.5448,52.0457],[20.4048,52.3843],[20.9305,52.5589],[20.9151,52.354]]]},"properties":{"NUTS_ID":"PL913","LEVL_CODE":3,"CNTR_CODE":"PL","NAME_LATN":"Warszawski zachodni","NUTS_NAME":"Warszawski zachodni","MOUNT_TYPE":null,"URBN_TYPE":2,"COAST_TYPE":null}},{"type":"Feature","geometry":{"type":"Polygon","coordinates":[[[20.4328,51.3394],[20.4249,51.6116],[21.2864,51.8617],[21.6155,51.6176],[21.803,51.0721],[21.6302,51.0634],[20.4328,51.3394]]]},"properties":{"NUTS_ID":"PL921","LEVL_CODE":3,"CNTR_CODE":"PL","NAME_LATN":"Radomski","NUTS_NAME":"Radomski","MOUNT_TYPE":null,"URBN_TYPE":3,"COAST_TYPE":null}},{"type":"Feature","geometry":{"type":"Polygon","coordinates":[[[19.6848,52.963],[19.7616,53.1518],[20.4111,53.2142],[20.676,53.2695],[21.1218,52.5536],[20.9305,52.5589],[20.4048,52.3843],[20.251,52.3881],[19.6848,52.963]]]},"properties":{"NUTS_ID":"PL922","LEVL_CODE":3,"CNTR_CODE":"PL","NAME_LATN":"Ciechanowski","NUTS_NAME":"Ciechanowski","MOUNT_TYPE":null,"URBN_TYPE":3,"COAST_TYPE":null}},{"type":"Feature","geometry":{"type":"Polygon","coordinates":[[[19.4447,52.939],[19.6848,52.963],[20.251,52.3881],[19.9361,52.2997],[19.2892,52.3927],[19.4447,52.939]]]},"properties":{"NUTS_ID":"PL923","LEVL_CODE":3,"CNTR_CODE":"PL","NAME_LATN":"Płocki","NUTS_NAME":"Płocki","MOUNT_TYPE":null,"URBN_TYPE":3,"COAST_TYPE":null}},{"type":"Feature","geometry":{"type":"Polygon","coordinates":[[[20.676,53.2695],[21.5517,53.4781],[21.613,53.4808],[22.4086,52.6097],[21.5967,52.5533],[21.1218,52.5536],[20.676,53.2695]]]},"properties":{"NUTS_ID":"PL924","LEVL_CODE":3,"CNTR_CODE":"PL","NAME_LATN":"Ostrołęcki","NUTS_NAME":"Ostrołęcki","MOUNT_TYPE":null,"URBN_TYPE":3,"COAST_TYPE":null}},{"type":"Feature","geometry":{"type":"Polygon","coordinates":[[[23.1284,52.2878],[22.6229,52.0187],[21.9858,51.9913],[21.6155,51.6176],[21.2864,51.8617],[21.2758,51.8768],[21.9083,52.092],[21.5967,52.5533],[22.4086,52.6097],[23.1284,52.2878]]]},"properties":{"NUTS_ID":"PL925","LEVL_CODE":3,"CNTR_CODE":"PL","NAME_LATN":"Siedlecki","NUTS_NAME":"Siedlecki","MOUNT_TYPE":null,"URBN_TYPE":3,"COAST_TYPE":null}},{"type":"Feature","geometry":{"type":"Polygon","coordinates":[[[20.4249,51.6116],[20.385,51.6417],[20.5339,51.8354],[19.9361,52.2997],[20.251,52.3881],[20.4048,52.3843],[20.5448,52.0457],[21.2391,51.9016],[21.2758,51.8768],[21.2864,51.8617],[20.4249,51.6116]]]},"properties":{"NUTS_ID":"PL926","LEVL_CODE":3,"CNTR_CODE":"PL","NAME_LATN":"Żyrardowski","NUTS_NAME":"Żyrardowski","MOUNT_TYPE":null,"URBN_TYPE":3,"COAST_TYPE":null}},{"type":"Feature","geometry":{"type":"Polygon","coordinates":[[[-8.199,42.1544],[-8.1651,41.8183],[-8.8116,41.6116],[-8.8632,41.8721],[-8.199,42.1544]]]},"properties":{"NUTS_ID":"PT111","LEVL_CODE":3,"CNTR_CODE":"PT","NAME_LATN":"Alto Minho","NUTS_NAME":"Alto Minho","MOUNT_TYPE":1,"URBN_TYPE":3,"COAST_TYPE":1}},{"type":"Feature","geometry":{"type":"Polygon","coordinates":[[[-8.1651,41.8183],[-8.0519,41.8206],[-8.1195,41.6892],[-8.6228,41.4147],[-8.7764,41.472],[-8.8116,41.6116],[-8.1651,41.8183]]]},"properties":{"NUTS_ID":"PT112","LEVL_CODE":3,"CNTR_CODE":"PT","NAME_LATN":"Cávado","NUTS_NAME":"Cávado","MOUNT_TYPE":1,"URBN_TYPE":2,"COAST_TYPE":1}},{"type":"Feature","geometry":{"type":"Polygon","coordinates":[[[-8.6228,41.4147],[-8.1195,41.6892],[-7.7887,41.4114],[-7.9077,41.3026],[-8.3164,41.3513],[-8.6228,41.4147]]]},"properties":{"NUTS_ID":"PT119","LEVL_CODE":3,"CNTR_CODE":"PT","NAME_LATN":"Ave","NUTS_NAME":"Ave","MOUNT_TYPE":1,"URBN_TYPE":2,"COAST_TYPE":1}},{"type":"Feature","geometry":{"type":"Polygon","coordinates":[[[-8.7764,41.472],[-8.6228,41.4147],[-8.3164,41.3513],[-8.0892,40.9876],[-8.2734,40.7632],[-8.6531,40.9648],[-8.7764,41.472]]]},"properties":{"NUTS_ID":"PT11A","LEVL_CODE":3,"CNTR_CODE":"PT","NAME_LATN":"Área Metropolitana do Porto","NUTS_NAME":"Área Metropolitana do Porto","MOUNT_TYPE":null,"URBN_TYPE":1,"COAST_TYPE":1}},{"type":"Feature","geometry":{"type":"Polygon","coordinates":[[[-8.0519,41.8206],[-7.2005,41.8797],[-7.3653,41.4404],[-7.7887,41.4114],[-8.1195,41.6892],[-8.0519,41.8206]]]},"properties":{"NUTS_ID":"PT11B","LEVL_CODE":3,"CNTR_CODE":"PT","NAME_LATN":"Alto Tâmega e Barroso","NUTS_NAME":"Alto Tâmega e Barroso","MOUNT_TYPE":1,"URBN_TYPE":3,"COAST_TYPE":null}},{"type":"Feature","geometry":{"type":"Polygon","coordinates":[[[-8.3164,41.3513],[-7.9077,41.3026],[-7.9157,41.02],[-8.0892,40.9876],[-8.3164,41.3513]]]},"properties":{"NUTS_ID":"PT11C","LEVL_CODE":3,"CNTR_CODE":"PT","NAME_LATN":"Tâmega e Sousa","NUTS_NAME":"Tâmega e Sousa","MOUNT_TYPE":1,"URBN_TYPE":2,"COAST_TYPE":1}},{"type":"Feature","geometry":{"type":"Polygon","coordinates":[[[-6.6898,41.2052],[-6.9299,41.0293],[-7.4542,40.8126],[-7.9157,41.02],[-7.9077,41.3026],[-7.7887,41.4114],[-7.3653,41.4404],[-6.6898,41.2052]]]},"properties":{"NUTS_ID":"PT11D","LEVL_CODE":3,"CNTR_CODE":"PT","NAME_LATN":"Douro","NUTS_NAME":"Douro","MOUNT_TYPE":1,"URBN_TYPE":3,"COAST_TYPE":null}},{"type":"Feature","geometry":{"type":"Polygon","coordinates":[[[-7.2005,41.8797],[-6.9858,41.9714],[-6.261,41.5521],[-6.4797,41.2944],[-6.6898,41.2052],[-7.3653,41.4404],[-7.2005,41.8797]]]},"properties":{"NUTS_ID":"PT11E","LEVL_CODE":3,"CNTR_CODE":"PT","NAME_LATN":"Terras de Trás-os-Montes","NUTS_NAME":"Terras de Trás-os-Montes","MOUNT_TYPE":1,"URBN_TYPE":3,"COAST_TYPE":null}},{"type":"Feature","geometry":{"type":"Polygon","coordinates":[[[-7.5127,37.5263],[-7.4019,37.1748],[-7.8209,37.0331],[-8.8264,37.0891],[-8.7963,37.4429],[-8.3779,37.4273],[-7.5127,37.5263]]]},"properties":{"NUTS_ID":"PT150","LEVL_CODE":3,"CNTR_CODE":"PT","NAME_LATN":"Algarve","NUTS_NAME":"Algarve","MOUNT_TYPE":null,"URBN_TYPE":2,"COAST_TYPE":1}},{"type":"Feature","geometry":{"type":"Polygon","coordinates":[[[-8.6531,40.9648],[-8.2734,40.7632],[-8.2505,40.5149],[-8.784,40.5204],[-8.6531,40.9648]]]},"properties":{"NUTS_ID":"PT191","LEVL_CODE":3,"CNTR_CODE":"PT","NAME_LATN":"Região de Aveiro","NUTS_NAME":"Região de Aveiro","MOUNT_TYPE":null,"URBN_TYPE":2,"COAST_TYPE":1}},{"type":"Feature","geometry":{"type":"Polygon","coordinates":[[[-8.784,40.5204],[-8.2505,40.5149],[-7.8283,40.4985],[-7.8083,40.0357],[-8.1187,39.9341],[-8.8949,40.0455],[-8.784,40.5204]]]},"properties":{"NUTS_ID":"PT192","LEVL_CODE":3,"CNTR_CODE":"PT","NAME_LATN":"Região de Coimbra","NUTS_NAME":"Região de Coimbra","MOUNT_TYPE":null,"URBN_TYPE":3,"COAST_TYPE":1}},{"type":"Feature","geometry":{"type":"Polygon","coordinates":[[[-8.8949,40.0455],[-8.1187,39.9341],[-8.2851,39.7958],[-8.7594,39.4758],[-8.9034,39.466],[-9.0403,39.7414],[-8.8949,40.0455]]]},"properties":{"NUTS_ID":"PT193","LEVL_CODE":3,"CNTR_CODE":"PT","NAME_LATN":"Região de Leiria","NUTS_NAME":"Região de Leiria","MOUNT_TYPE":null,"URBN_TYPE":3,"COAST_TYPE":1}},{"type":"Feature","geometry":{"type":"Polygon","coordinates":[[[-8.2734,40.7632],[-8.0892,40.9876],[-7.9157,41.02],[-7.4542,40.8126],[-7.8283,40.4985],[-8.2505,40.5149],[-8.2734,40.7632]]]},"properties":{"NUTS_ID":"PT194","LEVL_CODE":3,"CNTR_CODE":"PT","NAME_LATN":"Viseu Dão Lafões","NUTS_NAME":"Viseu Dão Lafões","MOUNT_TYPE":1,"URBN_TYPE":3,"COAST_TYPE":null}},{"type":"Feature","geometry":{"type":"Polygon","coordinates":[[[-6.9513,40.2574],[-7.0105,39.7373],[-7.5428,39.6628],[-7.8251,39.5374],[-8.2851,39.7958],[-8.1187,39.9341],[-7.8083,40.0357],[-6.9513,40.2574]]]},"properties":{"NUTS_ID":"PT195","LEVL_CODE":3,"CNTR_CODE":"PT","NAME_LATN":"Beira Baixa","NUTS_NAME":"Beira Baixa","MOUNT_TYPE":null,"URBN_TYPE":3,"COAST_TYPE":null}},{"type":"Feature","geometry":{"type":"Polygon","coordinates":[[[-6.9299,41.0293],[-6.8651,40.2707],[-6.9513,40.2574],[-7.8083,40.0357],[-7.8283,40.4985],[-7.4542,40.8126],[-6.9299,41.0293]]]},"properties":{"NUTS_ID":"PT196","LEVL_CODE":3,"CNTR_CODE":"PT","NAME_LATN":"Beiras e Serra da Estrela","NUTS_NAME":"Beiras e Serra da Estrela","MOUNT_TYPE":1,"URBN_TYPE":3,"COAST_TYPE":null}},{"type":"Feature","geometry":{"type":"Polygon","coordinates":[[[-9.4164,39.0548],[-8.9303,39.018],[-8.9685,38.8278],[-9.4164,39.0548]]]},"properties":{"NUTS_ID":"PT1A0","LEVL_CODE":3,"CNTR_CODE":"PT","NAME_LATN":"Grande Lisboa","NUTS_NAME":"Grande Lisboa","MOUNT_TYPE":null,"URBN_TYPE":1,"COAST_TYPE":1}},{"type":"Feature","geometry":{"type":"Polygon","coordinates":[[[-8.9249,38.7587],[-8.5468,38.7634],[-8.6391,38.5495],[-8.735,38.5157],[-8.9249,38.7587]]]},"properties":{"NUTS_ID":"PT1B0","LEVL_CODE":3,"CNTR_CODE":"PT","NAME_LATN":"Península de Setúbal","NUTS_NAME":"Península de Setúbal","MOUNT_TYPE":null,"URBN_TYPE":1,"COAST_TYPE":1}},{"type":"Feature","geometry":{"type":"Polygon","coordinates":[[[-8.3779,37.4273],[-8.7963,37.4429],[-8.735,38.5157],[-8.6391,38.5495],[-8.1644,38.3198],[-8.3779,37.4273]]]},"properties":{"NUTS_ID":"PT1C1","LEVL_CODE":3,"CNTR_CODE":"PT","NAME_LATN":"Alentejo Litoral","NUTS_NAME":"Alentejo Litoral","MOUNT_TYPE":null,"URBN_TYPE":3,"COAST_TYPE":1}},{"type":"Feature","geometry":{"type":"Polygon","coordinates":[[[-7.108,38.1881],[-6.9317,38.2084],[-7.5127,37.5263],[-8.3779,37.4273],[-8.1644,38.3198],[-7.108,38.1881]]]},"properties":{"NUTS_ID":"PT1C2","LEVL_CODE":3,"CNTR_CODE":"PT","NAME_LATN":"Baixo Alentejo","NUTS_NAME":"Baixo Alentejo","MOUNT_TYPE":null,"URBN_TYPE":3,"COAST_TYPE":null}},{"type":"Feature","geometry":{"type":"Polygon","coordinates":[[[-7.2315,39.2784],[-7.2031,38.751],[-8.2279,38.9874],[-8.1726,39.2333],[-7.8251,39.5374],[-7.5428,39.6628],[-7.2315,39.2784]]]},"properties":{"NUTS_ID":"PT1C3","LEVL_CODE":3,"CNTR_CODE":"PT","NAME_LATN":"Alto Alentejo","NUTS_NAME":"Alto Alentejo","MOUNT_TYPE":null,"URBN_TYPE":3,"COAST_TYPE":null}},{"type":"Feature","geometry":{"type":"Polygon","coordinates":[[[-7.2031,38.751],[-7.108,38.1881],[-8.1644,38.3198],[-8.6391,38.5495],[-8.5468,38.7634],[-8.2279,38.9874],[-7.2031,38.751]]]},"properties":{"NUTS_ID":"PT1C4","LEVL_CODE":3,"CNTR_CODE":"PT","NAME_LATN":"Alentejo Central","NUTS_NAME":"Alentejo Central","MOUNT_TYPE":null,"URBN_TYPE":3,"COAST_TYPE":null}},{"type":"Feature","geometry":{"type":"Polygon","coordinates":[[[-9.0403,39.7414],[-8.9034,39.466],[-8.9303,39.018],[-9.4164,39.0548],[-9.0403,39.7414]]]},"properties":{"NUTS_ID":"PT1D1","LEVL_CODE":3,"CNTR_CODE":"PT","NAME_LATN":"Oeste","NUTS_NAME":"Oeste","MOUNT_TYPE":null,"URBN_TYPE":3,"COAST_TYPE":1}},{"type":"Feature","geometry":{"type":"Polygon","coordinates":[[[-8.7594,39.4758],[-8.2851,39.7958],[-7.8251,39.5374],[-8.1726,39.2333],[-8.7594,39.4758]]]},"properties":{"NUTS_ID":"PT1D2","LEVL_CODE":3,"CNTR_CODE":"PT","NAME_LATN":"Médio Tejo","NUTS_NAME":"Médio Tejo","MOUNT_TYPE":null,"URBN_TYPE":3,"COAST_TYPE":null}},{"type":"Feature","geometry":{"type":"Polygon","coordinates":[[[-8.9034,39.466],[-8.7594,39.4758],[-8.1726,39.2333],[-8.2279,38.9874],[-8.5468,38.7634],[-8.9249,38.7587],[-8.9685,38.8278],[-8.9303,39.018],[-8.9034,39.466]]]},"properties":{"NUTS_ID":"PT1D3","LEVL_CODE":3,"CNTR_CODE":"PT","NAME_LATN":"Lezíria do Tejo","NUTS_NAME":"Lezíria do Tejo","MOUNT_TYPE":null,"URBN_TYPE":3,"COAST_TYPE":1}},{"type":"Feature","geometry":{"type":"Polygon","coordinates":[[[-26.8349,38.7556],[-27.0764,38.5875],[-27.3868,38.6964],[-27.0627,38.8522],[-26.8349,38.7556]]]},"properties":{"NUTS_ID":"PT200","LEVL_CODE":3,"CNTR_CODE":"PT","NAME_LATN":"Região Autónoma dos Açores","NUTS_NAME":"Região Autónoma dos Açores","MOUNT_TYPE":1,"URBN_TYPE":2,"COAST_TYPE":1}},{"type":"Feature","geometry":{"type":"Polygon","coordinates":[[[-15.8197,30.0254],[-16.0138,29.859],[-16.2458,30.0598],[-16.0214,30.2005],[-15.8197,30.0254]]]},"properties":{"NUTS_ID":"PT300","LEVL_CODE":3,"CNTR_CODE":"PT","NAME_LATN":"Região Autónoma da Madeira","NUTS_NAME":"Região Autónoma da Madeira","MOUNT_TYPE":1,"URBN_TYPE":1,"COAST_TYPE":1}},{"type":"Feature","geometry":{"type":"Polygon","coordinates":[[[21.659,47.0221],[22.1282,47.5981],[22.1808,47.6001],[22.6127,47.3347],[22.7282,47.0075],[22.812,46.5689],[22.6766,46.4058],[21.4414,46.6515],[21.659,47.0221]]]},"properties":{"NUTS_ID":"RO111","LEVL_CODE":3,"CNTR_CODE":"RO","NAME_LATN":"Bihor","NUTS_NAME":"Bihor","MOUNT_TYPE":null,"URBN_TYPE":3,"COAST_TYPE":null}},{"type":"Feature","geometry":{"type":"Polygon","coordinates":[[[24.0227,47.3619],[24.9608,47.5969],[25.0635,47.1364],[24.1796,46.8047],[24.0227,47.3619]]]},"properties":{"NUTS_ID":"RO112","LEVL_CODE":3,"CNTR_CODE":"RO","NAME_LATN":"Bistriţa-Năsăud","NUTS_NAME":"Bistriţa-Năsăud","MOUNT_TYPE":1,"URBN_TYPE":3,"COAST_TYPE":null}},{"type":"Feature","geometry":{"type":"Polygon","coordinates":[[[22.812,46.5689],[22.7282,47.0075],[23.2911,46.9327],[23.8414,47.34],[24.0227,47.3619],[24.1796,46.8047],[23.9853,46.4309],[22.812,46.5689]]]},"properties":{"NUTS_ID":"RO113","LEVL_CODE":3,"CNTR_CODE":"RO","NAME_LATN":"Cluj","NUTS_NAME":"Cluj","MOUNT_TYPE":1,"URBN_TYPE":2,"COAST_TYPE":null}},{"type":"Feature","geometry":{"type":"Polygon","coordinates":[[[24.9608,47.5969],[24.0227,47.3619],[23.8414,47.34],[23.1061,47.4424],[23.493,47.968],[24.5623,47.968],[24.9471,47.7291],[24.9608,47.5969]]]},"properties":{"NUTS_ID":"RO114","LEVL_CODE":3,"CNTR_CODE":"RO","NAME_LATN":"Maramureş","NUTS_NAME":"Maramureş","MOUNT_TYPE":1,"URBN_TYPE":3,"COAST_TYPE":null}},{"type":"Feature","geometry":{"type":"Polygon","coordinates":[[[22.1808,47.6001],[22.8736,47.968],[23.493,47.968],[23.1061,47.4424],[22.6127,47.3347],[22.1808,47.6001]]]},"properties":{"NUTS_ID":"RO115","LEVL_CODE":3,"CNTR_CODE":"RO","NAME_LATN":"Satu Mare","NUTS_NAME":"Satu Mare","MOUNT_TYPE":null,"URBN_TYPE":3,"COAST_TYPE":null}},{"type":"Feature","geometry":{"type":"Polygon","coordinates":[[[22.7282,47.0075],[22.6127,47.3347],[23.1061,47.4424],[23.8414,47.34],[23.2911,46.9327],[22.7282,47.0075]]]},"properties":{"NUTS_ID":"RO116","LEVL_CODE":3,"CNTR_CODE":"RO","NAME_LATN":"Sălaj","NUTS_NAME":"Sălaj","MOUNT_TYPE":null,"URBN_TYPE":3,"COAST_TYPE":null}},{"type":"Feature","geometry":{"type":"Polygon","coordinates":[[[22.6766,46.4058],[22.812,46.5689],[23.9853,46.4309],[24.2313,46.2596],[23.7184,45.8136],[23.7036,45.4968],[23.5973,45.4735],[23.1454,46.1197],[22.7487,46.3512],[22.6766,46.4058]]]},"properties":{"NUTS_ID":"RO121","LEVL_CODE":3,"CNTR_CODE":"RO","NAME_LATN":"Alba","NUTS_NAME":"Alba","MOUNT_TYPE":1,"URBN_TYPE":3,"COAST_TYPE":null}},{"type":"Feature","geometry":{"type":"Polygon","coordinates":[[[24.6849,45.6041],[24.9465,46.0791],[25.1733,46.1655],[25.4516,46.1042],[26.0932,45.5162],[26.0727,45.5058],[25.4525,45.4413],[25.3216,45.381],[24.6849,45.6041]]]},"properties":{"NUTS_ID":"RO122","LEVL_CODE":3,"CNTR_CODE":"RO","NAME_LATN":"Braşov","NUTS_NAME":"Braşov","MOUNT_TYPE":1,"URBN_TYPE":2,"COAST_TYPE":null}},{"type":"Feature","geometry":{"type":"Polygon","coordinates":[[[26.0932,45.5162],[25.4516,46.1042],[26.2634,46.2463],[26.44,46.0389],[26.3921,45.8024],[26.0932,45.5162]]]},"properties":{"NUTS_ID":"RO123","LEVL_CODE":3,"CNTR_CODE":"RO","NAME_LATN":"Covasna","NUTS_NAME":"Covasna","MOUNT_TYPE":1,"URBN_TYPE":3,"COAST_TYPE":null}},{"type":"Feature","geometry":{"type":"Polygon","coordinates":[[[25.4516,46.1042],[25.1733,46.1655],[25.2467,47.0979],[25.6616,47.0918],[25.9752,46.6973],[26.2634,46.2463],[25.4516,46.1042]]]},"properties":{"NUTS_ID":"RO124","LEVL_CODE":3,"CNTR_CODE":"RO","NAME_LATN":"Harghita","NUTS_NAME":"Harghita","MOUNT_TYPE":1,"URBN_TYPE":3,"COAST_TYPE":null}},{"type":"Feature","geometry":{"type":"Polygon","coordinates":[[[24.1796,46.8047],[25.0635,47.1364],[25.2467,47.0979],[25.1733,46.1655],[24.9465,46.0791],[24.2313,46.2596],[23.9853,46.4309],[24.1796,46.8047]]]},"properties":{"NUTS_ID":"RO125","LEVL_CODE":3,"CNTR_CODE":"RO","NAME_LATN":"Mureş","NUTS_NAME":"Mureş","MOUNT_TYPE":null,"URBN_TYPE":2,"COAST_TYPE":null}},{"type":"Feature","geometry":{"type":"Polygon","coordinates":[[[23.7036,45.4968],[23.7184,45.8136],[24.2313,46.2596],[24.9465,46.0791],[24.6849,45.6041],[24.5231,45.5806],[23.7036,45.4968]]]},"properties":{"NUTS_ID":"RO126","LEVL_CODE":3,"CNTR_CODE":"RO","NAME_LATN":"Sibiu","NUTS_NAME":"Sibiu","MOUNT_TYPE":null,"URBN_TYPE":2,"COAST_TYPE":null}},{"type":"Feature","geometry":{"type":"Polygon","coordinates":[[[26.44,46.0389],[26.2634,46.2463],[25.9752,46.6973],[27.2062,46.7698],[27.4928,46.1592],[26.44,46.0389]]]},"properties":{"NUTS_ID":"RO211","LEVL_CODE":3,"CNTR_CODE":"RO","NAME_LATN":"Bacău","NUTS_NAME":"Bacău","MOUNT_TYPE":1,"URBN_TYPE":2,"COAST_TYPE":null}},{"type":"Feature","geometry":{"type":"Polygon","coordinates":[[[26.7006,47.4717],[26.0988,47.9788],[26.6306,48.2598],[27.0283,48.1374],[27.3912,47.5894],[26.7006,47.4717]]]},"properties":{"NUTS_ID":"RO212","LEVL_CODE":3,"CNTR_CODE":"RO","NAME_LATN":"Botoşani","NUTS_NAME":"Botoşani","MOUNT_TYPE":null,"URBN_TYPE":3,"COAST_TYPE":null}},{"type":"Feature","geometry":{"type":"Polygon","coordinates":[[[26.7006,47.4717],[27.3912,47.5894],[28.1138,46.8384],[27.2023,46.8823],[26.5078,47.2717],[26.7006,47.4717]]]},"properties":{"NUTS_ID":"RO213","LEVL_CODE":3,"CNTR_CODE":"RO","NAME_LATN":"Iaşi","NUTS_NAME":"Iaşi","MOUNT_TYPE":null,"URBN_TYPE":2,"COAST_TYPE":null}},{"type":"Feature","geometry":{"type":"Polygon","coordinates":[[[25.9752,46.6973],[25.6616,47.0918],[26.5078,47.2717],[27.2023,46.8823],[27.2062,46.7698],[25.9752,46.6973]]]},"properties":{"NUTS_ID":"RO214","LEVL_CODE":3,"CNTR_CODE":"RO","NAME_LATN":"Neamţ","NUTS_NAME":"Neamţ","MOUNT_TYPE":1,"URBN_TYPE":3,"COAST_TYPE":null}},{"type":"Feature","geometry":{"type":"Polygon","coordinates":[[[25.0635,47.1364],[24.9608,47.5969],[24.9471,47.7291],[26.0988,47.9788],[26.7006,47.4717],[26.5078,47.2717],[25.6616,47.0918],[25.2467,47.0979],[25.0635,47.1364]]]},"properties":{"NUTS_ID":"RO215","LEVL_CODE":3,"CNTR_CODE":"RO","NAME_LATN":"Suceava","NUTS_NAME":"Suceava","MOUNT_TYPE":1,"URBN_TYPE":3,"COAST_TYPE":null}},{"type":"Feature","geometry":{"type":"Polygon","coordinates":[[[27.4928,46.1592],[27.2062,46.7698],[27.2023,46.8823],[28.1138,46.8384],[28.1158,46.1078],[27.5031,46.1396],[27.4928,46.1592]]]},"properties":{"NUTS_ID":"RO216","LEVL_CODE":3,"CNTR_CODE":"RO","NAME_LATN":"Vaslui","NUTS_NAME":"Vaslui","MOUNT_TYPE":null,"URBN_TYPE":3,"COAST_TYPE":null}},{"type":"Feature","geometry":{"type":"Polygon","coordinates":[[[27.881,44.7631],[27.2035,44.7871],[27.4347,45.3947],[27.5585,45.4884],[28.0305,45.4043],[28.0741,44.8039],[27.881,44.7631]]]},"properties":{"NUTS_ID":"RO221","LEVL_CODE":3,"CNTR_CODE":"RO","NAME_LATN":"Brăila","NUTS_NAME":"Brăila","MOUNT_TYPE":null,"URBN_TYPE":2,"COAST_TYPE":null}},{"type":"Feature","geometry":{"type":"Polygon","coordinates":[[[26.0727,45.5058],[26.0932,45.5162],[26.3921,45.8024],[27.4347,45.3947],[27.2035,44.7871],[26.6056,44.857],[26.0727,45.5058]]]},"properties":{"NUTS_ID":"RO222","LEVL_CODE":3,"CNTR_CODE":"RO","NAME_LATN":"Buzău","NUTS_NAME":"Buzău","MOUNT_TYPE":null,"URBN_TYPE":3,"COAST_TYPE":null}},{"type":"Feature","geometry":{"type":"Polygon","coordinates":[[[27.6954,43.9873],[27.2713,44.1263],[28.0174,44.3402],[27.881,44.7631],[28.0741,44.8039],[28.9941,44.6796],[28.6768,44.3277],[28.5789,43.7387],[27.6954,43.9873]]]},"properties":{"NUTS_ID":"RO223","LEVL_CODE":3,"CNTR_CODE":"RO","NAME_LATN":"Constanţa","NUTS_NAME":"Constanţa","MOUNT_TYPE":null,"URBN_TYPE":2,"COAST_TYPE":1}},{"type":"Feature","geometry":{"type":"Polygon","coordinates":[[[27.5031,46.1396],[28.1158,46.1078],[28.2114,45.4673],[28.0305,45.4043],[27.5585,45.4884],[27.5031,46.1396]]]},"properties":{"NUTS_ID":"RO224","LEVL_CODE":3,"CNTR_CODE":"RO","NAME_LATN":"Galaţi","NUTS_NAME":"Galaţi","MOUNT_TYPE":null,"URBN_TYPE":2,"COAST_TYPE":null}},{"type":"Feature","geometry":{"type":"Polygon","coordinates":[[[28.0741,44.8039],[28.0305,45.4043],[28.2114,45.4673],[28.5557,45.2869],[29.3212,45.4097],[29.6754,45.2755],[29.5092,44.8252],[28.9941,44.6796],[28.0741,44.8039]]]},"properties":{"NUTS_ID":"RO225","LEVL_CODE":3,"CNTR_CODE":"RO","NAME_LATN":"Tulcea","NUTS_NAME":"Tulcea","MOUNT_TYPE":null,"URBN_TYPE":3,"COAST_TYPE":1}},{"type":"Feature","geometry":{"type":"Polygon","coordinates":[[[26.3921,45.8024],[26.44,46.0389],[27.4928,46.1592],[27.5031,46.1396],[27.5585,45.4884],[27.4347,45.3947],[26.3921,45.8024]]]},"properties":{"NUTS_ID":"RO226","LEVL_CODE":3,"CNTR_CODE":"RO","NAME_LATN":"Vrancea","NUTS_NAME":"Vrancea","MOUNT_TYPE":1,"URBN_TYPE":3,"COAST_TYPE":null}},{"type":"Feature","geometry":{"type":"Polygon","coordinates":[[[24.6849,45.6041],[25.3216,45.381],[25.2347,44.4243],[24.884,44.3826],[24.4938,44.8335],[24.5231,45.5806],[24.6849,45.6041]]]},"properties":{"NUTS_ID":"RO311","LEVL_CODE":3,"CNTR_CODE":"RO","NAME_LATN":"Argeş","NUTS_NAME":"Argeş","MOUNT_TYPE":null,"URBN_TYPE":2,"COAST_TYPE":null}},{"type":"Feature","geometry":{"type":"Polygon","coordinates":[[[27.2713,44.1263],[26.3818,44.0386],[26.26,44.295],[26.4161,44.5217],[27.5684,44.484],[28.0174,44.3402],[27.2713,44.1263]]]},"properties":{"NUTS_ID":"RO312","LEVL_CODE":3,"CNTR_CODE":"RO","NAME_LATN":"Călăraşi","NUTS_NAME":"Călăraşi","MOUNT_TYPE":null,"URBN_TYPE":3,"COAST_TYPE":null}},{"type":"Feature","geometry":{"type":"Polygon","coordinates":[[[25.3216,45.381],[25.4525,45.4413],[25.9707,44.7104],[25.8907,44.541],[25.4911,44.472],[25.2347,44.4243],[25.3216,45.381]]]},"properties":{"NUTS_ID":"RO313","LEVL_CODE":3,"CNTR_CODE":"RO","NAME_LATN":"Dâmboviţa","NUTS_NAME":"Dâmboviţa","MOUNT_TYPE":null,"URBN_TYPE":3,"COAST_TYPE":null}},{"type":"Feature","geometry":{"type":"Polygon","coordinates":[[[26.3582,44.0372],[25.6722,43.6881],[25.4911,44.472],[25.8907,44.541],[25.9584,44.3412],[26.26,44.295],[26.3818,44.0386],[26.3582,44.0372]]]},"properties":{"NUTS_ID":"RO314","LEVL_CODE":3,"CNTR_CODE":"RO","NAME_LATN":"Giurgiu","NUTS_NAME":"Giurgiu","MOUNT_TYPE":null,"URBN_TYPE":3,"COAST_TYPE":null}},{"type":"Feature","geometry":{"type":"Polygon","coordinates":[[[27.2035,44.7871],[27.881,44.7631],[28.0174,44.3402],[27.5684,44.484],[26.4161,44.5217],[26.3018,44.7689],[26.6056,44.857],[27.2035,44.7871]]]},"properties":{"NUTS_ID":"RO315","LEVL_CODE":3,"CNTR_CODE":"RO","NAME_LATN":"Ialomiţa","NUTS_NAME":"Ialomiţa","MOUNT_TYPE":null,"URBN_TYPE":3,"COAST_TYPE":null}},{"type":"Feature","geometry":{"type":"Polygon","coordinates":[[[25.4525,45.4413],[26.0727,45.5058],[26.6056,44.857],[26.3018,44.7689],[25.9707,44.7104],[25.4525,45.4413]]]},"properties":{"NUTS_ID":"RO316","LEVL_CODE":3,"CNTR_CODE":"RO","NAME_LATN":"Prahova","NUTS_NAME":"Prahova","MOUNT_TYPE":1,"URBN_TYPE":2,"COAST_TYPE":null}},{"type":"Feature","geometry":{"type":"Polygon","coordinates":[[[25.2964,43.6554],[24.6548,43.7236],[24.884,44.3826],[25.2347,44.4243],[25.4911,44.472],[25.6722,43.6881],[25.5445,43.6428],[25.2964,43.6554]]]},"properties":{"NUTS_ID":"RO317","LEVL_CODE":3,"CNTR_CODE":"RO","NAME_LATN":"Teleorman","NUTS_NAME":"Teleorman","MOUNT_TYPE":null,"URBN_TYPE":3,"COAST_TYPE":null}},{"type":"Feature","geometry":{"type":"Polygon","coordinates":[[[25.9455,44.4324],[26.0863,44.5078],[26.2191,44.4415],[26.1402,44.3439],[25.9455,44.4324]]]},"properties":{"NUTS_ID":"RO321","LEVL_CODE":3,"CNTR_CODE":"RO","NAME_LATN":"Bucureşti","NUTS_NAME":"Bucureşti","MOUNT_TYPE":null,"URBN_TYPE":1,"COAST_TYPE":null}},{"type":"Feature","geometry":{"type":"Polygon","coordinates":[[[26.4161,44.5217],[26.26,44.295],[25.9584,44.3412],[25.8907,44.541],[25.9707,44.7104],[26.3018,44.7689],[26.4161,44.5217]],[[25.9455,44.4324],[26.1402,44.3439],[26.2191,44.4415],[26.0863,44.5078],[25.9455,44.4324]]]},"properties":{"NUTS_ID":"RO322","LEVL_CODE":3,"CNTR_CODE":"RO","NAME_LATN":"Ilfov","NUTS_NAME":"Ilfov","MOUNT_TYPE":null,"URBN_TYPE":1,"COAST_TYPE":null}},{"type":"Feature","geometry":{"type":"Polygon","coordinates":[[[22.9972,43.8079],[22.9664,44.0983],[23.455,44.5696],[23.7805,44.714],[23.9291,44.5281],[24.2098,44.1557],[24.112,43.6999],[23.6304,43.791],[22.9972,43.8079]]]},"properties":{"NUTS_ID":"RO411","LEVL_CODE":3,"CNTR_CODE":"RO","NAME_LATN":"Dolj","NUTS_NAME":"Dolj","MOUNT_TYPE":null,"URBN_TYPE":2,"COAST_TYPE":null}},{"type":"Feature","geometry":{"type":"Polygon","coordinates":[[[23.7805,44.714],[23.455,44.5696],[22.6563,45.1085],[22.6867,45.2755],[23.5906,45.3531],[23.7805,44.714]]]},"properties":{"NUTS_ID":"RO412","LEVL_CODE":3,"CNTR_CODE":"RO","NAME_LATN":"Gorj","NUTS_NAME":"Gorj","MOUNT_TYPE":null,"URBN_TYPE":3,"COAST_TYPE":null}},{"type":"Feature","geometry":{"type":"Polygon","coordinates":[[[22.9664,44.0983],[22.6752,44.2157],[22.5078,44.6414],[22.0161,44.5992],[22.6563,45.1085],[23.455,44.5696],[22.9664,44.0983]]]},"properties":{"NUTS_ID":"RO413","LEVL_CODE":3,"CNTR_CODE":"RO","NAME_LATN":"Mehedinţi","NUTS_NAME":"Mehedinţi","MOUNT_TYPE":null,"URBN_TYPE":3,"COAST_TYPE":null}},{"type":"Feature","geometry":{"type":"Polygon","coordinates":[[[24.3235,43.6977],[24.112,43.6999],[24.2098,44.1557],[23.9291,44.5281],[24.4938,44.8335],[24.884,44.3826],[24.6548,43.7236],[24.3235,43.6977]]]},"properties":{"NUTS_ID":"RO414","LEVL_CODE":3,"CNTR_CODE":"RO","NAME_LATN":"Olt","NUTS_NAME":"Olt","MOUNT_TYPE":null,"URBN_TYPE":3,"COAST_TYPE":null}},{"type":"Feature","geometry":{"type":"Polygon","coordinates":[[[23.5973,45.4735],[23.7036,45.4968],[24.5231,45.5806],[24.4938,44.8335],[23.9291,44.5281],[23.7805,44.714],[23.5906,45.3531],[23.5973,45.4735]]]},"properties":{"NUTS_ID":"RO415","LEVL_CODE":3,"CNTR_CODE":"RO","NAME_LATN":"Vâlcea","NUTS_NAME":"Vâlcea","MOUNT_TYPE":1,"URBN_TYPE":3,"COAST_TYPE":null}},{"type":"Feature","geometry":{"type":"Polygon","coordinates":[[[20.7756,46.2759],[21.4414,46.6515],[22.6766,46.4058],[22.7487,46.3512],[22.3528,45.9727],[20.7053,46.1609],[20.7756,46.2759]]]},"properties":{"NUTS_ID":"RO421","LEVL_CODE":3,"CNTR_CODE":"RO","NAME_LATN":"Arad","NUTS_NAME":"Arad","MOUNT_TYPE":null,"URBN_TYPE":2,"COAST_TYPE":null}},{"type":"Feature","geometry":{"type":"Polygon","coordinates":[[[22.6867,45.2755],[22.6563,45.1085],[22.0161,44.5992],[22.0124,44.6023],[21.3585,44.8216],[21.4792,45.193],[21.5858,45.5268],[22.4265,45.6689],[22.6867,45.2755]]]},"properties":{"NUTS_ID":"RO422","LEVL_CODE":3,"CNTR_CODE":"RO","NAME_LATN":"Caraş-Severin","NUTS_NAME":"Caraş-Severin","MOUNT_TYPE":1,"URBN_TYPE":3,"COAST_TYPE":null}},{"type":"Feature","geometry":{"type":"Polygon","coordinates":[[[22.7487,46.3512],[23.1454,46.1197],[23.5973,45.4735],[23.5906,45.3531],[22.6867,45.2755],[22.4265,45.6689],[22.3528,45.9727],[22.7487,46.3512]]]},"properties":{"NUTS_ID":"RO423","LEVL_CODE":3,"CNTR_CODE":"RO","NAME_LATN":"Hunedoara","NUTS_NAME":"Hunedoara","MOUNT_TYPE":1,"URBN_TYPE":2,"COAST_TYPE":null}},{"type":"Feature","geometry":{"type":"Polygon","coordinates":[[[20.2643,46.1264],[20.7053,46.1609],[22.3528,45.9727],[22.4265,45.6689],[21.5858,45.5268],[21.4792,45.193],[21.0166,45.3246],[20.6628,45.7941],[20.2643,46.1264]]]},"properties":{"NUTS_ID":"RO424","LEVL_CODE":3,"CNTR_CODE":"RO","NAME_LATN":"Timiş","NUTS_NAME":"Timiş","MOUNT_TYPE":null,"URBN_TYPE":2,"COAST_TYPE":null}},{"type":"Feature","geometry":{"type":"Polygon","coordinates":[[[20.3341,45.0744],[20.4144,45.0842],[20.8195,44.6579],[20.7835,44.3266],[20.4003,44.3131],[19.9903,44.5856],[19.9858,44.6423],[20.3341,45.0744]]]},"properties":{"NUTS_ID":"RS110","LEVL_CODE":3,"CNTR_CODE":"RS","NAME_LATN":"City of Belgrade","NUTS_NAME":"Београдска област","MOUNT_TYPE":null,"URBN_TYPE":null,"COAST_TYPE":null}},{"type":"Feature","geometry":{"type":"Polygon","coordinates":[[[18.8897,45.9212],[19.3027,45.9916],[19.5985,45.6481],[19.0339,45.4868],[18.8897,45.9212]]]},"properties":{"NUTS_ID":"RS121","LEVL_CODE":3,"CNTR_CODE":"RS","NAME_LATN":"Zapadnobačka oblast ","NUTS_NAME":"Западнобачка област","MOUNT_TYPE":null,"URBN_TYPE":null,"COAST_TYPE":null}},{"type":"Feature","geometry":{"type":"Polygon","coordinates":[[[21.4792,45.193],[21.3585,44.8216],[21.0375,44.7182],[20.8195,44.6579],[20.4144,45.0842],[21.0166,45.3246],[21.4792,45.193]]]},"properties":{"NUTS_ID":"RS122","LEVL_CODE":3,"CNTR_CODE":"RS","NAME_LATN":"Južnobanatska oblast","NUTS_NAME":"Јужнобанатска област","MOUNT_TYPE":null,"URBN_TYPE":null,"COAST_TYPE":null}},{"type":"Feature","geometry":{"type":"Polygon","coordinates":[[[19.0053,45.4346],[19.0339,45.4868],[19.5985,45.6481],[19.8785,45.7634],[20.1295,45.7114],[20.2749,45.1353],[19.4253,45.1677],[19.0053,45.4346]]]},"properties":{"NUTS_ID":"RS123","LEVL_CODE":3,"CNTR_CODE":"RS","NAME_LATN":"Južnobačka oblast","NUTS_NAME":"Јужнобачка област","MOUNT_TYPE":null,"URBN_TYPE":null,"COAST_TYPE":null}},{"type":"Feature","geometry":{"type":"Polygon","coordinates":[[[19.8654,46.1503],[20.2643,46.1264],[20.6628,45.7941],[20.1295,45.7114],[19.8785,45.7634],[19.8654,46.1503]]]},"properties":{"NUTS_ID":"RS124","LEVL_CODE":3,"CNTR_CODE":"RS","NAME_LATN":"Severnobanatska oblast","NUTS_NAME":"Севернобанатска област","MOUNT_TYPE":null,"URBN_TYPE":null,"COAST_TYPE":null}},{"type":"Feature","geometry":{"type":"Polygon","coordinates":[[[19.3027,45.9916],[19.6981,46.1879],[19.8654,46.1503],[19.8785,45.7634],[19.5985,45.6481],[19.3027,45.9916]]]},"properties":{"NUTS_ID":"RS125","LEVL_CODE":3,"CNTR_CODE":"RS","NAME_LATN":"Severnobačka oblast","NUTS_NAME":"Севернобачка област","MOUNT_TYPE":null,"URBN_TYPE":null,"COAST_TYPE":null}},{"type":"Feature","geometry":{"type":"Polygon","coordinates":[[[20.6628,45.7941],[21.0166,45.3246],[20.4144,45.0842],[20.3341,45.0744],[20.2749,45.1353],[20.1295,45.7114],[20.6628,45.7941]]]},"properties":{"NUTS_ID":"RS126","LEVL_CODE":3,"CNTR_CODE":"RS","NAME_LATN":"Srednjobanatska oblast","NUTS_NAME":"Средњобанатска област","MOUNT_TYPE":null,"URBN_TYPE":null,"COAST_TYPE":null}},{"type":"Feature","geometry":{"type":"Polygon","coordinates":[[[19.0221,44.8554],[19.4253,45.1677],[20.2749,45.1353],[20.3341,45.0744],[19.9858,44.6423],[19.3512,44.8891],[19.0221,44.8554]]]},"properties":{"NUTS_ID":"RS127","LEVL_CODE":3,"CNTR_CODE":"RS","NAME_LATN":"Sremska oblast","NUTS_NAME":"Сремска област","MOUNT_TYPE":null,"URBN_TYPE":null,"COAST_TYPE":null}},{"type":"Feature","geometry":{"type":"Polygon","coordinates":[[[20.0639,43.0068],[19.2241,43.5275],[19.4971,44.0991],[19.644,44.1682],[20.0748,44.1118],[20.0569,43.4805],[20.2958,43.3117],[20.0639,43.0068]]]},"properties":{"NUTS_ID":"RS211","LEVL_CODE":3,"CNTR_CODE":"RS","NAME_LATN":"Zlatiborska oblast","NUTS_NAME":"Златиборска област","MOUNT_TYPE":null,"URBN_TYPE":null,"COAST_TYPE":null}},{"type":"Feature","geometry":{"type":"Polygon","coordinates":[[[19.9903,44.5856],[20.4003,44.3131],[20.4354,44.2683],[20.0748,44.1118],[19.644,44.1682],[19.9903,44.5856]]]},"properties":{"NUTS_ID":"RS212","LEVL_CODE":3,"CNTR_CODE":"RS","NAME_LATN":"Kolubarska oblast","NUTS_NAME":"Колубарска област","MOUNT_TYPE":null,"URBN_TYPE":null,"COAST_TYPE":null}},{"type":"Feature","geometry":{"type":"Polygon","coordinates":[[[19.9858,44.6423],[19.9903,44.5856],[19.644,44.1682],[19.4971,44.0991],[19.1658,44.3702],[19.3512,44.8891],[19.9858,44.6423]]]},"properties":{"NUTS_ID":"RS213","LEVL_CODE":3,"CNTR_CODE":"RS","NAME_LATN":"Mačvanska oblast","NUTS_NAME":"Мачванска област","MOUNT_TYPE":null,"URBN_TYPE":null,"COAST_TYPE":null}},{"type":"Feature","geometry":{"type":"Polygon","coordinates":[[[20.2958,43.3117],[20.0569,43.4805],[20.0748,44.1118],[20.4354,44.2683],[20.6354,43.88],[20.2958,43.3117]]]},"properties":{"NUTS_ID":"RS214","LEVL_CODE":3,"CNTR_CODE":"RS","NAME_LATN":"Moravička oblast","NUTS_NAME":"Моравичка област","MOUNT_TYPE":null,"URBN_TYPE":null,"COAST_TYPE":null}},{"type":"Feature","geometry":{"type":"Polygon","coordinates":[[[20.9251,43.8315],[21.1344,44.2143],[21.1476,44.3152],[21.822,44.0825],[21.7801,44.0259],[21.6566,43.8189],[21.4775,43.7662],[20.9566,43.7561],[20.9251,43.8315]]]},"properties":{"NUTS_ID":"RS215","LEVL_CODE":3,"CNTR_CODE":"RS","NAME_LATN":"Pomoravska oblast","NUTS_NAME":"Поморавска област","MOUNT_TYPE":null,"URBN_TYPE":null,"COAST_TYPE":null}},{"type":"Feature","geometry":{"type":"Polygon","coordinates":[[[20.9566,43.7561],[21.4775,43.7662],[21.4802,43.379],[20.9236,43.1461],[20.8197,43.2725],[20.9566,43.7561]]]},"properties":{"NUTS_ID":"RS216","LEVL_CODE":3,"CNTR_CODE":"RS","NAME_LATN":"Rasinska oblast","NUTS_NAME":"Расинска област","MOUNT_TYPE":null,"URBN_TYPE":null,"COAST_TYPE":null}},{"type":"Feature","geometry":{"type":"Polygon","coordinates":[[[20.3529,42.8334],[20.0639,43.0068],[20.2958,43.3117],[20.6354,43.88],[20.9251,43.8315],[20.9566,43.7561],[20.8197,43.2725],[20.5383,42.8832],[20.3529,42.8334]]]},"properties":{"NUTS_ID":"RS217","LEVL_CODE":3,"CNTR_CODE":"RS","NAME_LATN":"Raška oblast","NUTS_NAME":"Рашка област","MOUNT_TYPE":null,"URBN_TYPE":null,"COAST_TYPE":null}},{"type":"Feature","geometry":{"type":"Polygon","coordinates":[[[20.4003,44.3131],[20.7835,44.3266],[21.1344,44.2143],[20.9251,43.8315],[20.6354,43.88],[20.4354,44.2683],[20.4003,44.3131]]]},"properties":{"NUTS_ID":"RS218","LEVL_CODE":3,"CNTR_CODE":"RS","NAME_LATN":"Šumadijska oblast","NUTS_NAME":"Шумадијска област","MOUNT_TYPE":null,"URBN_TYPE":null,"COAST_TYPE":null}},{"type":"Feature","geometry":{"type":"Polygon","coordinates":[[[22.6752,44.2157],[22.5361,44.0455],[21.7801,44.0259],[21.822,44.0825],[22.0124,44.6023],[22.0161,44.5992],[22.5078,44.6414],[22.6752,44.2157]]]},"properties":{"NUTS_ID":"RS221","LEVL_CODE":3,"CNTR_CODE":"RS","NAME_LATN":"Borska oblast","NUTS_NAME":"Борска област","MOUNT_TYPE":1,"URBN_TYPE":null,"COAST_TYPE":null}},{"type":"Feature","geometry":{"type":"Polygon","coordinates":[[[21.3585,44.8216],[22.0124,44.6023],[21.822,44.0825],[21.1476,44.3152],[21.0375,44.7182],[21.3585,44.8216]]]},"properties":{"NUTS_ID":"RS222","LEVL_CODE":3,"CNTR_CODE":"RS","NAME_LATN":"Braničevska oblast","NUTS_NAME":"Браничевска област","MOUNT_TYPE":null,"URBN_TYPE":null,"COAST_TYPE":null}},{"type":"Feature","geometry":{"type":"Polygon","coordinates":[[[22.5361,44.0455],[22.667,43.4027],[22.3376,43.3853],[21.6566,43.8189],[21.7801,44.0259],[22.5361,44.0455]]]},"properties":{"NUTS_ID":"RS223","LEVL_CODE":3,"CNTR_CODE":"RS","NAME_LATN":"Zaječarska oblast","NUTS_NAME":"Зајечарска област","MOUNT_TYPE":null,"URBN_TYPE":null,"COAST_TYPE":null}},{"type":"Feature","geometry":{"type":"Polygon","coordinates":[[[22.5155,42.8685],[22.4428,42.8255],[21.7534,42.7009],[21.5004,42.7344],[21.4351,42.8723],[21.8064,43.1505],[22.2269,43.0801],[22.5155,42.8685]]]},"properties":{"NUTS_ID":"RS224","LEVL_CODE":3,"CNTR_CODE":"RS","NAME_LATN":"Jablanička oblast","NUTS_NAME":"Јабланичка област","MOUNT_TYPE":null,"URBN_TYPE":null,"COAST_TYPE":null}},{"type":"Feature","geometry":{"type":"Polygon","coordinates":[[[21.4775,43.7662],[21.6566,43.8189],[22.3376,43.3853],[22.2269,43.0801],[21.8064,43.1505],[21.4802,43.379],[21.4775,43.7662]]]},"properties":{"NUTS_ID":"RS225","LEVL_CODE":3,"CNTR_CODE":"RS","NAME_LATN":"Nišavska oblast","NUTS_NAME":"Нишавска област","MOUNT_TYPE":null,"URBN_TYPE":null,"COAST_TYPE":null}},{"type":"Feature","geometry":{"type":"Polygon","coordinates":[[[22.667,43.4027],[22.7475,43.3866],[23.0062,43.1929],[22.7484,42.8898],[22.5155,42.8685],[22.2269,43.0801],[22.3376,43.3853],[22.667,43.4027]]]},"properties":{"NUTS_ID":"RS226","LEVL_CODE":3,"CNTR_CODE":"RS","NAME_LATN":"Pirotska oblast","NUTS_NAME":"Пиротска област","MOUNT_TYPE":null,"URBN_TYPE":null,"COAST_TYPE":null}},{"type":"Feature","geometry":{"type":"Polygon","coordinates":[[[20.7835,44.3266],[20.8195,44.6579],[21.0375,44.7182],[21.1476,44.3152],[21.1344,44.2143],[20.7835,44.3266]]]},"properties":{"NUTS_ID":"RS227","LEVL_CODE":3,"CNTR_CODE":"RS","NAME_LATN":"Podunavska oblast","NUTS_NAME":"Подунавска област","MOUNT_TYPE":null,"URBN_TYPE":null,"COAST_TYPE":null}},{"type":"Feature","geometry":{"type":"Polygon","coordinates":[[[22.4428,42.8255],[22.4615,42.6485],[22.3602,42.3112],[21.5869,42.2628],[21.7534,42.7009],[22.4428,42.8255]]]},"properties":{"NUTS_ID":"RS228","LEVL_CODE":3,"CNTR_CODE":"RS","NAME_LATN":"Pčinjska oblast","NUTS_NAME":"Пчињска област","MOUNT_TYPE":null,"URBN_TYPE":null,"COAST_TYPE":null}},{"type":"Feature","geometry":{"type":"Polygon","coordinates":[[[20.9236,43.1461],[21.4802,43.379],[21.8064,43.1505],[21.4351,42.8723],[20.967,43.1244],[20.9236,43.1461]]]},"properties":{"NUTS_ID":"RS229","LEVL_CODE":3,"CNTR_CODE":"RS","NAME_LATN":"Toplička oblast","NUTS_NAME":"Топличка област","MOUNT_TYPE":null,"URBN_TYPE":null,"COAST_TYPE":null}},{"type":"Feature","geometry":{"type":"Polygon","coordinates":[[[17.5526,58.9822],[17.4161,59.3841],[18.5133,60.1481],[19.1576,59.6],[18.4817,59.0127],[17.5526,58.9822]]]},"properties":{"NUTS_ID":"SE110","LEVL_CODE":3,"CNTR_CODE":"SE","NAME_LATN":"Stockholms län","NUTS_NAME":"Stockholms län","MOUNT_TYPE":null,"URBN_TYPE":1,"COAST_TYPE":1}},{"type":"Feature","geometry":{"type":"Polygon","coordinates":[[[18.5133,60.1481],[17.4161,59.3841],[16.9649,59.5213],[16.7038,60.1957],[17.3727,60.6536],[18.5133,60.1481]]]},"properties":{"NUTS_ID":"SE121","LEVL_CODE":3,"CNTR_CODE":"SE","NAME_LATN":"Uppsala län","NUTS_NAME":"Uppsala län","MOUNT_TYPE":null,"URBN_TYPE":2,"COAST_TYPE":1}},{"type":"Feature","geometry":{"type":"Polygon","coordinates":[[[17.4161,59.3841],[17.5526,58.9822],[16.7539,58.6263],[15.6869,58.9822],[15.7616,59.1979],[16.9649,59.5213],[17.4161,59.3841]]]},"properties":{"NUTS_ID":"SE122","LEVL_CODE":3,"CNTR_CODE":"SE","NAME_LATN":"Södermanlands län","NUTS_NAME":"Södermanlands län","MOUNT_TYPE":null,"URBN_TYPE":2,"COAST_TYPE":1}},{"type":"Feature","geometry":{"type":"Polygon","coordinates":[[[15.6869,58.9822],[16.7539,58.6263],[16.6667,57.996],[16.1038,58.0444],[15.4211,57.7049],[14.4167,58.1872],[14.7789,58.646],[15.6869,58.9822]]]},"properties":{"NUTS_ID":"SE123","LEVL_CODE":3,"CNTR_CODE":"SE","NAME_LATN":"Östergötlands län","NUTS_NAME":"Östergötlands län","MOUNT_TYPE":null,"URBN_TYPE":2,"COAST_TYPE":1}},{"type":"Feature","geometry":{"type":"Polygon","coordinates":[[[15.7616,59.1979],[15.6869,58.9822],[14.7789,58.646],[14.296,59.0128],[14.4372,60.0262],[15.4221,59.8547],[15.7616,59.1979]]]},"properties":{"NUTS_ID":"SE124","LEVL_CODE":3,"CNTR_CODE":"SE","NAME_LATN":"Örebro län","NUTS_NAME":"Örebro län","MOUNT_TYPE":null,"URBN_TYPE":2,"COAST_TYPE":null}},{"type":"Feature","geometry":{"type":"Polygon","coordinates":[[[16.7038,60.1957],[16.9649,59.5213],[15.7616,59.1979],[15.4221,59.8547],[15.9997,60.1848],[16.7038,60.1957]]]},"properties":{"NUTS_ID":"SE125","LEVL_CODE":3,"CNTR_CODE":"SE","NAME_LATN":"Västmanlands län","NUTS_NAME":"Västmanlands län","MOUNT_TYPE":null,"URBN_TYPE":2,"COAST_TYPE":null}},{"type":"Feature","geometry":{"type":"Polygon","coordinates":[[[14.4167,58.1872],[15.4211,57.7049],[15.5165,57.2015],[13.6812,56.9721],[13.1008,57.1455],[13.8523,57.9847],[14.4167,58.1872]]]},"properties":{"NUTS_ID":"SE211","LEVL_CODE":3,"CNTR_CODE":"SE","NAME_LATN":"Jönköpings län","NUTS_NAME":"Jönköpings län","MOUNT_TYPE":null,"URBN_TYPE":2,"COAST_TYPE":null}},{"type":"Feature","geometry":{"type":"Polygon","coordinates":[[[13.6812,56.9721],[15.5165,57.2015],[15.7517,56.9989],[15.3635,56.4824],[14.5147,56.46],[13.4626,56.4282],[13.6812,56.9721]]]},"properties":{"NUTS_ID":"SE212","LEVL_CODE":3,"CNTR_CODE":"SE","NAME_LATN":"Kronobergs län","NUTS_NAME":"Kronobergs län","MOUNT_TYPE":null,"URBN_TYPE":2,"COAST_TYPE":null}},{"type":"Feature","geometry":{"type":"Polygon","coordinates":[[[15.4211,57.7049],[16.1038,58.0444],[16.6667,57.996],[16.5035,56.3245],[16.0265,56.315],[15.3635,56.4824],[15.7517,56.9989],[15.5165,57.2015],[15.4211,57.7049]]]},"properties":{"NUTS_ID":"SE213","LEVL_CODE":3,"CNTR_CODE":"SE","NAME_LATN":"Kalmar län","NUTS_NAME":"Kalmar län","MOUNT_TYPE":null,"URBN_TYPE":3,"COAST_TYPE":1}},{"type":"Feature","geometry":{"type":"Polygon","coordinates":[[[18.1458,57.5868],[18.5939,57.8652],[19.0741,57.8774],[18.7298,57.3504],[18.1458,57.5868]]]},"properties":{"NUTS_ID":"SE214","LEVL_CODE":3,"CNTR_CODE":"SE","NAME_LATN":"Gotlands län","NUTS_NAME":"Gotlands län","MOUNT_TYPE":null,"URBN_TYPE":3,"COAST_TYPE":1}},{"type":"Feature","geometry":{"type":"Polygon","coordinates":[[[14.5147,56.46],[15.3635,56.4824],[16.0265,56.315],[14.5464,56.0613],[14.5147,56.46]]]},"properties":{"NUTS_ID":"SE221","LEVL_CODE":3,"CNTR_CODE":"SE","NAME_LATN":"Blekinge län","NUTS_NAME":"Blekinge län","MOUNT_TYPE":null,"URBN_TYPE":2,"COAST_TYPE":1}},{"type":"Feature","geometry":{"type":"Polygon","coordinates":[[[13.4626,56.4282],[14.5147,56.46],[14.5464,56.0613],[14.2132,55.4339],[13.3122,55.3411],[12.5557,56.1789],[12.8993,56.449],[13.4626,56.4282]]]},"properties":{"NUTS_ID":"SE224","LEVL_CODE":3,"CNTR_CODE":"SE","NAME_LATN":"Skåne län","NUTS_NAME":"Skåne län","MOUNT_TYPE":null,"URBN_TYPE":2,"COAST_TYPE":1}},{"type":"Feature","geometry":{"type":"Polygon","coordinates":[[[13.1008,57.1455],[13.6812,56.9721],[13.4626,56.4282],[12.8993,56.449],[11.928,57.5771],[13.1008,57.1455]]]},"properties":{"NUTS_ID":"SE231","LEVL_CODE":3,"CNTR_CODE":"SE","NAME_LATN":"Hallands län","NUTS_NAME":"Hallands län","MOUNT_TYPE":null,"URBN_TYPE":2,"COAST_TYPE":1}},{"type":"Feature","geometry":{"type":"Polygon","coordinates":[[[11.2448,59.0919],[11.8262,59.2379],[12.5516,59.1439],[13.1994,58.7662],[14.296,59.0128],[14.7789,58.646],[14.4167,58.1872],[13.8523,57.9847],[13.1008,57.1455],[11.928,57.5771],[11.2218,58.506],[11.2448,59.0919]]]},"properties":{"NUTS_ID":"SE232","LEVL_CODE":3,"CNTR_CODE":"SE","NAME_LATN":"Västra Götalands län","NUTS_NAME":"Västra Götalands län","MOUNT_TYPE":null,"URBN_TYPE":1,"COAST_TYPE":1}},{"type":"Feature","geometry":{"type":"Polygon","coordinates":[[[11.8398,59.8407],[12.4187,60.1131],[12.3502,60.9441],[12.6702,61.056],[13.4806,60.4556],[14.4372,60.0262],[14.296,59.0128],[13.1994,58.7662],[12.5516,59.1439],[11.8262,59.2379],[11.8346,59.6087],[11.8398,59.8407]]]},"properties":{"NUTS_ID":"SE311","LEVL_CODE":3,"CNTR_CODE":"SE","NAME_LATN":"Värmlands län","NUTS_NAME":"Värmlands län","MOUNT_TYPE":null,"URBN_TYPE":2,"COAST_TYPE":null}},{"type":"Feature","geometry":{"type":"Polygon","coordinates":[[[12.6702,61.056],[12.7909,61.3923],[12.1524,61.7726],[12.2994,62.2675],[13.1439,62.06],[13.6653,61.6663],[14.4476,61.5949],[15.237,61.4669],[16.2967,60.8429],[16.7038,60.1957],[15.9997,60.1848],[15.4221,59.8547],[14.4372,60.0262],[13.4806,60.4556],[12.6702,61.056]]]},"properties":{"NUTS_ID":"SE312","LEVL_CODE":3,"CNTR_CODE":"SE","NAME_LATN":"Dalarnas län","NUTS_NAME":"Dalarnas län","MOUNT_TYPE":null,"URBN_TYPE":3,"COAST_TYPE":null}},{"type":"Feature","geometry":{"type":"Polygon","coordinates":[[[17.3727,60.6536],[16.7038,60.1957],[16.2967,60.8429],[15.237,61.4669],[14.4476,61.5949],[15.3273,62.2721],[17.4893,62.137],[17.2493,61.0023],[17.3727,60.6536]]]},"properties":{"NUTS_ID":"SE313","LEVL_CODE":3,"CNTR_CODE":"SE","NAME_LATN":"Gävleborgs län","NUTS_NAME":"Gävleborgs län","MOUNT_TYPE":null,"URBN_TYPE":2,"COAST_TYPE":1}},{"type":"Feature","geometry":{"type":"Polygon","coordinates":[[[17.4893,62.137],[15.3273,62.2721],[14.8493,62.5483],[16.3451,62.7173],[16.7739,62.9857],[15.9935,63.5333],[16.719,64.0279],[18.7821,63.7992],[19.2865,63.4697],[17.5733,62.4347],[17.4893,62.137]]]},"properties":{"NUTS_ID":"SE321","LEVL_CODE":3,"CNTR_CODE":"SE","NAME_LATN":"Västernorrlands län","NUTS_NAME":"Västernorrlands län","MOUNT_TYPE":null,"URBN_TYPE":2,"COAST_TYPE":1}},{"type":"Feature","geometry":{"type":"Polygon","coordinates":[[[12.2994,62.2675],[12.2547,62.331],[12.0396,63.1979],[12.3354,63.7253],[14.0231,64.1665],[13.7344,64.6109],[14.326,65.1189],[16.719,64.0279],[15.9935,63.5333],[16.7739,62.9857],[16.3451,62.7173],[14.8493,62.5483],[15.3273,62.2721],[14.4476,61.5949],[13.6653,61.6663],[13.1439,62.06],[12.2994,62.2675]]]},"properties":{"NUTS_ID":"SE322","LEVL_CODE":3,"CNTR_CODE":"SE","NAME_LATN":"Jämtlands län","NUTS_NAME":"Jämtlands län","MOUNT_TYPE":null,"URBN_TYPE":3,"COAST_TYPE":null}},{"type":"Feature","geometry":{"type":"Polygon","coordinates":[[[14.326,65.1189],[14.6167,66.1227],[15.454,66.3452],[19.3035,65.2236],[20.0625,65.3367],[21.5436,65.0629],[21.442,64.3957],[20.4927,63.7266],[19.2865,63.4697],[18.7821,63.7992],[16.719,64.0279],[14.326,65.1189]]]},"properties":{"NUTS_ID":"SE331","LEVL_CODE":3,"CNTR_CODE":"SE","NAME_LATN":"Västerbottens län","NUTS_NAME":"Västerbottens län","MOUNT_TYPE":null,"URBN_TYPE":2,"COAST_TYPE":1}},{"type":"Feature","geometry":{"type":"Polygon","coordinates":[[[20.5486,69.06],[23.0071,68.3068],[23.4772,67.9929],[23.9021,66.765],[23.701,66.3347],[24.1551,65.816],[23.3889,65.7447],[21.5436,65.0629],[20.0625,65.3367],[19.3035,65.2236],[15.454,66.3452],[16.2699,67.0454],[16.327,67.5509],[16.8794,67.9382],[17.9245,68.0728],[18.1259,68.5365],[19.9361,68.3903],[20.5486,69.06]]]},"properties":{"NUTS_ID":"SE332","LEVL_CODE":3,"CNTR_CODE":"SE","NAME_LATN":"Norrbottens län","NUTS_NAME":"Norrbottens län","MOUNT_TYPE":null,"URBN_TYPE":2,"COAST_TYPE":1}},{"type":"Feature","geometry":{"type":"Polygon","coordinates":[[[15.9962,46.8354],[16.1138,46.8691],[16.3708,46.7222],[16.5968,46.4759],[16.2421,46.4901],[15.7864,46.7075],[15.9962,46.8354]]]},"properties":{"NUTS_ID":"SI031","LEVL_CODE":3,"CNTR_CODE":"SI","NAME_LATN":"Pomurska","NUTS_NAME":"Pomurska","MOUNT_TYPE":null,"URBN_TYPE":3,"COAST_TYPE":null}},{"type":"Feature","geometry":{"type":"Polygon","coordinates":[[[15.7524,46.698],[15.7864,46.7075],[16.2421,46.4901],[16.3015,46.3783],[15.8735,46.2794],[15.7915,46.2593],[15.3141,46.4796],[15.402,46.6535],[15.7524,46.698]]]},"properties":{"NUTS_ID":"SI032","LEVL_CODE":3,"CNTR_CODE":"SI","NAME_LATN":"Podravska","NUTS_NAME":"Podravska","MOUNT_TYPE":null,"URBN_TYPE":3,"COAST_TYPE":null}},{"type":"Feature","geometry":{"type":"Polygon","coordinates":[[[14.6747,46.4507],[15.0651,46.6521],[15.402,46.6535],[15.3141,46.4796],[14.6747,46.4507]]]},"properties":{"NUTS_ID":"SI033","LEVL_CODE":3,"CNTR_CODE":"SI","NAME_LATN":"Koroška","NUTS_NAME":"Koroška","MOUNT_TYPE":1,"URBN_TYPE":3,"COAST_TYPE":null}},{"type":"Feature","geometry":{"type":"Polygon","coordinates":[[[14.5652,46.3725],[14.6747,46.4507],[15.3141,46.4796],[15.7915,46.2593],[15.6273,46.086],[15.1549,46.0934],[14.9087,46.2076],[14.5652,46.3677],[14.5652,46.3725]]]},"properties":{"NUTS_ID":"SI034","LEVL_CODE":3,"CNTR_CODE":"SI","NAME_LATN":"Savinjska","NUTS_NAME":"Savinjska","MOUNT_TYPE":1,"URBN_TYPE":3,"COAST_TYPE":null}},{"type":"Feature","geometry":{"type":"Polygon","coordinates":[[[14.9087,46.2076],[15.1549,46.0934],[15.0994,46.019],[14.9486,45.9785],[14.9087,46.2076]]]},"properties":{"NUTS_ID":"SI035","LEVL_CODE":3,"CNTR_CODE":"SI","NAME_LATN":"Zasavska","NUTS_NAME":"Zasavska","MOUNT_TYPE":1,"URBN_TYPE":3,"COAST_TYPE":null}},{"type":"Feature","geometry":{"type":"Polygon","coordinates":[[[15.6273,46.086],[15.7064,45.9753],[15.4045,45.7928],[15.0994,46.019],[15.1549,46.0934],[15.6273,46.086]]]},"properties":{"NUTS_ID":"SI036","LEVL_CODE":3,"CNTR_CODE":"SI","NAME_LATN":"Posavska","NUTS_NAME":"Posavska","MOUNT_TYPE":1,"URBN_TYPE":3,"COAST_TYPE":null}},{"type":"Feature","geometry":{"type":"Polygon","coordinates":[[[15.3313,45.7629],[15.2264,45.4271],[14.5698,45.6724],[14.5648,45.7915],[14.9486,45.9785],[15.0994,46.019],[15.4045,45.7928],[15.3313,45.7629]]]},"properties":{"NUTS_ID":"SI037","LEVL_CODE":3,"CNTR_CODE":"SI","NAME_LATN":"Jugovzhodna Slovenija","NUTS_NAME":"Jugovzhodna Slovenija","MOUNT_TYPE":1,"URBN_TYPE":3,"COAST_TYPE":null}},{"type":"Feature","geometry":{"type":"Polygon","coordinates":[[[14.5698,45.6724],[14.1182,45.4812],[14.0424,45.7614],[14.1296,45.8695],[14.5648,45.7915],[14.5698,45.6724]]]},"properties":{"NUTS_ID":"SI038","LEVL_CODE":3,"CNTR_CODE":"SI","NAME_LATN":"Primorsko-notranjska","NUTS_NAME":"Primorsko-notranjska","MOUNT_TYPE":1,"URBN_TYPE":3,"COAST_TYPE":1}},{"type":"Feature","geometry":{"type":"Polygon","coordinates":[[[14.5652,46.3677],[14.9087,46.2076],[14.9486,45.9785],[14.5648,45.7915],[14.1296,45.8695],[14.1401,46.0047],[14.5652,46.3677]]]},"properties":{"NUTS_ID":"SI041","LEVL_CODE":3,"CNTR_CODE":"SI","NAME_LATN":"Osrednjeslovenska","NUTS_NAME":"Osrednjeslovenska","MOUNT_TYPE":1,"URBN_TYPE":2,"COAST_TYPE":null}},{"type":"Feature","geometry":{"type":"Polygon","coordinates":[[[13.7142,46.5227],[14.4345,46.4429],[14.5652,46.3725],[14.5652,46.3677],[14.1401,46.0047],[13.684,46.4375],[13.7142,46.5227]]]},"properties":{"NUTS_ID":"SI042","LEVL_CODE":3,"CNTR_CODE":"SI","NAME_LATN":"Gorenjska","NUTS_NAME":"Gorenjska","MOUNT_TYPE":1,"URBN_TYPE":2,"COAST_TYPE":null}},{"type":"Feature","geometry":{"type":"Polygon","coordinates":[[[13.4969,46.0513],[13.684,46.4375],[14.1401,46.0047],[14.1296,45.8695],[14.0424,45.7614],[13.5971,45.8195],[13.4969,46.0513]]]},"properties":{"NUTS_ID":"SI043","LEVL_CODE":3,"CNTR_CODE":"SI","NAME_LATN":"Goriška","NUTS_NAME":"Goriška","MOUNT_TYPE":1,"URBN_TYPE":3,"COAST_TYPE":1}},{"type":"Feature","geometry":{"type":"Polygon","coordinates":[[[13.5962,45.8079],[13.5971,45.8195],[14.0424,45.7614],[14.1182,45.4812],[14.1113,45.4823],[13.5856,45.4785],[13.7232,45.5948],[13.5962,45.8079]]]},"properties":{"NUTS_ID":"SI044","LEVL_CODE":3,"CNTR_CODE":"SI","NAME_LATN":"Obalno-kraška","NUTS_NAME":"Obalno-kraška","MOUNT_TYPE":1,"URBN_TYPE":2,"COAST_TYPE":1}},{"type":"Feature","geometry":{"type":"Polygon","coordinates":[[[17.1608,48.0067],[17.0667,48.1187],[16.9762,48.1722],[16.851,48.4386],[16.9498,48.5358],[17.2474,48.012],[17.1608,48.0067]]]},"properties":{"NUTS_ID":"SK010","LEVL_CODE":3,"CNTR_CODE":"SK","NAME_LATN":"Bratislavský kraj","NUTS_NAME":"Bratislavský kraj","MOUNT_TYPE":null,"URBN_TYPE":1,"COAST_TYPE":null}},{"type":"Feature","geometry":{"type":"Polygon","coordinates":[[[16.9403,48.6172],[17.3967,48.8134],[17.9791,48.6125],[17.7054,47.759],[17.2474,48.012],[16.9498,48.5358],[16.9403,48.6172]]]},"properties":{"NUTS_ID":"SK021","LEVL_CODE":3,"CNTR_CODE":"SK","NAME_LATN":"Trnavský kraj","NUTS_NAME":"Trnavský kraj","MOUNT_TYPE":null,"URBN_TYPE":3,"COAST_TYPE":null}},{"type":"Feature","geometry":{"type":"Polygon","coordinates":[[[17.3967,48.8134],[17.6469,48.8543],[18.3224,49.3151],[18.8264,48.7441],[18.4787,48.5486],[17.9791,48.6125],[17.3967,48.8134]]]},"properties":{"NUTS_ID":"SK022","LEVL_CODE":3,"CNTR_CODE":"SK","NAME_LATN":"Trenčiansky kraj","NUTS_NAME":"Trenčiansky kraj","MOUNT_TYPE":1,"URBN_TYPE":2,"COAST_TYPE":null}},{"type":"Feature","geometry":{"type":"Polygon","coordinates":[[[19.0143,48.0777],[18.9284,48.0567],[18.8494,47.8172],[17.8939,47.7395],[17.7054,47.759],[17.9791,48.6125],[18.4787,48.5486],[19.0143,48.0777]]]},"properties":{"NUTS_ID":"SK023","LEVL_CODE":3,"CNTR_CODE":"SK","NAME_LATN":"Nitriansky kraj","NUTS_NAME":"Nitriansky kraj","MOUNT_TYPE":null,"URBN_TYPE":3,"COAST_TYPE":null}},{"type":"Feature","geometry":{"type":"Polygon","coordinates":[[[18.3224,49.3151],[18.4036,49.3967],[18.8516,49.5172],[19.4674,49.6138],[19.8839,49.2042],[19.9923,48.9075],[18.8264,48.7441],[18.3224,49.3151]]]},"properties":{"NUTS_ID":"SK031","LEVL_CODE":3,"CNTR_CODE":"SK","NAME_LATN":"Žilinský kraj","NUTS_NAME":"Žilinský kraj","MOUNT_TYPE":1,"URBN_TYPE":2,"COAST_TYPE":null}},{"type":"Feature","geometry":{"type":"Polygon","coordinates":[[[20.0519,48.1677],[19.0143,48.0777],[18.4787,48.5486],[18.8264,48.7441],[19.9923,48.9075],[20.2675,48.8741],[20.4639,48.464],[20.0519,48.1677]]]},"properties":{"NUTS_ID":"SK032","LEVL_CODE":3,"CNTR_CODE":"SK","NAME_LATN":"Banskobystrický kraj","NUTS_NAME":"Banskobystrický kraj","MOUNT_TYPE":1,"URBN_TYPE":3,"COAST_TYPE":null}},{"type":"Feature","geometry":{"type":"Polygon","coordinates":[[[20.6149,49.4178],[21.3977,49.4338],[22.5668,49.0884],[22.3829,48.8624],[20.6175,48.9985],[20.2675,48.8741],[19.9923,48.9075],[19.8839,49.2042],[20.6149,49.4178]]]},"properties":{"NUTS_ID":"SK041","LEVL_CODE":3,"CNTR_CODE":"SK","NAME_LATN":"Prešovský kraj","NUTS_NAME":"Prešovský kraj","MOUNT_TYPE":1,"URBN_TYPE":3,"COAST_TYPE":null}},{"type":"Feature","geometry":{"type":"Polygon","coordinates":[[[22.1553,48.4034],[22.1211,48.3783],[21.3882,48.5496],[20.4639,48.464],[20.2675,48.8741],[20.6175,48.9985],[22.3829,48.8624],[22.1553,48.4034]]]},"properties":{"NUTS_ID":"SK042","LEVL_CODE":3,"CNTR_CODE":"SK","NAME_LATN":"Košický kraj","NUTS_NAME":"Košický kraj","MOUNT_TYPE":1,"URBN_TYPE":2,"COAST_TYPE":null}},{"type":"Feature","geometry":{"type":"MultiPolygon","coordinates":[[[[29.9182,41.1415],[29.34,40.8107],[29.1694,41.2197],[29.9182,41.1415]]],[[[28.0134,41.0343],[28.1555,41.5799],[29.1202,41.2251],[28.8703,40.9716],[28.0134,41.0343]]]]},"properties":{"NUTS_ID":"TR100","LEVL_CODE":3,"CNTR_CODE":"TR","NAME_LATN":"İstanbul","NUTS_NAME":"İstanbul","MOUNT_TYPE":null,"URBN_TYPE":null,"COAST_TYPE":null}},{"type":"Feature","geometry":{"type":"Polygon","coordinates":[[[28.1555,41.5799],[28.0134,41.0343],[26.9011,40.5493],[26.8049,40.7266],[26.9279,41.306],[27.4942,41.2797],[28.1439,41.5906],[28.1555,41.5799]]]},"properties":{"NUTS_ID":"TR211","LEVL_CODE":3,"CNTR_CODE":"TR","NAME_LATN":"Tekirdağ","NUTS_NAME":"Tekirdağ","MOUNT_TYPE":null,"URBN_TYPE":null,"COAST_TYPE":null}},{"type":"Feature","geometry":{"type":"Polygon","coordinates":[[[26.5615,41.9263],[26.9492,42.0002],[26.9279,41.306],[26.8049,40.7266],[26.7269,40.6439],[26.0328,40.7303],[26.5712,41.4747],[26.3579,41.7111],[26.5615,41.9263]]]},"properties":{"NUTS_ID":"TR212","LEVL_CODE":3,"CNTR_CODE":"TR","NAME_LATN":"Edirne","NUTS_NAME":"Edirne","MOUNT_TYPE":null,"URBN_TYPE":null,"COAST_TYPE":null}},{"type":"Feature","geometry":{"type":"Polygon","coordinates":[[[27.0597,42.0883],[27.9024,41.9601],[28.1439,41.5906],[27.4942,41.2797],[26.9279,41.306],[26.9492,42.0002],[27.0597,42.0883]]]},"properties":{"NUTS_ID":"TR213","LEVL_CODE":3,"CNTR_CODE":"TR","NAME_LATN":"Kırklareli","NUTS_NAME":"Kırklareli","MOUNT_TYPE":null,"URBN_TYPE":null,"COAST_TYPE":null}},{"type":"Feature","geometry":{"type":"Polygon","coordinates":[[[28.179,40.3973],[28.2141,40.0115],[28.9976,39.5987],[28.6325,39.1682],[27.4,39.371],[26.7686,39.1667],[26.6587,39.5523],[27.3359,39.7504],[27.5169,40.3034],[28.179,40.3973]]]},"properties":{"NUTS_ID":"TR221","LEVL_CODE":3,"CNTR_CODE":"TR","NAME_LATN":"Balıkesir","NUTS_NAME":"Balıkesir","MOUNT_TYPE":null,"URBN_TYPE":null,"COAST_TYPE":null}},{"type":"Feature","geometry":{"type":"MultiPolygon","coordinates":[[[[26.8049,40.7266],[26.9011,40.5493],[26.7269,40.6439],[26.8049,40.7266]]],[[[27.5169,40.3034],[27.3359,39.7504],[26.6587,39.5523],[26.1522,39.503],[26.0403,39.8541],[26.4937,40.4253],[27.5169,40.3034]]]]},"properties":{"NUTS_ID":"TR222","LEVL_CODE":3,"CNTR_CODE":"TR","NAME_LATN":"Çanakkale","NUTS_NAME":"Çanakkale","MOUNT_TYPE":null,"URBN_TYPE":null,"COAST_TYPE":null}},{"type":"Feature","geometry":{"type":"Polygon","coordinates":[[[26.7686,39.1667],[27.4,39.371],[27.2398,38.6309],[28.4851,38.1226],[27.2474,37.8593],[26.4282,38.3114],[26.7095,38.5945],[26.7686,39.1667]]]},"properties":{"NUTS_ID":"TR310","LEVL_CODE":3,"CNTR_CODE":"TR","NAME_LATN":"İzmir","NUTS_NAME":"İzmir","MOUNT_TYPE":null,"URBN_TYPE":null,"COAST_TYPE":null}},{"type":"Feature","geometry":{"type":"Polygon","coordinates":[[[27.2474,37.8593],[28.4851,38.1226],[28.639,38.0906],[28.6138,37.4861],[27.5949,37.4898],[27.3827,37.3544],[27.2474,37.8593]]]},"properties":{"NUTS_ID":"TR321","LEVL_CODE":3,"CNTR_CODE":"TR","NAME_LATN":"Aydın","NUTS_NAME":"Aydın","MOUNT_TYPE":null,"URBN_TYPE":null,"COAST_TYPE":null}},{"type":"Feature","geometry":{"type":"Polygon","coordinates":[[[29.8971,37.7775],[29.5166,37.5082],[29.3452,36.9261],[28.6138,37.4861],[28.639,38.0906],[28.8469,38.2156],[29.8143,38.4741],[30.0831,38.2156],[29.8971,37.7775]]]},"properties":{"NUTS_ID":"TR322","LEVL_CODE":3,"CNTR_CODE":"TR","NAME_LATN":"Denizli","NUTS_NAME":"Denizli","MOUNT_TYPE":null,"URBN_TYPE":null,"COAST_TYPE":null}},{"type":"Feature","geometry":{"type":"Polygon","coordinates":[[[29.7585,36.9634],[29.2686,36.3041],[29.0375,36.597],[28.1431,36.7505],[27.9885,37.0024],[27.3699,37.0163],[27.3827,37.3544],[27.5949,37.4898],[28.6138,37.4861],[29.3452,36.9261],[29.7585,36.9634]]]},"properties":{"NUTS_ID":"TR323","LEVL_CODE":3,"CNTR_CODE":"TR","NAME_LATN":"Muğla","NUTS_NAME":"Muğla","MOUNT_TYPE":null,"URBN_TYPE":null,"COAST_TYPE":null}},{"type":"Feature","geometry":{"type":"Polygon","coordinates":[[[27.4,39.371],[28.6325,39.1682],[29.1356,38.8654],[28.8469,38.2156],[28.639,38.0906],[28.4851,38.1226],[27.2398,38.6309],[27.4,39.371]]]},"properties":{"NUTS_ID":"TR331","LEVL_CODE":3,"CNTR_CODE":"TR","NAME_LATN":"Manisa","NUTS_NAME":"Manisa","MOUNT_TYPE":null,"URBN_TYPE":null,"COAST_TYPE":null}},{"type":"Feature","geometry":{"type":"Polygon","coordinates":[[[30.4642,39.2137],[31.5925,39.0433],[31.2377,38.3834],[30.8005,38.3664],[30.0926,37.7992],[29.8971,37.7775],[30.0831,38.2156],[29.8143,38.4741],[30.0173,38.8161],[30.4642,39.2137]]]},"properties":{"NUTS_ID":"TR332","LEVL_CODE":3,"CNTR_CODE":"TR","NAME_LATN":"Afyonkarahisar","NUTS_NAME":"Afyonkarahisar","MOUNT_TYPE":null,"URBN_TYPE":null,"COAST_TYPE":null}},{"type":"Feature","geometry":{"type":"Polygon","coordinates":[[[30.0316,39.6648],[30.4642,39.2137],[30.0173,38.8161],[29.1356,38.8654],[28.6325,39.1682],[28.9976,39.5987],[29.7605,39.8678],[30.0316,39.6648]]]},"properties":{"NUTS_ID":"TR333","LEVL_CODE":3,"CNTR_CODE":"TR","NAME_LATN":"Kütahya","NUTS_NAME":"Kütahya","MOUNT_TYPE":null,"URBN_TYPE":null,"COAST_TYPE":null}},{"type":"Feature","geometry":{"type":"Polygon","coordinates":[[[29.8143,38.4741],[28.8469,38.2156],[29.1356,38.8654],[30.0173,38.8161],[29.8143,38.4741]]]},"properties":{"NUTS_ID":"TR334","LEVL_CODE":3,"CNTR_CODE":"TR","NAME_LATN":"Uşak","NUTS_NAME":"Uşak","MOUNT_TYPE":null,"URBN_TYPE":null,"COAST_TYPE":null}},{"type":"Feature","geometry":{"type":"Polygon","coordinates":[[[29.9053,40.5301],[29.7605,39.8678],[28.9976,39.5987],[28.2141,40.0115],[28.179,40.3973],[29.0112,40.4703],[29.4969,40.5272],[29.9053,40.5301]]]},"properties":{"NUTS_ID":"TR411","LEVL_CODE":3,"CNTR_CODE":"TR","NAME_LATN":"Bursa","NUTS_NAME":"Bursa","MOUNT_TYPE":null,"URBN_TYPE":null,"COAST_TYPE":null}},{"type":"Feature","geometry":{"type":"Polygon","coordinates":[[[21.4351,42.8723],[21.5004,42.7344],[21.2728,42.4531],[20.924,42.4756],[20.8728,42.4866],[20.767,42.6059],[20.7607,42.605],[21.0096,42.8307],[20.967,43.1244],[21.4351,42.8723]]]},"properties":{"NUTS_ID":"XK001","LEVL_CODE":3,"CNTR_CODE":"XK","NAME_LATN":"Prishtinë","NUTS_NAME":"Prishtinë","MOUNT_TYPE":null,"URBN_TYPE":null,"COAST_TYPE":null}},{"type":"Feature","geometry":{"type":"Polygon","coordinates":[[[20.8197,43.2725],[20.9236,43.1461],[20.967,43.1244],[21.0096,42.8307],[20.7607,42.605],[20.5383,42.8832],[20.8197,43.2725]]]},"properties":{"NUTS_ID":"XK002","LEVL_CODE":3,"CNTR_CODE":"XK","NAME_LATN":"Mitrovicë","NUTS_NAME":"Mitrovicë","MOUNT_TYPE":null,"URBN_TYPE":null,"COAST_TYPE":null}},{"type":"Feature","geometry":{"type":"Polygon","coordinates":[[[20.0878,42.5784],[20.3529,42.8334],[20.5383,42.8832],[20.7607,42.605],[20.767,42.6059],[20.3518,42.4988],[20.0878,42.5784]]]},"properties":{"NUTS_ID":"XK003","LEVL_CODE":3,"CNTR_CODE":"XK","NAME_LATN":"Pejë","NUTS_NAME":"Pejë","MOUNT_TYPE":null,"URBN_TYPE":null,"COAST_TYPE":null}},{"type":"Feature","geometry":{"type":"Polygon","coordinates":[[[20.5943,41.8773],[20.4802,42.2513],[20.8728,42.4866],[20.924,42.4756],[20.9837,42.1399],[20.5943,41.8773]]]},"properties":{"NUTS_ID":"XK004","LEVL_CODE":3,"CNTR_CODE":"XK","NAME_LATN":"Prizren","NUTS_NAME":"Prizren","MOUNT_TYPE":null,"URBN_TYPE":null,"COAST_TYPE":null}},{"type":"Feature","geometry":{"type":"Polygon","coordinates":[[[21.2127,42.1107],[20.9837,42.1399],[20.924,42.4756],[21.2728,42.4531],[21.3772,42.238],[21.2127,42.1107]]]},"properties":{"NUTS_ID":"XK005","LEVL_CODE":3,"CNTR_CODE":"XK","NAME_LATN":"Ferizaj","NUTS_NAME":"Ferizaj","MOUNT_TYPE":null,"URBN_TYPE":null,"COAST_TYPE":null}},{"type":"Feature","geometry":{"type":"Polygon","coordinates":[[[21.5869,42.2628],[21.4443,42.2349],[21.3772,42.238],[21.2728,42.4531],[21.5004,42.7344],[21.7534,42.7009],[21.5869,42.2628]]]},"properties":{"NUTS_ID":"XK006","LEVL_CODE":3,"CNTR_CODE":"XK","NAME_LATN":"Gjilan","NUTS_NAME":"Gjilan","MOUNT_TYPE":null,"URBN_TYPE":null,"COAST_TYPE":null}},{"type":"Feature","geometry":{"type":"Polygon","coordinates":[[[20.4802,42.2513],[20.0763,42.5558],[20.0878,42.5784],[20.3518,42.4988],[20.767,42.6059],[20.8728,42.4866],[20.4802,42.2513]]]},"properties":{"NUTS_ID":"XK007","LEVL_CODE":3,"CNTR_CODE":"XK","NAME_LATN":"Gjakovë","NUTS_NAME":"Gjakovë","MOUNT_TYPE":null,"URBN_TYPE":null,"COAST_TYPE":null}}]}