{"type":"FeatureCollection","features":[{"type":"Feature","geometry":{"type":"Polygon","coordinates":[[[99.2306,52.9632],[99.3722,53.1019],[99.7168,53.1496],[99.8518,53.287],[100.2659,53.3721],[100.4211,53.2492],[100.3776,53.1045],[100.9106,52.7832],[101.0539,52.7641],[101.6775,52.4756],[101.9262,52.3178],[102.3012,52.23],[102.5155,52.2346],[102.6705,52.0607],[102.9264,51.9122],[103.2269,51.8051],[103.1813,51.6193],[103.3385,51.4466],[103.5865,51.4906],[103.8008,51.4348],[103.8101,51.1302],[104.1969,51.2841],[104.6727,51.3378],[104.5877,51.6222],[105.3085,51.7489],[105.7738,51.9563],[106.1725,52.3611],[106.9999,52.7169],[108.0138,53.2356],[108.2974,53.6735],[108.4515,53.8485],[109.0014,54.3355],[109.0681,54.4262],[108.6315,54.5458],[108.7262,54.7947],[108.6975,55.0627],[108.797,55.1663],[108.6393,55.4897],[108.7757,55.611],[108.823,55.8481],[109.0346,55.9967],[108.8052,56.2348],[108.5493,56.3321],[108.7401,56.5047],[109.1428,56.6798],[109.4236,56.7385],[109.6879,56.696],[109.8531,56.7791],[110.0135,56.9758],[110.2708,56.9525],[110.6293,56.8367],[111.2416,56.8924],[111.4994,57.1175],[111.8312,56.9128],[112.0834,56.9565],[112.2179,56.8573],[112.5505,56.9461],[112.8662,56.6858],[113.3225,56.6302],[113.4651,56.6716],[113.7881,56.6136],[114.1576,56.6971],[114.7486,56.7005],[115.0669,57.0102],[115.07,57.1121],[115.6539,57.1206],[115.845,57.2483],[116.1079,57.2413],[116.2505,57.1384],[115.7298,56.9624],[115.4207,56.5955],[115.6784,56.5721],[115.6758,56.2807],[115.7647,56.1772],[115.9024,55.4097],[116.1068,55.3438],[116.3776,55.3794],[116.4725,55.2291],[116.7557,55.1176],[116.875,54.8762],[116.7206,54.5293],[116.4831,54.4842],[116.1892,54.5116],[115.5961,54.4105],[115.5004,54.3145],[115.1618,54.1894],[114.9849,53.9997],[114.0035,53.7275],[113.8242,53.6308],[113.8267,53.4177],[113.9728,53.2356],[114.3257,53.0414],[114.2272,52.8128],[114.0774,52.6622],[113.9126,52.6402],[113.4882,52.4694],[113.1525,52.4525],[112.906,52.3334],[112.5466,52.3464],[112.5111,52.2492],[112.0697,52.2825],[111.7328,51.9973],[111.4624,51.8712],[111.0145,51.7913],[110.8725,51.6147],[110.6875,51.5086],[110.4266,51.5207],[110.2931,51.6025],[110.0482,51.6231],[109.5971,51.4533],[109.2251,51.3659],[109.0263,51.4784],[108.4792,51.3875],[108.5613,51.1206],[108.3304,50.9996],[108.0694,50.7388],[108.1818,50.649],[108.4805,50.5831],[108.5305,50.4721],[107.734,50.1532],[107.7592,49.9716],[107.2371,49.9888],[107.0157,50.1959],[106.8096,50.3018],[106.5093,50.3483],[106.2581,50.3036],[106.0665,50.3998],[105.4256,50.4445],[105.1185,50.3922],[104.9034,50.4113],[104.5608,50.3068],[104.387,50.3097],[104.1428,50.1455],[103.8395,50.1932],[103.7207,50.1316],[103.4131,50.2142],[103.2311,50.3222],[102.9298,50.31],[102.6512,50.4063],[102.5482,50.5768],[102.2178,50.8148],[102.1177,51.3591],[101.2487,51.542],[100.6497,51.7263],[100.0578,51.7304],[99.8643,51.7698],[99.7478,51.9037],[99.2963,51.9553],[98.9692,52.1434],[98.6305,52.415],[98.9413,52.6717],[98.9375,52.9375],[99.2306,52.9632]]]},"properties":{"name":"Бурятия","cartodb_id":10,"created_at":"2013-12-04T04:23:51+0100","updated_at":"2013-12-04T08:04:02+0100","name_latin":"Republic of Buryatia"}},{"type":"Feature","geometry":{"type":"Polygon","coordinates":[[[41.7368,44.4731],[41.9332,44.4961],[42.0294,44.3528],[42.6086,44.3119],[42.3034,44.0291],[42.6602,43.9374],[42.6783,43.8097],[42.6814,43.716],[42.4561,43.6211],[42.414,43.2568],[42.041,43.1874],[41.5888,43.2347],[41.2192,43.381],[40.9508,43.4185],[40.7136,43.5328],[40.7228,43.7949],[40.803,43.9177],[41.0848,44.0947],[41.264,44.095],[41.4798,44.0009],[41.6989,44.1712],[41.6337,44.3779],[41.7368,44.4731]]]},"properties":{"name":"Карачаево-Черкесская республика","cartodb_id":13,"created_at":"2013-12-04T04:23:51+0100","updated_at":"2013-12-04T08:04:37+0100","name_latin":"Karachay-Cherkess Republic"}},{"type":"Feature","geometry":{"type":"MultiPolygon","coordinates":[[[[146.8629,43.8748],[146.6762,43.7074],[146.5866,43.8059],[146.8629,43.8748]]],[[[145.5469,43.6543],[145.4045,43.8404],[145.7443,44.1046],[146.1724,44.5144],[146.3908,44.3616],[146.1009,44.2578],[145.9416,44.1518],[145.7891,43.9483],[145.5755,43.843],[145.5469,43.6543]]],[[[146.9533,44.4272],[146.8753,44.4986],[147.1913,44.7069],[147.2632,44.8645],[147.6921,45.0966],[147.8717,45.2268],[148.3428,45.2905],[148.6546,45.5386],[148.8905,45.4854],[148.8431,45.3369],[148.6374,45.3339],[148.0955,45.11],[147.9839,45.0036],[147.7878,44.9474],[147.3845,44.7454],[147.2091,44.5679],[146.9533,44.4272]]],[[[144.6743,48.6428],[144.5633,48.891],[144.1375,49.219],[143.618,49.3168],[143.2925,49.287],[143.0283,49.168],[142.947,49.0575],[142.9795,48.8983],[142.861,48.7525],[142.5455,48.076],[142.5098,47.8958],[142.5908,47.6255],[142.7523,47.446],[143.017,47.2507],[143.091,46.919],[143.3003,46.7988],[143.4763,46.8263],[143.5638,46.3453],[143.422,46.2133],[143.3358,46.4713],[143.15,46.6063],[142.7703,46.608],[142.7261,46.7365],[142.454,46.6507],[142.249,46.273],[142.1718,46.016],[141.9227,46.0435],[141.8098,46.6003],[142.0068,46.948],[142.0505,47.1954],[141.9648,47.3008],[141.9618,47.62],[142.2018,47.984],[142.1433,48.325],[141.872,48.676],[141.9768,48.8733],[142.092,49.2288],[142.167,49.8045],[142.1498,50.3733],[142.0433,50.5363],[142.116,50.8925],[142.2493,51.155],[142.074,51.4773],[141.7553,51.705],[141.6378,51.8765],[141.6523,52.3918],[141.8245,52.5493],[141.8198,52.722],[141.92,53.0578],[141.7573,53.3698],[142.2045,53.534],[142.4155,53.3758],[142.6393,53.5418],[142.585,53.7178],[142.6933,53.9463],[142.3313,54.2673],[142.6487,54.3458],[142.9723,54.141],[142.8922,53.9563],[142.924,53.7816],[143.2468,53.2188],[143.3368,52.832],[143.2833,52.4528],[143.1403,52.1317],[143.2277,51.8665],[143.341,51.7063],[143.6203,50.9487],[143.7853,50.3333],[143.9978,50.0188],[144.121,49.7548],[144.281,49.2448],[144.4253,49.0115],[144.6658,48.8815],[144.6743,48.6428]]],[[[155.415,50.0154],[155.2398,50.0543],[155.254,50.2205],[155.3882,50.3396],[155.6495,50.3778],[155.8584,50.6523],[156.1487,50.7473],[156.1693,50.5078],[156.0425,50.4662],[155.8883,50.2465],[155.616,50.1848],[155.415,50.0154]]],[[[149.5274,45.5736],[149.4781,45.6579],[149.6678,45.8511],[149.7771,45.8549],[150.2178,46.1878],[150.192,45.9391],[149.5274,45.5736]]]]},"properties":{"name":"Сахалинская область","cartodb_id":11,"created_at":"2013-12-04T04:23:51+0100","updated_at":"2013-12-04T08:06:03+0100","name_latin":"Sakhalin Oblast"}},{"type":"Feature","geometry":{"type":"Polygon","coordinates":[[[38.2926,51.9659],[38.5555,52.0555],[38.8772,52.0966],[39.015,51.9848],[39.2998,52.1032],[39.4844,51.9777],[39.8408,51.9211],[40.1271,51.9856],[40.5341,51.9457],[40.8457,51.922],[41.0025,51.7162],[41.5852,51.7693],[42.3439,51.5877],[42.5208,51.5961],[42.7521,51.4949],[42.8809,51.233],[42.5955,51.1531],[42.0873,51.148],[41.9281,51.1941],[41.7508,51.0062],[41.4718,50.9498],[41.3475,50.7103],[41.5223,50.3623],[41.401,50.2028],[41.2978,50.0215],[41.0821,49.9434],[40.9216,49.7006],[40.637,49.673],[40.5491,49.5809],[40.1354,49.6171],[39.806,49.558],[39.5913,49.7183],[39.2852,49.7554],[39.1797,49.8887],[39.2177,50.0481],[39.0472,50.2767],[39.0148,50.4555],[39.0836,50.6056],[38.7686,50.7196],[38.7209,50.8773],[38.8766,50.9307],[38.8035,51.0767],[38.588,51.0122],[38.3877,51.0771],[38.4343,51.2858],[38.2886,51.2964],[38.2975,51.5213],[38.3866,51.6835],[38.4291,51.9448],[38.2926,51.9659]]]},"properties":{"name":"Воронежская область","cartodb_id":16,"created_at":"2013-12-04T04:23:51+0100","updated_at":"2013-12-04T08:06:32+0100","name_latin":"Voronezh Oblast"}},{"type":"Feature","geometry":{"type":"Polygon","coordinates":[[[75.1082,58.5762],[75.1313,58.6639],[75.6354,58.9123],[75.7276,59.0154],[75.6397,59.2116],[75.8412,59.2802],[76.1772,59.53],[76.6649,59.5712],[76.7403,59.7109],[76.7724,60.0657],[76.8663,60.271],[76.8292,60.4669],[77.1079,60.8584],[77.7043,60.82],[77.97,60.7407],[78.1954,60.8025],[78.4868,60.7646],[78.7,60.8254],[79.3082,60.7944],[79.3989,60.6358],[79.6746,60.6799],[80.201,60.6753],[80.7048,60.8028],[81.0524,60.7557],[81.1042,60.642],[81.4587,60.6071],[81.8795,60.6398],[82.1673,60.5163],[82.4096,60.6082],[82.3765,60.7069],[83.1567,61.0268],[83.4769,61.0357],[83.9497,60.8362],[84.2631,60.8625],[84.7915,60.3524],[84.616,60.1685],[84.5811,59.9621],[84.7076,59.8921],[85.4996,59.883],[85.9985,59.9471],[86.6365,59.9487],[87.078,59.8791],[87.1741,59.6825],[87.5142,59.6644],[87.9022,59.2562],[88.6265,59.2951],[88.5758,59.2122],[88.8287,59.0226],[88.3827,58.8931],[87.924,58.5113],[88.1067,58.1128],[88.6873,58.0362],[88.859,57.9552],[89.3532,57.913],[89.3552,57.6157],[89.1303,57.6153],[89.0636,57.4576],[88.8651,57.4436],[88.7342,57.208],[88.5976,56.8022],[88.4244,56.8344],[87.7015,56.551],[87.5967,56.6637],[86.8488,56.5559],[86.6782,56.6433],[86.3389,56.6361],[85.8042,56.4114],[85.4139,56.2061],[84.8975,56.1628],[84.4538,56.0431],[83.9526,56.015],[83.6157,55.6647],[83.2108,55.7303],[83.377,55.9179],[83.0648,56.2305],[83.2888,56.443],[83.1098,56.5495],[82.808,56.5162],[82.8093,56.4202],[81.9919,56.3335],[81.5734,56.2419],[81.2203,56.5376],[80.2635,56.4224],[79.5886,56.9232],[78.4403,57.1133],[78.4634,57.165],[76.9455,57.1697],[76.6979,57.2155],[76.095,57.2355],[75.8483,57.3858],[75.7041,57.625],[75.55,57.6252],[75.5658,57.9346],[75.0715,58.1168],[75.2425,58.2026],[75.0567,58.3392],[75.3768,58.4541],[75.1082,58.5762]]]},"properties":{"name":"Томская область","cartodb_id":18,"created_at":"2013-12-04T04:23:51+0100","updated_at":"2013-12-04T08:06:39+0100","name_latin":"Tomsk Oblast"}},{"type":"Feature","geometry":{"type":"Polygon","coordinates":[[[76.095,57.2355],[76.6979,57.2155],[76.9455,57.1697],[78.4634,57.165],[78.4403,57.1133],[79.5886,56.9232],[80.2635,56.4224],[81.2203,56.5376],[81.5734,56.2419],[81.9919,56.3335],[82.8093,56.4202],[82.808,56.5162],[83.1098,56.5495],[83.2888,56.443],[83.0648,56.2305],[83.377,55.9179],[83.2108,55.7303],[83.6157,55.6647],[83.9526,56.015],[84.4538,56.0431],[84.5391,55.7186],[84.7409,55.6414],[84.9272,55.1636],[84.8781,55.0202],[85.0881,54.8163],[84.8945,54.7285],[85.1169,54.4378],[84.5969,54.2549],[84.5501,54.1621],[84.2216,54.1912],[83.9556,54.1061],[83.5541,54.1092],[83.4883,53.9783],[83.1981,54.0658],[82.7149,53.7768],[82.5024,53.5472],[82.3222,53.5626],[81.7162,53.7716],[81.8312,53.9641],[81.5429,53.9331],[81.4757,54.0776],[81.1264,54.1145],[80.9517,54.3756],[80.7989,54.2562],[80.4651,54.1154],[79.877,53.9141],[79.4214,53.6796],[78.7078,53.6316],[78.6459,53.5125],[78.3339,53.479],[78.1079,53.5762],[77.9628,53.4873],[77.9072,53.2909],[76.54,54.0029],[76.4342,54.1209],[76.7573,54.1651],[76.8768,54.3017],[76.2625,54.3592],[76.2166,54.2625],[75.6885,54.1233],[75.6911,54.546],[75.8246,54.6664],[75.6389,54.8101],[75.3321,54.9112],[75.3685,55.0678],[75.1623,55.4471],[75.1155,55.686],[75.2624,55.8441],[75.7316,56.1126],[76.3066,56.1572],[76.0812,56.3254],[75.962,56.5075],[76.2891,56.697],[76.095,57.2355]]]},"properties":{"name":"Новосибирская область","cartodb_id":19,"created_at":"2013-12-04T04:23:51+0100","updated_at":"2013-12-04T08:06:47+0100","name_latin":"Novosibirsk Oblast"}},{"type":"Feature","geometry":{"type":"Polygon","coordinates":[[[42.6783,43.8097],[42.6602,43.9374],[42.3034,44.0291],[42.6086,44.3119],[42.0294,44.3528],[41.9332,44.4961],[41.7368,44.4731],[41.5897,44.5159],[41.4271,44.7085],[41.5599,44.7384],[41.6541,44.9863],[41.4565,44.9883],[41.3537,45.2231],[41.0361,45.2253],[40.9804,45.4225],[40.846,45.5169],[40.848,45.6942],[41.1672,45.6744],[41.1609,45.9517],[41.3942,45.9971],[41.7144,45.9824],[42.3199,45.9684],[42.5547,46.0064],[42.9138,46.2362],[43.3104,46.0899],[43.4697,45.9889],[43.9181,45.945],[44.1812,45.6354],[44.319,45.5513],[45.1938,45.2839],[45.5863,45.1211],[45.7051,44.9774],[45.6555,44.8037],[45.2267,44.4675],[45.4291,44.4288],[45.3715,44.2901],[45.5036,44.1758],[45.4875,44.0101],[45.4379,43.8756],[45.2002,43.8763],[45.0631,43.719],[44.8324,43.682],[44.7896,43.8171],[44.2914,43.8104],[44.2707,43.9173],[43.9203,44.0184],[43.7434,43.8212],[43.4739,43.8656],[43.3176,43.7995],[43.1477,43.8951],[42.9704,43.8973],[42.8547,43.8019],[42.6783,43.8097]]]},"properties":{"name":"Ставропольский край","cartodb_id":15,"created_at":"2013-12-04T04:23:51+0100","updated_at":"2013-12-04T04:32:15+0100","name_latin":"Stavropol Krai"}},{"type":"Feature","geometry":{"type":"Polygon","coordinates":[[[77.9072,53.2909],[77.9628,53.4873],[78.1079,53.5762],[78.3339,53.479],[78.6459,53.5125],[78.7078,53.6316],[79.4214,53.6796],[79.877,53.9141],[80.4651,54.1154],[80.7989,54.2562],[80.9517,54.3756],[81.1264,54.1145],[81.4757,54.0776],[81.5429,53.9331],[81.8312,53.9641],[81.7162,53.7716],[82.3222,53.5626],[82.5024,53.5472],[82.7149,53.7768],[83.1981,54.0658],[83.4883,53.9783],[83.5541,54.1092],[83.9556,54.1061],[84.2216,54.1912],[84.5501,54.1621],[84.5969,54.2549],[85.1169,54.4378],[85.4253,54.1873],[85.749,54.1643],[85.8713,54.0376],[86.1243,53.9829],[86.2958,53.8298],[86.3937,53.5973],[86.9049,53.4123],[86.6442,53.1805],[87.0634,53.0257],[86.9124,52.847],[87.1327,52.6176],[86.9379,52.6557],[86.6461,52.4956],[86.7811,52.2946],[86.7264,52.139],[86.4917,52.1287],[86.3957,52.0332],[85.9188,52.1057],[85.8536,51.8911],[85.7028,51.7325],[85.5029,51.7012],[85.4443,51.5634],[85.244,51.4992],[84.9959,51.5144],[84.7162,51.4268],[84.3866,51.2658],[84.2565,51.2826],[84.1207,51.0712],[84.2222,50.9874],[84.4907,50.9481],[84.5723,50.8146],[84.4737,50.6871],[84.0731,50.6349],[83.9717,50.7902],[83.6485,50.9482],[83.3029,51.0123],[82.9951,50.9126],[82.7738,50.9261],[82.6839,50.8007],[82.2338,50.7308],[81.8952,50.7977],[81.4565,50.7535],[81.4173,50.9719],[81.0657,50.9449],[81.1789,51.1598],[80.6787,51.3177],[80.4691,51.2055],[80.4832,50.9726],[80.1926,50.8963],[80.069,50.7426],[79.1799,51.9311],[78.8147,52.3174],[78.2821,52.9158],[77.9072,53.2909]]]},"properties":{"name":"Алтайский край","cartodb_id":17,"created_at":"2013-12-04T04:23:51+0100","updated_at":"2013-12-04T04:32:23+0100","name_latin":"Altai Krai"}},{"type":"Feature","geometry":{"type":"Polygon","coordinates":[[[37.045,55.1422],[36.9372,55.2414],[36.8161,55.5084],[37.4175,55.6808],[37.4094,55.8807],[37.7031,55.8934],[37.887,55.7052],[37.467,55.4134],[37.4053,55.2506],[37.045,55.1422]]]},"properties":{"name":"Москва","cartodb_id":42,"created_at":"2013-12-04T04:23:51+0100","updated_at":"2013-12-04T04:32:35+0100","name_latin":"Moscow"}},{"type":"Feature","geometry":{"type":"Polygon","coordinates":[[[99.2306,52.9632],[98.9375,52.9375],[98.9413,52.6717],[98.6305,52.415],[98.9692,52.1434],[98.8615,52.1361],[98.7643,51.8699],[98.354,51.7315],[98.2241,51.4567],[98.0501,51.4502],[97.8321,51.0292],[98.0309,50.861],[98.008,50.6692],[98.2647,50.5311],[98.3054,50.3559],[98.0699,50.0359],[97.6174,49.9413],[97.5002,49.8104],[97.2287,49.7445],[96.9996,49.8828],[96.7289,49.9273],[96.4184,49.8731],[96.2648,49.9769],[95.8528,50.0461],[95.5655,49.9482],[95.0826,49.9635],[94.9952,50.0407],[94.607,50.037],[94.3838,50.2395],[94.3363,50.533],[94.2221,50.5989],[93.7092,50.5852],[93.4499,50.6323],[93.0103,50.6062],[93.0089,50.7932],[92.7272,50.7165],[92.4587,50.79],[92.0592,50.6977],[91.8403,50.7353],[91.4028,50.4803],[90.903,50.4084],[90.2852,50.1109],[90.0023,50.0542],[89.9005,49.9542],[89.5915,49.9111],[89.5115,50.1193],[89.3438,50.2642],[89.4968,50.3639],[89.7073,50.3841],[89.8488,50.5265],[89.644,50.5813],[89.4665,50.7805],[89.0556,51.0464],[88.9673,51.2029],[89.0089,51.3943],[88.7915,51.5538],[89.4397,51.6068],[89.7096,51.5622],[89.9522,51.7555],[90.1434,52.1485],[90.4867,52.1959],[90.9131,51.9275],[91.2327,51.8945],[91.8044,51.8866],[92.0757,51.7731],[92.5296,51.7911],[92.8906,51.8436],[93.3378,52.1281],[93.6421,52.193],[93.7541,52.4277],[94.1029,52.6859],[94.1576,52.8307],[94.514,52.9095],[94.6254,53.1837],[94.6183,53.3311],[95.2128,53.4682],[95.3364,53.3765],[95.8075,53.4913],[96.6587,53.5642],[96.689,53.6458],[96.8876,53.7301],[97.3894,53.5441],[97.5895,53.3767],[97.8661,53.3467],[98.0028,53.2495],[98.3154,53.1864],[99.0142,53.1022],[99.2306,52.9632]]]},"properties":{"name":"Тыва","cartodb_id":76,"created_at":"2013-12-04T04:23:51+0100","updated_at":"2013-12-04T04:32:59+0100","name_latin":"Tuva Republic"}},{"type":"Feature","geometry":{"type":"Polygon","coordinates":[[[42.5208,51.5961],[42.3439,51.5877],[41.5852,51.7693],[41.0025,51.7162],[40.8457,51.922],[40.5341,51.9457],[40.637,52.1749],[40.5128,52.3549],[40.2934,52.392],[40.2266,52.501],[39.9767,52.5968],[40.0833,52.7546],[40.17,53.3121],[40.3689,53.3415],[40.7009,53.5559],[41.0421,53.4765],[41.3537,53.5256],[41.3697,53.7442],[41.5489,53.8119],[42.1445,53.8023],[42.1095,53.5153],[42.7549,53.0183],[42.9576,52.9309],[43.1936,52.7173],[43.0582,52.5594],[43.0397,52.3706],[42.7903,52.1838],[42.7126,51.8856],[42.5233,51.7213],[42.5208,51.5961]]]},"properties":{"name":"Тамбовская область","cartodb_id":73,"created_at":"2013-12-04T04:23:51+0100","updated_at":"2013-12-04T04:33:27+0100","name_latin":"Tambov Oblast"}},{"type":"Feature","geometry":{"type":"Polygon","coordinates":[[[59.3485,61.6638],[59.3276,61.8422],[59.4867,61.9461],[59.9725,61.8828],[59.9933,61.7184],[60.5146,61.7357],[61.2295,61.6545],[62.4836,61.261],[62.825,61.0013],[62.7602,60.8533],[62.8674,60.6538],[63.2257,60.2942],[63.1808,60.2245],[63.6059,60.1017],[63.795,59.8167],[63.8743,59.4613],[64.0205,59.3819],[64.4866,59.3768],[65.0743,59.3103],[65.2381,59.2045],[65.3715,58.9001],[65.6557,58.6585],[65.9502,58.6148],[66.0001,58.2487],[66.1849,58.011],[65.5341,57.7621],[65.4068,57.8258],[64.8331,57.6483],[64.9373,57.5554],[64.8272,57.2931],[65.0051,57.2338],[64.9825,57.0678],[65.2531,56.9205],[65.1697,56.764],[64.9271,56.7724],[64.5456,56.7888],[64.3504,56.6826],[64.1788,56.4607],[63.8294,56.4811],[63.4739,56.6116],[63.3151,56.5678],[62.9859,56.5979],[62.6029,56.4907],[62.4284,56.527],[62.0711,56.297],[62.0611,56.1308],[61.7346,56.2867],[61.0918,56.3192],[60.9639,56.191],[60.705,56.2427],[60.004,56.2206],[59.714,56.3235],[59.2888,56.3275],[59.0421,56.1684],[58.9606,56.0652],[58.5828,56.1652],[58.2571,56.1048],[57.9127,56.1066],[57.5083,56.1946],[57.4062,56.3427],[57.3233,56.3942],[57.3991,56.6405],[57.2294,56.856],[57.3158,56.9284],[57.6761,56.9205],[58.1036,57.1287],[57.9405,57.3164],[57.9857,57.5546],[58.1594,57.6798],[58.4469,57.6739],[58.5371,57.5641],[58.8313,57.7401],[58.5867,58.0415],[58.9247,58.281],[59.1862,58.2786],[59.4536,58.4781],[59.4156,58.6629],[59.1536,58.7175],[59.08,58.9061],[59.1968,59.1471],[58.6247,59.298],[58.3629,59.4646],[58.479,59.7117],[58.6934,59.8566],[58.9888,59.9076],[59.2184,60.4433],[59.3558,60.5215],[59.4827,60.8315],[59.3694,60.9684],[59.2575,61.313],[59.3692,61.3929],[59.3485,61.6638]]]},"properties":{"name":"Свердловская область","cartodb_id":72,"created_at":"2013-12-04T04:23:51+0100","updated_at":"2013-12-04T04:33:32+0100","name_latin":"Sverdlovsk Oblast"}},{"type":"Feature","geometry":{"type":"Polygon","coordinates":[[[84.2631,60.8625],[83.9497,60.8362],[83.4769,61.0357],[83.1567,61.0268],[82.3765,60.7069],[82.4096,60.6082],[82.1673,60.5163],[81.8795,60.6398],[81.4587,60.6071],[81.1042,60.642],[81.0524,60.7557],[80.7048,60.8028],[80.201,60.6753],[79.6746,60.6799],[79.3989,60.6358],[79.3082,60.7944],[78.7,60.8254],[78.4868,60.7646],[78.1954,60.8025],[77.97,60.7407],[77.7043,60.82],[77.1079,60.8584],[76.8292,60.4669],[76.8663,60.271],[76.7724,60.0657],[76.7403,59.7109],[76.6649,59.5712],[76.1772,59.53],[75.8412,59.2802],[75.6397,59.2116],[75.7276,59.0154],[75.6354,58.9123],[75.1313,58.6639],[74.7927,58.7289],[74.1753,58.7261],[73.7188,58.8562],[73.5001,58.8248],[73.0248,58.8749],[73.1,58.9517],[72.9112,59.154],[72.5534,59.1388],[72.4421,59.3],[72.0251,59.5517],[71.258,59.7887],[70.7431,59.8847],[70.3956,59.8393],[70.1345,59.9498],[69.6511,59.9098],[69.2678,59.9896],[69.0722,59.9047],[69.3085,59.7697],[68.7286,59.5684],[68.573,59.5883],[68.4028,59.3061],[68.1041,59.2106],[67.7938,59.2101],[67.6127,59.1049],[67.0522,58.9321],[66.7725,58.9233],[66.7852,58.6565],[66.2912,58.5949],[65.9502,58.6148],[65.6557,58.6585],[65.3715,58.9001],[65.2381,59.2045],[65.0743,59.3103],[64.4866,59.3768],[64.0205,59.3819],[63.8743,59.4613],[63.795,59.8167],[63.6059,60.1017],[63.1808,60.2245],[63.2257,60.2942],[62.8674,60.6538],[62.7602,60.8533],[62.825,61.0013],[62.4836,61.261],[61.2295,61.6545],[60.5146,61.7357],[59.9933,61.7184],[59.9725,61.8828],[59.4867,61.9461],[59.4001,62.1571],[59.6127,62.3664],[59.6252,62.5446],[59.4426,62.566],[59.4482,62.918],[59.2038,63.0276],[59.3663,63.2662],[59.5613,63.9086],[59.8369,64.0871],[59.5598,64.2477],[59.6512,64.4331],[59.5072,64.4904],[59.6759,64.8013],[60.0339,65.0283],[60.4175,65.0663],[60.6096,64.9205],[60.9482,65.0146],[61.6268,65.5619],[62.0004,65.7177],[62.2653,65.6323],[62.4542,65.3393],[62.8721,65.2906],[62.6952,64.8728],[62.8115,64.7364],[62.5576,64.5585],[62.9134,64.4677],[63.2473,64.5204],[63.4775,64.4561],[63.6113,64.2705],[64.0433,64.3594],[64.4823,64.3711],[64.6038,64.4427],[65.1786,64.4681],[65.3764,64.5552],[66.1978,64.5912],[66.7089,64.5545],[66.9899,64.4524],[66.8667,64.2031],[67.4689,64.0774],[67.8362,64.0479],[68.4488,64.2877],[68.9148,64.2259],[68.8585,64.4385],[69.2797,64.4756],[69.3968,64.3869],[69.8885,64.3217],[70.2935,64.3439],[70.6636,64.2389],[70.7665,64.1124],[70.5589,64.0153],[70.9227,63.7028],[71.4559,63.6833],[71.6455,63.1928],[72.1283,63.2968],[72.6631,63.2815],[73.0543,63.4268],[73.4982,63.188],[74.2532,63.173],[74.5243,63.0364],[74.9415,63.0253],[75.3126,63.0971],[75.8934,63.1065],[76.3401,62.9513],[76.6669,63.0348],[77.0253,62.9719],[77.1368,62.8114],[77.8704,62.5759],[78.0929,62.4641],[78.7395,62.6022],[79.8434,62.6086],[79.9083,62.785],[80.093,62.8179],[80.9219,63.1566],[81.3913,62.8169],[81.8413,62.6959],[82.1593,62.813],[82.7619,62.7494],[82.759,62.66],[83.0235,62.5263],[83.3242,62.458],[83.814,62.5699],[83.9995,62.4149],[84.2391,62.3815],[84.4253,62.2302],[84.5194,61.9278],[84.6779,61.8081],[85.0969,61.752],[85.4929,61.6172],[85.9611,61.5451],[85.6407,61.3671],[85.6966,61.2838],[84.2631,60.8625]]]},"properties":{"name":"Ханты-Мансийский автономный округ - Югра","cartodb_id":71,"created_at":"2013-12-04T04:23:51+0100","updated_at":"2013-12-04T04:33:44+0100","name_latin":"Khanty–Mansi Autonomous Okrug – Yugra"}},{"type":"Feature","geometry":{"type":"Polygon","coordinates":[[[75.1313,58.6639],[75.1082,58.5762],[74.6286,58.2883],[74.2196,58.1363],[73.1283,58.1553],[72.8676,58.0014],[72.1672,58.0147],[71.9902,58.1158],[71.2142,58.0542],[71.2378,58.3279],[71.0535,58.5111],[70.8528,58.5293],[70.4304,57.9522],[70.3923,57.7825],[70.5577,57.7187],[70.6857,57.5155],[70.4182,57.4151],[70.4588,57.2824],[70.7808,57.276],[71.065,57.3509],[71.1156,57.2024],[71.605,56.9329],[71.6773,56.7652],[71.3699,56.6318],[71.1205,56.653],[70.9282,56.3171],[70.7322,56.2531],[70.9024,56.1123],[70.8085,55.9026],[70.6026,55.8372],[70.5317,55.6944],[70.757,55.5847],[70.4396,55.4075],[70.4605,55.2797],[70.2294,55.1471],[69.9517,55.2097],[69.6838,55.3507],[69.4552,55.3421],[68.935,55.4398],[68.7143,55.3475],[68.1888,55.5891],[67.7943,55.7287],[67.4039,55.7279],[67.2783,55.9389],[66.7639,55.9756],[66.4518,55.9596],[66.1613,56.0686],[65.8419,56.069],[65.6831,56.2697],[65.122,56.3076],[64.9895,56.5184],[64.9271,56.7724],[65.1697,56.764],[65.2531,56.9205],[64.9825,57.0678],[65.0051,57.2338],[64.8272,57.2931],[64.9373,57.5554],[64.8331,57.6483],[65.4068,57.8258],[65.5341,57.7621],[66.1849,58.011],[66.0001,58.2487],[65.9502,58.6148],[66.2912,58.5949],[66.7852,58.6565],[66.7725,58.9233],[67.0522,58.9321],[67.6127,59.1049],[67.7938,59.2101],[68.1041,59.2106],[68.4028,59.3061],[68.573,59.5883],[68.7286,59.5684],[69.3085,59.7697],[69.0722,59.9047],[69.2678,59.9896],[69.6511,59.9098],[70.1345,59.9498],[70.3956,59.8393],[70.7431,59.8847],[71.258,59.7887],[72.0251,59.5517],[72.4421,59.3],[72.5534,59.1388],[72.9112,59.154],[73.1,58.9517],[73.0248,58.8749],[73.5001,58.8248],[73.7188,58.8562],[74.1753,58.7261],[74.7927,58.7289],[75.1313,58.6639]]]},"properties":{"name":"Тюменская область","cartodb_id":20,"created_at":"2013-12-04T04:23:51+0100","updated_at":"2013-12-04T08:06:53+0100","name_latin":"Tyumen Oblast"}},{"type":"Feature","geometry":{"type":"Polygon","coordinates":[[[38.3181,56.6586],[38.5317,56.5902],[38.8419,56.6055],[38.9724,56.5352],[39.273,56.5367],[39.402,56.771],[39.9009,56.7702],[39.8691,56.6247],[40.2255,56.4398],[40.4906,56.5837],[40.7672,56.5944],[40.918,56.5035],[41.9485,56.4816],[42.6142,56.4067],[42.726,56.3664],[42.8718,56.1382],[42.3933,55.7885],[42.0648,55.5874],[42.1669,55.444],[42.0167,55.3774],[41.7959,55.1037],[41.4434,55.1455],[41.2945,55.2335],[40.9934,55.257],[40.613,55.2178],[40.1909,55.365],[40.1678,55.5266],[39.8865,55.761],[39.8891,55.8332],[39.4028,55.7858],[39.2804,55.851],[38.8384,55.9148],[38.576,55.9987],[38.4463,56.3865],[38.2738,56.5318],[38.3181,56.6586]]]},"properties":{"name":"Владимирская область","cartodb_id":22,"created_at":"2013-12-04T04:23:51+0100","updated_at":"2013-12-04T08:07:07+0100","name_latin":"Vladimir Oblast"}},{"type":"Feature","geometry":{"type":"Polygon","coordinates":[[[37.045,55.1422],[37.4053,55.2506],[37.467,55.4134],[37.887,55.7052],[37.7031,55.8934],[37.4094,55.8807],[37.4175,55.6808],[36.8161,55.5084],[36.9372,55.2414],[36.4174,55.304],[36.1153,55.1847],[35.7412,55.2956],[35.3342,55.2718],[35.3308,55.7926],[35.1485,55.9575],[35.3047,56.0583],[35.3158,56.228],[35.5023,56.2595],[35.4343,56.4587],[36.0122,56.3782],[36.5424,56.4738],[36.8131,56.5791],[37.0984,56.5405],[37.1673,56.7796],[37.483,56.7877],[37.5482,56.9184],[37.7582,56.95],[38.2443,56.7935],[38.3181,56.6586],[38.2738,56.5318],[38.4463,56.3865],[38.576,55.9987],[38.8384,55.9148],[39.2804,55.851],[39.4028,55.7858],[39.8891,55.8332],[39.8865,55.761],[40.1678,55.5266],[40.1909,55.365],[40.1546,55.2644],[39.8379,55.2045],[39.8043,55.0052],[39.5175,54.9839],[39.2261,54.6357],[38.8268,54.6064],[38.666,54.2567],[38.3772,54.5268],[37.9385,54.8497],[37.7584,54.743],[37.563,54.7423],[37.272,54.8398],[37.045,55.1422]]]},"properties":{"name":"Московская область","cartodb_id":23,"created_at":"2013-12-04T04:23:51+0100","updated_at":"2013-12-04T08:07:12+0100","name_latin":"Moscow Oblast"}},{"type":"Feature","geometry":{"type":"Polygon","coordinates":[[[41.401,50.2028],[41.5223,50.3623],[41.3475,50.7103],[41.4718,50.9498],[41.7508,51.0062],[41.9281,51.1941],[42.0873,51.148],[42.5955,51.1531],[42.8809,51.233],[43.3571,50.9988],[43.9163,51.1606],[44.4994,51.2052],[44.994,51.1468],[45.1886,51.0444],[45.3262,50.8609],[45.1926,50.5856],[45.7057,50.5825],[45.7442,50.7573],[46.0341,50.6651],[46.0672,50.5315],[46.4546,50.5564],[46.5681,50.6905],[46.8566,50.641],[46.9115,50.4899],[47.2053,50.509],[47.4308,50.3768],[47.2574,50.1916],[47.3527,50.094],[47.182,49.935],[46.902,49.863],[46.7797,49.338],[46.9918,49.235],[47.0291,49.0884],[46.7795,48.952],[46.6271,48.6791],[46.3294,48.8627],[46.06,48.9052],[45.7156,48.6491],[45.3266,48.5491],[45.0141,48.425],[44.9595,48.2709],[44.8098,48.0506],[44.5415,48.0499],[44.5442,48.1881],[44.3264,48.2388],[44.3554,47.854],[44.0826,47.8994],[43.9458,47.7531],[43.7148,47.7176],[43.7112,47.4742],[43.3146,47.4476],[42.9255,47.5191],[42.7202,47.8759],[42.5252,48.0186],[42.0462,48.0271],[42.181,48.2769],[42.0857,48.4157],[42.3173,48.516],[42.7045,48.5866],[42.7451,48.7743],[42.6826,48.9359],[42.418,49.0033],[42.3398,49.1393],[42.0211,49.1338],[42.0815,49.5125],[42.1844,49.6757],[41.8777,49.9073],[41.6174,49.9596],[41.401,50.2028]]]},"properties":{"name":"Волгоградская область","cartodb_id":29,"created_at":"2013-12-04T04:23:51+0100","updated_at":"2013-12-04T08:07:56+0100","name_latin":"Volgograd Oblast"}},{"type":"Feature","geometry":{"type":"Polygon","coordinates":[[[50.7685,51.7735],[51.3914,52.0693],[51.3845,52.3577],[51.5482,52.4621],[51.5305,52.632],[51.7201,52.6519],[51.9136,52.9713],[52.1623,53.0878],[52.1269,53.2332],[52.2119,53.3808],[52.1888,53.5559],[52.4789,54.0705],[52.3109,54.1766],[52.5683,54.3401],[52.9224,54.2687],[53.0837,54.0923],[53.5006,54.0561],[53.6446,53.7535],[53.8508,53.684],[54.0748,53.4417],[54.5476,53.3552],[54.552,53.2632],[54.9271,53.2111],[55.1395,52.8144],[55.3488,52.8514],[55.3673,52.6831],[55.5,52.462],[55.7734,52.3458],[55.8482,52.4703],[56.1485,52.6323],[56.4324,52.4284],[56.4874,52.1693],[56.7046,52.0601],[56.6108,51.8271],[56.7711,51.6666],[56.9969,51.7205],[57.1605,51.5757],[57.3058,51.6071],[57.6109,51.7851],[57.9124,51.8358],[58.1883,51.7334],[58.5749,51.7717],[58.6556,51.893],[58.6167,52.1366],[58.9454,52.3397],[58.8549,52.4258],[59.1657,52.2765],[59.2492,52.4766],[59.6776,52.4087],[60.163,52.4001],[60.1739,52.2603],[59.9681,52.1519],[60.0096,51.9938],[60.5192,51.7763],[60.5388,51.6167],[60.9302,51.6143],[61.0191,51.4683],[61.4972,51.411],[61.5718,51.2383],[61.4486,50.8061],[60.8115,50.6556],[60.3255,50.6671],[60.0358,50.8454],[59.9901,50.6828],[59.7739,50.5443],[59.5165,50.533],[59.4219,50.6411],[58.8741,50.7032],[58.6599,50.8108],[58.6205,51.0245],[58.3218,51.1625],[57.9548,51.0894],[57.7721,51.1386],[57.7497,50.9435],[57.3328,50.9454],[57.1497,51.0861],[56.704,51.0775],[56.6308,50.9857],[56.3753,50.9037],[56.1856,50.9378],[56.1449,50.7567],[55.7124,50.5576],[55.3758,50.6541],[55.1266,50.8742],[54.5999,51.0309],[54.719,50.6077],[54.5106,50.5389],[54.4145,50.6205],[54.5325,50.8515],[54.2949,50.9019],[54.124,51.1136],[53.7241,51.2136],[53.6283,51.392],[53.3513,51.5112],[52.5965,51.4543],[52.3336,51.7434],[52.0902,51.6588],[51.8633,51.6737],[51.6582,51.5045],[51.4351,51.4773],[51.3832,51.6438],[51.2578,51.6909],[50.8919,51.6884],[50.7685,51.7735]]]},"properties":{"name":"Оренбургская область","cartodb_id":30,"created_at":"2013-12-04T04:23:51+0100","updated_at":"2013-12-04T08:08:03+0100","name_latin":"Orenburg Oblast"}},{"type":"Feature","geometry":{"type":"Polygon","coordinates":[[[52.5683,54.3401],[52.3109,54.1766],[52.4789,54.0705],[52.1888,53.5559],[52.2119,53.3808],[52.1269,53.2332],[52.1623,53.0878],[51.9136,52.9713],[51.7201,52.6519],[51.5305,52.632],[51.5482,52.4621],[51.3845,52.3577],[51.3914,52.0693],[50.7685,51.7735],[50.7017,51.933],[50.3524,51.9815],[49.9858,52.1717],[49.7982,52.1723],[49.5202,52.3958],[49.3103,52.4008],[49.1715,52.4998],[48.9123,52.4685],[48.6932,52.6391],[48.3495,52.663],[48.4286,52.8144],[48.3598,52.9573],[47.9368,53.362],[48.0358,53.4713],[48.3695,53.4741],[48.5686,53.7324],[48.9948,53.7066],[48.9947,53.8723],[49.7033,53.8302],[50.1823,54.0237],[50.2389,54.2959],[50.0925,54.5066],[50.3867,54.4849],[50.5213,54.3249],[50.7364,54.4047],[50.9544,54.3921],[51.0084,54.5494],[51.2282,54.6316],[51.9379,54.5165],[51.9424,54.442],[52.5021,54.4591],[52.5683,54.3401]]]},"properties":{"name":"Самарская область","cartodb_id":31,"created_at":"2013-12-04T04:23:51+0100","updated_at":"2013-12-04T08:08:11+0100","name_latin":"Samara Oblast"}},{"type":"Feature","geometry":{"type":"Polygon","coordinates":[[[44.9595,48.2709],[45.0141,48.425],[45.3266,48.5491],[45.7156,48.6491],[46.06,48.9052],[46.3294,48.8627],[46.6271,48.6791],[46.4923,48.4372],[47.1246,48.2697],[47.0521,47.9903],[47.1952,47.7611],[47.4145,47.8317],[47.6712,47.7563],[48.1166,47.7504],[48.4462,47.4191],[48.5168,47.4124],[48.7206,47.0786],[49.018,46.7629],[48.7502,46.6867],[48.514,46.7365],[48.5625,46.5596],[49.1542,46.3854],[49.318,46.2753],[49.3257,46.1365],[49.152,46.0189],[48.8103,45.8952],[48.6812,45.6025],[48.2689,45.6981],[48.0877,45.6345],[47.8913,45.6968],[47.8349,45.544],[47.5185,45.6572],[46.9703,45.6218],[46.8137,45.5679],[46.5014,45.6801],[46.2878,45.9191],[46.461,45.9723],[46.4499,46.1717],[46.6635,46.4408],[46.9664,46.4458],[46.8658,46.6194],[46.9578,46.7184],[46.9618,46.9738],[46.74,47.0733],[46.5374,47.403],[46.2674,47.4202],[46.0147,47.5601],[45.7397,47.8303],[45.7092,48.0316],[45.5385,48.0002],[45.2629,48.1053],[45.1633,48.2207],[44.9595,48.2709]]]},"properties":{"name":"Астраханская область","cartodb_id":33,"created_at":"2013-12-04T04:23:51+0100","updated_at":"2013-12-04T08:08:29+0100","name_latin":"Astrakhan Oblast"}},{"type":"Feature","geometry":{"type":"Polygon","coordinates":[[[38.684,44.9514],[38.8977,45.0538],[39.076,44.9787],[39.3761,45.0566],[39.5443,45.1871],[39.9001,45.0967],[40.2808,45.1039],[40.5278,44.9335],[40.3403,44.627],[40.4829,44.3154],[40.3598,44.2467],[40.477,43.9588],[40.3657,43.7733],[39.7778,43.9618],[39.865,44.1843],[40.0876,44.1787],[39.8791,44.3965],[39.8962,44.6618],[40.029,44.747],[39.8849,45.0232],[39.6924,44.9514],[39.5563,44.8069],[39.0908,44.8172],[38.684,44.9514]]]},"properties":{"name":"Адыгея","cartodb_id":37,"created_at":"2013-12-04T04:23:51+0100","updated_at":"2013-12-04T08:09:06+0100","name_latin":"Republic of Adygea"}},{"type":"Feature","geometry":{"type":"Polygon","coordinates":[[[45.7051,44.9774],[45.5863,45.1211],[45.1938,45.2839],[44.319,45.5513],[44.1812,45.6354],[43.9181,45.945],[43.4697,45.9889],[43.3104,46.0899],[42.9138,46.2362],[42.5547,46.0064],[42.3199,45.9684],[41.7144,45.9824],[41.6378,46.1761],[41.863,46.1439],[42.1009,46.3742],[42.0448,46.534],[42.3971,46.5111],[42.5985,46.3839],[42.9317,46.4469],[43.3331,46.1692],[43.6232,46.1778],[43.7458,46.3634],[43.8949,46.3003],[43.9153,46.7151],[44.2564,46.8991],[44.3192,47.1409],[44.3108,47.4785],[43.9641,47.4002],[43.7935,47.2678],[43.7112,47.4742],[43.7148,47.7176],[43.9458,47.7531],[44.0826,47.8994],[44.3554,47.854],[44.3264,48.2388],[44.5442,48.1881],[44.5415,48.0499],[44.8098,48.0506],[44.9595,48.2709],[45.1633,48.2207],[45.2629,48.1053],[45.5385,48.0002],[45.7092,48.0316],[45.7397,47.8303],[46.0147,47.5601],[46.2674,47.4202],[46.5374,47.403],[46.74,47.0733],[46.9618,46.9738],[46.9578,46.7184],[46.8658,46.6194],[46.9664,46.4458],[46.6635,46.4408],[46.4499,46.1717],[46.461,45.9723],[46.2878,45.9191],[46.5014,45.6801],[46.8137,45.5679],[46.9703,45.6218],[47.5185,45.6572],[47.5366,45.6183],[47.5254,45.5163],[47.2773,45.2408],[47.1997,45.0216],[47.0692,44.8391],[46.895,44.8121],[46.5046,44.9343],[45.7051,44.9774]]]},"properties":{"name":"Республика Калмыкия","cartodb_id":38,"created_at":"2013-12-04T04:23:51+0100","updated_at":"2013-12-04T08:09:18+0100","name_latin":"Republic of Kalmykia"}},{"type":"Feature","geometry":{"type":"Polygon","coordinates":[[[41.7368,44.4731],[41.6337,44.3779],[41.6989,44.1712],[41.4798,44.0009],[41.264,44.095],[41.0848,44.0947],[40.803,43.9177],[40.7228,43.7949],[40.7136,43.5328],[40.5663,43.5192],[40.2422,43.5865],[40.0907,43.5556],[40.0085,43.3853],[39.4607,43.7889],[38.9975,44.1617],[38.7931,44.2799],[38.2213,44.4119],[37.9306,44.6447],[37.5479,44.6764],[37.3808,44.7566],[37.2603,44.9746],[36.6208,45.2109],[36.8651,45.2493],[37.1005,45.3585],[37.3258,45.3299],[37.5969,45.4533],[37.6493,45.6864],[37.8383,45.7614],[37.988,46.0434],[38.2447,46.1599],[38.2831,46.2696],[38.0972,46.3972],[37.8867,46.4326],[37.7505,46.666],[38.0462,46.642],[38.4423,46.8456],[38.6858,46.8707],[38.8959,46.8264],[38.9021,46.6348],[39.2091,46.6206],[39.2626,46.7943],[40.0632,46.7719],[40.0643,46.5343],[40.2215,46.5378],[40.3241,46.283],[40.7435,46.2855],[40.9257,46.23],[41.1609,45.9517],[41.1672,45.6744],[40.848,45.6942],[40.846,45.5169],[40.9804,45.4225],[41.0361,45.2253],[41.3537,45.2231],[41.4565,44.9883],[41.6541,44.9863],[41.5599,44.7384],[41.4271,44.7085],[41.5897,44.5159],[41.7368,44.4731]],[[38.684,44.9514],[39.0908,44.8172],[39.5563,44.8069],[39.6924,44.9514],[39.8849,45.0232],[40.029,44.747],[39.8962,44.6618],[39.8791,44.3965],[40.0876,44.1787],[39.865,44.1843],[39.7778,43.9618],[40.3657,43.7733],[40.477,43.9588],[40.3598,44.2467],[40.4829,44.3154],[40.3403,44.627],[40.5278,44.9335],[40.2808,45.1039],[39.9001,45.0967],[39.5443,45.1871],[39.3761,45.0566],[39.076,44.9787],[38.8977,45.0538],[38.684,44.9514]]]},"properties":{"name":"Краснодарский край","cartodb_id":39,"created_at":"2013-12-04T04:23:51+0100","updated_at":"2013-12-04T08:09:28+0100","name_latin":"Krasnodar Krai"}},{"type":"Feature","geometry":{"type":"Polygon","coordinates":[[[40.1354,49.6171],[40.5491,49.5809],[40.637,49.673],[40.9216,49.7006],[41.0821,49.9434],[41.2978,50.0215],[41.401,50.2028],[41.6174,49.9596],[41.8777,49.9073],[42.1844,49.6757],[42.0815,49.5125],[42.0211,49.1338],[42.3398,49.1393],[42.418,49.0033],[42.6826,48.9359],[42.7451,48.7743],[42.7045,48.5866],[42.3173,48.516],[42.0857,48.4157],[42.181,48.2769],[42.0462,48.0271],[42.5252,48.0186],[42.7202,47.8759],[42.9255,47.5191],[43.3146,47.4476],[43.7112,47.4742],[43.7935,47.2678],[43.9641,47.4002],[44.3108,47.4785],[44.3192,47.1409],[44.2564,46.8991],[43.9153,46.7151],[43.8949,46.3003],[43.7458,46.3634],[43.6232,46.1778],[43.3331,46.1692],[42.9317,46.4469],[42.5985,46.3839],[42.3971,46.5111],[42.0448,46.534],[42.1009,46.3742],[41.863,46.1439],[41.6378,46.1761],[41.7144,45.9824],[41.3942,45.9971],[41.1609,45.9517],[40.9257,46.23],[40.7435,46.2855],[40.3241,46.283],[40.2215,46.5378],[40.0643,46.5343],[40.0632,46.7719],[39.2626,46.7943],[39.2091,46.6206],[38.9021,46.6348],[38.8959,46.8264],[38.6858,46.8707],[39.2483,47.0916],[39.1966,47.2842],[38.9547,47.2688],[38.8654,47.1738],[38.2313,47.1196],[38.2208,47.3054],[38.351,47.6162],[38.6159,47.6437],[38.79,47.737],[38.8769,47.8759],[39.1494,47.842],[39.3874,47.871],[39.7376,47.8278],[39.9369,48.1807],[39.9425,48.3466],[39.8484,48.5695],[39.6605,48.6077],[39.8524,48.8905],[39.7674,49.0402],[39.938,49.0823],[40.1962,49.2397],[40.2004,49.346],[40.0295,49.4536],[40.1354,49.6171]]]},"properties":{"name":"Ростовская область","cartodb_id":40,"created_at":"2013-12-04T04:23:51+0100","updated_at":"2013-12-04T08:09:41+0100","name_latin":"Rostov Oblast"}},{"type":"Feature","geometry":{"type":"Polygon","coordinates":[[[35.9603,69.1597],[36.2878,69.0967],[37.9815,68.5691],[38.09,68.4912],[38.7496,68.3262],[39.4179,68.0916],[39.866,68.035],[40.6572,67.8014],[41.0374,67.6339],[40.9812,67.4684],[41.0808,67.2555],[41.3526,67.193],[41.2208,66.8294],[40.5578,66.4509],[39.9973,66.2543],[39.1052,66.1016],[38.2738,66.0578],[37.5611,66.1364],[37.1686,66.2379],[36.5181,66.276],[35.5539,66.3837],[34.905,66.5937],[34.4576,66.5423],[34.3769,66.6553],[33.5215,66.7128],[33.1658,66.8222],[32.6103,67.1203],[32.5326,66.8791],[32.7084,66.7863],[33.2608,66.6591],[33.3949,66.5343],[32.5573,66.5761],[32.3427,66.3454],[31.83,66.3714],[31.6212,66.5024],[31.5759,66.654],[29.3221,66.6629],[29.0608,66.8527],[29.0735,66.9958],[29.9305,67.5228],[30.0173,67.6736],[29.6588,67.8029],[29.3265,68.0748],[28.6461,68.196],[28.4341,68.5398],[28.8007,68.8693],[28.4945,68.9302],[29.2422,69.1131],[29.2861,69.2941],[29.573,69.3185],[30.516,69.5404],[30.8639,69.5367],[30.8277,69.7912],[31.6862,69.7052],[32.0564,69.9454],[32.5355,69.7914],[33.0691,69.7454],[33.0864,69.6406],[32.5363,69.4864],[33.497,69.403],[33.7646,69.2941],[34.069,69.3876],[35.162,69.1845],[35.3752,69.2294],[35.9603,69.1597]]]},"properties":{"name":"Мурманская область","cartodb_id":43,"created_at":"2013-12-04T04:23:51+0100","updated_at":"2013-12-04T08:09:53+0100","name_latin":"Murmansk Oblast"}},{"type":"Feature","geometry":{"type":"Polygon","coordinates":[[[30.9788,56.9699],[30.7725,56.7645],[31.0219,56.6444],[31.0426,56.4682],[31.229,56.3384],[31.5093,56.3078],[31.3639,55.9682],[31.4831,55.7186],[31.0382,55.7589],[30.9316,55.6232],[30.7586,55.6036],[30.2753,55.8622],[29.8996,55.861],[29.5856,55.759],[29.3604,55.7974],[29.4463,55.9586],[29.0882,56.0341],[28.8098,55.9724],[28.5498,56.1145],[28.2938,56.0662],[28.2417,56.2789],[27.7191,57.0931],[27.8702,57.2898],[27.3525,57.5187],[27.6564,57.9553],[27.491,58.2246],[27.553,58.3663],[27.3573,58.7872],[27.918,59.0212],[28.3735,58.8784],[28.9735,58.8051],[29.4232,58.5903],[29.5971,58.4582],[29.9135,58.3905],[29.6289,58.1009],[30.0718,57.9582],[30.5446,57.864],[30.4523,57.688],[30.6806,57.6441],[30.4234,57.4242],[30.7457,57.2632],[30.6757,57.0042],[30.9788,56.9699]]]},"properties":{"name":"Псковская область","cartodb_id":44,"created_at":"2013-12-04T04:23:51+0100","updated_at":"2013-12-04T08:10:03+0100","name_latin":"Pskov Oblast"}},{"type":"Feature","geometry":{"type":"Polygon","coordinates":[[[29.6476,59.9298],[30.0315,59.8617],[29.9222,60.1463],[30.4684,60.0334],[30.5765,59.73],[30.3007,59.7474],[29.6476,59.9298]]]},"properties":{"name":"Санкт-Петербург","cartodb_id":45,"created_at":"2013-12-04T04:23:51+0100","updated_at":"2013-12-04T08:10:10+0100","name_latin":"Saint Petersburg"}},{"type":"Feature","geometry":{"type":"Polygon","coordinates":[[[42.4427,54.8252],[42.4336,54.7936],[42.4443,54.7984],[42.8855,54.7671],[43.1159,54.7944],[43.243,54.9196],[43.5908,54.9027],[43.8611,54.805],[44.0684,54.6486],[44.6267,54.5562],[44.908,54.4635],[45.1399,54.4895],[45.0183,54.7053],[45.2307,54.8773],[45.4268,54.8855],[45.4226,55.038],[45.6402,55.1779],[45.7521,55.0679],[46.061,55.0476],[46.4106,54.8741],[46.4417,54.7614],[46.534,54.3987],[46.3239,54.1901],[45.9699,54.1381],[45.8136,53.9757],[45.3572,53.8701],[45.1765,53.9715],[44.8315,53.9633],[44.6076,53.8812],[44.7152,53.6801],[44.4589,53.664],[43.9275,53.7707],[43.9238,53.8738],[43.5353,54.0144],[43.1268,53.9773],[42.932,53.7955],[42.3502,53.8537],[42.4172,54.1031],[42.5835,54.1778],[42.4777,54.2991],[42.6489,54.5879],[42.4398,54.7097],[42.3891,54.7897],[42.4427,54.8252]]]},"properties":{"name":"Республика Мордовия","cartodb_id":48,"created_at":"2013-12-04T04:23:51+0100","updated_at":"2013-12-04T08:10:41+0100","name_latin":"Republic of Mordovia"}},{"type":"Feature","geometry":{"type":"Polygon","coordinates":[[[53.5006,54.0561],[53.0837,54.0923],[52.9224,54.2687],[52.5683,54.3401],[52.5021,54.4591],[51.9424,54.442],[51.9379,54.5165],[51.2282,54.6316],[51.0084,54.5494],[50.9544,54.3921],[50.7364,54.4047],[50.5213,54.3249],[50.3867,54.4849],[50.0925,54.5066],[49.5812,54.6151],[49.4761,54.7785],[49.2883,54.8914],[49.0904,54.7885],[48.8818,54.796],[48.8817,54.6252],[48.4652,54.6252],[48.2495,54.718],[47.7178,54.735],[47.6165,54.5575],[47.3556,54.6274],[47.2908,54.6743],[47.2679,54.6735],[47.4505,54.8615],[47.7226,54.8589],[47.9762,54.9528],[48.1077,55.1459],[48.0162,55.2848],[47.7804,55.3331],[48.084,55.6948],[48.4062,55.8257],[48.6662,55.9384],[48.9477,56.139],[49.0516,56.3448],[49.3128,56.3325],[49.5694,56.5029],[49.9465,56.4289],[50.0814,56.6112],[50.4305,56.6086],[50.631,56.3383],[50.8271,56.3472],[50.8755,56.1962],[51.3088,56.0783],[51.444,56.1274],[51.4174,55.9602],[51.7626,55.9221],[51.9525,55.9899],[52.5587,56.0355],[52.6993,55.9991],[52.847,56.1875],[52.5553,56.2429],[52.8124,56.3973],[53.0641,56.1298],[53.3328,56.0621],[53.3067,56.2504],[53.5753,56.237],[53.414,55.8585],[53.6973,55.9251],[53.8795,55.887],[54.2408,55.6769],[53.9661,55.5292],[53.8827,55.3707],[53.3187,55.1622],[53.6192,54.7474],[53.4379,54.5718],[53.4045,54.3971],[53.5006,54.0561]]]},"properties":{"name":"Татарстан","cartodb_id":50,"created_at":"2013-12-04T04:23:51+0100","updated_at":"2013-12-04T08:10:49+0100","name_latin":"Republic of Tatarstan"}},{"type":"Feature","geometry":{"type":"Polygon","coordinates":[[[51.444,56.1274],[51.3088,56.0783],[50.8755,56.1962],[50.8271,56.3472],[50.631,56.3383],[50.4305,56.6086],[50.0814,56.6112],[50.041,56.8522],[49.7678,56.8736],[49.65,57.066],[49.2771,57.0339],[49.0027,57.1246],[48.5811,57.1721],[48.27,57.1337],[48.1421,56.9958],[47.7689,57.0016],[47.2614,56.8073],[47.0951,56.9266],[46.7215,56.9634],[46.7177,57.2855],[46.9024,57.5157],[47.2367,57.5547],[47.4814,57.5152],[47.7326,57.9338],[47.2969,58.0157],[46.5852,58.0278],[46.3449,58.0622],[46.3949,58.3751],[46.5793,58.3991],[46.6611,58.5703],[47.0179,58.6186],[47.0771,58.7566],[47.4929,58.8953],[47.5187,59.0608],[47.2094,59.2012],[47.0489,59.3693],[47.1178,59.599],[47.1529,59.7522],[46.9223,59.7655],[46.835,60.0542],[46.3781,60.1286],[46.4158,60.2689],[46.763,60.2337],[46.7585,60.3648],[47.0131,60.6245],[47.0722,60.8445],[47.1932,61.0674],[47.8972,61.0168],[47.9665,60.8792],[48.4197,60.8372],[48.5607,60.5515],[48.5305,60.4004],[48.7696,60.3161],[48.4922,60.1952],[48.5232,59.7068],[49.1015,59.6617],[49.1512,59.5071],[49.5688,59.3923],[49.5198,59.2161],[49.8154,59.2102],[49.8594,59.6553],[49.9887,59.7784],[50.831,59.8633],[51.1791,60.0489],[51.5513,59.9415],[52.0655,60.3085],[52.3173,60.2272],[52.4445,60.1849],[53.3726,60.1556],[53.6256,60.1142],[53.6858,60.0015],[53.5978,59.6874],[53.4497,59.7028],[53.3571,59.4616],[53.2227,59.3585],[53.384,59.1527],[53.9029,59.0868],[53.7536,58.9647],[53.9054,58.7549],[53.7803,58.722],[53.6209,58.4743],[53.3737,58.3843],[53.1795,58.5007],[52.8927,58.5336],[52.8431,58.3929],[51.9647,58.4531],[51.7945,58.3396],[51.8246,57.9139],[51.9542,57.7669],[51.8323,57.5714],[51.5301,57.4583],[51.1653,57.4408],[51.1242,57.2433],[51.4834,56.7991],[51.3932,56.6669],[51.1804,56.6846],[51.1376,56.5292],[51.4038,56.2863],[51.444,56.1274]]]},"properties":{"name":"Кировская область","cartodb_id":52,"created_at":"2013-12-04T04:23:51+0100","updated_at":"2013-12-04T08:11:08+0100","name_latin":"Kirov Oblast"}},{"type":"Feature","geometry":{"type":"Polygon","coordinates":[[[47.1178,59.599],[47.0489,59.3693],[47.2094,59.2012],[47.5187,59.0608],[47.4929,58.8953],[47.0771,58.7566],[47.0179,58.6186],[46.6611,58.5703],[46.5793,58.3991],[46.3949,58.3751],[46.3449,58.0622],[45.2935,58.0321],[44.869,58.0767],[44.8808,57.8819],[44.739,57.6974],[44.5971,57.7009],[44.3653,57.5283],[43.8534,57.4175],[43.4677,57.5914],[43.3046,57.4289],[42.8955,57.3711],[42.8147,57.4295],[42.8837,57.6547],[42.124,57.5593],[41.8957,57.6934],[41.5992,57.7368],[41.5674,57.4525],[41.1394,57.4093],[41.0574,57.3441],[40.4305,57.2858],[40.4056,57.4935],[40.7073,57.6258],[40.6383,57.8645],[40.8091,58.0066],[40.8821,58.1787],[41.1897,58.3504],[40.9301,58.5763],[41.2305,58.7412],[41.172,58.9318],[41.7144,59.0849],[42.0013,59.1047],[41.9514,59.2611],[42.0349,59.4295],[42.3484,59.3046],[42.5738,59.3299],[42.7997,59.17],[43.4207,59.2913],[44.0907,59.2341],[44.1902,59.1701],[45.0396,59.1218],[45.3405,59.216],[45.979,59.1716],[46.0203,59.3239],[46.3689,59.3432],[46.4089,59.6186],[47.1178,59.599]]]},"properties":{"name":"Костромская область","cartodb_id":53,"created_at":"2013-12-04T04:23:51+0100","updated_at":"2013-12-04T08:11:14+0100","name_latin":"Kostroma Oblast"}},{"type":"Feature","geometry":{"type":"Polygon","coordinates":[[[38.2443,56.7935],[37.7582,56.95],[37.5482,56.9184],[37.483,56.7877],[37.1673,56.7796],[37.0984,56.5405],[36.8131,56.5791],[36.5424,56.4738],[36.0122,56.3782],[35.4343,56.4587],[35.5023,56.2595],[35.3158,56.228],[35.3047,56.0583],[35.1485,55.9575],[34.9253,55.9848],[34.5394,55.9314],[34.3815,56.0227],[33.877,56.0544],[33.6509,55.9564],[33.5335,55.7738],[32.8428,55.6534],[32.4583,55.7097],[32.0952,55.6706],[32.0353,55.7662],[31.4831,55.7186],[31.3639,55.9682],[31.5093,56.3078],[31.229,56.3384],[31.0426,56.4682],[31.0219,56.6444],[30.7725,56.7645],[30.9788,56.9699],[31.3962,56.9094],[31.7253,57.092],[32.0017,57.1138],[32.5826,57.3208],[32.7069,57.434],[33.0784,57.4661],[33.3066,57.6485],[33.5931,57.7276],[33.684,57.9056],[33.6171,58.1221],[34.1708,58.2128],[34.7215,58.0903],[34.749,58.2236],[35.0509,58.1946],[35.2572,58.2742],[35.3313,58.4124],[35.5513,58.4569],[35.9396,58.423],[36.1817,58.5117],[36.5031,58.5155],[36.7654,58.8009],[37.071,58.8631],[37.414,58.5835],[37.6282,58.4829],[37.3686,58.3384],[37.3843,58.2028],[37.6052,58.077],[37.38,57.8375],[37.8577,57.5797],[37.8006,57.5013],[38.2427,57.1173],[38.2443,56.7935]]]},"properties":{"name":"Тверская область","cartodb_id":54,"created_at":"2013-12-04T04:23:51+0100","updated_at":"2013-12-04T08:11:22+0100","name_latin":"Tver Oblast"}},{"type":"Feature","geometry":{"type":"Polygon","coordinates":[[[37.272,54.8398],[37.563,54.7423],[37.7584,54.743],[37.9385,54.8497],[38.3772,54.5268],[38.666,54.2567],[38.6826,54.0888],[38.8748,53.9467],[38.9378,53.5748],[38.7223,53.5285],[38.7638,53.3575],[38.5289,53.3022],[38.671,53.1296],[38.4677,53.0284],[38.1223,53.0544],[37.8665,53.0122],[37.6489,53.0963],[37.5905,53.2789],[37.1581,53.258],[36.7841,53.2958],[35.9912,53.6263],[35.9215,53.8512],[36.1284,53.9648],[36.1154,54.1086],[36.5452,54.2774],[36.9668,54.2917],[36.8903,54.4605],[37.1426,54.5694],[37.272,54.8398]]]},"properties":{"name":"Тульская область","cartodb_id":65,"created_at":"2013-12-04T04:23:51+0100","updated_at":"2013-12-04T08:13:07+0100","name_latin":"Tula Oblast"}},{"type":"Feature","geometry":{"type":"Polygon","coordinates":[[[36.9372,55.2414],[37.045,55.1422],[37.272,54.8398],[37.1426,54.5694],[36.8903,54.4605],[36.9668,54.2917],[36.5452,54.2774],[36.1154,54.1086],[36.1284,53.9648],[35.9215,53.8512],[35.9912,53.6263],[35.6233,53.5239],[35.3836,53.3374],[35.1411,53.2791],[34.9828,53.3736],[34.6379,53.383],[34.5197,53.5008],[34.4965,53.674],[34.2276,53.8394],[33.8062,53.8964],[33.7157,54.024],[33.5046,54.0166],[33.7092,54.5458],[33.987,54.5798],[34.2225,54.5042],[34.4447,54.5166],[34.621,54.6613],[34.8937,54.7575],[35.1147,55.0376],[35.2743,55.1115],[35.3342,55.2718],[35.7412,55.2956],[36.1153,55.1847],[36.4174,55.304],[36.9372,55.2414]]]},"properties":{"name":"Калужская область","cartodb_id":64,"created_at":"2013-12-04T04:23:51+0100","updated_at":"2013-12-04T08:13:15+0100","name_latin":"Kaluga Oblast"}},{"type":"Feature","geometry":{"type":"Polygon","coordinates":[[[50.0925,54.5066],[50.2389,54.2959],[50.1823,54.0237],[49.7033,53.8302],[48.9947,53.8723],[48.9948,53.7066],[48.5686,53.7324],[48.3695,53.4741],[48.0358,53.4713],[47.9368,53.362],[48.3598,52.9573],[48.4286,52.8144],[48.1955,52.769],[47.7224,52.5706],[47.5403,52.6105],[47.2061,52.5472],[46.8019,52.6211],[46.9401,52.722],[46.9085,53.3635],[46.4558,53.513],[46.4384,53.649],[46.1853,53.912],[45.8136,53.9757],[45.9699,54.1381],[46.3239,54.1901],[46.534,54.3987],[46.4417,54.7614],[46.8923,54.6443],[47.2679,54.6735],[47.2908,54.6743],[47.3556,54.6274],[47.6165,54.5575],[47.7178,54.735],[48.2495,54.718],[48.4652,54.6252],[48.8817,54.6252],[48.8818,54.796],[49.0904,54.7885],[49.2883,54.8914],[49.4761,54.7785],[49.5812,54.6151],[50.0925,54.5066]]]},"properties":{"name":"Ульяновская область","cartodb_id":63,"created_at":"2013-12-04T04:23:51+0100","updated_at":"2013-12-04T08:13:25+0100","name_latin":"Ulyanovsk Oblast"}},{"type":"Feature","geometry":{"type":"Polygon","coordinates":[[[50.0814,56.6112],[49.9465,56.4289],[49.5694,56.5029],[49.3128,56.3325],[49.0516,56.3448],[48.9477,56.139],[48.6662,55.9384],[48.4062,55.8257],[48.0471,55.9457],[47.879,56.1258],[47.4259,56.1568],[47.3923,56.3241],[47.1506,56.315],[46.9184,56.2131],[46.3867,56.1088],[46.1853,56.0316],[45.8975,56.2198],[45.9638,56.4285],[45.6619,56.4609],[45.6698,56.6143],[45.8862,56.6261],[45.9415,56.8592],[46.7215,56.9634],[47.0951,56.9266],[47.2614,56.8073],[47.7689,57.0016],[48.1421,56.9958],[48.27,57.1337],[48.5811,57.1721],[49.0027,57.1246],[49.2771,57.0339],[49.65,57.066],[49.7678,56.8736],[50.041,56.8522],[50.0814,56.6112]]]},"properties":{"name":"Марий Эл","cartodb_id":60,"created_at":"2013-12-04T04:23:51+0100","updated_at":"2013-12-04T08:13:50+0100","name_latin":"Mari El Republic"}},{"type":"Feature","geometry":{"type":"Polygon","coordinates":[[[35.1485,55.9575],[35.3308,55.7926],[35.3342,55.2718],[35.2743,55.1115],[35.1147,55.0376],[34.8937,54.7575],[34.621,54.6613],[34.4447,54.5166],[34.2225,54.5042],[33.987,54.5798],[33.7092,54.5458],[33.5046,54.0166],[33.2513,53.8918],[33.2988,53.8166],[32.9516,53.6065],[32.7629,53.424],[32.48,53.5477],[32.3553,53.7218],[32.1409,53.8054],[31.8639,53.7831],[31.8929,54.0533],[31.3135,54.2485],[31.2354,54.4343],[31.0847,54.5101],[31.2062,54.6263],[30.7545,54.805],[30.9939,55.0307],[30.8306,55.3342],[30.9347,55.3999],[30.9316,55.6232],[31.0382,55.7589],[31.4831,55.7186],[32.0353,55.7662],[32.0952,55.6706],[32.4583,55.7097],[32.8428,55.6534],[33.5335,55.7738],[33.6509,55.9564],[33.877,56.0544],[34.3815,56.0227],[34.5394,55.9314],[34.9253,55.9848],[35.1485,55.9575]]]},"properties":{"name":"Смоленская область","cartodb_id":58,"created_at":"2013-12-04T04:23:51+0100","updated_at":"2013-12-04T08:14:04+0100","name_latin":"Smolensk Oblast"}},{"type":"Feature","geometry":{"type":"Polygon","coordinates":[[[42.6142,56.4067],[41.9485,56.4816],[40.918,56.5035],[40.7672,56.5944],[40.4906,56.5837],[40.2255,56.4398],[39.8691,56.6247],[39.9009,56.7702],[39.402,56.771],[39.3796,56.8332],[39.6212,57.0605],[39.8533,57.1742],[40.1931,57.2039],[40.4305,57.2858],[41.0574,57.3441],[41.1394,57.4093],[41.5674,57.4525],[41.5992,57.7368],[41.8957,57.6934],[42.124,57.5593],[42.8837,57.6547],[42.8147,57.4295],[42.8955,57.3711],[43.3046,57.4289],[43.1018,57.1987],[43.2508,56.895],[42.8708,56.8094],[42.8973,56.4703],[42.6142,56.4067]]]},"properties":{"name":"Ивановская область","cartodb_id":57,"created_at":"2013-12-04T04:23:51+0100","updated_at":"2013-12-04T08:15:18+0100","name_latin":"Ivanovo Oblast"}},{"type":"Feature","geometry":{"type":"Polygon","coordinates":[[[46.4417,54.7614],[46.4106,54.8741],[46.061,55.0476],[46.0284,55.1493],[46.2294,55.2873],[46.3088,55.5],[45.9602,55.6309],[46.1004,55.7986],[46.1853,56.0316],[46.3867,56.1088],[46.9184,56.2131],[47.1506,56.315],[47.3923,56.3241],[47.4259,56.1568],[47.879,56.1258],[48.0471,55.9457],[48.4062,55.8257],[48.084,55.6948],[47.7804,55.3331],[48.0162,55.2848],[48.1077,55.1459],[47.9762,54.9528],[47.7226,54.8589],[47.4505,54.8615],[47.2679,54.6735],[46.8923,54.6443],[46.4417,54.7614]]]},"properties":{"name":"Чувашия","cartodb_id":49,"created_at":"2013-12-04T04:23:51+0100","updated_at":"2013-12-04T08:15:36+0100","name_latin":"Chuvash Republic"}},{"type":"Feature","geometry":{"type":"Polygon","coordinates":[[[44.2914,43.8104],[44.7896,43.8171],[44.8324,43.682],[44.8476,43.565],[44.5033,43.5879],[44.578,43.4164],[44.569,43.2348],[44.9033,43.0966],[44.953,42.9466],[44.6785,42.7562],[44.3193,42.7225],[44.2333,42.628],[43.965,42.5469],[43.759,42.6551],[43.7788,42.758],[43.3985,42.8969],[43.5723,42.9431],[43.8299,43.3233],[44.0982,43.2672],[44.475,43.5823],[44.3026,43.6882],[44.2914,43.8104]]]},"properties":{"name":"Северная Осетия - Алания","cartodb_id":35,"created_at":"2013-12-04T04:23:51+0100","updated_at":"2013-12-04T08:15:51+0100","name_latin":"Republic of North Ossetia-Alania"}},{"type":"Feature","geometry":{"type":"Polygon","coordinates":[[[33.5046,54.0166],[33.7157,54.024],[33.8062,53.8964],[34.2276,53.8394],[34.4965,53.674],[34.5197,53.5008],[34.6379,53.383],[34.9828,53.3736],[35.1411,53.2791],[35.1219,53.1542],[35.2401,52.9946],[34.876,52.9168],[35.0158,52.7092],[34.9242,52.37],[34.7428,52.0879],[34.5455,52.0713],[34.3641,51.9416],[34.3855,51.8431],[34.1424,51.9681],[34.1163,52.1412],[33.8365,52.3614],[33.1699,52.3728],[32.9957,52.2719],[32.7006,52.2479],[32.3552,52.3273],[32.3165,52.121],[32.0659,52.0347],[31.7818,52.1119],[31.6268,52.2901],[31.6171,52.5763],[31.5031,52.6985],[31.587,52.7938],[31.3719,52.9336],[31.4184,53.1876],[31.6442,53.2203],[31.831,53.1104],[32.0948,53.0762],[32.4143,53.1861],[32.7629,53.424],[32.9516,53.6065],[33.2988,53.8166],[33.2513,53.8918],[33.5046,54.0166]]]},"properties":{"name":"Брянская область","cartodb_id":27,"created_at":"2013-12-04T04:23:51+0100","updated_at":"2013-12-04T08:16:16+0100","name_latin":"Bryansk Oblast"}},{"type":"Feature","geometry":{"type":"Polygon","coordinates":[[[43.0397,52.3706],[43.0582,52.5594],[43.1936,52.7173],[42.9576,52.9309],[42.7549,53.0183],[42.1095,53.5153],[42.1445,53.8023],[42.3502,53.8537],[42.932,53.7955],[43.1268,53.9773],[43.5353,54.0144],[43.9238,53.8738],[43.9275,53.7707],[44.4589,53.664],[44.7152,53.6801],[44.6076,53.8812],[44.8315,53.9633],[45.1765,53.9715],[45.3572,53.8701],[45.8136,53.9757],[46.1853,53.912],[46.4384,53.649],[46.4558,53.513],[46.9085,53.3635],[46.9401,52.722],[46.8019,52.6211],[46.5716,52.7022],[46.3259,52.6808],[46.0041,52.511],[45.961,52.3968],[45.6215,52.4777],[45.353,52.3965],[44.8531,52.4477],[44.4012,52.4293],[44.3146,52.3062],[44.0289,52.3303],[43.8919,52.4051],[43.0397,52.3706]]]},"properties":{"name":"Пензенская область","cartodb_id":28,"created_at":"2013-12-04T04:23:51+0100","updated_at":"2013-12-04T08:16:25+0100","name_latin":"Penza Oblast"}},{"type":"Feature","geometry":{"type":"Polygon","coordinates":[[[38.2886,51.2964],[38.4343,51.2858],[38.3877,51.0771],[38.588,51.0122],[38.8035,51.0767],[38.8766,50.9307],[38.7209,50.8773],[38.7686,50.7196],[39.0836,50.6056],[39.0148,50.4555],[39.0472,50.2767],[39.2177,50.0481],[39.1797,49.8887],[39.0677,49.8154],[38.5826,49.9775],[38.3503,50.0066],[38.0559,49.9232],[37.7549,50.0784],[37.6265,50.2933],[37.4649,50.431],[36.693,50.2691],[36.3641,50.2875],[36.1606,50.4315],[35.8317,50.4338],[35.6268,50.3517],[35.3915,50.6417],[35.351,50.975],[35.8627,50.958],[36.065,51.1587],[36.4863,51.063],[36.99,51.1906],[37.16,51.3196],[37.3837,51.3845],[37.7032,51.3577],[37.8475,51.4297],[38.2886,51.2964]]]},"properties":{"name":"Белгородская область","cartodb_id":26,"created_at":"2013-12-04T04:23:51+0100","updated_at":"2013-12-04T08:16:36+0100","name_latin":"Belgorod Oblast"}},{"type":"Feature","geometry":{"type":"Polygon","coordinates":[[[40.5341,51.9457],[40.1271,51.9856],[39.8408,51.9211],[39.4844,51.9777],[39.2998,52.1032],[39.015,51.9848],[38.8772,52.0966],[38.5555,52.0555],[38.2926,51.9659],[37.8679,51.9009],[37.7383,52.017],[37.8394,52.209],[38.0573,52.2974],[37.7752,52.5896],[37.8913,52.7405],[37.8665,53.0122],[38.1223,53.0544],[38.4677,53.0284],[38.671,53.1296],[38.5289,53.3022],[38.7638,53.3575],[38.7223,53.5285],[38.9378,53.5748],[39.1743,53.4083],[39.56,53.443],[39.7536,53.5854],[39.9321,53.514],[40.17,53.3121],[40.0833,52.7546],[39.9767,52.5968],[40.2266,52.501],[40.2934,52.392],[40.5128,52.3549],[40.637,52.1749],[40.5341,51.9457]]]},"properties":{"name":"Липецкая область","cartodb_id":6,"created_at":"2013-12-04T04:23:51+0100","updated_at":"2013-12-04T08:16:58+0100","name_latin":"Lipetsk Oblast"}},{"type":"Feature","geometry":{"type":"Polygon","coordinates":[[[41.7959,55.1037],[42.0167,55.3774],[42.1669,55.444],[42.0648,55.5874],[42.3933,55.7885],[42.8718,56.1382],[42.726,56.3664],[42.6142,56.4067],[42.8973,56.4703],[42.8708,56.8094],[43.2508,56.895],[43.1018,57.1987],[43.3046,57.4289],[43.4677,57.5914],[43.8534,57.4175],[44.3653,57.5283],[44.5971,57.7009],[44.739,57.6974],[44.8808,57.8819],[44.869,58.0767],[45.2935,58.0321],[46.3449,58.0622],[46.5852,58.0278],[47.2969,58.0157],[47.7326,57.9338],[47.4814,57.5152],[47.2367,57.5547],[46.9024,57.5157],[46.7177,57.2855],[46.7215,56.9634],[45.9415,56.8592],[45.8862,56.6261],[45.6698,56.6143],[45.6619,56.4609],[45.9638,56.4285],[45.8975,56.2198],[46.1853,56.0316],[46.1004,55.7986],[45.9602,55.6309],[46.3088,55.5],[46.2294,55.2873],[46.0284,55.1493],[46.061,55.0476],[45.7521,55.0679],[45.6402,55.1779],[45.4226,55.038],[45.4268,54.8855],[45.2307,54.8773],[45.0183,54.7053],[45.1399,54.4895],[44.908,54.4635],[44.6267,54.5562],[44.0684,54.6486],[43.8611,54.805],[43.5908,54.9027],[43.243,54.9196],[43.1159,54.7944],[42.8855,54.7671],[42.4443,54.7984],[42.4336,54.7936],[42.4427,54.8252],[42.4045,55.005],[41.999,54.9962],[41.7959,55.1037]]]},"properties":{"name":"Нижегородская область","cartodb_id":62,"created_at":"2013-12-04T04:23:51+0100","updated_at":"2013-12-04T08:17:27+0100","name_latin":"Nizhny Novgorod Oblast"}},{"type":"Feature","geometry":{"type":"Polygon","coordinates":[[[62.0611,56.1308],[62.0711,56.297],[62.4284,56.527],[62.6029,56.4907],[62.9859,56.5979],[63.3151,56.5678],[63.4739,56.6116],[63.8294,56.4811],[64.1788,56.4607],[64.3504,56.6826],[64.5456,56.7888],[64.9271,56.7724],[64.9895,56.5184],[65.122,56.3076],[65.6831,56.2697],[65.8419,56.069],[66.1613,56.0686],[66.4518,55.9596],[66.7639,55.9756],[67.2783,55.9389],[67.4039,55.7279],[67.7943,55.7287],[68.1888,55.5891],[68.7143,55.3475],[68.6492,55.2085],[68.2807,55.2044],[68.2351,54.9691],[67.8195,54.9712],[67.7735,54.886],[66.4089,54.7052],[65.9982,54.6255],[65.85,54.6982],[65.2137,54.5415],[65.2379,54.3768],[64.9728,54.4227],[64.7403,54.3544],[64.5008,54.3659],[63.3541,54.1904],[63.1716,54.3081],[63.2851,54.5814],[63.1998,54.6991],[62.9784,54.7055],[62.6717,54.624],[62.4412,54.7157],[62.0779,54.6756],[62.1119,54.798],[61.9956,54.9807],[62.2371,55.1086],[62.1608,55.2311],[62.3195,55.4137],[62.6201,55.4906],[62.5259,55.7699],[62.3043,55.838],[62.3177,55.9476],[62.0611,56.1308]]]},"properties":{"name":"Курганская область","cartodb_id":1,"created_at":"2013-12-04T04:23:51+0100","updated_at":"2013-12-04T04:30:50+0100","name_latin":"Kurgan Oblast"}},{"type":"Feature","geometry":{"type":"Polygon","coordinates":[[[38.2926,51.9659],[38.4291,51.9448],[38.3866,51.6835],[38.2975,51.5213],[38.2886,51.2964],[37.8475,51.4297],[37.7032,51.3577],[37.3837,51.3845],[37.16,51.3196],[36.99,51.1906],[36.4863,51.063],[36.065,51.1587],[35.8627,50.958],[35.351,50.975],[35.1482,51.0824],[35.1505,51.2234],[34.8173,51.1689],[34.6617,51.2475],[34.2378,51.2922],[34.2952,51.5328],[34.1613,51.6863],[34.4358,51.7326],[34.3855,51.8431],[34.3641,51.9416],[34.5455,52.0713],[34.7428,52.0879],[34.9242,52.37],[35.0835,52.334],[35.6064,52.4374],[35.8147,52.3013],[36.4164,52.3455],[36.4961,52.2324],[36.7922,52.1277],[37.3295,52.0082],[37.7383,52.017],[37.8679,51.9009],[38.2926,51.9659]]]},"properties":{"name":"Курская область","cartodb_id":5,"created_at":"2013-12-04T04:23:51+0100","updated_at":"2013-12-04T04:31:30+0100","name_latin":"Kursk Oblast"}},{"type":"Feature","geometry":{"type":"Polygon","coordinates":[[[107.7592,49.9716],[107.734,50.1532],[108.5305,50.4721],[108.4805,50.5831],[108.1818,50.649],[108.0694,50.7388],[108.3304,50.9996],[108.5613,51.1206],[108.4792,51.3875],[109.0263,51.4784],[109.2251,51.3659],[109.5971,51.4533],[110.0482,51.6231],[110.2931,51.6025],[110.4266,51.5207],[110.6875,51.5086],[110.8725,51.6147],[111.0145,51.7913],[111.4624,51.8712],[111.7328,51.9973],[112.0697,52.2825],[112.5111,52.2492],[112.5466,52.3464],[112.906,52.3334],[113.1525,52.4525],[113.4882,52.4694],[113.9126,52.6402],[114.0774,52.6622],[114.2272,52.8128],[114.3257,53.0414],[113.9728,53.2356],[113.8267,53.4177],[113.8242,53.6308],[114.0035,53.7275],[114.9849,53.9997],[115.1618,54.1894],[115.5004,54.3145],[115.5961,54.4105],[116.1892,54.5116],[116.4831,54.4842],[116.7206,54.5293],[116.875,54.8762],[116.7557,55.1176],[116.4725,55.2291],[116.3776,55.3794],[116.1068,55.3438],[115.9024,55.4097],[115.7647,56.1772],[115.6758,56.2807],[115.6784,56.5721],[115.4207,56.5955],[115.7298,56.9624],[116.1155,56.8191],[116.316,56.8703],[116.7429,56.7388],[117.1617,56.8405],[117.4029,56.8454],[117.6292,56.9729],[117.7791,57.3184],[117.4499,57.2596],[117.1402,57.6654],[117.1199,57.8608],[117.4093,57.9116],[117.4044,58.1235],[117.5944,58.1846],[117.4722,58.326],[117.6723,58.4063],[118.2544,58.3977],[118.4747,58.2296],[119.1168,58.2381],[119.164,58.0315],[119.0458,57.7645],[119.1798,57.5894],[119.3928,57.4852],[119.662,57.1904],[119.5726,57.0765],[119.8561,56.8961],[119.7766,56.7334],[119.8332,56.566],[120.0892,56.5008],[120.4663,56.2951],[120.0326,56.1089],[120.3403,55.8827],[120.8558,56.0216],[121.1938,56.0412],[121.3371,55.8217],[121.3363,55.5302],[121.6075,55.5258],[121.8995,55.6195],[121.9997,55.4339],[121.9139,55.1195],[121.9596,55.0005],[121.8799,54.803],[121.9299,54.5691],[122.1458,54.4588],[121.9123,54.3771],[121.665,54.377],[121.7795,54.1752],[121.6265,54.0964],[121.9466,53.8263],[121.9747,53.5546],[122.1121,53.4312],[121.6946,53.3919],[121.1205,53.2743],[120.8835,53.2918],[120.3567,52.9399],[120.0284,52.7586],[120.1849,52.577],[120.4409,52.6414],[120.7167,52.526],[120.6217,52.3246],[120.7804,52.1583],[120.6547,51.9275],[120.477,51.8845],[120.0353,51.6086],[119.9343,51.3545],[119.7528,51.2124],[119.756,51.0897],[119.5835,50.9755],[119.4965,50.762],[119.2919,50.5824],[119.1527,50.358],[119.3506,50.3577],[119.3187,50.1174],[119.1051,49.9967],[118.6379,49.9159],[118.4556,49.7808],[117.7933,49.5201],[117.4712,49.6269],[117.0614,49.6856],[116.7266,49.8326],[116.6216,49.9311],[116.2355,50.0356],[115.7463,49.8858],[115.2239,49.9884],[115.0075,50.1639],[114.8312,50.2237],[114.1784,50.243],[113.6519,49.9997],[113.2235,49.8441],[113.0439,49.6082],[112.8066,49.5151],[112.4865,49.5241],[111.9092,49.3764],[111.6683,49.3798],[110.6836,49.1709],[110.3796,49.247],[110.1998,49.1542],[109.6838,49.226],[109.1712,49.3529],[108.5175,49.3227],[108.3038,49.5319],[107.9683,49.6548],[107.8934,49.932],[107.7592,49.9716]]]},"properties":{"name":"Забайкальский край","cartodb_id":9,"created_at":"2013-12-04T04:23:51+0100","updated_at":"2013-12-04T04:32:01+0100","name_latin":"Zabaykalsky Krai"}},{"type":"Feature","geometry":{"type":"Polygon","coordinates":[[[84.0731,50.6349],[84.4737,50.6871],[84.5723,50.8146],[84.4907,50.9481],[84.2222,50.9874],[84.1207,51.0712],[84.2565,51.2826],[84.3866,51.2658],[84.7162,51.4268],[84.9959,51.5144],[85.244,51.4992],[85.4443,51.5634],[85.5029,51.7012],[85.7028,51.7325],[85.8536,51.8911],[85.9188,52.1057],[86.3957,52.0332],[86.4917,52.1287],[86.7264,52.139],[86.7811,52.2946],[86.6461,52.4956],[86.9379,52.6557],[87.1327,52.6176],[87.298,52.5922],[87.6533,52.4224],[87.8918,52.5382],[88.4419,52.3356],[88.3758,52.1775],[88.1264,52.0682],[87.8915,51.8126],[88.1101,51.7403],[87.9344,51.5263],[88.4455,51.2851],[88.7029,51.3934],[88.7915,51.5538],[89.0089,51.3943],[88.9673,51.2029],[89.0556,51.0464],[89.4665,50.7805],[89.644,50.5813],[89.8488,50.5265],[89.7073,50.3841],[89.4968,50.3639],[89.3438,50.2642],[89.5115,50.1193],[89.5915,49.9111],[89.7192,49.7283],[89.4578,49.6605],[89.2009,49.5228],[88.7328,49.4515],[88.5909,49.5012],[88.1756,49.4541],[88.1691,49.2968],[87.9854,49.1816],[87.2826,49.1117],[87.3176,49.2301],[87.0404,49.2478],[86.8223,49.5454],[86.6005,49.614],[86.3171,49.6008],[85.9736,49.4887],[85.8834,49.5662],[85.593,49.6196],[85.3197,49.5951],[84.9885,49.9101],[85.0298,50.0556],[84.6212,50.2126],[84.2509,50.2924],[84.1694,50.5503],[84.0731,50.6349]]]},"properties":{"name":"Алтай","cartodb_id":77,"created_at":"2013-12-04T04:23:51+0100","updated_at":"2013-12-04T04:32:52+0100","name_latin":"Altai Republic"}},{"type":"Feature","geometry":{"type":"Polygon","coordinates":[[[42.1445,53.8023],[41.5489,53.8119],[41.3697,53.7442],[41.3537,53.5256],[41.0421,53.4765],[40.7009,53.5559],[40.3689,53.3415],[40.17,53.3121],[39.9321,53.514],[39.7536,53.5854],[39.56,53.443],[39.1743,53.4083],[38.9378,53.5748],[38.8748,53.9467],[38.6826,54.0888],[38.666,54.2567],[38.8268,54.6064],[39.2261,54.6357],[39.5175,54.9839],[39.8043,55.0052],[39.8379,55.2045],[40.1546,55.2644],[40.1909,55.365],[40.613,55.2178],[40.9934,55.257],[41.2945,55.2335],[41.4434,55.1455],[41.7959,55.1037],[41.999,54.9962],[42.4045,55.005],[42.4427,54.8252],[42.3891,54.7897],[42.4398,54.7097],[42.6489,54.5879],[42.4777,54.2991],[42.5835,54.1778],[42.4172,54.1031],[42.3502,53.8537],[42.1445,53.8023]]]},"properties":{"name":"Рязанская область","cartodb_id":74,"created_at":"2013-12-04T04:23:51+0100","updated_at":"2013-12-04T04:33:22+0100","name_latin":"Ryazan Oblast"}},{"type":"Feature","geometry":{"type":"Polygon","coordinates":[[[45.4875,44.0101],[45.5036,44.1758],[45.3715,44.2901],[45.4291,44.4288],[45.2267,44.4675],[45.6555,44.8037],[45.7051,44.9774],[46.5046,44.9343],[46.895,44.8121],[46.707,44.6693],[46.6799,44.468],[46.7746,44.3704],[47.0022,44.3646],[47.0805,44.2452],[47.2395,44.2024],[47.4831,43.7683],[47.3318,43.607],[47.4863,43.4013],[47.4617,43.0299],[47.7114,42.8322],[47.7217,42.6996],[47.8667,42.5957],[48.1114,42.3183],[48.3479,41.9768],[48.5874,41.8451],[48.3876,41.6023],[48.0444,41.4768],[47.8724,41.215],[47.7379,41.1876],[47.2698,41.3354],[47.1734,41.5256],[46.725,41.8257],[46.3994,41.9406],[45.9543,42.0238],[45.609,42.2338],[45.7523,42.308],[45.7728,42.4892],[46.1702,42.7319],[46.2077,42.8899],[46.3914,42.8541],[46.524,43.0418],[46.3855,43.1482],[46.4223,43.2983],[46.3253,43.451],[46.4551,43.6631],[46.6551,43.7935],[46.4455,43.8784],[46.2159,43.8592],[46.0712,43.9305],[45.4875,44.0101]]]},"properties":{"name":"Дагестан","cartodb_id":14,"created_at":"2013-12-04T04:23:51+0100","updated_at":"2013-12-04T08:06:24+0100","name_latin":"Republic of Dagestan"}},{"type":"Feature","geometry":{"type":"Polygon","coordinates":[[[75.1082,58.5762],[75.3768,58.4541],[75.0567,58.3392],[75.2425,58.2026],[75.0715,58.1168],[75.5658,57.9346],[75.55,57.6252],[75.7041,57.625],[75.8483,57.3858],[76.095,57.2355],[76.2891,56.697],[75.962,56.5075],[76.0812,56.3254],[76.3066,56.1572],[75.7316,56.1126],[75.2624,55.8441],[75.1155,55.686],[75.1623,55.4471],[75.3685,55.0678],[75.3321,54.9112],[75.6389,54.8101],[75.8246,54.6664],[75.6911,54.546],[75.6885,54.1233],[75.0565,53.7978],[74.7946,53.8245],[74.4821,53.5622],[74.2889,53.5593],[73.9078,53.6502],[73.4455,53.437],[73.2488,53.5649],[73.3427,53.7881],[73.5104,53.9378],[73.067,53.9855],[72.9946,54.0984],[72.6088,54.1368],[72.4331,54.0447],[72.3092,54.1892],[71.7555,54.2522],[71.7227,54.1038],[71.4899,54.0971],[71.2974,54.1827],[71.1764,54.0917],[70.9983,54.3338],[71.2267,54.3494],[71.1724,54.5734],[70.9601,54.8859],[70.9924,55.0669],[70.8043,55.2694],[70.4605,55.2797],[70.4396,55.4075],[70.757,55.5847],[70.5317,55.6944],[70.6026,55.8372],[70.8085,55.9026],[70.9024,56.1123],[70.7322,56.2531],[70.9282,56.3171],[71.1205,56.653],[71.3699,56.6318],[71.6773,56.7652],[71.605,56.9329],[71.1156,57.2024],[71.065,57.3509],[70.7808,57.276],[70.4588,57.2824],[70.4182,57.4151],[70.6857,57.5155],[70.5577,57.7187],[70.3923,57.7825],[70.4304,57.9522],[70.8528,58.5293],[71.0535,58.5111],[71.2378,58.3279],[71.2142,58.0542],[71.9902,58.1158],[72.1672,58.0147],[72.8676,58.0014],[73.1283,58.1553],[74.2196,58.1363],[74.6286,58.2883],[75.1082,58.5762]]]},"properties":{"name":"Омская область","cartodb_id":21,"created_at":"2013-12-04T04:23:51+0100","updated_at":"2013-12-04T08:06:58+0100","name_latin":"Omsk Oblast"}},{"type":"Feature","geometry":{"type":"Polygon","coordinates":[[[59.4867,61.9461],[59.3276,61.8422],[59.3485,61.6638],[58.8439,61.495],[57.0927,61.5019],[56.6531,61.5243],[56.3783,61.4431],[56.2745,61.1919],[55.8131,61.2468],[55.7306,61.0917],[55.2725,61.146],[55.2,60.9916],[54.9769,60.8599],[53.876,60.9828],[53.8264,60.8352],[53.3529,60.882],[53.4138,61.0322],[52.8706,61.0906],[52.8065,60.9377],[52.4314,60.9764],[52.3609,60.8292],[51.8938,60.8817],[51.7715,60.5799],[52.1528,60.5412],[52.3489,60.4383],[52.3173,60.2272],[52.0655,60.3085],[51.5513,59.9415],[51.1791,60.0489],[50.831,59.8633],[49.9887,59.7784],[49.8594,59.6553],[49.8154,59.2102],[49.5198,59.2161],[49.5688,59.3923],[49.1512,59.5071],[49.1015,59.6617],[48.5232,59.7068],[48.4922,60.1952],[48.7696,60.3161],[48.5305,60.4004],[48.5607,60.5515],[48.4197,60.8372],[48.475,61.0221],[49.1268,61.1722],[49.3218,61.1524],[49.5021,61.605],[49.0437,61.6491],[49.2273,62.1022],[49.374,62.1327],[49.6408,62.7692],[48.7413,62.8517],[48.6814,62.7021],[48.3522,62.7337],[48.2557,62.5061],[48.3229,62.3072],[47.6594,62.3284],[47.6426,62.1757],[47.3891,62.1814],[47.2319,62.3372],[47.2454,62.6387],[47.0609,62.8263],[47.4091,62.9648],[47.5704,63.1448],[47.051,63.2539],[46.9427,63.3494],[47.0173,63.5777],[46.8099,63.7566],[46.4997,63.8646],[45.9434,63.9566],[45.3994,64.1749],[45.852,64.278],[46.3211,64.248],[46.6302,64.3169],[47.3445,64.3544],[48.5245,64.3556],[48.8838,64.3267],[48.9611,64.4776],[49.4832,64.4251],[49.5524,64.5758],[50.3607,64.5104],[50.4988,64.7917],[50.2456,64.8285],[49.6366,65.2891],[49.0556,65.2248],[48.9996,66.1162],[51.5451,66.774],[51.5457,66.8804],[52.1492,67.0994],[53.8747,67.0004],[55.8879,67.0004],[57.0681,67.0004],[59.9735,67.0004],[61.6444,67.0033],[61.7293,67.0957],[62.864,67.3697],[62.9432,67.6052],[63.4256,67.769],[63.9213,67.8449],[63.8663,68.0325],[64.5819,68.2003],[64.5803,68.3572],[64.8158,68.41],[65.3004,68.3944],[65.3194,68.0161],[65.4322,67.9097],[65.9207,67.9608],[66.2207,67.6849],[65.8457,67.6676],[65.6986,67.3808],[65.0819,67.0393],[65.1392,66.9077],[64.5533,66.7966],[64.2615,66.6454],[63.4478,66.4684],[62.8692,66.0643],[62.7997,65.8577],[62.0004,65.7177],[61.6268,65.5619],[60.9482,65.0146],[60.6096,64.9205],[60.4175,65.0663],[60.0339,65.0283],[59.6759,64.8013],[59.5072,64.4904],[59.6512,64.4331],[59.5598,64.2477],[59.8369,64.0871],[59.5613,63.9086],[59.3663,63.2662],[59.2038,63.0276],[59.4482,62.918],[59.4426,62.566],[59.6252,62.5446],[59.6127,62.3664],[59.4001,62.1571],[59.4867,61.9461]]]},"properties":{"name":"Республика Коми","cartodb_id":25,"created_at":"2013-12-04T04:23:51+0100","updated_at":"2013-12-04T08:07:28+0100","name_latin":"Komi Republic"}},{"type":"Feature","geometry":{"type":"Polygon","coordinates":[[[44.8324,43.682],[45.0631,43.719],[45.2002,43.8763],[45.4379,43.8756],[45.4875,44.0101],[46.0712,43.9305],[46.2159,43.8592],[46.4455,43.8784],[46.6551,43.7935],[46.4551,43.6631],[46.3253,43.451],[46.4223,43.2983],[46.3855,43.1482],[46.524,43.0418],[46.3914,42.8541],[46.2077,42.8899],[46.1702,42.7319],[45.7728,42.4892],[45.5719,42.5488],[45.3531,42.5221],[45.0868,42.7122],[45.2428,42.8903],[45.1833,43.009],[45.0668,43.5086],[44.8476,43.565],[44.8324,43.682]]]},"properties":{"name":"Чеченская республика","cartodb_id":32,"created_at":"2013-12-04T04:23:51+0100","updated_at":"2013-12-04T08:08:21+0100","name_latin":"Chechen Republic"}},{"type":"Feature","geometry":{"type":"Polygon","coordinates":[[[42.414,43.2568],[42.4561,43.6211],[42.6814,43.716],[42.6783,43.8097],[42.8547,43.8019],[42.9704,43.8973],[43.1477,43.8951],[43.3176,43.7995],[43.4739,43.8656],[43.7434,43.8212],[43.9203,44.0184],[44.2707,43.9173],[44.2914,43.8104],[44.3026,43.6882],[44.475,43.5823],[44.0982,43.2672],[43.8299,43.3233],[43.5723,42.9431],[43.3985,42.8969],[43.1849,42.9387],[42.8598,43.1789],[42.6644,43.1402],[42.414,43.2568]]]},"properties":{"name":"Кабардино-Балкарская республика","cartodb_id":36,"created_at":"2013-12-04T04:23:51+0100","updated_at":"2013-12-04T08:08:55+0100","name_latin":"Kabardino-Balkar Republic"}},{"type":"Feature","geometry":{"type":"Polygon","coordinates":[[[42.8809,51.233],[42.7521,51.4949],[42.5208,51.5961],[42.5233,51.7213],[42.7126,51.8856],[42.7903,52.1838],[43.0397,52.3706],[43.8919,52.4051],[44.0289,52.3303],[44.3146,52.3062],[44.4012,52.4293],[44.8531,52.4477],[45.353,52.3965],[45.6215,52.4777],[45.961,52.3968],[46.0041,52.511],[46.3259,52.6808],[46.5716,52.7022],[46.8019,52.6211],[47.2061,52.5472],[47.5403,52.6105],[47.7224,52.5706],[48.1955,52.769],[48.4286,52.8144],[48.3495,52.663],[48.6932,52.6391],[48.9123,52.4685],[49.1715,52.4998],[49.3103,52.4008],[49.5202,52.3958],[49.7982,52.1723],[49.9858,52.1717],[50.3524,51.9815],[50.7017,51.933],[50.7685,51.7735],[50.5886,51.6447],[50.5498,51.4782],[50.2507,51.2859],[50.0478,51.2558],[49.7809,51.1113],[49.3888,51.094],[49.4198,50.8517],[49.1213,50.788],[48.644,50.5221],[48.7315,50.2542],[48.9016,50.0228],[48.7485,49.9227],[48.451,49.8349],[48.2319,49.8971],[47.8303,50.33],[47.5337,50.4575],[47.4308,50.3768],[47.2053,50.509],[46.9115,50.4899],[46.8566,50.641],[46.5681,50.6905],[46.4546,50.5564],[46.0672,50.5315],[46.0341,50.6651],[45.7442,50.7573],[45.7057,50.5825],[45.1926,50.5856],[45.3262,50.8609],[45.1886,51.0444],[44.994,51.1468],[44.4994,51.2052],[43.9163,51.1606],[43.3571,50.9988],[42.8809,51.233]]]},"properties":{"name":"Саратовская область","cartodb_id":41,"created_at":"2013-12-04T04:23:51+0100","updated_at":"2013-12-04T08:09:48+0100","name_latin":"Saratov Oblast"}},{"type":"Feature","geometry":{"type":"Polygon","coordinates":[[[20.9535,55.2811],[21.2713,55.2452],[22.1171,55.0267],[22.4765,55.0447],[22.8552,54.8879],[22.6806,54.5338],[22.792,54.3633],[21.4957,54.324],[20.8194,54.3598],[19.651,54.4531],[19.8446,54.6034],[19.9652,54.7856],[19.9469,54.9287],[20.3699,54.9376],[20.6802,55.0578],[20.9535,55.2811]]]},"properties":{"name":"Калининградская область","cartodb_id":47,"created_at":"2013-12-04T04:23:51+0100","updated_at":"2013-12-04T08:10:21+0100","name_latin":"Kaliningrad Oblast"}},{"type":"Feature","geometry":{"type":"Polygon","coordinates":[[[35.9912,53.6263],[36.7841,53.2958],[37.1581,53.258],[37.5905,53.2789],[37.6489,53.0963],[37.8665,53.0122],[37.8913,52.7405],[37.7752,52.5896],[38.0573,52.2974],[37.8394,52.209],[37.7383,52.017],[37.3295,52.0082],[36.7922,52.1277],[36.4961,52.2324],[36.4164,52.3455],[35.8147,52.3013],[35.6064,52.4374],[35.0835,52.334],[34.9242,52.37],[35.0158,52.7092],[34.876,52.9168],[35.2401,52.9946],[35.1219,53.1542],[35.1411,53.2791],[35.3836,53.3374],[35.6233,53.5239],[35.9912,53.6263]]]},"properties":{"name":"Орловская область","cartodb_id":51,"created_at":"2013-12-04T04:23:51+0100","updated_at":"2013-12-04T08:11:02+0100","name_latin":"Oryol Oblast"}},{"type":"Feature","geometry":{"type":"Polygon","coordinates":[[[115.7298,56.9624],[116.2505,57.1384],[116.1079,57.2413],[115.845,57.2483],[115.6539,57.1206],[115.07,57.1121],[115.0669,57.0102],[114.7486,56.7005],[114.1576,56.6971],[113.7881,56.6136],[113.4651,56.6716],[113.3225,56.6302],[112.8662,56.6858],[112.5505,56.9461],[112.2179,56.8573],[112.0834,56.9565],[111.8312,56.9128],[111.4994,57.1175],[111.2416,56.8924],[110.6293,56.8367],[110.2708,56.9525],[110.0135,56.9758],[109.8531,56.7791],[109.6879,56.696],[109.4236,56.7385],[109.1428,56.6798],[108.7401,56.5047],[108.5493,56.3321],[108.8052,56.2348],[109.0346,55.9967],[108.823,55.8481],[108.7757,55.611],[108.6393,55.4897],[108.797,55.1663],[108.6975,55.0627],[108.7262,54.7947],[108.6315,54.5458],[109.0681,54.4262],[109.0014,54.3355],[108.4515,53.8485],[108.2974,53.6735],[108.0138,53.2356],[106.9999,52.7169],[106.1725,52.3611],[105.7738,51.9563],[105.3085,51.7489],[104.5877,51.6222],[104.6727,51.3378],[104.1969,51.2841],[103.8101,51.1302],[103.8008,51.4348],[103.5865,51.4906],[103.3385,51.4466],[103.1813,51.6193],[103.2269,51.8051],[102.9264,51.9122],[102.6705,52.0607],[102.5155,52.2346],[102.3012,52.23],[101.9262,52.3178],[101.6775,52.4756],[101.0539,52.7641],[100.9106,52.7832],[100.3776,53.1045],[100.4211,53.2492],[100.2659,53.3721],[99.8518,53.287],[99.7168,53.1496],[99.3722,53.1019],[99.2306,52.9632],[99.0142,53.1022],[98.3154,53.1864],[98.0028,53.2495],[97.8661,53.3467],[97.5895,53.3767],[97.3894,53.5441],[96.8876,53.7301],[96.689,53.6458],[96.4832,53.6937],[96.0728,53.9853],[95.803,54.2275],[96.0648,54.5742],[96.5388,54.5298],[96.5661,54.6906],[96.71,54.8694],[96.5934,55.0302],[96.6786,55.2541],[96.9279,55.3019],[96.751,55.6625],[96.8441,55.8393],[97.1319,56.1125],[97.3595,56.0321],[97.557,56.3763],[97.88,56.3754],[97.7797,56.5913],[97.8029,56.7749],[97.5289,56.7904],[97.344,57.0323],[97.9532,57.8286],[98.5913,57.7836],[98.8483,57.728],[99.4335,57.7893],[99.6817,58.0827],[100.091,58.0686],[100.0806,57.9452],[100.375,57.7288],[100.5156,57.494],[100.7857,57.4079],[100.9703,57.4833],[100.8137,57.665],[100.852,57.8552],[101.0233,57.8815],[101.2001,58.129],[101.4981,58.2297],[101.8055,58.4553],[102.1037,58.4898],[102.5658,58.7401],[102.4026,59.0835],[102.4979,59.1861],[102.8316,59.205],[103.0186,59.3184],[103.2177,59.2379],[103.3927,59.0299],[103.6305,58.9224],[103.9,58.9215],[104.0705,58.7872],[104.4675,58.6088],[104.8047,58.6748],[104.7546,58.8072],[104.9209,58.9587],[105.3681,59.1181],[105.2149,59.2689],[105.1949,59.4769],[104.9938,59.4608],[104.7621,59.6848],[105.1796,59.8658],[105.3798,59.841],[105.5045,60.0005],[105.4646,60.2522],[104.9037,60.2995],[104.6568,60.406],[104.5037,60.6156],[104.6093,60.7243],[104.6263,61.0791],[105.0224,61.1974],[104.91,61.3954],[105.2833,61.4251],[105.3192,61.5156],[105.9734,61.7136],[105.8996,61.844],[106.3957,62.0427],[106.4832,62.3411],[106.7731,62.6387],[106.193,62.921],[106.1306,63.0375],[106.3968,63.1257],[106.3558,63.302],[106.7266,63.4097],[106.4714,63.5424],[106.7926,63.8812],[107.307,63.9776],[108.2142,64.0103],[108.5247,64.1488],[108.7625,64.0166],[108.7318,63.842],[108.2873,63.8367],[108.4951,63.6364],[109.1888,63.5302],[109.4117,63.3679],[109.508,62.795],[109.2984,62.5216],[109.9109,62.437],[110.0046,62.186],[109.6423,61.9277],[109.6002,61.7455],[109.8705,61.5494],[109.7618,61.3317],[110.1113,61.2779],[110.2221,61.1683],[110.5423,61.0878],[110.2576,60.8216],[110.2886,60.702],[109.9071,60.4614],[109.7403,60.2486],[109.6626,59.876],[109.5081,59.8015],[109.5434,59.6673],[109.2523,59.4669],[109.8119,59.0043],[110.2394,58.9999],[110.4747,59.0464],[110.7205,59.2809],[111.2177,59.2037],[111.4511,59.2924],[111.6498,59.2238],[112.0789,59.3925],[112.2513,59.5284],[112.4478,59.1362],[112.4415,58.9181],[112.8051,59.127],[113.2776,59.1581],[113.4856,59.2846],[113.4634,59.4323],[113.7612,59.6171],[114.2167,59.7846],[114.5295,59.9836],[114.6512,60.1791],[114.9062,60.1848],[115.096,60.4132],[115.6966,60.549],[116.2911,60.4097],[116.9372,60.1965],[117.0086,59.9168],[117.2238,59.8742],[117.2493,59.5132],[117.4979,59.4926],[118.034,59.6293],[118.7613,59.4283],[118.8174,59.3296],[118.6708,59.1866],[118.749,58.9345],[118.8727,58.8205],[118.7768,58.6114],[119.1313,58.4879],[119.1168,58.2381],[118.4747,58.2296],[118.2544,58.3977],[117.6723,58.4063],[117.4722,58.326],[117.5944,58.1846],[117.4044,58.1235],[117.4093,57.9116],[117.1199,57.8608],[117.1402,57.6654],[117.4499,57.2596],[117.7791,57.3184],[117.6292,56.9729],[117.4029,56.8454],[117.1617,56.8405],[116.7429,56.7388],[116.316,56.8703],[116.1155,56.8191],[115.7298,56.9624]]]},"properties":{"name":"Иркутская область","cartodb_id":82,"created_at":"2013-12-04T04:23:51+0100","updated_at":"2013-12-04T08:11:57+0100","name_latin":"Irkutsk Oblast"}},{"type":"Feature","geometry":{"type":"Polygon","coordinates":[[[122.1121,53.4312],[121.9747,53.5546],[121.9466,53.8263],[121.6265,54.0964],[121.7795,54.1752],[121.665,54.377],[121.9123,54.3771],[122.1458,54.4588],[121.9299,54.5691],[121.8799,54.803],[121.9596,55.0005],[121.9139,55.1195],[121.9997,55.4339],[121.8995,55.6195],[121.6075,55.5258],[121.3363,55.5302],[121.3371,55.8217],[121.1938,56.0412],[120.8558,56.0216],[120.3403,55.8827],[120.0326,56.1089],[120.4663,56.2951],[120.0892,56.5008],[119.8332,56.566],[119.7766,56.7334],[119.8561,56.8961],[120.3294,57.0211],[120.9055,57.0605],[121.4056,56.9855],[121.6835,56.7596],[122.1639,56.7462],[122.5716,56.4854],[122.9019,56.5566],[123.1941,56.4407],[123.9208,56.3879],[124.0328,56.256],[124.3943,56.0526],[124.9111,55.8419],[125.2533,55.9078],[125.5311,55.7469],[125.8036,55.8066],[125.9938,55.7674],[126.235,55.6078],[126.4922,55.5694],[126.5828,55.6543],[126.9662,55.6999],[127.5425,55.6648],[128.2851,55.6907],[128.5124,55.5448],[128.9569,55.4944],[129.101,55.5395],[129.0508,55.6949],[129.9033,55.7783],[130.0011,55.7133],[130.6248,55.7625],[130.9528,55.7122],[131.0593,55.6566],[131.9746,55.7141],[132.1565,55.6797],[132.4411,55.7428],[132.6615,55.6264],[132.7633,55.4563],[132.6115,55.2353],[132.3365,55.2301],[132.4159,55.082],[132.1274,55.0667],[132.0113,54.9333],[131.3949,54.7373],[131.2867,54.6588],[131.1342,54.3675],[130.736,54.2988],[130.5112,54.1224],[130.5878,53.8785],[131.3453,53.783],[131.4914,53.6024],[131.5334,53.3337],[131.4415,53.2213],[132.5067,53.2154],[132.8612,53.2353],[133.2611,53.4578],[133.599,53.5513],[133.9465,53.4389],[134.1953,53.4822],[134.5312,53.6215],[134.7231,53.529],[134.9071,53.2303],[134.5946,52.9009],[134.7521,52.6797],[134.4857,52.4608],[133.9985,52.5404],[133.8697,52.5145],[133.26,52.6811],[133.2338,52.4475],[133.4314,52.2582],[133.0927,52.1531],[132.8182,52.1628],[132.5401,52.0502],[132.4506,51.8857],[132.2642,51.8001],[131.3865,51.626],[131.4676,51.4862],[131.0429,51.2391],[130.8454,50.8791],[130.6727,50.7422],[131.0265,50.5775],[130.8934,50.4897],[131.3938,50.2716],[131.3874,49.9759],[131.5205,49.9035],[131.3699,49.7195],[131.5241,49.5723],[131.5279,49.4279],[131.4195,49.2555],[131.1326,49.2408],[131.0228,49.0005],[130.6313,48.8818],[130.2242,48.8639],[129.9277,49.0314],[129.7104,49.2898],[129.5366,49.398],[129.1744,49.3872],[128.802,49.549],[128.5528,49.6007],[128.3358,49.5408],[127.7982,49.5921],[127.5253,49.8178],[127.5014,50.0582],[127.6014,50.2366],[127.3674,50.2906],[127.292,50.4555],[127.3653,50.5821],[127.1349,50.9112],[126.9209,51.0521],[126.9727,51.2965],[126.7149,51.7269],[126.4647,51.9365],[126.5561,52.1202],[126.2999,52.2063],[126.3464,52.3832],[126.0674,52.6033],[125.6047,53.0817],[125.1576,53.2034],[124.8237,53.1428],[124.434,53.2122],[124.2321,53.3775],[123.6216,53.545],[123.2733,53.5622],[122.8495,53.4558],[122.1121,53.4312]]]},"properties":{"name":"Амурская область","cartodb_id":81,"created_at":"2013-12-04T04:23:51+0100","updated_at":"2013-12-04T08:12:04+0100","name_latin":"Amur Oblast"}},{"type":"Feature","geometry":{"type":"Polygon","coordinates":[[[130.6313,48.8818],[131.0228,49.0005],[131.1326,49.2408],[131.4195,49.2555],[131.6659,49.3123],[132.0043,49.2688],[132.1113,49.4945],[132.3848,49.4134],[132.4858,49.265],[132.733,49.3307],[132.8093,49.2367],[133.0537,49.2148],[133.2725,49.0342],[133.2814,48.8485],[133.5893,48.7295],[133.7596,48.7484],[134.0465,48.6354],[134.3997,48.7464],[134.7324,48.5706],[134.977,48.6026],[134.7655,48.3752],[134.4708,48.4206],[134.1884,48.3825],[133.7465,48.2555],[133.5674,48.1354],[133.0079,48.0392],[132.7193,47.9607],[132.4849,47.7146],[132.0184,47.7463],[131.8123,47.6659],[131.5446,47.7229],[130.9576,47.7191],[130.8621,47.9359],[130.6765,48.0528],[130.8353,48.3048],[130.7134,48.5108],[130.5231,48.6295],[130.6313,48.8818]]]},"properties":{"name":"Еврейская автономная область","cartodb_id":80,"created_at":"2013-12-04T04:23:51+0100","updated_at":"2013-12-04T08:12:21+0100","name_latin":"Jewish Autonomous Oblast"}},{"type":"Feature","geometry":{"type":"MultiPolygon","coordinates":[[[[131.4195,49.2555],[131.5279,49.4279],[131.5241,49.5723],[131.3699,49.7195],[131.5205,49.9035],[131.3874,49.9759],[131.3938,50.2716],[130.8934,50.4897],[131.0265,50.5775],[130.6727,50.7422],[130.8454,50.8791],[131.0429,51.2391],[131.4676,51.4862],[131.3865,51.626],[132.2642,51.8001],[132.4506,51.8857],[132.5401,52.0502],[132.8182,52.1628],[133.0927,52.1531],[133.4314,52.2582],[133.2338,52.4475],[133.26,52.6811],[133.8697,52.5145],[133.9985,52.5404],[134.4857,52.4608],[134.7521,52.6797],[134.5946,52.9009],[134.9071,53.2303],[134.7231,53.529],[134.5312,53.6215],[134.1953,53.4822],[133.9465,53.4389],[133.599,53.5513],[133.2611,53.4578],[132.8612,53.2353],[132.5067,53.2154],[131.4415,53.2213],[131.5334,53.3337],[131.4914,53.6024],[131.3453,53.783],[130.5878,53.8785],[130.5112,54.1224],[130.736,54.2988],[131.1342,54.3675],[131.2867,54.6588],[131.3949,54.7373],[132.0113,54.9333],[132.1274,55.0667],[132.4159,55.082],[132.3365,55.2301],[132.6115,55.2353],[132.7633,55.4563],[132.6615,55.6264],[132.4411,55.7428],[132.1565,55.6797],[131.9746,55.7141],[131.0593,55.6566],[130.9528,55.7122],[130.8602,55.9151],[130.9913,56.1676],[131.1404,56.2908],[131.2221,56.5208],[131.5012,56.5646],[131.8317,56.7427],[131.4323,57.1378],[131.6063,57.4282],[131.8491,57.6229],[132.0684,57.6817],[131.7992,57.9325],[131.5807,58.0386],[131.4952,58.1705],[131.9859,58.1585],[132.2286,58.3317],[132.1755,58.4896],[132.5465,58.6597],[132.5881,58.8917],[132.7772,58.887],[132.837,59.0681],[133.171,59.2414],[133.5186,59.3123],[133.7475,59.2283],[134.0012,59.2633],[134.528,59.1867],[134.7164,59.2047],[135.1933,59.1144],[135.4378,59.397],[135.8264,59.5261],[136.0899,59.4196],[136.6729,59.3459],[137.2949,59.4949],[137.632,59.7513],[137.9743,59.7723],[138.2721,59.7058],[138.1944,59.9142],[138.2624,60.0688],[138.3975,60.723],[138.2069,60.857],[138.3971,61.0994],[138.6597,61.2045],[138.7349,61.3369],[138.9824,61.3269],[139.0914,61.4351],[139.5538,61.4736],[139.6923,61.6622],[139.9271,61.7953],[139.9525,61.9365],[140.276,62.0378],[140.3121,62.3419],[140.6661,62.4164],[140.846,62.5302],[141.4929,62.2867],[141.5593,62.1555],[141.8333,62.0179],[142.1453,62.0755],[142.4673,61.892],[142.7677,61.9658],[143.0065,61.9148],[143.1359,62.104],[143.548,62.0498],[143.9985,61.8916],[143.9447,61.755],[144.2237,61.7278],[144.5159,61.8452],[144.7195,62.0443],[144.9878,62.0519],[145.4505,61.9493],[145.9654,62.0045],[146.3477,61.8414],[146.7398,61.4686],[146.7054,60.9494],[146.5221,60.8679],[146.3497,60.6599],[146.0853,60.7366],[145.5289,60.4948],[145.637,60.2648],[145.8574,60.1703],[146.3724,60.2506],[146.6891,60.0873],[146.8008,59.9051],[147.0393,59.9479],[147.2162,59.7321],[147.1087,59.4085],[146.8503,59.3599],[146.441,59.4617],[146.3018,59.2785],[146.0668,59.1562],[145.8296,59.2419],[145.9481,59.3483],[145.5721,59.4206],[144.9803,59.3673],[143.8769,59.4014],[143.4821,59.3194],[143.2128,59.3565],[142.3998,59.1806],[142.0795,59.0331],[141.676,58.6818],[141.3146,58.5068],[141.0122,58.4314],[140.7772,58.3039],[140.4896,57.8833],[140.3227,57.7684],[139.9935,57.6985],[139.7878,57.4842],[139.6019,57.4601],[139.4154,57.3006],[139.183,57.2719],[138.9286,57.0644],[138.6106,56.9553],[138.3934,56.733],[138.1078,56.5389],[138.1767,56.4475],[137.8929,56.3373],[137.7251,56.1379],[137.5505,56.1058],[136.7996,55.6952],[136.3504,55.5275],[136.1334,55.2891],[135.6982,55.114],[135.5373,55.0893],[135.2318,54.9133],[135.3058,54.7243],[135.6888,54.6458],[135.8483,54.562],[136.2213,54.614],[136.48,54.585],[136.783,54.6424],[136.8763,54.5684],[136.7498,54.417],[136.786,54.0625],[136.679,53.9515],[136.9448,53.8533],[137.172,53.8443],[137.2902,54.0382],[137.0845,54.1248],[137.4518,54.314],[137.7443,54.3065],[137.4308,54.0388],[137.606,53.8308],[137.3208,53.5339],[137.9503,53.581],[138.3223,53.7553],[138.274,53.554],[138.4092,53.5185],[138.6595,53.707],[138.7688,53.9783],[138.7535,54.302],[139.1898,54.185],[139.7918,54.203],[140.1961,54.0556],[140.2563,53.8708],[140.5222,53.6646],[140.9458,53.4992],[140.9088,53.4275],[141.3801,53.253],[141.443,53.1652],[141.1487,52.9921],[141.1635,52.7904],[141.2593,52.601],[141.1156,52.4115],[141.4993,52.1618],[141.3489,52.097],[141.4218,51.9568],[141.1683,51.8285],[141.1047,51.6823],[140.8729,51.6122],[140.8582,51.3708],[140.6698,51.3225],[140.6408,50.952],[140.5016,50.8719],[140.4849,49.9969],[140.3985,49.8731],[140.5284,49.7832],[140.5468,49.5646],[140.3124,49.1999],[140.3609,48.9208],[140.2367,48.8452],[140.1652,48.4417],[139.7218,48.1629],[139.2637,47.802],[138.9959,47.3907],[138.8627,47.4696],[138.5368,47.482],[138.7377,47.7699],[138.7487,47.8918],[138.5749,48.0476],[138.6367,48.1222],[138.3966,48.4439],[138.236,48.4433],[137.8346,48.2093],[137.4513,48.203],[137.3228,48.0651],[137.611,47.8979],[137.7766,47.7205],[138.0541,47.6713],[138.0043,47.4634],[137.3928,47.2017],[137.0813,47.304],[136.948,47.1663],[136.9781,47.0249],[136.7246,46.8581],[136.2342,46.7755],[136.0541,46.8674],[135.8367,46.8286],[135.6909,46.9668],[135.4278,46.9266],[135.4309,47.0427],[135.0853,47.2134],[134.6621,47.1243],[134.4074,46.861],[134.3877,46.6754],[134.0053,46.6552],[134.0153,46.8111],[134.2188,47.1872],[134.1683,47.3187],[134.3047,47.4311],[134.4949,47.4465],[134.7652,47.717],[134.5738,47.9208],[134.5677,48.0445],[134.7655,48.3752],[134.977,48.6026],[134.7324,48.5706],[134.3997,48.7464],[134.0465,48.6354],[133.7596,48.7484],[133.5893,48.7295],[133.2814,48.8485],[133.2725,49.0342],[133.0537,49.2148],[132.8093,49.2367],[132.733,49.3307],[132.4858,49.265],[132.3848,49.4134],[132.1113,49.4945],[132.0043,49.2688],[131.6659,49.3123],[131.4195,49.2555]]],[[[137.6888,54.6425],[137.4853,54.868],[137.3025,54.9058],[137.6145,55.1868],[138.0745,55.048],[138.0005,54.786],[137.6888,54.6425]]]]},"properties":{"name":"Хабаровский край","cartodb_id":79,"created_at":"2013-12-04T04:23:51+0100","updated_at":"2013-12-04T08:12:30+0100","name_latin":"Khabarovsk Krai"}},{"type":"Feature","geometry":{"type":"Polygon","coordinates":[[[84.4538,56.0431],[84.8975,56.1628],[85.4139,56.2061],[85.8042,56.4114],[86.3389,56.6361],[86.6782,56.6433],[86.8488,56.5559],[87.5967,56.6637],[87.7015,56.551],[88.4244,56.8344],[88.5976,56.8022],[88.6631,56.6198],[88.5934,56.4307],[89.0399,56.3005],[89.2471,56.0704],[89.332,55.7746],[88.9136,55.6602],[88.6013,55.4274],[88.4424,55.3045],[88.5504,55.0017],[88.7542,54.7905],[88.5954,54.6831],[88.5244,54.4157],[88.8356,54.42],[89.2167,54.2498],[89.0075,54.0005],[89.2378,53.8185],[89.0447,53.7921],[88.8742,53.597],[88.8599,53.464],[89.0365,53.2801],[89.0622,53.1317],[88.9358,53.0456],[89.2194,52.8578],[89.1104,52.5879],[88.6995,52.3638],[88.701,52.2706],[88.3758,52.1775],[88.4419,52.3356],[87.8918,52.5382],[87.6533,52.4224],[87.298,52.5922],[87.1327,52.6176],[86.9124,52.847],[87.0634,53.0257],[86.6442,53.1805],[86.9049,53.4123],[86.3937,53.5973],[86.2958,53.8298],[86.1243,53.9829],[85.8713,54.0376],[85.749,54.1643],[85.4253,54.1873],[85.1169,54.4378],[84.8945,54.7285],[85.0881,54.8163],[84.8781,55.0202],[84.9272,55.1636],[84.7409,55.6414],[84.5391,55.7186],[84.4538,56.0431]]]},"properties":{"name":"Кемеровская область","cartodb_id":78,"created_at":"2013-12-04T04:23:51+0100","updated_at":"2013-12-04T08:12:36+0100","name_latin":"Kemerovo Oblast"}},{"type":"Feature","geometry":{"type":"Polygon","coordinates":[[[90.4867,52.1959],[90.1434,52.1485],[89.9522,51.7555],[89.7096,51.5622],[89.4397,51.6068],[88.7915,51.5538],[88.7029,51.3934],[88.4455,51.2851],[87.9344,51.5263],[88.1101,51.7403],[87.8915,51.8126],[88.1264,52.0682],[88.3758,52.1775],[88.701,52.2706],[88.6995,52.3638],[89.1104,52.5879],[89.2194,52.8578],[88.9358,53.0456],[89.0622,53.1317],[89.0365,53.2801],[88.8599,53.464],[88.8742,53.597],[89.0447,53.7921],[89.2378,53.8185],[89.0075,54.0005],[89.2167,54.2498],[88.8356,54.42],[88.5244,54.4157],[88.5954,54.6831],[88.7542,54.7905],[88.5504,55.0017],[88.4424,55.3045],[88.6013,55.4274],[89.0114,55.3236],[89.0099,55.2337],[89.372,55.0426],[89.9956,55.1242],[90.4992,55.0608],[90.5072,54.9044],[90.7792,54.9121],[90.9457,54.8481],[90.9187,54.6536],[91.2602,54.5066],[91.5641,54.0191],[91.4274,53.8617],[91.6251,53.5339],[91.9035,53.4261],[91.7385,53.1777],[91.4193,53.0891],[91.5052,52.9937],[91.2283,52.6156],[90.895,52.601],[90.4867,52.1959]]]},"properties":{"name":"Республика Хакасия","cartodb_id":75,"created_at":"2013-12-04T04:23:51+0100","updated_at":"2013-12-04T08:12:47+0100","name_latin":"Republic of Khakassia"}},{"type":"Feature","geometry":{"type":"Polygon","coordinates":[[[39.402,56.771],[39.273,56.5367],[38.9724,56.5352],[38.8419,56.6055],[38.5317,56.5902],[38.3181,56.6586],[38.2443,56.7935],[38.2427,57.1173],[37.8006,57.5013],[37.8577,57.5797],[37.38,57.8375],[37.6052,58.077],[37.3843,58.2028],[37.3686,58.3384],[37.6282,58.4829],[37.7121,58.6257],[38.0646,58.7301],[38.8423,58.747],[39.2349,58.9153],[39.7933,58.8371],[40.1859,58.5551],[40.9301,58.5763],[41.1897,58.3504],[40.8821,58.1787],[40.8091,58.0066],[40.6383,57.8645],[40.7073,57.6258],[40.4056,57.4935],[40.4305,57.2858],[40.1931,57.2039],[39.8533,57.1742],[39.6212,57.0605],[39.3796,56.8332],[39.402,56.771]]]},"properties":{"name":"Ярославская область","cartodb_id":66,"created_at":"2013-12-04T04:23:51+0100","updated_at":"2013-12-04T08:12:59+0100","name_latin":"Yaroslavl Oblast"}},{"type":"Feature","geometry":{"type":"Polygon","coordinates":[[[47.0722,60.8445],[47.0131,60.6245],[46.7585,60.3648],[46.763,60.2337],[46.4158,60.2689],[46.3781,60.1286],[46.835,60.0542],[46.9223,59.7655],[47.1529,59.7522],[47.1178,59.599],[46.4089,59.6186],[46.3689,59.3432],[46.0203,59.3239],[45.979,59.1716],[45.3405,59.216],[45.0396,59.1218],[44.1902,59.1701],[44.0907,59.2341],[43.4207,59.2913],[42.7997,59.17],[42.5738,59.3299],[42.3484,59.3046],[42.0349,59.4295],[41.9514,59.2611],[42.0013,59.1047],[41.7144,59.0849],[41.172,58.9318],[41.2305,58.7412],[40.9301,58.5763],[40.1859,58.5551],[39.7933,58.8371],[39.2349,58.9153],[38.8423,58.747],[38.0646,58.7301],[37.7121,58.6257],[37.6282,58.4829],[37.414,58.5835],[37.071,58.8631],[36.7654,58.8009],[36.5031,58.5155],[36.1817,58.5117],[36.1038,58.7248],[35.7832,58.7537],[35.4094,58.8493],[35.2955,58.7798],[34.8683,58.9906],[34.8493,59.2011],[35.1781,59.2578],[35.4406,59.4255],[35.4947,59.6519],[35.3214,59.9808],[35.1555,60.1519],[35.2988,60.6014],[35.1755,60.7701],[35.4617,60.8569],[35.6967,61.0035],[35.6979,61.2074],[36.4599,61.4073],[36.5843,61.5395],[37.03,61.6142],[37.3046,61.5101],[37.8167,61.5298],[37.8729,61.2905],[38.1236,61.1605],[38.218,60.9311],[38.5867,60.7977],[38.8963,60.7715],[39.1432,60.6799],[39.7589,60.7412],[39.8856,60.6539],[40.5749,60.7197],[41.1408,60.6358],[41.3425,60.6875],[41.5091,60.8952],[42.5705,60.7732],[42.9197,60.8137],[43.5237,60.7664],[43.7349,60.8811],[43.7829,61.0372],[44.1598,60.965],[45.2511,60.894],[45.3384,61.1951],[45.809,61.1615],[45.7594,61.0112],[46.2995,60.9687],[46.8237,60.9631],[47.0722,60.8445]]]},"properties":{"name":"Вологодская область","cartodb_id":55,"created_at":"2013-12-04T04:23:51+0100","updated_at":"2013-12-04T08:15:26+0100","name_latin":"Vologda Oblast"}},{"type":"Feature","geometry":{"type":"Polygon","coordinates":[[[44.6785,42.7562],[44.953,42.9466],[44.9033,43.0966],[44.569,43.2348],[44.578,43.4164],[44.5033,43.5879],[44.8476,43.565],[45.0668,43.5086],[45.1833,43.009],[45.2428,42.8903],[45.0868,42.7122],[44.6785,42.7562]]]},"properties":{"name":"Ингушетия","cartodb_id":34,"created_at":"2013-12-04T04:23:51+0100","updated_at":"2013-12-04T08:16:04+0100","name_latin":"Republic of Ingushetia"}},{"type":"Feature","geometry":{"type":"Polygon","coordinates":[[[59.0421,56.1684],[59.2888,56.3275],[59.714,56.3235],[60.004,56.2206],[60.705,56.2427],[60.9639,56.191],[61.0918,56.3192],[61.7346,56.2867],[62.0611,56.1308],[62.3177,55.9476],[62.3043,55.838],[62.5259,55.7699],[62.6201,55.4906],[62.3195,55.4137],[62.1608,55.2311],[62.2371,55.1086],[61.9956,54.9807],[62.1119,54.798],[62.0779,54.6756],[62.4412,54.7157],[62.6717,54.624],[62.9784,54.7055],[63.1998,54.6991],[63.2851,54.5814],[63.1716,54.3081],[63.3541,54.1904],[63.0583,54.098],[62.3357,54.0318],[61.7291,54.03],[61.294,54.0671],[61.1866,53.9721],[61.2266,53.7949],[60.9037,53.6249],[61.3195,53.5093],[61.1582,53.4036],[61.1852,53.2997],[61.5241,53.2156],[62.1115,53.1161],[62.132,52.9887],[61.6342,52.9535],[61.4662,53.035],[61.1444,52.9934],[60.7143,52.7605],[60.9809,52.5075],[61.0658,52.3495],[60.9737,52.2779],[60.5015,52.1485],[60.2011,51.9831],[60.0096,51.9938],[59.9681,52.1519],[60.1739,52.2603],[60.163,52.4001],[59.6776,52.4087],[59.2492,52.4766],[59.1657,52.2765],[58.8549,52.4258],[58.751,52.611],[58.7608,52.8496],[58.9134,53.0561],[58.9077,53.8627],[59.1882,54.0036],[59.3257,54.1878],[59.708,54.1416],[59.7893,54.2443],[59.689,54.5218],[59.8538,54.609],[59.9472,54.7704],[59.618,54.9061],[59.5228,54.7798],[59.2888,54.6582],[59.0653,54.6497],[58.5873,54.464],[58.3853,54.5601],[58.0121,54.3968],[57.7534,54.5017],[57.6032,54.6786],[57.245,54.7725],[57.2594,54.9503],[57.1313,55.085],[57.3939,55.3172],[58.0232,55.2765],[58.1177,55.1917],[57.9329,54.9486],[58.1173,54.9386],[58.2711,55.1714],[58.5294,54.9727],[58.8065,55.0287],[58.693,55.1507],[58.7254,55.2897],[59.16,55.3424],[59.1832,55.4684],[59.5789,55.5166],[59.3358,55.6316],[59.2211,55.8502],[59.3082,56.0463],[59.0421,56.1684]]]},"properties":{"name":"Челябинская область","cartodb_id":24,"created_at":"2013-12-04T04:23:51+0100","updated_at":"2013-12-04T08:16:45+0100","name_latin":"Chelyabinsk Oblast"}},{"type":"Feature","geometry":{"type":"Polygon","coordinates":[[[57.4062,56.3427],[57.5083,56.1946],[57.9127,56.1066],[58.2571,56.1048],[58.5828,56.1652],[58.9606,56.0652],[59.0421,56.1684],[59.3082,56.0463],[59.2211,55.8502],[59.3358,55.6316],[59.5789,55.5166],[59.1832,55.4684],[59.16,55.3424],[58.7254,55.2897],[58.693,55.1507],[58.8065,55.0287],[58.5294,54.9727],[58.2711,55.1714],[58.1173,54.9386],[57.9329,54.9486],[58.1177,55.1917],[58.0232,55.2765],[57.3939,55.3172],[57.1313,55.085],[57.2594,54.9503],[57.245,54.7725],[57.6032,54.6786],[57.7534,54.5017],[58.0121,54.3968],[58.3853,54.5601],[58.5873,54.464],[59.0653,54.6497],[59.2888,54.6582],[59.5228,54.7798],[59.618,54.9061],[59.9472,54.7704],[59.8538,54.609],[59.689,54.5218],[59.7893,54.2443],[59.708,54.1416],[59.3257,54.1878],[59.1882,54.0036],[58.9077,53.8627],[58.9134,53.0561],[58.7608,52.8496],[58.751,52.611],[58.8549,52.4258],[58.9454,52.3397],[58.6167,52.1366],[58.6556,51.893],[58.5749,51.7717],[58.1883,51.7334],[57.9124,51.8358],[57.6109,51.7851],[57.3058,51.6071],[57.1605,51.5757],[56.9969,51.7205],[56.7711,51.6666],[56.6108,51.8271],[56.7046,52.0601],[56.4874,52.1693],[56.4324,52.4284],[56.1485,52.6323],[55.8482,52.4703],[55.7734,52.3458],[55.5,52.462],[55.3673,52.6831],[55.3488,52.8514],[55.1395,52.8144],[54.9271,53.2111],[54.552,53.2632],[54.5476,53.3552],[54.0748,53.4417],[53.8508,53.684],[53.6446,53.7535],[53.5006,54.0561],[53.4045,54.3971],[53.4379,54.5718],[53.6192,54.7474],[53.3187,55.1622],[53.8827,55.3707],[53.9661,55.5292],[54.2408,55.6769],[53.8795,55.887],[53.6973,55.9251],[53.8454,56.0449],[54.0358,56.0221],[54.1952,56.1982],[54.3923,56.2583],[54.3776,56.3787],[54.5398,56.5114],[55.0218,56.3243],[55.4596,56.3316],[55.9199,56.4495],[56.0811,56.2903],[56.4072,56.4038],[56.9213,56.1039],[57.1678,56.1623],[57.4062,56.3427]]]},"properties":{"name":"Башкортостан","cartodb_id":61,"created_at":"2013-12-04T04:23:51+0100","updated_at":"2013-12-04T08:17:23+0100","name_latin":"Republic of Bashkortostan"}},{"type":"Feature","properties":{"name":"Ненецкий автономный округ","cartodb_id":3,"created_at":"2013-12-04T04:23:51+0100","updated_at":"2013-12-04T04:31:19+0100","name_latin":"Nenets Autonomous Okrug"},"geometry":{"type":"MultiPolygon","coordinates":[[[[53.87913,68.25193],[53.89265,68.23875],[53.84977,68.2446],[53.87913,68.25193]]],[[[53.99357,68.33912],[53.99703,68.3182],[53.96419,68.29202],[53.94378,68.28448],[53.88427,68.2977],[53.85969,68.31055],[53.8682,68.33168],[53.85562,68.34758],[53.89542,68.35549],[53.92607,68.36962],[53.98577,68.36661],[53.99357,68.33912]]],[[[52.30443,68.54142],[52.34252,68.54505],[52.32026,68.52419],[52.30443,68.54142]]],[[[58.30902,70.23156],[58.32677,70.22581],[58.36589,70.24085],[58.36612,70.22705],[58.33701,70.22062],[58.30902,70.23156]]],[[[58.6553,70.46185],[58.72098,70.4528],[58.68191,70.44652],[58.6553,70.46185]]],[[[64.735405,69.120174],[64.720055,69.112431],[64.711538,69.079576],[64.647438,69.063295],[64.613376,69.039797],[64.538948,69.028795],[64.53918,69.008155],[64.518135,68.978933],[64.557475,68.972606],[64.568502,68.961855],[64.624637,68.932736],[64.551408,68.910664],[64.575929,68.896119],[64.557261,68.867615],[64.590996,68.86092],[64.654625,68.866444],[64.687459,68.859042],[64.756903,68.855895],[64.742446,68.872436],[64.784693,68.892985],[64.809513,68.877657],[64.854588,68.875255],[64.865264,68.862601],[64.919129,68.876499],[64.911532,68.863604],[64.963436,68.843816],[65.02436,68.844186],[65.029112,68.831514],[65.085294,68.810969],[65.139807,68.803589],[65.1469,68.813516],[65.186805,68.810914],[65.22558,68.820371],[65.229804,68.804397],[65.253883,68.809826],[65.305789,68.803284],[65.346071,68.8123],[65.347424,68.788339],[65.396731,68.793298],[65.398303,68.778002],[65.353261,68.743744],[65.35088,68.729614],[65.384136,68.719959],[65.448928,68.73369],[65.468167,68.710267],[65.463755,68.695572],[65.426367,68.697146],[65.403742,68.683976],[65.437586,68.673458],[65.425481,68.661362],[65.436069,68.646778],[65.497763,68.636243],[65.517197,68.618311],[65.561211,68.608162],[65.56128,68.590539],[65.603516,68.581606],[65.658298,68.581045],[65.670532,68.563628],[65.659721,68.540906],[65.628645,68.534101],[65.593241,68.515511],[65.609221,68.489609],[65.550141,68.484215],[65.54192,68.469838],[65.515125,68.464719],[65.51067,68.435016],[65.472578,68.417891],[65.42283,68.422662],[65.358103,68.413975],[65.341268,68.402214],[65.300372,68.394449],[65.280922,68.406671],[65.251538,68.396908],[65.149065,68.405401],[65.116123,68.415317],[65.053222,68.402556],[65.060296,68.388335],[65.02801,68.380801],[64.988035,68.387488],[64.970429,68.402863],[64.938469,68.404861],[64.878586,68.390408],[64.815797,68.409971],[64.776438,68.403975],[64.773211,68.394443],[64.730162,68.386909],[64.697797,68.396441],[64.658593,68.382603],[64.657595,68.370919],[64.580261,68.357235],[64.555587,68.331329],[64.528912,68.326024],[64.538292,68.305576],[64.527994,68.278748],[64.562741,68.274597],[64.577655,68.261452],[64.562205,68.251075],[64.581889,68.200339],[64.518085,68.187424],[64.497789,68.19857],[64.448513,68.199108],[64.400008,68.177199],[64.374178,68.175738],[64.356268,68.156289],[64.395474,68.158058],[64.371567,68.145681],[64.362498,68.125771],[64.346815,68.130691],[64.300616,68.112395],[64.269404,68.119544],[64.250264,68.110165],[64.213902,68.113239],[64.158843,68.093329],[64.079356,68.092098],[64.0729,68.070305],[64.043688,68.067768],[64.019897,68.056198],[63.980326,68.057428],[63.97164,68.048741],[63.866319,68.032518],[63.901299,67.999617],[63.906913,67.976325],[63.939278,67.958952],[63.947447,67.944923],[63.921465,67.92951],[63.964978,67.905565],[63.996996,67.901222],[63.989348,67.89119],[63.950988,67.890113],[63.947799,67.87201],[63.911324,67.854521],[63.92128,67.844874],[63.868123,67.826539],[63.817694,67.820812],[63.799436,67.828345],[63.766651,67.815545],[63.763365,67.800209],[63.746971,67.814968],[63.706344,67.803668],[63.716569,67.797633],[63.695238,67.771535],[63.770155,67.740403],[63.758087,67.725028],[63.735025,67.724375],[63.719841,67.736712],[63.607106,67.732291],[63.560212,67.741726],[63.553371,67.733097],[63.494408,67.742821],[63.490986,67.755197],[63.425642,67.768995],[63.383593,67.75339],[63.327822,67.747297],[63.299457,67.732883],[63.30384,67.71355],[63.263673,67.715663],[63.226813,67.709744],[63.221356,67.698982],[63.144213,67.691409],[63.139929,67.67],[63.119175,67.647476],[63.06575,67.62918],[62.943157,67.605156],[62.913907,67.596546],[62.928706,67.588167],[62.913679,67.568795],[62.919985,67.539661],[62.880358,67.52098],[62.834253,67.519865],[62.856356,67.500763],[62.851591,67.491461],[62.882264,67.485465],[62.916956,67.445954],[62.900929,67.436998],[62.909695,67.412168],[62.897127,67.402098],[62.873603,67.405288],[62.878486,67.389337],[62.845123,67.384148],[62.863958,67.369734],[62.753512,67.350323],[62.484498,67.27929],[62.150142,67.19611],[61.846651,67.126153],[61.828701,67.115929],[61.785883,67.111777],[61.777966,67.097248],[61.729305,67.09571],[61.742126,67.076492],[61.707726,67.056121],[61.716453,67.033789],[61.657243,67.013456],[61.638947,67.019144],[61.644406,67.003309],[61.597897,67.002847],[61.597206,66.992392],[61.566225,67.006844],[61.541318,67.00692],[61.508494,66.995312],[61.514105,67.007304],[61.47636,67.00223],[61.461292,67.009379],[61.454837,66.981705],[61.425471,66.983089],[61.381289,66.974401],[61.375945,66.98893],[61.345848,67.001037],[61.320787,67.000614],[60.109855,67.000637],[60.044534,66.965775],[59.924997,66.951591],[59.907354,66.964236],[59.921113,66.977304],[59.9652,66.97792],[59.9735,67.000443],[58.83629,67.000428],[58.224412,67.00042],[57.705899,67.000413],[57.068064,67.000404],[56.501823,67.000396],[55.887852,67.000388],[55.408391,67.000381],[54.92893,67.000375],[54.282416,67.000366],[53.874727,67.000361],[53.556893,67.019728],[53.291525,67.036943],[52.55938,67.077829],[52.14922,67.099397],[52.068354,67.064369],[52.048522,67.050609],[52.057134,67.029546],[51.931986,67.016245],[51.929527,67.006021],[51.887401,66.995489],[51.871718,67.003022],[51.830438,67.000177],[51.865723,66.994643],[51.843661,66.990722],[51.846506,66.977347],[51.82875,66.964739],[51.831827,66.945829],[51.785778,66.959511],[51.754876,66.948826],[51.789777,66.946289],[51.776404,66.919384],[51.749574,66.926994],[51.719979,66.917923],[51.693765,66.921535],[51.656653,66.937793],[51.616947,66.947786],[51.526506,66.939329],[51.505637,66.92134],[51.514595,66.897856],[51.545692,66.880407],[51.540235,66.863264],[51.501089,66.846582],[51.488714,66.834436],[51.49894,66.817294],[51.536532,66.798],[51.545125,66.773977],[51.207526,66.691604],[50.85815,66.602618],[50.405685,66.487392],[50.010487,66.384098],[49.779813,66.321395],[49.37584,66.214971],[48.999585,66.116202],[48.999789,66.113264],[48.721637,66.118556],[48.405668,66.122351],[48.30187,66.127185],[48.084647,66.129254],[48.072645,66.113106],[48.063755,66.067943],[48.029132,66.013281],[47.911042,66.032277],[47.849174,65.982969],[47.824563,65.981587],[47.749226,65.906458],[47.843529,65.855339],[47.797418,65.837895],[47.738354,65.820969],[47.471346,65.843935],[47.269648,65.831014],[47.144758,65.821305],[46.770449,65.935343],[46.686639,65.953591],[46.558159,65.978016],[46.426725,66.017737],[46.347105,66.038287],[46.307209,66.037941],[46.139164,66.0521],[46.134673,66.058836],[45.848494,66.085428],[45.72583,66.069019],[45.70329,66.083267],[45.515382,66.115301],[45.267541,66.178248],[45.179847,66.194308],[44.989002,66.225047],[44.854938,66.230571],[44.589523,66.297577],[44.520753,66.361621],[44.249558,66.436164],[44.30041,66.47415],[44.33903,66.48991],[44.38362,66.4993],[44.38002,66.51514],[44.39297,66.57553],[44.43767,66.63015],[44.47145,66.64663],[44.55714,66.64626],[44.53819,66.66078],[44.50919,66.66005],[44.47541,66.67247],[44.39646,66.72307],[44.36741,66.75927],[44.37325,66.78383],[44.44935,66.79971],[44.50178,66.83619],[44.47299,66.87649],[44.48818,66.89623],[44.51659,66.90833],[44.48617,66.93048],[44.43343,66.95613],[44.4011,66.99729],[44.38537,66.9989],[44.30879,67.03668],[44.31903,67.05717],[44.22876,67.09383],[44.17763,67.13091],[44.09121,67.15703],[44.04688,67.16329],[43.939,67.1621],[43.90122,67.15354],[43.82585,67.17473],[43.777,67.19661],[43.77045,67.24105],[43.77555,67.2705],[43.80105,67.32259],[43.8078,67.34668],[43.90297,67.47673],[43.95585,67.53282],[44.00884,67.5761],[44.03587,67.60311],[44.06816,67.6598],[44.11721,67.65981],[44.10829,67.64698],[44.1475,67.64898],[44.17424,67.67175],[44.1617,67.68421],[44.10522,67.68353],[44.08505,67.69211],[44.1356,67.74454],[44.14363,67.77398],[44.13473,67.80487],[44.10973,67.8133],[44.09526,67.83763],[44.11314,67.85716],[44.1184,67.87917],[44.13754,67.88439],[44.18923,67.88056],[44.19507,67.86857],[44.26619,67.8707],[44.27584,67.88761],[44.30146,67.89284],[44.27952,67.90016],[44.2822,67.91218],[44.23283,67.92653],[44.20017,67.9274],[44.18344,67.91057],[44.15004,67.91385],[44.17408,67.96357],[44.15063,67.99975],[44.20394,68.00615],[44.18683,68.027836],[44.15914,68.02843],[44.15822,68.04427],[44.18577,68.06691],[44.2038,68.09921],[44.20465,68.13423],[44.225842,68.186834],[44.231054,68.223596],[44.223036,68.267871],[44.20118,68.30319],[44.04141,68.37342],[43.92142,68.41207],[43.89552,68.42365],[43.82914,68.43802],[43.71993,68.4766],[43.55286,68.52509],[43.47768,68.55358],[43.40531,68.58882],[43.33642,68.61207],[43.28678,68.63842],[43.26921,68.65691],[43.289993,68.66578],[43.42975,68.66972],[43.48881,68.65825],[43.56665,68.64844],[43.65025,68.62331],[43.74537,68.61408],[43.75289,68.60467],[43.85185,68.57265],[43.91667,68.56235],[44.01625,68.53842],[44.08428,68.53075],[44.36171,68.54072],[44.53825,68.547923],[44.773379,68.552595],[44.924098,68.55021],[45.27978,68.538782],[45.489453,68.522287],[45.541967,68.516122],[45.620939,68.50026],[45.734385,68.484682],[45.805339,68.469092],[45.915177,68.451284],[46.0182,68.431988],[45.99976,68.428303],[45.913172,68.449811],[45.804537,68.467915],[45.859857,68.429335],[45.917582,68.398955],[45.96288,68.3805],[46.035037,68.329932],[46.026618,68.311569],[46.110801,68.294971],[46.193781,68.244509],[46.243489,68.222508],[46.30843,68.186638],[46.38497,68.16794],[46.423746,68.150669],[46.45886,68.15247],[46.52459,68.12938],[46.549352,68.100529],[46.529309,68.094248],[46.523697,68.045891],[46.549753,68.004489],[46.616999,67.958463],[46.641051,67.935209],[46.631029,67.931218],[46.652676,67.910801],[46.70472,67.89007],[46.68464,67.8798],[46.68554,67.86419],[46.71195,67.85445],[46.69268,67.80836],[46.63503,67.80128],[46.60375,67.8085],[46.48476,67.80925],[46.44517,67.8142],[46.33328,67.82141],[46.30991,67.81495],[46.15673,67.79514],[46.052675,67.78523],[45.984527,67.79008],[45.848131,67.753874],[45.714041,67.749549],[45.667339,67.744159],[45.651906,67.75266],[45.5571,67.751977],[45.472717,67.741654],[45.355964,67.713432],[45.31267,67.688943],[45.344339,67.658639],[45.33366,67.61023],[45.30771,67.57398],[45.22745,67.58216],[45.17346,67.57136],[45.14694,67.55835],[45.04184,67.51802],[44.99042,67.49412],[44.9611,67.47277],[44.93385,67.44261],[44.91444,67.37867],[44.91894,67.32359],[44.96268,67.31479],[45.08701,67.27028],[45.11801,67.25697],[45.26229,67.22075],[45.49563,67.18057],[45.55918,67.16605],[45.60275,67.14493],[45.62547,67.10828],[45.616323,67.063431],[45.6715,67.03983],[45.68908,67.02492],[45.69759,66.99064],[45.73353,66.96899],[45.79683,66.90835],[45.82678,66.88889],[45.85711,66.8817],[45.87582,66.8683],[45.90643,66.86071],[45.98467,66.85053],[46.00707,66.84246],[46.01835,66.82475],[46.09339,66.82629],[46.13088,66.82283],[46.29685,66.83177],[46.35778,66.84176],[46.43355,66.86001],[46.53789,66.86543],[46.56618,66.86042],[46.60093,66.83501],[46.5553,66.82728],[46.57072,66.81958],[46.66005,66.81624],[46.69166,66.82281],[46.76478,66.82854],[46.79578,66.83548],[46.86443,66.84133],[46.92384,66.83678],[46.96053,66.84887],[47.00318,66.85383],[47.07053,66.85079],[47.10012,66.86242],[47.18465,66.87688],[47.28606,66.88977],[47.36504,66.91216],[47.44192,66.9184],[47.49575,66.90939],[47.59877,66.87933],[47.61528,66.88762],[47.57773,66.89886],[47.57755,66.90961],[47.63451,66.94526],[47.67611,66.95556],[47.68139,66.96801],[47.74305,67.00789],[47.7553,67.06116],[47.76305,67.12627],[47.75696,67.14492],[47.712,67.16654],[47.70866,67.18374],[47.67629,67.18889],[47.71452,67.2123],[47.73512,67.21361],[47.784,67.23106],[47.79985,67.25382],[47.77241,67.27374],[47.76021,67.30286],[47.78302,67.31961],[47.7721,67.33413],[47.86721,67.38056],[47.90408,67.40498],[47.93054,67.43131],[47.94092,67.46367],[47.93277,67.47866],[47.89585,67.49059],[47.87405,67.51733],[47.8509,67.52772],[47.8636,67.54157],[47.83036,67.57131],[47.83432,67.57919],[47.93209,67.60559],[47.99761,67.6328],[48.04748,67.62624],[48.05376,67.61768],[48.12595,67.61272],[48.21025,67.63283],[48.25672,67.65316],[48.28794,67.65034],[48.34658,67.66552],[48.42045,67.64134],[48.4742,67.63662],[48.54156,67.65103],[48.59124,67.67247],[48.65199,67.69083],[48.71288,67.68817],[48.66643,67.6841],[48.70102,67.66847],[48.73705,67.6665],[48.78571,67.6719],[48.82202,67.68398],[48.86658,67.6805],[48.9015,67.66366],[48.94593,67.65964],[49.0041,67.64157],[49.03948,67.64787],[48.97128,67.67029],[48.91894,67.6754],[48.86465,67.70973],[48.82872,67.71685],[48.74404,67.71037],[48.78461,67.75078],[48.77639,67.76685],[48.78608,67.7912],[48.77764,67.82903],[48.76188,67.84271],[48.69689,67.87338],[48.63894,67.88491],[48.59174,67.9136],[48.63265,67.91424],[48.68221,67.89649],[48.69669,67.8785],[48.77037,67.84904],[48.79978,67.84222],[48.92448,67.82954],[49.00526,67.83015],[49.06103,67.83505],[49.17477,67.85292],[49.34555,67.89152],[49.50185,67.92957],[49.62621,67.96223],[49.87614,68.03445],[50.04144,68.08995],[50.08759,68.10809],[50.1453,68.12232],[50.34594,68.18808],[50.49098,68.24137],[50.628759,68.289206],[50.714472,68.325841],[50.78409,68.36174],[50.82074,68.37016],[50.81799,68.38533],[50.94745,68.44014],[51.03609,68.46643],[51.11735,68.48162],[51.22008,68.48981],[51.46633,68.48328],[51.48547,68.47929],[51.43405,68.45553],[51.36615,68.45915],[51.34492,68.4492],[51.292,68.44047],[51.20421,68.44553],[51.14543,68.44078],[51.10234,68.42413],[51.06268,68.42118],[51.03469,68.42685],[50.98529,68.4238],[50.97097,68.40429],[50.93451,68.39219],[50.85927,68.39225],[50.84385,68.37731],[50.80516,68.36355],[50.80856,68.34853],[50.84914,68.33733],[50.90399,68.33486],[51.02327,68.34612],[51.08796,68.34715],[51.12258,68.36505],[51.19577,68.37789],[51.26689,68.37727],[51.29928,68.3812],[51.360586,68.404818],[51.392,68.408482],[51.406934,68.425153],[51.47194,68.41767],[51.54664,68.41987],[51.5898,68.43167],[51.589434,68.445578],[51.510298,68.447912],[51.51253,68.461654],[51.553042,68.484645],[51.65043,68.4876],[51.7781,68.4974],[51.87921,68.51065],[52.01622,68.53285],[52.20342,68.57368],[52.22624,68.57509],[52.2792,68.55994],[52.25995,68.55657],[52.24038,68.56794],[52.18947,68.55047],[52.19115,68.54257],[52.15561,68.5354],[52.15229,68.51185],[52.07841,68.51726],[52.04419,68.50754],[52.06193,68.49038],[52.11189,68.49184],[52.11708,68.5066],[52.16514,68.50082],[52.19211,68.48904],[52.22366,68.4884],[52.2659,68.47013],[52.33831,68.47754],[52.38239,68.46672],[52.33317,68.46869],[52.299165,68.452518],[52.313402,68.428336],[52.293442,68.410824],[52.25192,68.408008],[52.203798,68.396327],[52.1635,68.37494],[52.16715,68.35454],[52.20443,68.34563],[52.23333,68.32698],[52.29688,68.32136],[52.40647,68.32776],[52.4796,68.34692],[52.54618,68.36818],[52.54996,68.37725],[52.59486,68.39996],[52.69067,68.41527],[52.73993,68.4529],[52.74548,68.47148],[52.734375,68.48523],[52.67167,68.50737],[52.60184,68.51618],[52.5763,68.52524],[52.53835,68.56856],[52.48585,68.57535],[52.50345,68.59068],[52.50002,68.6043],[52.46541,68.60542],[52.42451,68.584864],[52.3812,68.5816],[52.38102,68.57225],[52.28465,68.58904],[52.30121,68.60206],[52.51184,68.66443],[52.86971,68.76039],[53.34563,68.87656],[53.49337,68.90704],[53.6663,68.93355],[53.86959,68.95966],[54.02288,68.97392],[54.11569,68.98063],[54.330129,68.988186],[54.436044,68.988986],[54.532174,68.984985],[54.567708,68.979321],[54.579209,68.965585],[54.530286,68.959423],[54.436902,68.975688],[54.404287,68.971315],[54.379739,68.95893],[54.325837,68.950916],[54.263009,68.947402],[54.162587,68.946477],[54.01307,68.925808],[53.979253,68.926302],[53.86635,68.91227],[53.81168,68.91688],[53.78563,68.92496],[53.74115,68.90838],[53.65027,68.89856],[53.603932,68.872443],[53.65188,68.84804],[53.71103,68.84344],[53.685601,68.851491],[53.685945,68.869815],[53.743966,68.859417],[53.80358,68.86478],[53.83687,68.85517],[53.87147,68.85607],[53.93011,68.84716],[53.95042,68.83857],[53.98652,68.8387],[54.00328,68.81418],[53.97127,68.81553],[53.96705,68.7946],[53.91543,68.79994],[53.87026,68.79438],[53.87648,68.77274],[53.84749,68.75557],[53.82837,68.73372],[53.85911,68.70819],[53.84411,68.68975],[53.8038,68.67159],[53.73299,68.65104],[53.71971,68.617],[53.755,68.58876],[53.79071,68.58152],[53.80847,68.56241],[53.88042,68.54047],[53.91741,68.50507],[53.91772,68.48998],[53.9377,68.46604],[53.92509,68.43843],[53.94356,68.4073],[53.90719,68.38104],[53.83147,68.37169],[53.8613,68.36662],[53.81798,68.34174],[53.83269,68.31566],[53.80471,68.33509],[53.73894,68.34943],[53.7293,68.36588],[53.68771,68.3776],[53.65707,68.37366],[53.643393,68.348102],[53.65419,68.31781],[53.61979,68.33042],[53.59284,68.35316],[53.51416,68.3555],[53.4316,68.36464],[53.37735,68.33505],[53.31248,68.33773],[53.28132,68.32065],[53.2727,68.30356],[53.24905,68.30226],[53.19997,68.27298],[53.19732,68.26396],[53.2588,68.24283],[53.30415,68.23975],[53.33018,68.22804],[53.37157,68.22792],[53.45877,68.24363],[53.49488,68.25566],[53.52787,68.252],[53.54257,68.24156],[53.59927,68.24989],[53.65137,68.23815],[53.70897,68.24993],[53.76661,68.23763],[53.80817,68.24124],[53.87229,68.22122],[53.9124,68.22018],[53.92655,68.21226],[53.96763,68.22197],[54.03646,68.21451],[54.05867,68.23998],[54.10766,68.2452],[54.11954,68.27137],[54.15251,68.29483],[54.23226,68.30974],[54.239926,68.32026],[54.3049,68.32705],[54.35187,68.33675],[54.33856,68.31735],[54.34789,68.30855],[54.3439,68.27447],[54.31199,68.25527],[54.26534,68.24722],[54.19018,68.24149],[54.17487,68.2315],[54.19657,68.20066],[54.14494,68.15373],[54.14264,68.13629],[54.117644,68.127216],[54.12939,68.11048],[54.05282,68.06589],[53.98606,68.01632],[53.92182,67.99621],[53.86905,67.97268],[53.82296,67.9608],[53.84616,67.95049],[53.89996,67.96073],[53.90117,67.9669],[53.9601,67.9749],[53.98754,67.98667],[54.02066,68.01286],[54.06657,68.02775],[54.09897,68.04445],[54.1275,68.07616],[54.18394,68.11014],[54.17646,68.12169],[54.21636,68.15674],[54.22773,68.15923],[54.24248,68.19376],[54.2368,68.21796],[54.28566,68.23003],[54.34086,68.23246],[54.39135,68.255],[54.42693,68.26374],[54.4688,68.29073],[54.51054,68.29443],[54.54233,68.27828],[54.5831,68.24537],[54.59844,68.2241],[54.62767,68.21122],[54.61831,68.19856],[54.67317,68.16991],[54.76542,68.15406],[54.87286,68.15061],[54.90452,68.17608],[54.8999,68.20031],[54.885094,68.214471],[54.94299,68.23383],[54.950863,68.256992],[54.900567,68.285653],[54.861599,68.300764],[54.86102,68.31464],[54.90015,68.325566],[54.949932,68.356801],[54.98412,68.40825],[55.01582,68.42678],[55.061743,68.43579],[55.132147,68.458173],[55.228792,68.49338],[55.283037,68.519859],[55.339857,68.541284],[55.494696,68.55861],[55.593573,68.547814],[55.670477,68.54976],[55.712191,68.565009],[55.789953,68.578117],[55.820509,68.594036],[55.873552,68.608003],[55.891062,68.6065],[55.932089,68.61902],[55.941187,68.632534],[56.006075,68.642414],[56.078001,68.637849],[56.142546,68.621586],[56.207262,68.595289],[56.318155,68.583821],[56.413599,68.58169],[56.454454,68.585952],[56.55354,68.611764],[56.64287,68.617984],[56.693682,68.609596],[56.70023,68.59726],[56.74371,68.58915],[56.871866,68.551482],[56.917013,68.54263],[56.992201,68.536601],[57.038034,68.524726],[57.104982,68.51907],[57.317842,68.525669],[57.438349,68.564221],[57.469248,68.578458],[57.499632,68.604586],[57.490705,68.621989],[57.50358,68.639503],[57.567953,68.648129],[57.597994,68.658127],[57.641424,68.644879],[57.673525,68.660126],[57.763819,68.677423],[57.835401,68.678484],[57.843813,68.690714],[57.879704,68.694972],[57.862538,68.706196],[57.828034,68.704512],[57.754906,68.710684],[57.710961,68.702081],[57.671307,68.678063],[57.625473,68.691416],[57.646416,68.709312],[57.703922,68.722647],[57.738941,68.723768],[57.839192,68.717476],[57.868331,68.720023],[57.94266,68.712546],[58.013385,68.742689],[58.038619,68.746734],[58.048575,68.802232],[58.00463,68.796024],[57.981799,68.804839],[58.000338,68.811541],[58.12599,68.83816],[58.35472,68.87624],[58.60514,68.92814],[58.76466,68.95929],[58.87205,68.97541],[59.04791,68.98272],[59.19894,68.98277],[59.27483,68.97947],[59.31609,68.97214],[59.28844,68.9596],[59.24541,68.9704],[59.14496,68.95161],[59.05752,68.94833],[59.03141,68.95057],[59.00685,68.93872],[59.02104,68.93062],[58.94613,68.91921],[58.95323,68.9112],[59.00023,68.90491],[59.21558,68.85775],[59.26183,68.83886],[59.34511,68.8165],[59.37568,68.79817],[59.31857,68.80612],[59.30916,68.80062],[59.37038,68.78161],[59.39959,68.78402],[59.40252,68.75879],[59.46543,68.75365],[59.44889,68.74112],[59.47085,68.71343],[59.44988,68.69557],[59.47685,68.68188],[59.44196,68.66818],[59.30908,68.6739],[59.28085,68.67952],[59.25404,68.67144],[59.22323,68.67262],[59.18976,68.66436],[59.19314,68.63082],[59.178478,68.614056],[59.126766,68.606454],[59.114339,68.5788],[59.059821,68.573676],[59.104718,68.568842],[59.092692,68.553898],[59.109128,68.538943],[59.17006,68.519281],[59.121555,68.463136],[59.108727,68.434864],[59.121555,68.405081],[59.170862,68.388108],[59.263062,68.376736],[59.392543,68.366837],[59.477574,68.343346],[59.528484,68.332544],[59.5818,68.336836],[59.599438,68.32914],[59.688665,68.314083],[59.686828,68.337428],[59.753725,68.355909],[59.822322,68.367891],[59.855995,68.360944],[59.866818,68.374835],[59.956212,68.441365],[59.980264,68.449907],[59.975454,68.490804],[59.926147,68.52884],[59.89087,68.539842],[59.877241,68.561537],[59.84246,68.5743],[59.80391,68.62714],[59.82934,68.65357],[59.9483,68.69836],[59.95577,68.70693],[59.99114,68.69249],[60.052421,68.677864],[60.064046,68.668242],[60.094512,68.679905],[60.189919,68.677135],[60.3655,68.686317],[60.449281,68.695349],[60.509412,68.70758],[60.625664,68.749754],[60.699424,68.793299],[60.753942,68.816923],[60.80365,68.86713],[60.890238,68.885911],[60.952773,68.885766],[60.978429,68.876378],[60.947161,68.855276],[60.959989,68.844862],[61.04337,68.844428],[61.063013,68.84978],[61.113121,68.840811],[61.152406,68.8411],[61.09388,68.855276],[61.037357,68.858168],[61.000076,68.86554],[61.053392,68.885477],[61.097487,68.876811],[61.077845,68.890387],[61.00649,68.89746],[60.985645,68.91059],[60.95558,68.906839],[60.935937,68.914484],[60.963597,68.961737],[60.961451,68.984165],[60.937098,69.038811],[60.950349,69.069026],[60.89686,69.12361],[60.84568,69.15087],[60.81399,69.15875],[60.7724,69.15942],[60.75146,69.11917],[60.768017,69.091551],[60.738663,69.091428],[60.67108,69.11272],[60.64425,69.13684],[60.63781,69.16283],[60.65185,69.23369],[60.63019,69.25949],[60.5942,69.2733],[60.58025,69.29381],[60.48687,69.34051],[60.47497,69.35663],[60.44964,69.36378],[60.42398,69.3941],[60.39245,69.39689],[60.38778,69.41106],[60.36032,69.42848],[60.31852,69.44055],[60.30116,69.45317],[60.30074,69.47645],[60.25507,69.4855],[60.24964,69.5002],[60.22064,69.50636],[60.24622,69.53301],[60.23243,69.5458],[60.19453,69.55162],[60.19255,69.56777],[60.21783,69.57755],[60.19799,69.59915],[60.21076,69.62066],[60.33067,69.65964],[60.37648,69.66553],[60.45321,69.64868],[60.61861,69.65265],[60.64318,69.65866],[60.68014,69.65546],[60.71187,69.66861],[60.71031,69.68912],[60.69093,69.69209],[60.695428,69.711506],[60.714998,69.719064],[60.753278,69.717576],[60.77824,69.72505],[60.73318,69.78131],[60.72426,69.81042],[60.78361,69.84372],[60.82487,69.83797],[60.85261,69.85567],[60.88394,69.85639],[60.99843,69.84513],[61.05809,69.82726],[61.08767,69.83438],[61.10738,69.85928],[61.12864,69.83138],[61.17772,69.81691],[61.22756,69.82136],[61.29696,69.8161],[61.35273,69.79885],[61.35089,69.78634],[61.43404,69.77313],[61.64488,69.76231],[61.71642,69.77104],[61.75133,69.76831],[61.81375,69.74983],[61.94653,69.74499],[61.9707,69.74713],[62.03964,69.7353],[62.47779,69.72782],[62.65019,69.72249],[62.78904,69.7136],[63.11251,69.68389],[63.23072,69.66637],[63.57488,69.62141],[63.76762,69.59246],[64.19828,69.51889],[64.30419,69.4964],[64.53956,69.42959],[64.71882,69.37442],[64.91855,69.30673],[64.89723,69.29961],[64.91211,69.2764],[64.88448,69.27152],[64.85612,69.27993],[64.81278,69.27786],[64.81744,69.26491],[64.75528,69.24828],[64.71056,69.24807],[64.7142,69.24061],[64.78542,69.23443],[64.79243,69.20386],[64.75163,69.20056],[64.73959,69.16824],[64.76346,69.16576],[64.73426,69.14583],[64.735405,69.120174]]],[[[49.39593,68.66302],[49.50914,68.66977],[49.56583,68.68207],[49.55064,68.69389],[49.60852,68.68758],[49.51603,68.66907],[49.45929,68.66328],[49.39593,68.66302]]],[[[54.2596,68.80047],[54.22702,68.80672],[54.19609,68.82208],[54.23435,68.82731],[54.32046,68.81744],[54.34394,68.8045],[54.39429,68.7971],[54.409,68.78607],[54.37235,68.78537],[54.32169,68.79544],[54.2596,68.80047]]],[[[54.902744,68.93184],[54.936485,68.93732],[55.009251,68.934444],[54.978906,68.929642],[54.902744,68.93184]]],[[[49.97575,68.92218],[50.08521,68.94935],[49.9906,68.92174],[49.97575,68.92218]]],[[[59.48667,69.02588],[59.45131,69.02575],[59.4404,69.03998],[59.39795,69.06334],[59.4096,69.07827],[59.45169,69.05145],[59.4852,69.04445],[59.50351,69.0296],[59.48667,69.02588]]],[[[50.171582,69.047397],[50.197372,69.067184],[50.190414,69.082581],[50.213538,69.077591],[50.195451,69.053747],[50.171582,69.047397]]],[[[49.069586,68.672424],[49.08083,68.66672],[48.86727,68.68429],[48.62329,68.69841],[48.4415,68.71566],[48.39484,68.72376],[48.30804,68.74672],[48.2712,68.76484],[48.2423,68.78689],[48.22106,68.82568],[48.20995,68.92006],[48.22081,69.03347],[48.23546,69.0941],[48.25503,69.13817],[48.331418,69.259389],[48.35573,69.28245],[48.41332,69.32227],[48.468,69.35164],[48.54709,69.38715],[48.64882,69.42707],[48.74279,69.45983],[48.816467,69.469981],[48.928391,69.490981],[48.981262,69.496814],[49.127346,69.502044],[49.243904,69.499519],[49.33455,69.49053],[49.437882,69.454082],[49.606461,69.40485],[49.68601,69.38393],[49.73241,69.36678],[49.937081,69.31093],[50.05344,69.28447],[50.15265,69.24861],[50.18696,69.22479],[50.24802,69.1938],[50.29365,69.15372],[50.310921,69.106853],[50.28916,69.14841],[50.24112,69.15448],[50.22516,69.14434],[50.1729,69.13507],[50.16483,69.12293],[50.13582,69.12125],[50.11932,69.09823],[50.1048,69.09636],[50.11447,69.12836],[50.05231,69.12778],[50.04144,69.11898],[50.04453,69.09354],[49.97917,69.08227],[49.96704,69.0652],[49.9302,69.05755],[49.92324,69.03776],[49.88441,69.03695],[49.84211,69.01394],[49.86004,68.99805],[49.89772,68.99723],[49.88257,68.98049],[49.796843,68.943603],[49.74051,68.90762],[49.7189,68.87978],[49.73879,68.8764],[49.82894,68.89719],[49.67375,68.85105],[49.61632,68.83084],[49.59006,68.84438],[49.56947,68.83057],[49.53912,68.83113],[49.52203,68.82211],[49.41879,68.79998],[49.38701,68.79671],[49.27347,68.77298],[49.1784,68.75601],[49.1104,68.75294],[49.05044,68.74158],[48.96361,68.73148],[48.94359,68.72593],[48.84928,68.71466],[48.77452,68.71007],[48.766771,68.7034],[48.828559,68.69705],[48.859858,68.699626],[49.069586,68.672424]]],[[[64.829245,69.155683],[64.801416,69.136606],[64.760528,69.126732],[64.79424,69.15909],[64.829245,69.155683]]],[[[65.083685,69.260027],[65.059762,69.246286],[65.077134,69.236169],[65.033576,69.225393],[65.025041,69.193918],[64.896678,69.177919],[64.939091,69.192279],[64.943861,69.211079],[64.907102,69.237869],[64.938761,69.255769],[65.083685,69.260027]]],[[[59.26652,69.18584],[59.29605,69.18289],[59.30675,69.1651],[59.29295,69.14994],[59.30021,69.13373],[59.33029,69.11977],[59.33396,69.10719],[59.3055,69.11588],[59.2772,69.11255],[59.24032,69.13733],[59.22757,69.16],[59.2232,69.19817],[59.18526,69.23241],[59.10088,69.25404],[59.08451,69.26383],[59.03672,69.26977],[58.99413,69.28535],[58.95838,69.28141],[58.88474,69.2899],[58.86041,69.30525],[58.81381,69.32287],[58.76378,69.33042],[58.74359,69.34482],[58.74116,69.36402],[58.79927,69.33939],[58.88203,69.33365],[58.92475,69.31746],[59.01565,69.30709],[59.05161,69.29746],[59.13695,69.28339],[59.19059,69.26379],[59.2537,69.2461],[59.2859,69.22318],[59.28653,69.20859],[59.25271,69.20187],[59.26652,69.18584]]],[[[61.20344,69.86022],[61.26566,69.84093],[61.2467,69.83166],[61.2164,69.83597],[61.18139,69.86524],[61.20344,69.86022]]],[[[58.56821,69.46281],[58.5663,69.45806],[58.48937,69.45456],[58.50101,69.46494],[58.48672,69.47938],[58.51972,69.47206],[58.55232,69.47957],[58.56821,69.46281]]],[[[59.47718,69.83231],[59.44577,69.82354],[59.36172,69.82059],[59.41463,69.82984],[59.47718,69.83231]]],[[[59.47718,69.83231],[59.4559,69.8532],[59.40892,69.85116],[59.4242,69.88074],[59.26272,69.88505],[59.24421,69.89948],[59.18431,69.91685],[59.13052,69.9074],[59.11787,69.8963],[59.16627,69.8791],[59.18353,69.85229],[59.12996,69.85064],[59.06608,69.85728],[59.05504,69.87338],[59.02059,69.87801],[59.00036,69.89179],[58.97803,69.92285],[58.85077,69.95656],[58.79787,69.96554],[58.76943,69.98628],[58.68326,70.02379],[58.63225,70.05994],[58.6137,70.06215],[58.60823,70.08828],[58.6307,70.09268],[58.63021,70.11032],[58.59943,70.10063],[58.55507,70.11457],[58.56669,70.12418],[58.6002,70.1203],[58.65757,70.12387],[58.62489,70.13823],[58.54707,70.15324],[58.54614,70.16603],[58.50685,70.16917],[58.42207,70.20642],[58.45332,70.22176],[58.40523,70.23596],[58.42762,70.24293],[58.42263,70.25831],[58.51517,70.25193],[58.57835,70.23785],[58.61334,70.24085],[58.68005,70.2249],[58.68608,70.21564],[58.75863,70.19909],[58.81603,70.20006],[58.836976,70.207843],[58.81995,70.23172],[58.74774,70.23972],[58.72078,70.26516],[58.69626,70.27511],[58.65525,70.27344],[58.60461,70.28413],[58.59484,70.2947],[58.49428,70.32853],[58.53285,70.3369],[58.63725,70.31349],[58.66922,70.31499],[58.66382,70.34188],[58.72287,70.33979],[58.77867,70.36149],[58.79791,70.38584],[58.76575,70.40559],[58.79788,70.42445],[58.88081,70.42245],[58.96254,70.43193],[58.96719,70.44059],[59.076855,70.462788],[59.098849,70.444165],[59.090655,70.431841],[59.153542,70.416986],[59.218428,70.388473],[59.259198,70.380979],[59.29363,70.36437],[59.38732,70.33965],[59.38117,70.32592],[59.43663,70.29448],[59.48689,70.27769],[59.52312,70.25826],[59.53766,70.23811],[59.57243,70.22304],[59.586295,70.204451],[59.643287,70.197648],[59.73579,70.16768],[59.79052,70.15455],[59.8137,70.1368],[59.80412,70.1216],[59.8557,70.1195],[59.89342,70.09894],[59.94393,70.08968],[60.0091,70.08885],[60.02381,70.09705],[60.0498,70.08995],[60.05503,70.06427],[60.10887,70.03827],[60.16476,70.02168],[60.1784,70.00813],[60.28509,69.96858],[60.33933,69.95298],[60.34208,69.93988],[60.36736,69.9371],[60.39936,69.94596],[60.41148,69.93344],[60.45402,69.92929],[60.48096,69.90087],[60.44676,69.88746],[60.47421,69.87131],[60.49123,69.8441],[60.5456,69.82101],[60.55874,69.79131],[60.5156,69.78348],[60.47451,69.74974],[60.50038,69.72517],[60.51809,69.72072],[60.49722,69.70604],[60.4309,69.71541],[60.39717,69.70058],[60.32684,69.7009],[60.30653,69.68414],[60.26824,69.67462],[60.197239,69.668764],[60.164994,69.692998],[60.12291,69.69236],[60.082497,69.700077],[60.049092,69.713956],[60.00798,69.7156],[60.04617,69.68117],[59.99227,69.7009],[59.96854,69.69195],[60.00119,69.66506],[59.98386,69.65691],[59.92864,69.67242],[59.92388,69.68862],[59.84679,69.67658],[59.81137,69.687],[59.74285,69.69231],[59.6416,69.71304],[59.62057,69.70389],[59.58484,69.70698],[59.57698,69.72116],[59.52092,69.72095],[59.57325,69.72684],[59.60911,69.72452],[59.63094,69.73699],[59.57468,69.75676],[59.6001,69.77428],[59.59535,69.79276],[59.62139,69.78803],[59.60954,69.77593],[59.69227,69.78108],[59.692284,69.795748],[59.66767,69.80294],[59.63864,69.83125],[59.61103,69.82975],[59.59409,69.84267],[59.52475,69.87051],[59.4815,69.87522],[59.4839,69.84526],[59.51657,69.83943],[59.47718,69.83231]]]]}},{"type":"Feature","properties":{"name":"Магаданская область","cartodb_id":7,"created_at":"2013-12-04T04:23:51+0100","updated_at":"2013-12-04T04:31:38+0100","name_latin":"Magadan Oblast"},"geometry":{"type":"MultiPolygon","coordinates":[[[[150.40425,59.57483],[150.37253,59.573813],[150.37175,59.583784],[150.421901,59.598095],[150.40425,59.57483]]],[[[150.46875,59.001261],[150.500844,59.040151],[150.530175,59.060686],[150.6196,59.090269],[150.645645,59.087799],[150.655373,59.098346],[150.685698,59.1099],[150.68786,59.133238],[150.705467,59.145585],[150.729104,59.12731],[150.773649,59.116303],[150.782084,59.093661],[150.715026,59.069453],[150.685696,59.047169],[150.64317,59.022334],[150.604419,59.004724],[150.555553,58.997409],[150.46875,59.001261]]],[[[148.98351,59.112997],[148.958729,59.122108],[148.957885,59.138296],[148.97848,59.137052],[148.985127,59.157084],[148.999516,59.160191],[149.018386,59.14851],[149.003682,59.136458],[149.0169,59.119986],[148.98351,59.112997]]],[[[155.516367,59.205489],[155.538412,59.213254],[155.530642,59.195994],[155.516367,59.205489]]],[[[149.068838,59.317325],[149.097306,59.307909],[149.083535,59.303778],[149.068838,59.317325]]],[[[155.514073,59.323575],[155.548333,59.330603],[155.590208,59.331353],[155.594053,59.322179],[155.514073,59.323575]]],[[[149.059943,59.161935],[149.030211,59.156701],[149.034558,59.187809],[149.04658,59.205286],[149.071051,59.197217],[149.109795,59.210419],[149.138756,59.210458],[149.129597,59.191663],[149.099241,59.172699],[149.099672,59.163475],[149.059943,59.161935]]],[[[158.543444,66.335235],[158.601593,66.339138],[158.644111,66.336957],[158.688511,66.319563],[158.7231,66.315994],[158.7172,66.294388],[158.74961,66.288937],[158.780927,66.275854],[158.783008,66.265943],[158.90159,66.265099],[158.92082,66.253602],[158.945251,66.252313],[158.981326,66.239923],[159.039207,66.247554],[159.06012,66.231845],[159.115768,66.226393],[159.229895,66.236302],[159.215522,66.216233],[159.246046,66.192049],[159.239304,66.173615],[159.260315,66.1641],[159.247032,66.142494],[159.209964,66.138134],[159.217297,66.125844],[159.18766,66.114051],[159.187858,66.09304],[159.16506,66.069056],[159.132452,66.061722],[159.097365,66.045072],[159.10886,66.024259],[159.054151,66.019304],[159.02818,65.987788],[159.048993,65.978372],[159.024808,65.961127],[159.02491,65.947549],[158.973861,65.91306],[158.976833,65.901563],[158.93302,65.892842],[158.931439,65.882535],[158.960973,65.871137],[158.923706,65.862217],[158.924102,65.851117],[158.950265,65.831295],[158.900411,65.81742],[158.9345,65.763504],[158.909324,65.744476],[158.951841,65.72723],[158.998422,65.723661],[159.026768,65.726832],[159.068095,65.703937],[159.100207,65.704729],[159.142625,65.687286],[159.208236,65.680941],[159.227461,65.659137],[159.284153,65.665677],[159.41686,65.644664],[159.448378,65.648628],[159.450557,65.638717],[159.48624,65.637725],[159.51706,65.619687],[159.566812,65.620281],[159.587426,65.613937],[159.581082,65.597683],[159.645702,65.594907],[159.728953,65.575282],[159.752242,65.556748],[159.805562,65.53643],[159.811506,65.511256],[159.854916,65.51185],[159.91646,65.522949],[159.940448,65.506298],[159.999718,65.519182],[160.038371,65.520172],[160.04947,65.510658],[160.092682,65.502233],[160.12717,65.478644],[160.158291,65.477652],[160.194366,65.46556],[160.189607,65.448712],[160.240945,65.432953],[160.243718,65.417293],[160.204271,65.404806],[160.212198,65.382605],[160.19515,65.377452],[160.233801,65.351485],[160.284149,65.343654],[160.299608,65.325418],[160.32815,65.321453],[160.326762,65.2939],[160.38484,65.290827],[160.391776,65.274969],[160.41596,65.27596],[160.434887,65.250092],[160.456492,65.238001],[160.439345,65.224423],[160.461942,65.22244],[160.475023,65.210547],[160.512288,65.20341],[160.501978,65.178038],[160.53399,65.176452],[160.569471,65.162774],[160.599403,65.167333],[160.64299,65.152034],[160.736273,65.148896],[160.760952,65.155834],[160.868287,65.143344],[160.943811,65.164156],[160.952335,65.161381],[161.01879,65.178427],[161.037076,65.177931],[161.114876,65.158504],[161.144857,65.165639],[161.21562,65.147204],[161.283016,65.153645],[161.361311,65.13511],[161.381132,65.121879],[161.406157,65.118955],[161.418347,65.104782],[161.406353,65.09492],[161.4732,65.064245],[161.518394,65.050072],[161.547829,65.050071],[161.589752,65.036839],[161.619584,65.038623],[161.718085,65.003001],[161.744508,64.982971],[161.753822,64.958788],[161.74044,64.938916],[161.758229,64.922365],[161.754363,64.910868],[161.814817,64.877566],[161.82403,64.854969],[161.798907,64.84045],[161.848113,64.824641],[161.88924,64.827366],[161.911048,64.81577],[161.956043,64.812598],[162.020563,64.79882],[162.088255,64.795053],[162.141922,64.782168],[162.224432,64.785933],[162.250547,64.777211],[162.264322,64.763434],[162.307186,64.754514],[162.318979,64.743661],[162.422304,64.762094],[162.48791,64.753074],[162.534199,64.758425],[162.578103,64.74217],[162.650107,64.74098],[162.676368,64.708471],[162.675771,64.685577],[162.711153,64.684437],[162.75248,64.662186],[162.86829,64.657724],[162.922009,64.66258],[162.9619,64.656831],[163.001644,64.663668],[163.071021,64.662974],[163.108883,64.681358],[163.148477,64.683835],[163.230641,64.696866],[163.264824,64.693339],[163.2429,64.672145],[163.244945,64.66103],[163.216327,64.645765],[163.211855,64.633117],[163.192309,64.636822],[163.17736,64.619065],[163.203803,64.591471],[163.171991,64.574481],[163.187064,64.558575],[163.220918,64.550143],[163.192556,64.536858],[163.212101,64.535069],[163.235095,64.512329],[163.272142,64.503258],[163.299608,64.503513],[163.362332,64.474896],[163.354154,64.457841],[163.373188,64.447046],[163.414452,64.445768],[163.407294,64.409998],[163.426456,64.399905],[163.39554,64.393071],[163.38979,64.377422],[163.422366,64.37065],[163.469251,64.377293],[163.49569,64.35813],[163.44472,64.342928],[163.4101,64.350977],[163.372029,64.343313],[163.347243,64.319424],[163.353246,64.29694],[163.272763,64.301284],[163.255132,64.292853],[163.253215,64.277843],[163.277104,64.270049],[163.220891,64.252932],[163.216418,64.225082],[163.22881,64.20477],[163.200444,64.170214],[163.179747,64.157311],[163.14385,64.157184],[163.14347,64.167021],[163.0672,64.166575],[163.055575,64.18331],[163.02683,64.17654],[162.990678,64.185611],[162.961805,64.170473],[162.907382,64.161915],[162.867396,64.162682],[162.84759,64.150418],[162.856024,64.138282],[162.81789,64.139108],[162.808538,64.129553],[162.818715,64.115013],[162.80189,64.103381],[162.82349,64.090502],[162.851947,64.087386],[162.836575,64.069731],[162.848621,64.052074],[162.823483,64.008662],[162.91017,63.980244],[162.932787,63.966553],[162.93219,63.941158],[162.95421,63.922905],[162.90342,63.897907],[162.906868,63.886797],[162.939724,63.877074],[162.940992,63.866758],[162.87901,63.875488],[162.8435,63.849299],[162.78219,63.851582],[162.757271,63.843031],[162.744292,63.824898],[162.723658,63.819938],[162.724053,63.795534],[162.711949,63.785416],[162.757185,63.784027],[162.725636,63.752084],[162.768887,63.736013],[162.77769,63.724776],[162.807972,63.729267],[162.856778,63.722917],[162.875229,63.714187],[162.884552,63.689288],[162.860147,63.672424],[162.892683,63.645441],[162.925816,63.648019],[162.965298,63.639487],[162.996049,63.624408],[162.97402,63.580562],[162.963901,63.545346],[162.974218,63.541179],[162.948028,63.528581],[162.945844,63.513503],[162.961319,63.503979],[162.971038,63.480369],[162.933736,63.447633],[162.910722,63.454181],[162.9008,63.43573],[162.871833,63.431564],[162.876593,63.415096],[162.82481,63.41728],[162.82104,63.406169],[162.774415,63.40002],[162.758541,63.383453],[162.710527,63.381272],[162.65821,63.38458],[162.656031,63.365136],[162.676994,63.344965],[162.719849,63.343773],[162.73949,63.327901],[162.766997,63.323496],[162.784129,63.306274],[162.760518,63.291593],[162.762699,63.278895],[162.735715,63.265603],[162.778369,63.229295],[162.778566,63.213621],[162.762297,63.206677],[162.781144,63.194177],[162.734517,63.160847],[162.697812,63.166998],[162.579563,63.1546],[162.597219,63.12345],[162.578171,63.111745],[162.511309,63.112639],[162.452978,63.099347],[162.438891,63.091411],[162.379768,63.108078],[162.362308,63.098852],[162.358338,63.08298],[162.304371,63.06453],[162.29187,63.0434],[162.320836,63.030107],[162.281749,63.005307],[162.289286,62.971876],[162.269445,62.96652],[162.25655,62.934577],[162.279558,62.903328],[162.304656,62.900154],[162.323404,62.887158],[162.373302,62.875848],[162.41447,62.874012],[162.440857,62.858785],[162.47766,62.85055],[162.48292,62.837704],[162.533806,62.833636],[162.544025,62.839786],[162.564559,62.830213],[162.57269,62.809281],[162.606717,62.798964],[162.62854,62.778082],[162.576062,62.773122],[162.557707,62.744999],[162.58707,62.739939],[162.609587,62.713452],[162.626848,62.714047],[162.662757,62.689991],[162.711664,62.693759],[162.715037,62.704374],[162.759282,62.70596],[162.777435,62.697826],[162.805906,62.699908],[162.82019,62.690682],[162.827429,62.66117],[162.80025,62.63513],[162.800543,62.620449],[162.766021,62.621739],[162.750445,62.607156],[162.704812,62.596047],[162.68119,62.571277],[162.77087,62.46763],[162.781384,62.450964],[162.760946,62.420906],[162.779496,62.408258],[162.773343,62.367189],[162.791595,62.354293],[162.777507,62.343182],[162.786235,62.311785],[162.748636,62.293334],[162.735341,62.265161],[162.690402,62.252861],[162.66471,62.25683],[162.617191,62.251672],[162.595765,62.272306],[162.568583,62.263428],[162.573146,62.255393],[162.534257,62.241356],[162.503107,62.237686],[162.445519,62.240936],[162.439616,62.233198],[162.397505,62.238953],[162.388178,62.22318],[162.332028,62.205126],[162.306035,62.182111],[162.260402,62.200762],[162.174844,62.167318],[162.168011,62.149184],[162.220481,62.140588],[162.248885,62.123752],[162.290853,62.113858],[162.289735,62.103804],[162.365535,62.108591],[162.390268,62.095744],[162.456812,62.086966],[162.480589,62.089679],[162.524472,62.083215],[162.511066,62.065981],[162.527501,62.03598],[162.514096,62.035981],[162.53803,62.019703],[162.532604,61.995927],[162.484731,61.998002],[162.508666,61.976698],[162.491751,61.969836],[162.49143,61.954996],[162.443875,61.942071],[162.40079,61.951327],[162.369514,61.963934],[162.343821,61.960504],[162.322277,61.946142],[162.298341,61.944227],[162.290041,61.926275],[162.332169,61.910476],[162.3427,61.89779],[162.376211,61.895874],[162.36887,61.883428],[162.383709,61.866512],[162.37174,61.858055],[162.38642,61.825581],[162.402696,61.829251],[162.432536,61.808665],[162.474504,61.799887],[162.423597,61.773079],[162.39184,61.763266],[162.424074,61.751297],[162.454713,61.75018],[162.464925,61.734541],[162.447849,61.718583],[162.443698,61.689541],[162.465934,61.664844],[162.424883,61.672673],[162.386918,61.662994],[162.384132,61.638622],[162.35357,61.612178],[162.311628,61.612255],[162.300119,61.605501],[162.332259,61.597428],[162.328782,61.587888],[162.277549,61.571772],[162.254278,61.549545],[162.211711,61.557514],[162.226086,61.540783],[162.22816,61.517528],[162.174608,61.505164],[162.169236,61.493531],[162.133848,61.482295],[162.137412,61.472641],[162.09879,61.453389],[162.098396,61.437507],[162.055283,61.435428],[162.05909,61.417717],[162.02923,61.411435],[162.007348,61.383303],[161.98486,61.372947],[161.916674,61.377179],[161.916862,61.391523],[161.897062,61.410789],[161.902458,61.418337],[161.875221,61.426164],[161.89166,61.371104],[161.915192,61.359733],[161.908064,61.345488],[161.872814,61.330086],[161.847802,61.345639],[161.821519,61.373451],[161.799937,61.362701],[161.810754,61.345543],[161.791376,61.334331],[161.799442,61.312755],[161.78367,61.300347],[161.668037,61.281166],[161.652714,61.255179],[161.627507,61.259676],[161.594767,61.245284],[161.602876,61.214499],[161.578092,61.203118],[161.58026,61.188063],[161.56526,61.184481],[161.520399,61.196781],[161.478891,61.197757],[161.456847,61.167214],[161.41855,61.158905],[161.409864,61.151376],[161.456645,61.135962],[161.44583,61.11903],[161.401285,61.115033],[161.308971,61.057725],[161.238195,61.048469],[161.206724,61.048741],[161.217729,61.029581],[161.181975,61.012947],[161.17611,60.98934],[161.02041,60.939233],[160.985564,60.911852],[160.954624,60.900147],[160.910054,60.897332],[160.913632,60.873734],[160.905571,60.861819],[160.863656,60.845002],[160.86878,60.833925],[160.846335,60.812992],[160.830183,60.773285],[160.82898,60.752185],[160.811219,60.752555],[160.79485,60.740489],[160.795222,60.718985],[160.740462,60.730456],[160.713471,60.753583],[160.677574,60.757235],[160.65783,60.749675],[160.63301,60.71402],[160.60839,60.712655],[160.574996,60.724057],[160.570548,60.739976],[160.545973,60.739878],[160.518876,60.719585],[160.500529,60.718257],[160.495247,60.705775],[160.4619,60.695906],[160.404053,60.704202],[160.402444,60.715224],[160.43339,60.735626],[160.436062,60.74865],[160.38641,60.731002],[160.377721,60.717271],[160.382542,60.695725],[160.367758,60.667213],[160.338957,60.651893],[160.31659,60.653139],[160.28687,60.633466],[160.295494,60.621099],[160.26453,60.601689],[160.246296,60.601349],[160.212826,60.58323],[160.148024,60.574846],[160.137071,60.588759],[160.147443,60.624498],[160.159282,60.64231],[160.144618,60.654975],[160.164364,60.667601],[160.204238,60.659954],[160.22034,60.672092],[160.202604,60.700019],[160.231227,60.711275],[160.251326,60.73796],[160.242574,60.754932],[160.25055,60.771748],[160.238851,60.787211],[160.180377,60.819982],[160.207403,60.827931],[160.217477,60.84473],[160.233325,60.834093],[160.248198,60.839074],[160.243449,60.878783],[160.26684,60.886243],[160.268484,60.90107],[160.301622,60.902033],[160.350378,60.918187],[160.34858,60.956463],[160.368477,60.954088],[160.394891,60.980431],[160.424121,60.986268],[160.414306,61.002494],[160.396909,61.002419],[160.4234,61.017241],[160.428963,61.034602],[160.384615,61.03479],[160.372827,61.042682],[160.353315,61.030757],[160.331749,61.032251],[160.281136,61.019946],[160.209041,61.037756],[160.181576,61.036976],[160.16701,61.028146],[160.087322,61.011667],[160.044694,60.981808],[160.01886,60.980982],[160.012702,60.969514],[159.980224,60.957727],[159.98052,60.96732],[159.951918,60.961512],[159.949718,60.940672],[159.900392,60.944849],[159.889924,60.927903],[159.903871,60.919109],[159.884163,60.909772],[159.890069,60.895404],[159.861323,60.900708],[159.879562,60.914408],[159.865638,60.924222],[159.829579,60.932509],[159.78751,60.932634],[159.829178,60.947482],[159.840279,60.969419],[159.829944,60.976904],[159.863638,60.986288],[159.883162,61.006505],[159.927899,61.022325],[159.941987,61.043978],[159.965886,61.057627],[159.954456,61.07255],[159.96785,61.087552],[159.99375,61.096064],[160.001731,61.114429],[159.97033,61.142549],[159.984314,61.149613],[159.970325,61.176838],[159.916447,61.210222],[159.947559,61.22165],[159.939222,61.24461],[159.89347,61.260399],[159.858888,61.258831],[159.825279,61.233325],[159.805286,61.240354],[159.768085,61.239034],[159.798184,61.253445],[159.775496,61.259718],[159.820356,61.268537],[159.81716,61.288899],[159.906633,61.293192],[159.918494,61.280446],[159.960784,61.272477],[159.9861,61.283171],[159.933777,61.293776],[159.917788,61.3109],[159.881825,61.318943],[159.896418,61.326651],[159.90518,61.316614],[159.973757,61.339553],[159.975281,61.362827],[159.956544,61.377673],[160.003092,61.382327],[160.034195,61.37928],[160.063523,61.402595],[160.092143,61.412091],[160.107891,61.442158],[160.087108,61.451537],[160.029378,61.451729],[160.057173,61.467381],[160.111973,61.489206],[160.117796,61.502336],[160.20323,61.509926],[160.224791,61.520225],[160.224936,61.530715],[160.255455,61.536579],[160.279156,61.558877],[160.245348,61.571983],[160.245984,61.587842],[160.274641,61.605746],[160.26087,61.623785],[160.31059,61.642765],[160.322113,61.666963],[160.302602,61.683014],[160.258273,61.692256],[160.31563,61.710781],[160.355191,61.727667],[160.390455,61.756101],[160.410913,61.760754],[160.394707,61.784461],[160.397162,61.796846],[160.353633,61.802784],[160.366621,61.815193],[160.393347,61.820043],[160.401937,61.830446],[160.373432,61.870779],[160.393322,61.879151],[160.376145,61.901074],[160.353452,61.909231],[160.367807,61.920859],[160.35579,61.937482],[160.29722,61.939453],[160.276053,61.926857],[160.23602,61.916988],[160.219376,61.901016],[160.172743,61.880184],[160.133689,61.879488],[160.082895,61.853288],[160.0574,61.852078],[160.025463,61.836329],[159.997028,61.794066],[159.978894,61.784729],[159.969992,61.759462],[159.929198,61.731599],[159.89765,61.722599],[159.897898,61.712619],[159.875564,61.704447],[159.83322,61.713027],[159.79324,61.709682],[159.790848,61.700485],[159.748914,61.704559],[159.723492,61.700601],[159.70424,61.707098],[159.706976,61.685336],[159.69196,61.688355],[159.64472,61.683085],[159.57116,61.65143],[159.56113,61.662089],[159.524105,61.668504],[159.529208,61.68358],[159.513731,61.692082],[159.515162,61.713312],[159.531208,61.721694],[159.537905,61.750067],[159.52413,61.765215],[159.53917,61.791509],[159.498659,61.792941],[159.478507,61.783035],[159.47164,61.757986],[159.456889,61.782597],[159.410501,61.788372],[159.388588,61.807624],[159.351384,61.816935],[159.349869,61.826405],[159.398699,61.836761],[159.406404,61.866928],[159.393808,61.877454],[159.347911,61.892416],[159.155571,61.921549],[159.11539,61.916984],[159.086644,61.921738],[159.023952,61.916391],[159.029658,61.923297],[158.983527,61.914601],[158.999806,61.906671],[158.977573,61.895668],[158.90978,61.898711],[158.901143,61.885913],[158.878392,61.881673],[158.850834,61.864121],[158.844561,61.819087],[158.768282,61.82013],[158.742342,61.817142],[158.744436,61.825589],[158.703741,61.837659],[158.658275,61.837682],[158.646436,61.831768],[158.586882,61.833776],[158.549579,61.8311],[158.510109,61.79502],[158.475597,61.790287],[158.46998,61.802546],[158.434085,61.814172],[158.381954,61.824564],[158.288293,61.827182],[158.25,61.822117],[158.215303,61.79314],[158.182381,61.781179],[158.171325,61.770366],[158.134065,61.770136],[158.108855,61.745413],[158.087865,61.743484],[158.078528,61.730884],[158.060357,61.743042],[158.038644,61.729843],[157.972911,61.743822],[157.944356,61.742454],[157.93941,61.760839],[157.877506,61.770325],[157.85433,61.76911],[157.816019,61.78209],[157.728474,61.782331],[157.684821,61.779617],[157.559438,61.791792],[157.493099,61.788777],[157.467529,61.775828],[157.433359,61.773139],[157.434217,61.75626],[157.391689,61.743485],[157.356888,61.712876],[157.375559,61.701327],[157.341218,61.678396],[157.335809,61.688822],[157.305196,61.696892],[157.251509,61.693274],[157.156485,61.669251],[157.090309,61.659643],[157.030349,61.645997],[156.994473,61.625453],[157.001718,61.615123],[156.963196,61.57695],[156.933119,61.565695],[156.943522,61.560148],[156.887329,61.535622],[156.826482,61.519478],[156.762519,61.52095],[156.728855,61.526835],[156.681034,61.524955],[156.668721,61.513994],[156.69314,61.509802],[156.668002,61.499054],[156.655088,61.470321],[156.64729,61.43263],[156.63355,61.423321],[156.62282,61.371826],[156.646163,61.34469],[156.64976,61.321435],[156.634651,61.309909],[156.626785,61.289532],[156.63094,61.270292],[156.647786,61.251186],[156.647708,61.231552],[156.662202,61.21158],[156.640316,61.192002],[156.615754,61.208211],[156.575154,61.211713],[156.493382,61.192178],[156.41999,61.162127],[156.38085,61.150996],[156.32531,61.122398],[156.258016,61.074454],[156.23597,61.071185],[156.155961,61.039187],[156.11291,61.018164],[156.04789,60.97554],[156.02895,60.946883],[155.993492,60.942109],[155.979405,60.913742],[155.9293,60.874899],[155.918059,60.858244],[155.915786,60.816045],[155.903348,60.806072],[155.914479,60.781506],[155.909029,60.764725],[155.922498,60.748813],[155.900121,60.738545],[155.91413,60.720061],[155.901879,60.700099],[155.88945,60.712914],[155.867,60.719029],[155.857282,60.733191],[155.807562,60.726689],[155.799342,60.704329],[155.77108,60.691603],[155.758451,60.678294],[155.708362,60.653714],[155.674388,60.659133],[155.65455,60.646343],[155.62253,60.643646],[155.608938,60.630343],[155.574155,60.625512],[155.556585,60.614201],[155.532495,60.585985],[155.516713,60.590507],[155.488147,60.581186],[155.475406,60.553856],[155.484276,60.534152],[155.447971,60.528167],[155.435386,60.51278],[155.413788,60.529557],[155.353899,60.527555],[155.313556,60.51546],[155.276476,60.490243],[155.241954,60.48622],[155.214684,60.466708],[155.201007,60.448504],[155.147951,60.414043],[155.11988,60.404254],[155.087083,60.401188],[155.039346,60.382474],[154.990793,60.37489],[154.951221,60.361526],[154.863667,60.312356],[154.82655,60.285227],[154.769002,60.231486],[154.669731,60.182094],[154.579285,60.096434],[154.512982,60.030918],[154.488226,59.969514],[154.482931,59.890996],[154.477035,59.884407],[154.407285,59.868702],[154.397961,59.838687],[154.373353,59.827684],[154.400171,59.848901],[154.41717,59.877898],[154.453777,59.888249],[154.426895,59.902748],[154.365426,59.894825],[154.33102,59.90068],[154.270972,59.889243],[154.241399,59.888373],[154.213977,59.8766],[154.22714,59.853955],[154.225901,59.827092],[154.21682,59.79416],[154.217261,59.764466],[154.230156,59.728769],[154.256975,59.687051],[154.297609,59.644679],[154.372535,59.578902],[154.313549,59.612653],[154.290067,59.619414],[154.29584,59.644696],[154.255514,59.668252],[154.229049,59.664024],[154.211384,59.651135],[154.199863,59.625902],[154.218567,59.612164],[154.209872,59.595095],[154.18479,59.571009],[154.155441,59.561033],[154.146538,59.53654],[154.110142,59.540821],[154.076277,59.522036],[154.073238,59.513615],[154.122547,59.474296],[154.126276,59.457883],[154.164876,59.447178],[154.29368,59.437391],[154.320499,59.461439],[154.347025,59.470895],[154.36081,59.500956],[154.347726,59.520033],[154.368715,59.522119],[154.386136,59.535373],[154.404171,59.532749],[154.41342,59.512941],[154.409727,59.496855],[154.37873,59.483619],[154.38449,59.47076],[154.42511,59.455733],[154.41073,59.436435],[154.421008,59.417894],[154.525854,59.415175],[154.532734,59.434037],[154.490138,59.448096],[154.490007,59.456545],[154.458647,59.475585],[154.449761,59.497185],[154.45303,59.520442],[154.428506,59.524295],[154.412486,59.550834],[154.439911,59.543624],[154.49937,59.52043],[154.532841,59.514155],[154.574114,59.513537],[154.620861,59.532548],[154.626403,59.542975],[154.646021,59.542089],[154.692374,59.51142],[154.763948,59.473868],[154.793095,59.463744],[154.845363,59.472232],[154.879413,59.464835],[154.918813,59.472198],[154.916406,59.482985],[154.943288,59.495388],[154.973462,59.494808],[155.012719,59.477698],[155.013686,59.455922],[155.02589,59.432949],[155.083112,59.395054],[155.11951,59.383075],[155.167875,59.378184],[155.210009,59.347138],[155.197326,59.329303],[155.21923,59.307937],[155.176019,59.305594],[155.1576,59.295403],[155.159303,59.274893],[155.189413,59.253011],[155.201598,59.236549],[155.1558,59.219521],[155.165876,59.197208],[155.187575,59.185323],[155.18237,59.174145],[155.103415,59.187864],[155.06375,59.192085],[155.040616,59.188994],[155.030128,59.172005],[154.989107,59.186977],[154.912249,59.195426],[154.901942,59.189562],[154.856505,59.188938],[154.833478,59.196817],[154.79272,59.180874],[154.786699,59.151517],[154.80969,59.129182],[154.760211,59.140358],[154.701985,59.141647],[154.674378,59.147637],[154.656472,59.158619],[154.62781,59.163845],[154.611142,59.180436],[154.58046,59.185677],[154.590348,59.194515],[154.53246,59.216585],[154.508886,59.214173],[154.485694,59.220455],[154.44906,59.216133],[154.394811,59.195864],[154.331264,59.191283],[154.341889,59.163273],[154.359747,59.148497],[154.347844,59.124559],[154.359674,59.11522],[154.320804,59.107686],[154.306998,59.091444],[154.272928,59.084871],[154.228677,59.09912],[154.162805,59.093328],[154.117306,59.070947],[154.054987,59.048943],[153.987911,59.065981],[153.944246,59.068738],[153.927556,59.076538],[153.894478,59.104669],[153.86912,59.144771],[153.842278,59.167472],[153.761855,59.182558],[153.715047,59.186022],[153.693511,59.18166],[153.672794,59.193287],[153.638313,59.190134],[153.59117,59.204178],[153.586869,59.215459],[153.498772,59.233358],[153.449298,59.231235],[153.381785,59.217408],[153.358606,59.202979],[153.364137,59.183512],[153.347805,59.171272],[153.35008,59.150022],[153.339071,59.145189],[153.354737,59.118528],[153.3385,59.087346],[153.290768,59.088613],[153.272829,59.084301],[153.240069,59.09294],[153.17588,59.088308],[153.15347,59.082834],[153.123152,59.085682],[153.0202,59.06795],[153.00082,59.057842],[152.99014,59.030455],[152.947969,59.009202],[152.93688,58.968757],[152.910653,58.952873],[152.903514,58.936743],[152.913716,58.916401],[152.896431,58.904743],[152.884508,58.919706],[152.811714,58.927555],[152.744966,58.916563],[152.735143,58.906817],[152.66308,58.940435],[152.604559,58.947948],[152.548048,58.951346],[152.54565,58.96388],[152.513331,58.989358],[152.46887,59.010427],[152.4376,59.010935],[152.408594,59.023988],[152.41686,59.034263],[152.38339,59.04537],[152.379278,59.053029],[152.35045,59.053656],[152.36635,59.040169],[152.37087,59.02381],[152.396661,59.010879],[152.332333,59.014274],[152.267962,59.0074],[152.180556,58.989727],[152.14375,58.974132],[152.13689,58.960776],[152.149638,58.94627],[152.144849,58.919619],[152.122255,58.903085],[152.052423,58.887874],[151.97907,58.876949],[151.935481,58.879669],[151.82983,58.875299],[151.769892,58.864888],[151.750546,58.853183],[151.680191,58.845572],[151.608377,58.85045],[151.552413,58.865706],[151.473384,58.864668],[151.427278,58.856947],[151.413902,58.846928],[151.34423,58.837093],[151.361756,58.858053],[151.31592,58.891256],[151.313007,58.910419],[151.28897,58.926231],[151.251314,58.93648],[151.254783,58.946255],[151.233697,58.975921],[151.242759,58.982957],[151.232074,59.00278],[151.18126,59.025373],[151.156238,59.047548],[151.138233,59.081852],[151.10261,59.105401],[151.183124,59.084153],[151.211912,59.085321],[151.255777,59.10307],[151.321082,59.105852],[151.381114,59.125685],[151.39545,59.149287],[151.43263,59.164332],[151.462741,59.16546],[151.511193,59.157577],[151.593809,59.148386],[151.618365,59.151081],[151.650005,59.163828],[151.704243,59.140063],[151.736964,59.130787],[151.791884,59.133869],[151.795336,59.141964],[151.84807,59.144107],[151.906297,59.130403],[151.935165,59.130899],[151.972218,59.140797],[151.990347,59.151049],[152.045368,59.14353],[152.08368,59.145342],[152.120364,59.152379],[152.159525,59.181049],[152.186442,59.181604],[152.197584,59.195623],[152.273279,59.202211],[152.302866,59.195078],[152.317955,59.201429],[152.324506,59.223475],[152.2869,59.242982],[152.264871,59.245163],[152.23397,59.263797],[152.209385,59.267874],[152.207117,59.279377],[152.17232,59.291191],[152.152527,59.282361],[152.135524,59.301957],[152.076671,59.275958],[152.02523,59.273536],[152.015974,59.26502],[151.952697,59.274252],[151.931097,59.293274],[151.898636,59.306825],[151.862349,59.299218],[151.848236,59.302166],[151.737714,59.299734],[151.730948,59.320146],[151.76585,59.338142],[151.770517,59.354568],[151.726744,59.378977],[151.715487,59.391408],[151.694454,59.396831],[151.701324,59.414049],[151.665498,59.45669],[151.63038,59.479619],[151.591861,59.498407],[151.566923,59.504792],[151.517511,59.506289],[151.496409,59.522174],[151.494811,59.541097],[151.448893,59.55747],[151.383462,59.561015],[151.351955,59.555503],[151.283663,59.559616],[151.19198,59.576174],[151.136576,59.58346],[151.058923,59.582076],[151.009969,59.573405],[150.938987,59.556726],[150.910515,59.563437],[150.892034,59.549696],[150.901769,59.532163],[150.943997,59.521569],[150.938075,59.504681],[150.915973,59.485796],[150.960122,59.479836],[150.93338,59.464202],[150.93902,59.454417],[150.910807,59.445139],[150.86032,59.450462],[150.81704,59.440338],[150.744944,59.436121],[150.741907,59.45591],[150.779157,59.470356],[150.75029,59.488516],[150.71918,59.489666],[150.662226,59.498472],[150.58582,59.485106],[150.55013,59.491355],[150.536025,59.477648],[150.51982,59.485919],[150.532466,59.498833],[150.632745,59.516252],[150.672473,59.526711],[150.68695,59.522524],[150.760003,59.530619],[150.782307,59.547602],[150.76856,59.563798],[150.687765,59.56282],[150.656744,59.551173],[150.602476,59.540423],[150.57045,59.544863],[150.553472,59.556452],[150.517433,59.559487],[150.50673,59.574646],[150.45807,59.577295],[150.467772,59.589261],[150.458648,59.616481],[150.430969,59.621574],[150.392822,59.618132],[150.361655,59.635304],[150.329138,59.643607],[150.195349,59.65272],[150.13555,59.659749],[149.990169,59.700221],[149.882722,59.723496],[149.793288,59.739386],[149.665625,59.754202],[149.559874,59.758226],[149.498096,59.753271],[149.386569,59.726284],[149.341572,59.720822],[149.21327,59.673893],[149.163658,59.65808],[149.106845,59.631484],[149.05514,59.620913],[149.053245,59.61467],[149.098789,59.611773],[149.094471,59.591106],[149.110419,59.587777],[149.112351,59.566241],[149.095416,59.561649],[149.097533,59.547023],[149.143202,59.527721],[149.17151,59.529047],[149.216374,59.52151],[149.230757,59.498991],[149.214193,59.476743],[149.22707,59.462187],[149.201777,59.459927],[149.161109,59.484672],[149.077625,59.48577],[149.039728,59.474975],[148.996736,59.454134],[148.965869,59.459466],[148.931771,59.452423],[148.88707,59.47138],[148.862731,59.495281],[148.87853,59.516815],[148.914378,59.527174],[148.918332,59.534669],[148.872694,59.547873],[148.851777,59.543435],[148.81227,59.511862],[148.77181,59.499105],[148.742118,59.470065],[148.759154,59.459086],[148.7247,59.463897],[148.71256,59.43769],[148.717705,59.380537],[148.725361,59.368276],[148.75087,59.357185],[148.797471,59.356679],[148.805404,59.345561],[148.825516,59.351425],[148.828695,59.363924],[148.850549,59.378464],[148.89616,59.391121],[148.907683,59.377385],[148.984452,59.37752],[148.994769,59.360978],[148.949579,59.342461],[148.9223,59.303185],[148.95997,59.283679],[148.955862,59.251228],[148.92935,59.233191],[148.904235,59.239705],[148.865153,59.27432],[148.833934,59.279755],[148.78977,59.272446],[148.778883,59.2438],[148.726887,59.236516],[148.719087,59.241461],[148.72863,59.262357],[148.709408,59.267537],[148.59919,59.250172],[148.578151,59.239698],[148.526142,59.247401],[148.489511,59.245272],[148.417729,59.252959],[148.412905,59.258713],[148.441901,59.270217],[148.439997,59.291409],[148.409241,59.310584],[148.423353,59.325871],[148.42116,59.342102],[148.396142,59.379121],[148.30262,59.404633],[148.202337,59.409201],[148.093785,59.403564],[148.035429,59.392799],[147.948715,59.39106],[147.934922,59.386098],[147.897533,59.387941],[147.832954,59.372951],[147.79018,59.347443],[147.799197,59.327693],[147.815428,59.324761],[147.845018,59.306055],[147.844707,59.292335],[147.78866,59.260638],[147.743491,59.266145],[147.716629,59.280507],[147.704801,59.296962],[147.633733,59.307373],[147.588819,59.297785],[147.541745,59.278991],[147.533869,59.262809],[147.558514,59.2514],[147.543269,59.235704],[147.480401,59.245801],[147.4525,59.260863],[147.421363,59.268678],[147.397466,59.292142],[147.364473,59.306479],[147.328791,59.310364],[147.302129,59.332135],[147.25094,59.335299],[147.17496,59.319052],[147.131599,59.332035],[147.126501,59.34565],[147.076019,59.358986],[147.060069,59.354503],[147.019948,59.370693],[146.94151,59.368693],[146.937766,59.38745],[146.97398,59.389481],[147.00181,59.401602],[147.108655,59.408506],[147.110148,59.43761],[147.093636,59.45473],[147.102551,59.470346],[147.148458,59.504515],[147.137041,59.512844],[147.142621,59.53333],[147.136835,59.548483],[147.152583,59.563969],[147.15439,59.600556],[147.143398,59.606033],[147.164454,59.621808],[147.168798,59.646334],[147.15554,59.647538],[147.13966,59.665316],[147.145368,59.679472],[147.12605,59.696004],[147.17234,59.716919],[147.198585,59.720802],[147.21618,59.73206],[147.201996,59.75988],[147.146468,59.796661],[147.156659,59.808469],[147.142002,59.827433],[147.166118,59.837383],[147.139833,59.844838],[147.118901,59.866597],[147.11826,59.886198],[147.04359,59.903588],[147.028112,59.914996],[147.061496,59.929358],[147.03927,59.947898],[147.001935,59.953285],[146.942227,59.951859],[146.9332,59.942806],[146.904867,59.940006],[146.88295,59.924335],[146.80077,59.905055],[146.77542,59.92131],[146.77842,59.9426],[146.758139,59.94688],[146.747207,59.962624],[146.722682,59.962885],[146.70214,59.971554],[146.705747,59.988169],[146.683728,60.004762],[146.69053,60.027667],[146.672289,60.038349],[146.690388,60.064478],[146.689112,60.087294],[146.664963,60.101209],[146.608579,60.115646],[146.579596,60.092908],[146.53747,60.097224],[146.533677,60.124984],[146.500442,60.12335],[146.499899,60.148409],[146.511635,60.160368],[146.484631,60.192764],[146.453189,60.202174],[146.432792,60.215523],[146.41052,60.217274],[146.408265,60.241535],[146.372387,60.250587],[146.340462,60.243678],[146.313531,60.244643],[146.265748,60.23566],[146.217277,60.217982],[146.21731,60.208566],[146.132452,60.200305],[146.090755,60.206653],[146.049952,60.195748],[145.978902,60.202491],[145.920186,60.197625],[145.915409,60.180972],[145.882826,60.171169],[145.857411,60.170272],[145.79459,60.211519],[145.770586,60.204123],[145.737718,60.226411],[145.698828,60.237327],[145.677225,60.252353],[145.636964,60.264846],[145.611438,60.284773],[145.617888,60.292888],[145.600369,60.310756],[145.561934,60.311641],[145.555693,60.322623],[145.57439,60.335558],[145.615686,60.337572],[145.659894,60.361861],[145.657322,60.38814],[145.637327,60.414645],[145.58146,60.411589],[145.53005,60.422181],[145.538663,60.444499],[145.525005,60.45554],[145.535392,60.462866],[145.528851,60.494829],[145.563685,60.504242],[145.566349,60.515785],[145.587037,60.515271],[145.626598,60.52481],[145.640721,60.517542],[145.65509,60.528835],[145.639837,60.545287],[145.645282,60.556981],[145.714854,60.578764],[145.713608,60.594978],[145.748897,60.599828],[145.792376,60.614177],[145.830282,60.601436],[145.847676,60.610482],[145.930939,60.619104],[145.910596,60.643125],[145.920307,60.655805],[145.982425,60.658375],[145.994941,60.675609],[146.063997,60.708828],[146.061358,60.725503],[146.085257,60.73658],[146.1338,60.73676],[146.151136,60.744506],[146.173735,60.732191],[146.199886,60.701338],[146.242154,60.698121],[146.28128,60.685494],[146.280041,60.667611],[146.297767,60.669397],[146.336103,60.652664],[146.34966,60.659897],[146.444025,60.671125],[146.431612,60.688452],[146.45999,60.704862],[146.454625,60.72933],[146.469313,60.736664],[146.446264,60.755915],[146.465473,60.769191],[146.455747,60.785163],[146.4872,60.777343],[146.501062,60.802687],[146.480923,60.809335],[146.50785,60.832275],[146.534597,60.842448],[146.49871,60.85376],[146.503261,60.867388],[146.52209,60.867943],[146.504548,60.904813],[146.479014,60.91716],[146.511681,60.932212],[146.499321,60.941147],[146.568905,60.954392],[146.652,60.945716],[146.66211,60.950901],[146.705414,60.949364],[146.71989,60.965353],[146.70866,60.975015],[146.721791,60.992906],[146.75447,61.003652],[146.7202,61.013136],[146.712682,61.040488],[146.667757,61.054407],[146.664852,61.067675],[146.682238,61.076655],[146.670831,61.083864],[146.689305,61.093608],[146.725255,61.09785],[146.756434,61.093282],[146.757117,61.100403],[146.728865,61.164504],[146.743798,61.178721],[146.742649,61.1938],[146.757482,61.209857],[146.74663,61.236461],[146.730453,61.252452],[146.733556,61.264154],[146.698001,61.306826],[146.698508,61.322757],[146.712803,61.34519],[146.728651,61.352298],[146.747149,61.38622],[146.729782,61.403394],[146.714902,61.396332],[146.68859,61.408637],[146.706629,61.416811],[146.716501,61.444985],[146.739752,61.468605],[146.708261,61.490057],[146.673275,61.488312],[146.66786,61.496357],[146.580909,61.531723],[146.59698,61.552083],[146.591986,61.565858],[146.606449,61.575197],[146.58641,61.601855],[146.603855,61.615183],[146.572679,61.650276],[146.5248,61.657271],[146.52068,61.666036],[146.479016,61.689127],[146.456955,61.689024],[146.467905,61.707189],[146.455265,61.7188],[146.42961,61.719534],[146.427952,61.738466],[146.389128,61.743088],[146.379613,61.771473],[146.362923,61.781153],[146.388651,61.806001],[146.3571,61.81383],[146.347697,61.841445],[146.308021,61.857929],[146.277914,61.851388],[146.242142,61.857972],[146.25249,61.872252],[146.226035,61.871423],[146.238214,61.899087],[146.186024,61.914923],[146.176039,61.906438],[146.140271,61.906977],[146.157411,61.933111],[146.135168,61.929078],[146.100616,61.936406],[146.1081,61.944711],[146.087183,61.95767],[146.060986,61.950385],[146.022548,61.947958],[145.98079,61.981906],[145.988451,61.988797],[145.965418,62.004494],[145.926066,62.000266],[145.861912,62.013644],[145.843618,62.002971],[145.818152,62.001761],[145.779807,62.029094],[145.743016,62.030019],[145.753758,62.03661],[145.704365,62.035487],[145.66786,62.04619],[145.664655,62.056279],[145.634243,62.05328],[145.663188,62.03401],[145.659291,62.018113],[145.643044,62.00764],[145.65273,61.993842],[145.620791,61.974948],[145.597797,61.984507],[145.57723,61.974745],[145.554616,61.975966],[145.55416,61.956611],[145.527861,61.949691],[145.510858,61.96523],[145.450543,61.949333],[145.461918,61.988265],[145.440354,61.991315],[145.398708,61.976244],[145.361146,61.994983],[145.32584,61.994086],[145.290614,62.00536],[145.256372,61.990301],[145.234294,61.972938],[145.210803,61.964145],[145.17445,61.979742],[145.148477,61.980585],[145.144669,62.002154],[145.05248,61.996843],[144.992525,62.026461],[144.987821,62.051919],[144.956246,62.066851],[144.92795,62.054622],[144.85569,62.059788],[144.83113,62.047998],[144.772073,62.036407],[144.73642,62.045483],[144.744278,62.061611],[144.728624,62.085814],[144.736525,62.095409],[144.810162,62.114145],[144.825926,62.112342],[144.83817,62.124844],[144.876847,62.133395],[144.87762,62.158284],[144.934388,62.161794],[144.956614,62.14802],[144.98684,62.156606],[144.991661,62.168061],[144.976977,62.182099],[145.009646,62.193405],[145.0171,62.205437],[144.98746,62.225914],[144.990204,62.238915],[145.01118,62.249071],[145.057278,62.229654],[145.098984,62.23461],[145.130434,62.247412],[145.120337,62.264956],[145.16828,62.276724],[145.19959,62.278872],[145.171262,62.289954],[145.16684,62.300434],[145.202017,62.298957],[145.210096,62.310129],[145.196303,62.322083],[145.207517,62.333696],[145.1976,62.345568],[145.170176,62.352578],[145.176425,62.365294],[145.1665,62.389675],[145.14923,62.397267],[145.184358,62.413875],[145.189874,62.436781],[145.157866,62.457601],[145.137654,62.478539],[145.17304,62.489912],[145.217012,62.473603],[145.227252,62.503263],[145.268837,62.509846],[145.280202,62.524484],[145.327619,62.513327],[145.349283,62.503078],[145.384511,62.499477],[145.43741,62.530871],[145.484044,62.539551],[145.444813,62.556269],[145.436306,62.587348],[145.39705,62.599234],[145.413601,62.628984],[145.450265,62.632283],[145.425613,62.642819],[145.418847,62.657247],[145.39044,62.680707],[145.40855,62.702381],[145.45657,62.707403],[145.439708,62.73048],[145.400193,62.728871],[145.353052,62.746696],[145.3657,62.774314],[145.36137,62.782774],[145.37628,62.810559],[145.379009,62.831527],[145.401412,62.836953],[145.409515,62.866673],[145.39294,62.891634],[145.395014,62.914168],[145.37191,62.938497],[145.354949,62.942947],[145.378116,62.950317],[145.36918,62.974442],[145.353298,62.979215],[145.340331,63.01119],[145.309704,63.006716],[145.288057,63.011657],[145.280643,63.036917],[145.316205,63.050642],[145.28934,63.086188],[145.30296,63.087796],[145.24951,63.161006],[145.27331,63.178784],[145.25786,63.242875],[145.311364,63.269032],[145.34363,63.297427],[145.393119,63.308217],[145.38456,63.317996],[145.405285,63.340815],[145.397199,63.356534],[145.440458,63.378698],[145.448674,63.412584],[145.464405,63.438259],[145.458739,63.463393],[145.489762,63.513848],[145.4683,63.526303],[145.498318,63.55866],[145.532194,63.569678],[145.557949,63.590799],[145.554987,63.603644],[145.583953,63.619099],[145.576826,63.629661],[145.60117,63.644897],[145.637149,63.643739],[145.665851,63.658704],[145.675889,63.673529],[145.659314,63.682692],[145.672851,63.691651],[145.66653,63.709403],[145.649345,63.719893],[145.659141,63.728856],[145.65335,63.768658],[145.668741,63.774762],[145.601472,63.805714],[145.567507,63.807865],[145.586,63.828036],[145.6558,63.83722],[145.710067,63.848307],[145.75762,63.865663],[145.81653,63.8718],[145.83098,63.881252],[145.884917,63.877891],[145.930847,63.884302],[145.995674,63.903434],[145.998187,63.909952],[146.0755,63.920526],[146.112125,63.918997],[146.165684,63.927209],[146.181984,63.942217],[146.176961,63.953823],[146.230093,63.978811],[146.220312,64.004468],[146.230759,64.019683],[146.279241,64.030661],[146.29613,64.049507],[146.33349,64.0701],[146.338551,64.091519],[146.329119,64.101924],[146.364923,64.140723],[146.368627,64.185881],[146.433786,64.199296],[146.496719,64.189493],[146.542709,64.189356],[146.574287,64.17529],[146.612855,64.16827],[146.646569,64.169644],[146.685668,64.1527],[146.718527,64.155281],[146.767089,64.146753],[146.834568,64.151145],[146.884999,64.13875],[146.951481,64.134016],[147.012052,64.133424],[147.066709,64.113401],[147.10512,64.106548],[147.10563,64.099557],[147.21371,64.042064],[147.254844,64.026709],[147.294615,64.018729],[147.298862,64.036299],[147.318879,64.045437],[147.346773,64.045528],[147.358948,64.055362],[147.361506,64.076641],[147.38328,64.081941],[147.371342,64.101712],[147.342367,64.111444],[147.401753,64.129572],[147.460623,64.135187],[147.460183,64.139736],[147.511452,64.145372],[147.569347,64.146041],[147.585092,64.163447],[147.643774,64.178001],[147.65099,64.164259],[147.672395,64.160118],[147.700153,64.133743],[147.73276,64.115184],[147.71923,64.093695],[147.691719,64.08698],[147.651769,64.066943],[147.680403,64.052988],[147.653248,64.035045],[147.669515,64.031434],[147.670816,64.011346],[147.701462,64.015055],[147.75111,64.009646],[147.804644,63.995213],[147.777639,63.981339],[147.788405,63.953647],[147.819278,63.947363],[147.862753,63.95049],[147.880922,63.969182],[147.922182,63.960472],[147.905539,63.947495],[147.975677,63.936786],[148.01834,63.936136],[148.032397,63.964504],[148.071839,63.972242],[148.069504,63.996305],[148.1109,64.016339],[148.137044,64.012923],[148.176595,64.023366],[148.16009,64.052392],[148.176123,64.061811],[148.176411,64.07742],[148.159692,64.102504],[148.187992,64.106027],[148.1857,64.117023],[148.224318,64.131761],[148.229795,64.153254],[148.263517,64.152785],[148.278921,64.166849],[148.25709,64.181866],[148.26089,64.200037],[148.28952,64.218607],[148.314505,64.220696],[148.249508,64.259703],[148.212463,64.269326],[148.202361,64.280952],[148.1235,64.295166],[148.128378,64.306964],[148.11488,64.326225],[148.09495,64.330418],[148.069663,64.350655],[148.092208,64.362501],[148.073,64.385231],[148.088686,64.393328],[148.04783,64.407899],[148.055195,64.418476],[148.094725,64.427704],[148.130736,64.429482],[148.147623,64.421806],[148.179806,64.424865],[148.224911,64.44223],[148.239746,64.481226],[148.274567,64.48303],[148.327615,64.528079],[148.385405,64.52954],[148.406878,64.520425],[148.444865,64.523554],[148.459538,64.509653],[148.501199,64.50981],[148.525032,64.496054],[148.511888,64.485097],[148.551888,64.472444],[148.555713,64.450364],[148.612289,64.437041],[148.6635,64.416219],[148.681748,64.416161],[148.708723,64.402203],[148.758717,64.405719],[148.776467,64.413502],[148.813001,64.409058],[148.85167,64.41876],[148.863373,64.411548],[148.923544,64.42125],[148.934726,64.432145],[148.98424,64.422725],[149.041135,64.431475],[149.119454,64.419479],[149.164267,64.426423],[149.192364,64.41919],[149.178988,64.408618],[149.193644,64.399073],[149.195211,64.381817],[149.261488,64.377044],[149.339492,64.376755],[149.366622,64.380223],[149.370432,64.389826],[149.345641,64.402761],[149.360938,64.42002],[149.42266,64.412683],[149.447375,64.416017],[149.474748,64.404078],[149.502287,64.405748],[149.511681,64.425879],[149.55923,64.433716],[149.560621,64.450031],[149.580637,64.470464],[149.679967,64.500727],[149.699192,64.512746],[149.73678,64.519051],[149.743301,64.531435],[149.772787,64.546997],[149.80483,64.548111],[149.839375,64.560976],[149.871263,64.56237],[149.914301,64.549494],[149.92443,64.552736],[149.97822,64.542086],[149.975083,64.526813],[149.998889,64.50728],[149.994193,64.496075],[150.028071,64.497536],[150.097893,64.483663],[150.127874,64.468331],[150.143723,64.469472],[150.14022,64.447603],[150.11969,64.437519],[150.134722,64.430507],[150.070378,64.408742],[150.077697,64.386433],[150.016771,64.350929],[150.042052,64.345263],[150.04578,64.324949],[150.078898,64.318663],[150.091281,64.302514],[150.083688,64.292798],[150.109845,64.282031],[150.162749,64.270117],[150.17951,64.271926],[150.209798,64.258904],[150.196246,64.226865],[150.233632,64.213203],[150.312512,64.20838],[150.336531,64.216661],[150.375155,64.214925],[150.432291,64.204656],[150.480691,64.185068],[150.51863,64.182748],[150.54882,64.166332],[150.59338,64.176755],[150.65081,64.167535],[150.668293,64.1927],[150.648306,64.209899],[150.645018,64.224515],[150.681119,64.254371],[150.675331,64.267998],[150.628188,64.290402],[150.595208,64.292299],[150.58689,64.304575],[150.63959,64.337741],[150.663659,64.33979],[150.71832,64.331387],[150.740348,64.333272],[150.795892,64.327052],[150.886288,64.330046],[150.916772,64.334283],[150.993956,64.332985],[151.049068,64.351699],[151.083735,64.346474],[151.167177,64.359236],[151.225879,64.354606],[151.2517,64.344147],[151.273165,64.35669],[151.304334,64.358111],[151.313895,64.371303],[151.371697,64.366406],[151.38906,64.330327],[151.410216,64.330624],[151.418398,64.357932],[151.446157,64.382078],[151.481078,64.390834],[151.481479,64.41951],[151.496874,64.425812],[151.611105,64.43678],[151.813634,64.470063],[151.879244,64.471568],[151.929879,64.476437],[151.974573,64.489108],[151.991473,64.475287],[152.017576,64.477341],[152.047762,64.467923],[152.071538,64.452285],[152.082717,64.4222],[152.101848,64.416679],[152.115163,64.395449],[152.143024,64.386236],[152.12471,64.371347],[152.131617,64.356607],[152.150417,64.351137],[152.216195,64.359517],[152.255496,64.355151],[152.285359,64.376253],[152.332168,64.368045],[152.365649,64.384042],[152.416385,64.384074],[152.4448,64.389408],[152.427814,64.408159],[152.44504,64.418435],[152.44429,64.44176],[152.423284,64.453966],[152.43551,64.467784],[152.40307,64.492112],[152.358914,64.50825],[152.376811,64.5329],[152.39884,64.528184],[152.480712,64.55022],[152.487935,64.562294],[152.535019,64.561144],[152.601485,64.583835],[152.623773,64.610306],[152.671481,64.621045],[152.72706,64.623176],[152.737272,64.640229],[152.75415,64.641326],[152.783722,64.66464],[152.83076,64.681016],[152.847283,64.701393],[152.83183,64.709804],[152.808007,64.743132],[152.78814,64.742334],[152.759392,64.757366],[152.746164,64.774556],[152.714918,64.782868],[152.65378,64.808854],[152.629897,64.803574],[152.585915,64.811292],[152.584843,64.835743],[152.550923,64.863363],[152.550146,64.884787],[152.518397,64.91846],[152.541042,64.935388],[152.529664,64.945858],[152.519314,64.976629],[152.525736,64.993862],[152.567701,65.000459],[152.578109,65.013245],[152.568656,65.025088],[152.590011,65.033339],[152.60715,65.052021],[152.630224,65.060508],[152.6468,65.082805],[152.645634,65.117523],[152.656316,65.130427],[152.66147,65.168483],[152.67615,65.180385],[152.710476,65.179268],[152.727381,65.197046],[152.71279,65.213399],[152.733014,65.227087],[152.765397,65.228625],[152.797821,65.206831],[152.876473,65.225611],[152.876438,65.233208],[152.908782,65.25068],[152.94148,65.255444],[152.973499,65.242989],[153.045009,65.256635],[153.119256,65.264191],[153.148186,65.244046],[153.18347,65.27024],[153.190035,65.295752],[153.243637,65.309622],[153.28299,65.313529],[153.339097,65.327895],[153.3842,65.33384],[153.42793,65.355396],[153.458385,65.357266],[153.500533,65.345736],[153.514828,65.364502],[153.530787,65.36605],[153.585837,65.398429],[153.582315,65.419394],[153.557892,65.430287],[153.549962,65.44646],[153.50034,65.462715],[153.461894,65.45987],[153.442342,65.48533],[153.467599,65.515581],[153.46947,65.540324],[153.487275,65.550535],[153.490216,65.585007],[153.500336,65.589247],[153.540637,65.6373],[153.510087,65.654913],[153.514928,65.667004],[153.577082,65.689843],[153.57278,65.710275],[153.556768,65.71615],[153.54799,65.73725],[153.523676,65.733418],[153.483706,65.747972],[153.495287,65.764848],[153.53367,65.79825],[153.532184,65.810303],[153.577152,65.822128],[153.593077,65.834886],[153.635921,65.845812],[153.68031,65.842535],[153.731446,65.857908],[153.754727,65.870852],[153.788468,65.855133],[153.836342,65.8566],[153.89418,65.869331],[153.928861,65.865979],[153.956673,65.873049],[154.026468,65.865818],[154.03414,65.854609],[154.087433,65.850263],[154.099285,65.839377],[154.087705,65.80189],[154.089677,65.783536],[154.136718,65.778504],[154.159725,65.769547],[154.19775,65.795132],[154.266841,65.806328],[154.27328,65.819511],[154.300839,65.826402],[154.312849,65.846124],[154.337794,65.85493],[154.32548,65.877533],[154.387702,65.901437],[154.411806,65.922526],[154.415657,65.950151],[154.378689,65.97417],[154.430058,65.994357],[154.393085,65.997841],[154.374991,66.029176],[154.277612,66.039986],[154.236796,66.038241],[154.228944,66.047978],[154.265203,66.087036],[154.302583,66.102929],[154.364956,66.103399],[154.392951,66.141492],[154.379887,66.168081],[154.394493,66.182848],[154.463077,66.183165],[154.521153,66.218694],[154.585952,66.217985],[154.610278,66.19595],[154.663521,66.18126],[154.724973,66.175958],[154.801674,66.174906],[154.843025,66.168246],[154.859214,66.154873],[154.887025,66.150144],[154.894973,66.109322],[154.946317,66.110584],[154.979514,66.119423],[155.079598,66.130124],[155.057722,66.160338],[155.102205,66.169477],[155.138609,66.157341],[155.170693,66.182483],[155.200893,66.175111],[155.210873,66.181796],[155.26268,66.181404],[155.290528,66.158076],[155.316642,66.159646],[155.362241,66.143519],[155.372376,66.129588],[155.402757,66.125378],[155.4212,66.132869],[155.453615,66.129983],[155.498419,66.133956],[155.528176,66.14422],[155.560239,66.142208],[155.622894,66.119839],[155.659016,66.121953],[155.69157,66.140096],[155.747972,66.161196],[155.81293,66.147378],[155.859257,66.105488],[155.906952,66.088383],[155.94107,66.087261],[155.948471,66.067757],[156.006589,66.073601],[156.06531,66.046131],[156.087741,66.069622],[156.201065,66.068083],[156.246524,66.058638],[156.266742,66.064626],[156.29862,66.057828],[156.346148,66.061141],[156.382725,66.054639],[156.42702,66.038272],[156.47141,66.050884],[156.455227,66.06521],[156.49589,66.083248],[156.533871,66.087908],[156.538553,66.119412],[156.577662,66.138892],[156.644273,66.148031],[156.63143,66.177213],[156.674004,66.189043],[156.722754,66.174626],[156.767952,66.152493],[156.766567,66.122456],[156.817836,66.103545],[156.841225,66.082817],[156.904384,66.064054],[156.921275,66.039791],[157.00252,66.012557],[157.034383,66.007334],[157.013504,65.993437],[157.019134,65.9773],[157.002377,65.965314],[156.961833,65.956736],[157.023725,65.942584],[157.083926,65.914601],[157.110698,65.914599],[157.147028,65.900839],[157.19149,65.903256],[157.213991,65.895921],[157.303631,65.906688],[157.335158,65.891827],[157.381484,65.907634],[157.449326,65.912874],[157.458704,65.936626],[157.42048,65.953133],[157.408144,65.96865],[157.444713,66.000241],[157.502266,66.004453],[157.56808,66.021185],[157.621411,66.022685],[157.660763,66.037198],[157.662667,66.053972],[157.68936,66.064581],[157.699656,66.07985],[157.744936,66.099459],[157.840617,66.104395],[157.897153,66.101658],[157.92769,66.107823],[158.04098,66.117201],[158.092131,66.134323],[158.163165,66.133985],[158.188291,66.142603],[158.228532,66.122559],[158.26616,66.112828],[158.285921,66.115365],[158.283133,66.101296],[158.378094,66.102058],[158.449504,66.085382],[158.500697,66.093502],[158.517708,66.104918],[158.496465,66.115262],[158.47511,66.146916],[158.455504,66.160289],[158.47245,66.169927],[158.432257,66.20337],[158.41131,66.204641],[158.403346,66.21974],[158.437993,66.222454],[158.441348,66.248228],[158.429979,66.257794],[158.448307,66.272865],[158.493151,66.284674],[158.498243,66.322115],[158.543444,66.335235]]]]}},{"type":"Feature","properties":{"name":"Камчатский край","cartodb_id":8,"created_at":"2013-12-04T04:23:51+0100","updated_at":"2013-12-04T04:31:47+0100","name_latin":"Kamchatka Krai"},"geometry":{"type":"MultiPolygon","coordinates":[[[[163.502542,58.469103],[163.48999,58.448475],[163.441053,58.489363],[163.449808,58.501502],[163.440414,58.520333],[163.408325,58.542724],[163.414424,58.554064],[163.435662,58.561108],[163.513315,58.566894],[163.572124,58.578698],[163.597282,58.599199],[163.627118,58.632545],[163.647299,58.681909],[163.66585,58.70463],[163.718179,58.73972],[163.736132,58.760632],[163.772393,58.822163],[163.773119,58.885397],[163.834508,58.934601],[163.871787,58.968208],[163.918724,58.98883],[163.920527,58.994604],[163.864978,59.009487],[163.769013,59.014755],[163.68815,58.987723],[163.726103,59.007428],[163.766974,59.016271],[163.886931,59.021196],[164.000718,59.034539],[164.107344,59.059121],[164.131413,59.070291],[164.205581,59.090782],[164.311029,59.113077],[164.355936,59.131535],[164.395105,59.176109],[164.424367,59.182495],[164.445493,59.193821],[164.506218,59.208935],[164.547866,59.229818],[164.589724,59.239594],[164.585664,59.218241],[164.595632,59.187364],[164.639297,59.178659],[164.631702,59.166096],[164.640477,59.129375],[164.674605,59.091841],[164.694782,59.080387],[164.707985,59.059709],[164.730031,59.047988],[164.729408,59.033187],[164.708549,59.009908],[164.685956,58.969849],[164.689353,58.937429],[164.703808,58.926994],[164.698971,58.913393],[164.66901,58.890027],[164.623291,58.865331],[164.567385,58.870787],[164.521555,58.861155],[164.48638,58.86729],[164.443455,58.863273],[164.424346,58.853591],[164.332749,58.838817],[164.317197,58.826193],[164.267501,58.806979],[164.24116,58.80478],[164.209329,58.816107],[164.184211,58.81403],[164.139152,58.800427],[164.116737,58.779927],[164.079454,58.763796],[164.00218,58.743767],[163.9443,58.703629],[163.918407,58.69791],[163.870174,58.699032],[163.809684,58.670073],[163.781025,58.646382],[163.713473,58.613726],[163.677038,58.60414],[163.677088,58.589805],[163.623687,58.588732],[163.58034,58.569573],[163.574925,58.545961],[163.555462,58.542927],[163.543538,58.523464],[163.507991,58.501936],[163.502542,58.469103]]],[[[168.070494,54.526167],[168.090121,54.517723],[168.102843,54.502534],[168.089798,54.495949],[168.057645,54.513424],[168.022141,54.539557],[167.96809,54.553837],[167.936115,54.568968],[167.924025,54.591041],[167.881279,54.607441],[167.876286,54.614862],[167.837097,54.63539],[167.789515,54.650076],[167.75281,54.649635],[167.70092,54.680013],[167.690541,54.696899],[167.653255,54.715271],[167.617928,54.723342],[167.612651,54.734217],[167.56033,54.750578],[167.52824,54.768674],[167.492298,54.796704],[167.458359,54.81469],[167.443203,54.839207],[167.451525,54.844676],[167.435608,54.875227],[167.462618,54.870071],[167.487849,54.854185],[167.521539,54.853233],[167.521723,54.841956],[167.54309,54.8287],[167.56423,54.826206],[167.54304,54.79975],[167.593824,54.796369],[167.63264,54.786309],[167.652025,54.791267],[167.68031,54.783214],[167.68345,54.757011],[167.70512,54.763062],[167.73138,54.761577],[167.735856,54.739185],[167.75495,54.736703],[167.746036,54.719482],[167.760026,54.697385],[167.78951,54.682232],[167.83606,54.690247],[167.851753,54.680655],[167.88063,54.645123],[167.9413,54.65007],[167.925896,54.626357],[167.965002,54.58415],[167.995069,54.579053],[168.00849,54.557707],[168.036324,54.534718],[168.070494,54.526167]]],[[[166.59527,54.716653],[166.577723,54.720469],[166.562829,54.735904],[166.56045,54.754633],[166.515553,54.773902],[166.503689,54.788522],[166.486405,54.788607],[166.488468,54.808562],[166.508102,54.817797],[166.485479,54.835878],[166.447285,54.822636],[166.430782,54.832693],[166.407961,54.827196],[166.390151,54.838288],[166.376477,54.827685],[166.368152,54.837385],[166.332383,54.856225],[166.326381,54.869482],[166.306817,54.868798],[166.283583,54.892354],[166.2863,54.914866],[166.244753,54.915682],[166.23329,54.933345],[166.200583,54.94046],[166.176039,54.960806],[166.180139,54.979208],[166.157014,55.003507],[166.155347,55.015305],[166.104463,55.037036],[166.072063,55.076256],[166.08656,55.084068],[166.079195,55.100782],[166.083546,55.121233],[166.051412,55.148407],[166.042341,55.169231],[166.007903,55.187576],[165.981402,55.193043],[165.99881,55.199945],[165.999308,55.210826],[165.978433,55.227131],[165.917194,55.253089],[165.899193,55.25015],[165.892669,55.259162],[165.801776,55.277337],[165.770627,55.278945],[165.75371,55.285838],[165.827355,55.309948],[165.837651,55.308469],[165.922451,55.325146],[165.936997,55.332462],[165.966107,55.36553],[165.994689,55.357745],[166.017655,55.359221],[166.065378,55.344985],[166.084397,55.333804],[166.155871,55.319575],[166.198032,55.317632],[166.210451,55.312515],[166.237983,55.316978],[166.256772,55.328823],[166.300743,55.299678],[166.266628,55.285693],[166.258714,55.269639],[166.242435,55.265452],[166.25578,55.254814],[166.256864,55.239436],[166.24132,55.20092],[166.248274,55.179847],[166.266018,55.16071],[166.294762,55.115842],[166.351367,55.091663],[166.349501,55.076059],[166.3725,55.050189],[166.388582,55.044371],[166.399068,55.01249],[166.43034,54.983183],[166.444742,54.962521],[166.48691,54.947156],[166.509125,54.934332],[166.535115,54.927603],[166.549294,54.914615],[166.593291,54.914046],[166.587041,54.890818],[166.643356,54.865991],[166.65128,54.847953],[166.637405,54.839687],[166.653473,54.825637],[166.652913,54.801054],[166.671133,54.769809],[166.675105,54.747981],[166.671911,54.713443],[166.679341,54.695153],[166.671837,54.679375],[166.64586,54.687415],[166.63897,54.697499],[166.59527,54.716653]]],[[[162.465934,61.664844],[162.443698,61.689541],[162.447849,61.718583],[162.464925,61.734541],[162.454713,61.75018],[162.424074,61.751297],[162.39184,61.763266],[162.423597,61.773079],[162.474504,61.799887],[162.432536,61.808665],[162.402696,61.829251],[162.38642,61.825581],[162.37174,61.858055],[162.383709,61.866512],[162.36887,61.883428],[162.376211,61.895874],[162.3427,61.89779],[162.332169,61.910476],[162.290041,61.926275],[162.298341,61.944227],[162.322277,61.946142],[162.343821,61.960504],[162.369514,61.963934],[162.40079,61.951327],[162.443875,61.942071],[162.49143,61.954996],[162.491751,61.969836],[162.508666,61.976698],[162.484731,61.998002],[162.532604,61.995927],[162.53803,62.019703],[162.514096,62.035981],[162.527501,62.03598],[162.511066,62.065981],[162.524472,62.083215],[162.480589,62.089679],[162.456812,62.086966],[162.390268,62.095744],[162.365535,62.108591],[162.289735,62.103804],[162.290853,62.113858],[162.248885,62.123752],[162.220481,62.140588],[162.168011,62.149184],[162.174844,62.167318],[162.260402,62.200762],[162.306035,62.182111],[162.332028,62.205126],[162.388178,62.22318],[162.397505,62.238953],[162.439616,62.233198],[162.445519,62.240936],[162.503107,62.237686],[162.534257,62.241356],[162.573146,62.255393],[162.568583,62.263428],[162.595765,62.272306],[162.617191,62.251672],[162.66471,62.25683],[162.690402,62.252861],[162.735341,62.265161],[162.748636,62.293334],[162.786235,62.311785],[162.777507,62.343182],[162.791595,62.354293],[162.773343,62.367189],[162.779496,62.408258],[162.760946,62.420906],[162.781384,62.450964],[162.77087,62.46763],[162.68119,62.571277],[162.704812,62.596047],[162.750445,62.607156],[162.766021,62.621739],[162.800543,62.620449],[162.80025,62.63513],[162.827429,62.66117],[162.82019,62.690682],[162.805906,62.699908],[162.777435,62.697826],[162.759282,62.70596],[162.715037,62.704374],[162.711664,62.693759],[162.662757,62.689991],[162.626848,62.714047],[162.609587,62.713452],[162.58707,62.739939],[162.557707,62.744999],[162.576062,62.773122],[162.62854,62.778082],[162.606717,62.798964],[162.57269,62.809281],[162.564559,62.830213],[162.544025,62.839786],[162.533806,62.833636],[162.48292,62.837704],[162.47766,62.85055],[162.440857,62.858785],[162.41447,62.874012],[162.373302,62.875848],[162.323404,62.887158],[162.304656,62.900154],[162.279558,62.903328],[162.25655,62.934577],[162.269445,62.96652],[162.289286,62.971876],[162.281749,63.005307],[162.320836,63.030107],[162.29187,63.0434],[162.304371,63.06453],[162.358338,63.08298],[162.362308,63.098852],[162.379768,63.108078],[162.438891,63.091411],[162.452978,63.099347],[162.511309,63.112639],[162.578171,63.111745],[162.597219,63.12345],[162.579563,63.1546],[162.697812,63.166998],[162.734517,63.160847],[162.781144,63.194177],[162.762297,63.206677],[162.778566,63.213621],[162.778369,63.229295],[162.735715,63.265603],[162.762699,63.278895],[162.760518,63.291593],[162.784129,63.306274],[162.766997,63.323496],[162.73949,63.327901],[162.719849,63.343773],[162.676994,63.344965],[162.656031,63.365136],[162.65821,63.38458],[162.710527,63.381272],[162.758541,63.383453],[162.774415,63.40002],[162.82104,63.406169],[162.82481,63.41728],[162.876593,63.415096],[162.871833,63.431564],[162.9008,63.43573],[162.910722,63.454181],[162.933736,63.447633],[162.971038,63.480369],[162.961319,63.503979],[162.945844,63.513503],[162.948028,63.528581],[162.974218,63.541179],[162.963901,63.545346],[162.97402,63.580562],[162.996049,63.624408],[162.965298,63.639487],[162.925816,63.648019],[162.892683,63.645441],[162.860147,63.672424],[162.884552,63.689288],[162.875229,63.714187],[162.856778,63.722917],[162.807972,63.729267],[162.77769,63.724776],[162.768887,63.736013],[162.725636,63.752084],[162.757185,63.784027],[162.711949,63.785416],[162.724053,63.795534],[162.723658,63.819938],[162.744292,63.824898],[162.757271,63.843031],[162.78219,63.851582],[162.8435,63.849299],[162.87901,63.875488],[162.940992,63.866758],[162.939724,63.877074],[162.906868,63.886797],[162.90342,63.897907],[162.95421,63.922905],[162.93219,63.941158],[162.932787,63.966553],[162.91017,63.980244],[162.823483,64.008662],[162.848621,64.052074],[162.836575,64.069731],[162.851947,64.087386],[162.82349,64.090502],[162.80189,64.103381],[162.818715,64.115013],[162.808538,64.129553],[162.81789,64.139108],[162.856024,64.138282],[162.84759,64.150418],[162.867396,64.162682],[162.907382,64.161915],[162.961805,64.170473],[162.990678,64.185611],[163.02683,64.17654],[163.055575,64.18331],[163.0672,64.166575],[163.14347,64.167021],[163.14385,64.157184],[163.179747,64.157311],[163.200444,64.170214],[163.22881,64.20477],[163.216418,64.225082],[163.220891,64.252932],[163.277104,64.270049],[163.253215,64.277843],[163.255132,64.292853],[163.272763,64.301284],[163.353246,64.29694],[163.347243,64.319424],[163.372029,64.343313],[163.4101,64.350977],[163.44472,64.342928],[163.49569,64.35813],[163.469251,64.377293],[163.422366,64.37065],[163.38979,64.377422],[163.39554,64.393071],[163.426456,64.399905],[163.407294,64.409998],[163.414452,64.445768],[163.373188,64.447046],[163.354154,64.457841],[163.362332,64.474896],[163.299608,64.503513],[163.272142,64.503258],[163.235095,64.512329],[163.212101,64.535069],[163.192556,64.536858],[163.220918,64.550143],[163.187064,64.558575],[163.171991,64.574481],[163.203803,64.591471],[163.17736,64.619065],[163.192309,64.636822],[163.211855,64.633117],[163.216327,64.645765],[163.244945,64.66103],[163.2429,64.672145],[163.264824,64.693339],[163.262112,64.715055],[163.212468,64.722993],[163.21138,64.734079],[163.169334,64.740367],[163.170196,64.762891],[163.135555,64.767094],[163.125913,64.793097],[163.207603,64.813802],[163.266608,64.79718],[163.317217,64.805994],[163.357314,64.80002],[163.35488,64.815209],[163.405424,64.832808],[163.41337,64.854646],[163.468452,64.868587],[163.488276,64.86873],[163.490903,64.899435],[163.503285,64.916112],[163.544892,64.928587],[163.563752,64.913944],[163.60947,64.922849],[163.643064,64.91021],[163.643666,64.892442],[163.680697,64.885551],[163.721588,64.889874],[163.776489,64.886393],[163.810464,64.890064],[163.800962,64.881779],[163.825759,64.873931],[163.828923,64.861595],[163.907742,64.848028],[163.930515,64.86051],[163.965453,64.855842],[164.003172,64.866564],[164.05137,64.870961],[164.061393,64.896892],[164.151001,64.893137],[164.167119,64.921942],[164.197135,64.921309],[164.218241,64.936724],[164.232118,64.925386],[164.270007,64.926992],[164.275386,64.911113],[164.33411,64.903294],[164.362849,64.886237],[164.475409,64.872934],[164.476799,64.862202],[164.521065,64.844342],[164.516425,64.825019],[164.585967,64.817618],[164.607591,64.795528],[164.623763,64.794789],[164.628222,64.810713],[164.67068,64.805139],[164.713618,64.77616],[164.733979,64.77058],[164.797048,64.767849],[164.805576,64.749227],[164.845487,64.731896],[164.869243,64.71436],[164.856123,64.703272],[164.864242,64.681064],[164.922629,64.674772],[164.932037,64.682897],[164.971809,64.68263],[164.986672,64.673019],[165.012585,64.675938],[165.007484,64.725244],[165.02892,64.728929],[165.038547,64.748619],[165.010583,64.766615],[165.00608,64.786955],[165.024031,64.838332],[165.081143,64.846238],[165.121024,64.845924],[165.137212,64.854638],[165.171698,64.838828],[165.186025,64.846663],[165.258326,64.826718],[165.286615,64.827598],[165.302253,64.811641],[165.331882,64.804919],[165.320862,64.796582],[165.348309,64.783188],[165.323488,64.762923],[165.336542,64.754339],[165.387318,64.764213],[165.40296,64.743801],[165.42676,64.744423],[165.445495,64.733335],[165.496323,64.755802],[165.525146,64.752954],[165.539672,64.739783],[165.567374,64.736539],[165.615246,64.74965],[165.685052,64.750314],[165.684222,64.737327],[165.717353,64.718489],[165.758397,64.714798],[165.721248,64.671251],[165.732861,64.659654],[165.780178,64.644428],[165.813857,64.640283],[165.822032,64.624686],[165.901555,64.608768],[165.871587,64.596993],[165.850725,64.597382],[165.820972,64.586512],[165.846329,64.571211],[165.845867,64.548706],[165.879624,64.551828],[165.915267,64.547998],[165.942191,64.55485],[165.961869,64.549075],[166.002052,64.554937],[166.040728,64.549084],[166.06826,64.574812],[166.11977,64.58527],[166.134676,64.606856],[166.185739,64.620014],[166.19155,64.600692],[166.310734,64.58354],[166.311455,64.594397],[166.350502,64.589989],[166.407941,64.590268],[166.427855,64.57689],[166.457794,64.570296],[166.47368,64.558544],[166.537825,64.55392],[166.547253,64.544697],[166.582167,64.537298],[166.588154,64.52357],[166.635199,64.521465],[166.682196,64.532955],[166.685874,64.540472],[166.729994,64.549762],[166.759556,64.542366],[166.787804,64.518863],[166.808377,64.532234],[166.859232,64.544411],[166.867415,64.536707],[166.901218,64.534195],[166.91515,64.541273],[166.999067,64.538417],[167.026525,64.556488],[167.041733,64.575325],[167.106174,64.599957],[167.135402,64.592524],[167.12462,64.618162],[167.136568,64.622144],[167.19936,64.607669],[167.231553,64.623183],[167.250571,64.615764],[167.247613,64.603106],[167.273418,64.593443],[167.292798,64.574843],[167.290625,64.557627],[167.333357,64.540155],[167.328537,64.52055],[167.339302,64.501677],[167.383833,64.479166],[167.413633,64.476157],[167.476589,64.482259],[167.49116,64.473569],[167.482496,64.453544],[167.54647,64.434657],[167.58747,64.428691],[167.589071,64.415265],[167.611898,64.406083],[167.603069,64.388751],[167.641128,64.366123],[167.669343,64.362011],[167.66455,64.353802],[167.69068,64.318488],[167.746542,64.329898],[167.786889,64.333],[167.809568,64.345986],[167.837622,64.324898],[167.836957,64.302597],[167.847339,64.294216],[167.882369,64.300728],[167.9015,64.289603],[167.93587,64.2823],[167.981494,64.28257],[168.038053,64.265495],[168.113724,64.282469],[168.14621,64.273928],[168.182753,64.27669],[168.199244,64.290906],[168.195512,64.307663],[168.246553,64.331137],[168.279529,64.330188],[168.302123,64.31462],[168.361042,64.298165],[168.415652,64.309292],[168.480252,64.317216],[168.5625,64.288961],[168.58188,64.274248],[168.577783,64.262058],[168.60619,64.250496],[168.608112,64.234771],[168.64551,64.227367],[168.634006,64.212841],[168.652026,64.193683],[168.68417,64.196187],[168.71649,64.184893],[168.800179,64.183616],[168.823667,64.137213],[168.808886,64.110033],[168.838594,64.09409],[168.839008,64.07231],[168.882987,64.06051],[168.887334,64.034473],[168.869441,64.013695],[168.882406,64.001941],[168.876823,63.984723],[168.922598,63.979769],[168.99219,63.990697],[169.00286,63.976777],[169.04243,63.979293],[169.068102,63.971273],[169.052757,63.961709],[169.090249,63.935409],[169.102014,63.940831],[169.19246,63.937282],[169.211128,63.94283],[169.310539,63.947033],[169.332526,63.935192],[169.387495,63.940075],[169.368591,63.907502],[169.400577,63.899524],[169.37658,63.880708],[169.386581,63.862377],[169.416511,63.865271],[169.415505,63.852506],[169.444418,63.847105],[169.493011,63.848934],[169.50109,63.836943],[169.539125,63.81744],[169.571695,63.807671],[169.583028,63.76989],[169.575561,63.758346],[169.592006,63.731213],[169.568975,63.721548],[169.581741,63.716004],[169.568073,63.698947],[169.585314,63.686057],[169.614284,63.683735],[169.60865,63.662615],[169.641674,63.654413],[169.602365,63.640453],[169.57933,63.643317],[169.55444,63.63182],[169.564733,63.624837],[169.527684,63.599037],[169.54593,63.583164],[169.527422,63.564474],[169.47952,63.565419],[169.429222,63.546706],[169.36931,63.530681],[169.331603,63.538088],[169.254119,63.513185],[169.232317,63.511282],[169.220475,63.49595],[169.15488,63.473665],[169.133743,63.440496],[169.113003,63.436899],[169.094153,63.414],[169.05527,63.403411],[169.010377,63.378201],[168.946179,63.355338],[168.948797,63.3399],[168.90946,63.321058],[168.897121,63.324772],[168.827449,63.304941],[168.824273,63.272325],[168.831871,63.266134],[168.796898,63.235857],[168.754997,63.24662],[168.709444,63.22675],[168.733173,63.222525],[168.738855,63.211508],[168.773463,63.202955],[168.744975,63.180026],[168.7101,63.183597],[168.651524,63.182653],[168.61987,63.178267],[168.627151,63.160955],[168.55773,63.128134],[168.529978,63.126887],[168.521346,63.114476],[168.493876,63.11007],[168.46637,63.083485],[168.50285,63.065197],[168.522746,63.067891],[168.52178,63.056359],[168.578645,63.032889],[168.591948,63.036016],[168.645973,63.023882],[168.671594,63.026717],[168.754875,62.999789],[168.825232,62.967347],[168.912004,62.952128],[168.922245,62.943581],[169.014616,62.963151],[169.048976,62.953577],[169.06428,62.97343],[169.109186,62.980079],[169.158696,62.966315],[169.185099,62.952982],[169.186518,62.939391],[169.214155,62.941882],[169.248048,62.919404],[169.3053,62.906858],[169.339824,62.891499],[169.386914,62.891975],[169.400384,62.881426],[169.36773,62.866284],[169.401349,62.857608],[169.42298,62.844696],[169.445654,62.845384],[169.473761,62.823923],[169.501229,62.821101],[169.58508,62.788218],[169.601438,62.762595],[169.579482,62.750573],[169.622239,62.746631],[169.679408,62.704598],[169.7279,62.715483],[169.742747,62.707964],[169.739229,62.694837],[169.772189,62.681158],[169.811904,62.676887],[169.85202,62.656463],[169.900712,62.668014],[169.932571,62.667126],[169.947973,62.655859],[170.006875,62.676483],[170.048049,62.674604],[170.070611,62.656407],[170.094389,62.648404],[170.09316,62.636479],[170.0626,62.636989],[170.028008,62.623279],[170.026816,62.605272],[170.041986,62.597444],[170.042353,62.573314],[170.011058,62.558569],[169.99005,62.539206],[169.99225,62.5228],[170.05726,62.524033],[170.069288,62.507878],[170.11876,62.49084],[170.10331,62.459071],[170.06948,62.455599],[170.08217,62.4359],[170.120286,62.431296],[170.143278,62.411865],[170.148339,62.392621],[170.131001,62.386457],[170.140918,62.366201],[170.170794,62.353965],[170.183503,62.357869],[170.20513,62.344565],[170.213749,62.328554],[170.184889,62.306044],[170.194294,62.295329],[170.235389,62.292237],[170.245718,62.281324],[170.291897,62.294027],[170.298668,62.275848],[170.35214,62.292368],[170.370708,62.30936],[170.408735,62.312558],[170.416784,62.30471],[170.44925,62.304989],[170.490754,62.285621],[170.51566,62.300487],[170.544238,62.303805],[170.552443,62.290251],[170.573444,62.298796],[170.584259,62.279596],[170.601768,62.290618],[170.632825,62.284062],[170.641231,62.267511],[170.662579,62.270172],[170.700483,62.263975],[170.73612,62.277845],[170.767489,62.26707],[170.78221,62.252599],[170.804925,62.261125],[170.83724,62.250558],[170.850672,62.25602],[170.844375,62.269792],[170.8817,62.280754],[170.921012,62.270597],[170.96152,62.28576],[170.981732,62.275592],[170.997912,62.281038],[171.05716,62.277264],[171.086826,62.289552],[171.10279,62.310481],[171.085581,62.322492],[171.107763,62.34708],[171.148135,62.335212],[171.192094,62.34629],[171.25856,62.383176],[171.309611,62.377775],[171.314958,62.372576],[171.266862,62.354581],[171.244232,62.340306],[171.248154,62.319866],[171.268018,62.314377],[171.315538,62.319549],[171.339915,62.331442],[171.346724,62.347617],[171.382744,62.354319],[171.38045,62.340593],[171.40592,62.332453],[171.402679,62.301781],[171.435475,62.306317],[171.471852,62.303962],[171.4849,62.294897],[171.52466,62.311059],[171.590686,62.324425],[171.621632,62.3217],[171.63248,62.339739],[171.676266,62.354163],[171.714933,62.348439],[171.749989,62.349353],[171.768937,62.361852],[171.805032,62.356125],[171.895871,62.360447],[171.891578,62.377368],[171.841757,62.392785],[171.852391,62.412222],[171.875575,62.402724],[171.920741,62.401883],[171.960248,62.415579],[171.978614,62.416243],[171.995413,62.454633],[172.07791,62.465021],[172.100192,62.460809],[172.162107,62.461725],[172.182644,62.457083],[172.20788,62.464736],[172.2591,62.424608],[172.238774,62.407197],[172.242769,62.397399],[172.271449,62.396831],[172.268631,62.37978],[172.28989,62.371698],[172.320421,62.374693],[172.33575,62.399657],[172.374137,62.395169],[172.406617,62.403206],[172.419743,62.418806],[172.452212,62.438965],[172.499434,62.444187],[172.561024,62.445272],[172.584804,62.429435],[172.62867,62.436529],[172.644272,62.421972],[172.704597,62.421706],[172.703012,62.41131],[172.756171,62.412584],[172.768112,62.40159],[172.741966,62.383547],[172.767013,62.350416],[172.793113,62.344965],[172.854532,62.347644],[172.890025,62.35845],[172.883218,62.377276],[172.920784,62.397648],[172.95373,62.402296],[172.976564,62.398321],[173.010951,62.381273],[173.070009,62.383073],[173.07239,62.402047],[173.09818,62.409669],[173.094508,62.417176],[173.134771,62.425077],[173.180178,62.42199],[173.16152,62.447456],[173.20337,62.444382],[173.216713,62.449442],[173.251238,62.44021],[173.269609,62.452354],[173.329736,62.44872],[173.332214,62.465132],[173.362203,62.467701],[173.382692,62.479825],[173.4301,62.484078],[173.462527,62.505291],[173.485693,62.506174],[173.500988,62.523735],[173.52692,62.523075],[173.540705,62.514027],[173.574556,62.515991],[173.592502,62.501869],[173.612841,62.499333],[173.63745,62.511339],[173.67219,62.546819],[173.732033,62.534029],[173.723504,62.51915],[173.772736,62.522911],[173.799952,62.513792],[173.84286,62.507995],[173.865629,62.488304],[173.860485,62.468816],[173.9079,62.447295],[173.894196,62.437186],[173.955109,62.437163],[173.987901,62.443877],[174.002261,62.459279],[174.037455,62.462522],[174.042267,62.47225],[174.082054,62.467087],[174.08989,62.45911],[174.13243,62.447693],[174.158895,62.42429],[174.160191,62.402512],[174.144737,62.383242],[174.151094,62.33786],[174.088572,62.324979],[174.069572,62.32856],[174.074323,62.312558],[174.054646,62.2879],[174.011992,62.292158],[174.00031,62.281329],[174.02701,62.261523],[174.058785,62.266418],[174.073904,62.256459],[174.063652,62.243942],[174.082716,62.24179],[174.113683,62.219027],[174.11431,62.20579],[174.137134,62.203946],[174.149516,62.18192],[174.110153,62.174747],[174.108163,62.156999],[174.127968,62.134357],[174.120364,62.122197],[174.15971,62.109879],[174.158877,62.084907],[174.192821,62.072767],[174.239136,62.076077],[174.251102,62.089446],[174.30487,62.093357],[174.353816,62.078618],[174.341654,62.040955],[174.354987,62.024397],[174.386407,62.036997],[174.451898,62.023903],[174.442449,62.011431],[174.450382,61.984105],[174.49087,61.973976],[174.469231,61.957837],[174.462568,61.933237],[174.437647,61.923686],[174.43822,61.909319],[174.470355,61.909201],[174.502612,61.898324],[174.51887,61.870161],[174.49364,61.85402],[174.496964,61.83798],[174.473132,61.849604],[174.440917,61.848414],[174.445181,61.824373],[174.475429,61.808114],[174.462307,61.80725],[174.42488,61.821272],[174.348194,61.81303],[174.29956,61.799921],[174.267157,61.805424],[174.214317,61.79745],[174.142186,61.778729],[174.035492,61.744674],[174.02004,61.736914],[174.018223,61.716648],[173.989888,61.698549],[173.950142,61.700179],[173.921113,61.695425],[173.873409,61.663663],[173.833931,61.644261],[173.817034,61.671492],[173.703342,61.701945],[173.637497,61.739068],[173.583935,61.737655],[173.529372,61.723955],[173.49299,61.707727],[173.510089,61.679257],[173.513927,61.653589],[173.499539,61.642077],[173.475053,61.638683],[173.49021,61.613066],[173.499342,61.572966],[173.509505,61.559212],[173.493702,61.542863],[173.455473,61.52743],[173.428672,61.54122],[173.36688,61.539746],[173.304711,61.511374],[173.3184,61.490153],[173.332952,61.484274],[173.31099,61.455212],[173.268893,61.431603],[173.239003,61.424675],[173.203441,61.405291],[173.170604,61.393789],[173.120394,61.385366],[173.07056,61.382295],[173.001725,61.407128],[172.982047,61.429426],[172.958295,61.438344],[172.925349,61.432799],[172.92974,61.451932],[172.897832,61.463641],[172.825953,61.451059],[172.762432,61.424513],[172.739892,61.398699],[172.87066,61.367276],[172.939986,61.341479],[172.957517,61.323568],[172.92969,61.312704],[172.968503,61.303446],[172.969942,61.283973],[172.917993,61.260659],[172.895083,61.259701],[172.841519,61.270677],[172.806276,61.267951],[172.780768,61.258691],[172.775798,61.24596],[172.706759,61.226629],[172.667392,61.199991],[172.67191,61.19021],[172.650527,61.166544],[172.581052,61.165198],[172.55912,61.171594],[172.50678,61.174234],[172.503982,61.182199],[172.452637,61.195299],[172.441078,61.209241],[172.385346,61.220698],[172.339288,61.204655],[172.36934,61.182091],[172.37594,61.157202],[172.443714,61.13935],[172.424866,61.120484],[172.39225,61.124663],[172.366946,61.114557],[172.296973,61.110768],[172.29717,61.102705],[172.351465,61.098847],[172.405359,61.110069],[172.426478,61.097564],[172.39951,61.061507],[172.417641,61.053641],[172.46291,61.073758],[172.483466,61.050119],[172.455503,61.027391],[172.406159,61.008977],[172.374399,61.005977],[172.345359,61.017274],[172.307978,61.00587],[172.27685,61.005144],[172.20115,61.038339],[172.16195,61.062992],[172.113574,61.068773],[172.059329,61.089169],[172.031789,61.087335],[172.040527,61.079847],[172.150595,61.041082],[172.1693,61.011749],[172.216631,60.967315],[172.21405,60.94789],[172.19626,60.936534],[172.147695,60.931582],[172.09226,60.886749],[172.110184,60.866131],[172.099689,60.850863],[172.087061,60.865168],[172.070154,60.853916],[172.071416,60.836761],[172.043153,60.838262],[172.030438,60.866765],[172.011657,60.886868],[171.971695,60.885115],[171.95732,60.860908],[171.979279,60.841302],[171.944278,60.82799],[171.883232,60.819064],[171.816832,60.824858],[171.79846,60.844545],[171.781209,60.846949],[171.7138,60.834401],[171.70285,60.813093],[171.655604,60.80847],[171.618798,60.774099],[171.65543,60.748849],[171.652581,60.737092],[171.629718,60.717242],[171.583189,60.714893],[171.560286,60.719341],[171.510528,60.710839],[171.473749,60.695621],[171.43323,60.670937],[171.408685,60.648241],[171.393932,60.61374],[171.34809,60.61118],[171.290131,60.591999],[171.212385,60.557984],[171.151518,60.545401],[171.128692,60.553996],[171.07618,60.544185],[171.02941,60.525524],[170.984768,60.502752],[170.967642,60.505947],[170.922538,60.489296],[170.882084,60.489395],[170.843782,60.473234],[170.81642,60.452984],[170.815991,60.43763],[170.787641,60.417884],[170.750876,60.420763],[170.734452,60.40397],[170.644383,60.409646],[170.626977,60.393477],[170.639005,60.381354],[170.66129,60.376167],[170.617951,60.369397],[170.616824,60.355319],[170.680153,60.349601],[170.693128,60.342722],[170.680636,60.326571],[170.690309,60.313287],[170.67807,60.298928],[170.60916,60.283645],[170.582359,60.283691],[170.526557,60.257786],[170.485664,60.205429],[170.468199,60.140872],[170.459958,60.127019],[170.463023,60.096322],[170.454248,60.06916],[170.463638,60.05845],[170.433538,60.022753],[170.430792,59.989216],[170.422447,59.96973],[170.392761,59.946052],[170.360164,59.943339],[170.329263,59.932693],[170.286066,59.925812],[170.255869,59.93102],[170.22885,59.952618],[170.197496,59.962156],[170.158666,59.963706],[170.126313,59.971173],[170.159625,60.006451],[170.14731,60.0184],[170.088129,60.04155],[169.967083,60.067532],[169.946143,60.089889],[169.93507,60.13126],[169.923048,60.146007],[169.884863,60.167189],[169.87002,60.217992],[169.875282,60.231944],[169.837154,60.25277],[169.781979,60.268655],[169.770399,60.316407],[169.736241,60.332466],[169.750901,60.37432],[169.737939,60.39544],[169.699503,60.412473],[169.628099,60.436838],[169.52094,60.458598],[169.42043,60.500827],[169.41249,60.514553],[169.340692,60.527757],[169.278461,60.535799],[169.236092,60.545868],[169.06254,60.558565],[168.937458,60.563347],[168.84637,60.564726],[168.741411,60.563376],[168.71798,60.55645],[168.714925,60.540783],[168.685037,60.551787],[168.640812,60.552294],[168.62719,60.567924],[168.60045,60.577814],[168.573055,60.5754],[168.556011,60.594417],[168.447068,60.596221],[168.320017,60.590149],[168.20507,60.57704],[168.139815,60.567594],[168.044241,60.548868],[167.98218,60.523698],[167.956523,60.521453],[167.91696,60.509008],[167.870141,60.502214],[167.834732,60.50694],[167.82629,60.526323],[167.799466,60.531498],[167.777345,60.521974],[167.776743,60.505856],[167.804082,60.482752],[167.786864,60.469542],[167.720041,60.476683],[167.70852,60.462964],[167.66996,60.447996],[167.5673,60.427739],[167.524994,60.429828],[167.490721,60.421898],[167.462087,60.406173],[167.431001,60.414825],[167.402876,60.410327],[167.399631,60.394385],[167.378174,60.37685],[167.343194,60.386558],[167.32011,60.381971],[167.306213,60.360965],[167.23029,60.338964],[167.194678,60.3393],[167.128729,60.357524],[167.08112,60.380803],[167.076066,60.398801],[167.051659,60.401483],[167.047079,60.378004],[167.064849,60.364674],[167.058461,60.349414],[167.07802,60.340151],[167.0879,60.321053],[167.055959,60.301456],[166.987247,60.299686],[166.959112,60.282058],[166.95337,60.267808],[166.886361,60.222703],[166.841615,60.223075],[166.859719,60.215656],[166.814165,60.173284],[166.798927,60.167093],[166.770653,60.138038],[166.773128,60.131606],[166.741983,60.100535],[166.67732,60.068864],[166.647945,60.044661],[166.608629,60.025437],[166.586155,60.00472],[166.515217,59.973558],[166.421551,59.926738],[166.390999,59.885088],[166.337611,59.836498],[166.285723,59.809629],[166.2604,59.811793],[166.211898,59.805466],[166.183921,59.81041],[166.120756,59.799364],[166.092565,59.80527],[166.089485,59.822728],[166.103206,59.863663],[166.101525,59.8839],[166.118606,59.892188],[166.135842,59.929252],[166.17948,59.973402],[166.172807,60.001359],[166.162949,60.011683],[166.187364,60.036803],[166.176066,60.049957],[166.186843,60.079293],[166.206881,60.09498],[166.208071,60.127473],[166.272973,60.140941],[166.288903,60.154607],[166.290189,60.174302],[166.313364,60.195061],[166.308577,60.216863],[166.283908,60.243721],[166.294423,60.262302],[166.280064,60.290337],[166.292437,60.30131],[166.28961,60.32326],[166.252128,60.368662],[166.256989,60.394208],[166.268015,60.398454],[166.25322,60.370187],[166.264071,60.36343],[166.308481,60.375669],[166.332212,60.374538],[166.385279,60.407012],[166.38631,60.425172],[166.356839,60.44467],[166.31664,60.462476],[166.272498,60.473525],[166.200862,60.457043],[166.233831,60.445098],[166.172203,60.438232],[166.1147,60.437829],[166.05431,60.411834],[166.04188,60.402125],[166.017169,60.365802],[165.98522,60.351711],[165.92172,60.334253],[165.831408,60.314887],[165.806502,60.28817],[165.758475,60.262094],[165.69435,60.249905],[165.691083,60.241477],[165.6369,60.234454],[165.61816,60.223156],[165.542187,60.201863],[165.439197,60.178424],[165.365743,60.156633],[165.28285,60.116703],[165.234334,60.087815],[165.190531,60.082774],[165.14289,60.057264],[165.138192,60.038737],[165.145535,60.021711],[165.194018,60.006422],[165.207789,59.990896],[165.156802,59.969416],[165.15883,59.949078],[165.130395,59.929406],[165.133103,59.903272],[165.087737,59.871],[165.038309,59.846861],[164.992266,59.8455],[164.929296,59.832913],[164.832619,59.786454],[164.820484,59.808878],[164.799099,59.81678],[164.793145,59.834429],[164.80159,59.867711],[164.779294,59.929863],[164.733911,59.96228],[164.710116,59.998569],[164.691712,59.999679],[164.647079,60.016586],[164.6082,60.018779],[164.611387,60.030305],[164.568537,60.061137],[164.537912,60.073061],[164.488842,60.100263],[164.42369,60.103706],[164.37472,60.091072],[164.363616,60.055959],[164.355422,60.056176],[164.362581,60.083081],[164.34086,60.086111],[164.314139,60.072346],[164.303446,60.045163],[164.31315,60.020693],[164.338675,59.990849],[164.293037,59.982696],[164.25131,59.98237],[164.202412,59.989871],[164.12874,59.98824],[163.989314,60.015739],[163.907963,60.016735],[163.866682,60.038814],[163.829786,60.04054],[163.797349,60.017982],[163.79195,60.025867],[163.752304,60.032921],[163.701762,60.030386],[163.65495,60.011746],[163.639877,59.992908],[163.65462,59.982053],[163.693772,59.973616],[163.69599,59.956106],[163.729113,59.957453],[163.763437,59.951849],[163.690716,59.879555],[163.665029,59.888482],[163.587705,59.898298],[163.521321,59.890276],[163.42718,59.83441],[163.40208,59.806463],[163.376343,59.766217],[163.369127,59.732084],[163.39679,59.678415],[163.4232,59.644179],[163.413531,59.618721],[163.362828,59.59122],[163.31021,59.593495],[163.275022,59.590477],[163.248173,59.572842],[163.222223,59.567372],[163.205763,59.535405],[163.2352,59.536318],[163.246028,59.546191],[163.272084,59.549353],[163.224945,59.530035],[163.202761,59.50183],[163.21242,59.476363],[163.243783,59.473076],[163.317737,59.422469],[163.333853,59.401173],[163.345879,59.350129],[163.348166,59.303056],[163.342867,59.273038],[163.279328,59.218967],[163.260838,59.219233],[163.266281,59.230058],[163.305327,59.248492],[163.342556,59.274314],[163.327896,59.287694],[163.226974,59.284823],[163.160764,59.278656],[163.13724,59.269746],[163.107335,59.267906],[163.075109,59.249642],[163.070582,59.22807],[163.07541,59.199981],[163.08661,59.182737],[163.143141,59.161285],[163.189705,59.152726],[163.229476,59.140218],[163.250533,59.093656],[163.25056,59.083416],[163.223298,59.038245],[163.171493,59.031636],[163.164482,59.042033],[163.215005,59.044914],[163.239808,59.065094],[163.239989,59.080969],[163.16771,59.102624],[163.10453,59.111317],[163.071717,59.128243],[163.071257,59.136428],[163.033706,59.139705],[163.02419,59.149289],[162.995014,59.136809],[162.931245,59.120319],[162.903704,59.118726],[162.906862,59.107767],[162.993871,59.020047],[163.01809,59.004674],[163.05079,58.99685],[163.07163,59.005611],[163.053851,59.02173],[163.07067,59.018397],[163.07262,58.992313],[163.046696,58.964018],[163.014588,58.94484],[162.917111,58.926409],[162.861537,58.904251],[162.84782,58.886101],[162.81372,58.877847],[162.812307,58.853243],[162.796516,58.837356],[162.75137,58.81763],[162.655443,58.783404],[162.611306,58.772608],[162.550288,58.749953],[162.485448,58.71311],[162.415988,58.660775],[162.352679,58.604429],[162.309096,58.561781],[162.255643,58.562186],[162.20774,58.572806],[162.20329,58.567203],[162.226993,58.552607],[162.271294,58.539046],[162.27223,58.525405],[162.208856,58.454125],[162.174473,58.419821],[162.131614,58.368889],[162.095728,58.306362],[162.086092,58.278254],[162.047023,58.210251],[162.019089,58.172974],[162,58.133438],[161.989369,58.084408],[161.997993,58.014279],[162.009401,57.979362],[162.028289,57.943433],[162.058008,57.906985],[162.092852,57.874746],[162.153277,57.840129],[162.21523,57.815252],[162.279426,57.797693],[162.364904,57.783236],[162.460914,57.781611],[162.482684,57.771929],[162.444239,57.76655],[162.439303,57.748266],[162.449702,57.740024],[162.398515,57.715933],[162.36706,57.681219],[162.379383,57.669437],[162.422008,57.695156],[162.473435,57.708743],[162.487652,57.741808],[162.529223,57.749953],[162.514558,57.760471],[162.51904,57.781079],[162.508379,57.793954],[162.510354,57.827113],[162.49395,57.847959],[162.4965,57.870034],[162.507588,57.886899],[162.527288,57.890613],[162.53334,57.904048],[162.557402,57.918086],[162.55341,57.930814],[162.58905,57.937769],[162.647236,57.931562],[162.678416,57.933287],[162.701919,57.94972],[162.750428,57.921139],[162.798722,57.918401],[162.81292,57.902513],[162.838606,57.903337],[162.873725,57.895095],[162.880963,57.88651],[162.93482,57.869473],[162.960739,57.85312],[163.047032,57.820677],[163.10829,57.814692],[163.1373,57.819731],[163.212689,57.81864],[163.235125,57.791557],[163.25666,57.777516],[163.270078,57.757472],[163.295375,57.734002],[163.321122,57.725897],[163.30327,57.718745],[163.280525,57.693858],[163.257777,57.684585],[163.228176,57.664202],[163.223373,57.645186],[163.241627,57.6183],[163.226664,57.60708],[163.225053,57.591182],[163.206342,57.57901],[163.147184,57.570603],[163.11817,57.527923],[163.119,57.511803],[163.095982,57.483291],[163.05538,57.468971],[163.020984,57.463443],[162.990274,57.451561],[162.974129,57.451431],[162.952495,57.439046],[162.918371,57.437846],[162.869739,57.416675],[162.843759,57.390368],[162.82499,57.386972],[162.798694,57.366796],[162.781006,57.345741],[162.773567,57.31479],[162.769561,57.242839],[162.7751,57.196588],[162.78984,57.151262],[162.80612,57.119023],[162.830356,57.091018],[162.842443,57.069202],[162.852234,57.029931],[162.842013,56.987498],[162.810955,56.933176],[162.810204,56.906015],[162.794411,56.872187],[162.78679,56.842855],[162.777985,56.774572],[162.801015,56.747704],[162.831117,56.726846],[162.891781,56.700099],[162.930341,56.693063],[162.975291,56.696747],[162.979749,56.709113],[163.007204,56.718262],[163.012673,56.729362],[163.04452,56.726152],[163.076823,56.741252],[163.102608,56.728971],[163.125,56.725781],[163.146556,56.735267],[163.19422,56.732381],[163.224848,56.744857],[163.244493,56.733355],[163.226527,56.714151],[163.255216,56.703031],[163.264262,56.688561],[163.28711,56.687597],[163.262856,56.668566],[163.23781,56.632105],[163.237328,56.602648],[163.271884,56.567792],[163.245872,56.538489],[163.27565,56.459516],[163.260735,56.461997],[163.24989,56.441229],[163.28399,56.423266],[163.29323,56.40265],[163.3111,56.395467],[163.339057,56.336687],[163.355769,56.31258],[163.333284,56.27873],[163.333907,56.264397],[163.349264,56.20698],[163.361531,56.183326],[163.327925,56.17468],[163.263687,56.143318],[163.225142,56.143538],[163.18059,56.134951],[163.114991,56.092988],[163.06911,56.043872],[163.046815,56.009712],[163.0212,56.005462],[162.96572,56.017366],[162.911492,56.02235],[162.858745,56.049877],[162.817815,56.061454],[162.78321,56.097977],[162.751915,56.119952],[162.751214,56.14376],[162.689746,56.174131],[162.670829,56.198366],[162.630123,56.225127],[162.602756,56.228954],[162.561946,56.227132],[162.471382,56.205845],[162.450763,56.20491],[162.37456,56.189517],[162.273366,56.166028],[162.201428,56.145078],[162.159763,56.128243],[162.106031,56.101632],[162.07778,56.08124],[162.079388,56.075129],[162.05303,56.051445],[162.053744,56.033016],[162.079295,56.024913],[162.03842,55.991144],[162.02484,55.971602],[162.020821,55.937686],[161.989231,55.915409],[161.965498,55.891388],[161.964301,55.872714],[161.929027,55.839996],[161.91703,55.807488],[161.925879,55.801129],[161.905637,55.767534],[161.893047,55.76322],[161.81659,55.679684],[161.798504,55.65499],[161.773233,55.608425],[161.751809,55.544859],[161.739899,55.461349],[161.742848,55.373919],[161.753442,55.312705],[161.777606,55.23427],[161.813995,55.159134],[161.865908,55.081186],[161.883484,55.064758],[161.91517,55.052344],[161.929977,55.053398],[161.960555,55.026266],[161.963807,55.015938],[161.98977,55.005309],[162.004092,54.976258],[162.04347,54.955035],[162.05456,54.942714],[162.051161,54.92435],[162.072306,54.904086],[162.084347,54.884178],[162.137648,54.863721],[162.154342,54.852783],[162.15689,54.837085],[162.119942,54.832916],[162.106938,54.819669],[162.10484,54.801016],[162.125619,54.791514],[162.133125,54.773895],[162.125305,54.758722],[162.138235,54.754031],[162.092671,54.737522],[162.071606,54.734214],[162.039598,54.70299],[161.999755,54.695935],[161.98051,54.666535],[161.964197,54.664117],[161.947033,54.646856],[161.879446,54.62209],[161.872715,54.614307],[161.836385,54.59979],[161.800422,54.564499],[161.707776,54.496096],[161.568869,54.467165],[161.274682,54.479239],[161.220411,54.511645],[161.202066,54.54979],[161.143209,54.588342],[161.046897,54.581255],[160.91924,54.575053],[160.868032,54.557326],[160.81267,54.551057],[160.685534,54.508322],[160.637495,54.490409],[160.543529,54.448995],[160.426251,54.388316],[160.342841,54.33407],[160.313557,54.302372],[160.255165,54.276224],[160.247816,54.264773],[160.221405,54.259536],[160.215036,54.251275],[160.19141,54.251127],[160.165649,54.229605],[160.131449,54.226089],[160.072101,54.188079],[160.033057,54.154991],[159.9912,54.111027],[159.977346,54.087317],[159.987,54.080962],[159.971739,54.061746],[159.96244,54.036204],[159.947972,54.021974],[159.899612,53.948057],[159.87835,53.907484],[159.856143,53.850519],[159.842918,53.796048],[159.840662,53.758919],[159.846686,53.703798],[159.86405,53.676776],[159.85439,53.668647],[159.884797,53.657923],[159.881572,53.668706],[159.903585,53.669311],[159.897539,53.658853],[159.90137,53.63628],[159.914448,53.623116],[159.923158,53.597687],[159.941577,53.593188],[159.955583,53.574632],[159.946048,53.55242],[159.956065,53.538762],[159.950275,53.510628],[159.956095,53.501871],[159.94765,53.47965],[159.936755,53.472434],[159.881243,53.487332],[159.84975,53.468087],[159.83867,53.452028],[159.83788,53.433844],[159.851507,53.41812],[159.84498,53.402539],[159.868877,53.386611],[159.899087,53.396764],[159.924084,53.383251],[159.916102,53.360768],[159.902127,53.358056],[159.896451,53.342727],[159.90668,53.330609],[159.928728,53.32096],[159.965824,53.334244],[159.974941,53.321104],[159.961635,53.300204],[159.94616,53.296612],[159.909748,53.263462],[159.904394,53.252743],[159.928169,53.245899],[159.945792,53.212199],[159.956201,53.210066],[159.952201,53.241354],[159.980813,53.259952],[160.016735,53.261317],[159.998529,53.231752],[160.004671,53.220555],[160.029007,53.220732],[160.04647,53.201621],[160.03554,53.1907],[160.033615,53.172783],[160.050643,53.162898],[160.05907,53.141558],[160.03562,53.123318],[160.047359,53.115529],[160.03629,53.097948],[160.02093,53.096415],[159.98845,53.109243],[159.965409,53.106998],[159.956376,53.122059],[159.90645,53.137565],[159.847251,53.160419],[159.802251,53.181739],[159.763201,53.192243],[159.744003,53.204406],[159.76869,53.236786],[159.735605,53.237251],[159.71095,53.218442],[159.6821,53.229371],[159.662758,53.248566],[159.616745,53.256755],[159.579521,53.252587],[159.530594,53.234112],[159.47973,53.22946],[159.4676,53.212985],[159.445346,53.207434],[159.42067,53.1714],[159.397135,53.162258],[159.393629,53.151766],[159.371061,53.154015],[159.342207,53.169986],[159.214187,53.146971],[159.193694,53.138296],[159.079881,53.105378],[159.019419,53.079912],[158.903394,53.023639],[158.824571,52.971925],[158.777046,52.929059],[158.756115,52.919283],[158.734011,52.89464],[158.70548,52.885221],[158.681147,52.911163],[158.688521,52.917075],[158.681973,52.942934],[158.65632,52.941838],[158.6458,52.957948],[158.652705,52.97001],[158.67904,52.967009],[158.652545,52.989993],[158.641038,53.020703],[158.612137,53.045463],[158.592784,53.046423],[158.583947,53.059203],[158.566901,53.062729],[158.518266,53.057162],[158.517373,53.042042],[158.474256,53.022132],[158.421675,53.014202],[158.411477,52.983151],[158.450588,52.978727],[158.47158,52.962938],[158.44497,52.953464],[158.41824,52.953721],[158.413461,52.941312],[158.420378,52.920681],[158.446975,52.895956],[158.482133,52.896498],[158.503829,52.888649],[158.531753,52.891709],[158.538961,52.910952],[158.484835,52.918672],[158.46901,52.929876],[158.496107,52.933581],[158.52629,52.926402],[158.553143,52.912544],[158.579853,52.911616],[158.58232,52.919824],[158.611975,52.921461],[158.63533,52.916924],[158.645252,52.895433],[158.624507,52.893832],[158.632316,52.872079],[158.601841,52.870827],[158.600898,52.858142],[158.644815,52.845215],[158.597671,52.818163],[158.574884,52.808938],[158.564672,52.777053],[158.525393,52.775749],[158.496597,52.781523],[158.480683,52.769541],[158.490911,52.761899],[158.486551,52.73754],[158.581385,52.708448],[158.602402,52.693404],[158.595123,52.682618],[158.566499,52.678162],[158.585168,52.665417],[158.570552,52.651786],[158.548052,52.647859],[158.550993,52.628142],[158.509007,52.617342],[158.455755,52.634276],[158.428596,52.650162],[158.4011,52.658481],[158.391579,52.646134],[158.436985,52.620224],[158.421027,52.617201],[158.41177,52.601142],[158.475139,52.562878],[158.494008,52.567316],[158.520018,52.55346],[158.515547,52.539606],[158.526395,52.527352],[158.516285,52.510656],[158.494577,52.501295],[158.51852,52.478894],[158.495672,52.458813],[158.46837,52.461768],[158.481553,52.44671],[158.433703,52.417536],[158.40579,52.405357],[158.435981,52.403199],[158.489272,52.431882],[158.507665,52.436572],[158.546001,52.418533],[158.543395,52.406993],[158.561702,52.398863],[158.57194,52.37994],[158.547225,52.380873],[158.544647,52.36677],[158.508756,52.357146],[158.483382,52.34397],[158.49715,52.329296],[158.544337,52.336022],[158.561441,52.319431],[158.548983,52.29043],[158.52639,52.273431],[158.484043,52.269281],[158.45145,52.270288],[158.460843,52.253676],[158.425682,52.22827],[158.396477,52.227997],[158.387431,52.218213],[158.388621,52.19234],[158.41283,52.190413],[158.413519,52.169661],[158.399854,52.163186],[158.385208,52.137487],[158.373656,52.129739],[158.356817,52.142588],[158.33895,52.139927],[158.303293,52.116276],[158.298564,52.099336],[158.325747,52.076433],[158.321754,52.065519],[158.300889,52.057069],[158.302606,52.040295],[158.283606,52.033135],[158.296629,52.023989],[158.292258,52.011406],[158.278548,52.011835],[158.278446,51.99236],[158.268254,51.981022],[158.277708,51.97365],[158.272326,51.960163],[158.243132,51.944989],[158.212472,51.919931],[158.202381,51.904744],[158.176082,51.893032],[158.157627,51.872145],[158.126162,51.850902],[158.123005,51.832428],[158.102556,51.820742],[158.10241,51.807287],[158.077176,51.808117],[158.062117,51.796722],[158.03786,51.790632],[158.013959,51.768781],[157.996914,51.727122],[157.96844,51.718163],[157.959711,51.702966],[157.960958,51.684526],[157.932292,51.676325],[157.924045,51.65908],[157.906271,51.644308],[157.9103,51.63102],[157.859096,51.620154],[157.83235,51.595417],[157.826366,51.580238],[157.802839,51.583331],[157.772006,51.56738],[157.771118,51.554557],[157.744205,51.546584],[157.712702,51.555981],[157.665911,51.539313],[157.621813,51.529833],[157.564335,51.502234],[157.53502,51.481625],[157.49667,51.44321],[157.474963,51.39936],[157.486131,51.383743],[157.469009,51.381342],[157.472625,51.358836],[157.44064,51.348419],[157.415624,51.349878],[157.404721,51.357418],[157.374753,51.348293],[157.343934,51.329023],[157.337691,51.309328],[157.313981,51.297968],[157.301719,51.275749],[157.280645,51.271085],[157.27771,51.240285],[157.263398,51.240843],[157.25624,51.224973],[157.241132,51.225132],[157.234396,51.20914],[157.201292,51.194795],[157.175355,51.195675],[157.15803,51.174899],[157.13634,51.16174],[157.090658,51.152545],[157.072865,51.139438],[157.055479,51.116851],[157.037205,51.115648],[157.012519,51.09306],[156.963206,51.066707],[156.938582,51.044104],[156.875364,51.021697],[156.807442,50.958154],[156.78776,50.94958],[156.781061,50.936893],[156.751016,50.924783],[156.719711,50.89316],[156.692369,50.884676],[156.669007,50.865627],[156.658313,50.885023],[156.701457,50.914077],[156.733549,50.946233],[156.732451,50.952108],[156.763882,50.986293],[156.767362,51.015324],[156.757624,51.019239],[156.764098,51.057812],[156.753769,51.086322],[156.735676,51.094303],[156.701142,51.084786],[156.702273,51.103008],[156.723283,51.155965],[156.722457,51.178161],[156.712246,51.201887],[156.68413,51.213381],[156.675837,51.232185],[156.649421,51.253828],[156.596938,51.257632],[156.552957,51.278124],[156.534526,51.3208],[156.536979,51.351354],[156.523744,51.372862],[156.52547,51.420574],[156.50696,51.444276],[156.506091,51.463995],[156.490296,51.49566],[156.485873,51.560189],[156.495416,51.604333],[156.499827,51.775261],[156.496434,51.850358],[156.487612,51.918215],[156.4849,51.979701],[156.476754,52.041937],[156.471586,52.107362],[156.451874,52.193823],[156.414806,52.315013],[156.383485,52.388649],[156.345508,52.466484],[156.325858,52.492952],[156.308341,52.52536],[156.278905,52.593629],[156.197775,52.733723],[156.14714,52.846309],[156.129624,52.912779],[156.120976,52.972797],[156.106189,53.095456],[156.090026,53.196038],[156.065631,53.318711],[156.04966,53.382644],[156.026567,53.452547],[156,53.575105],[155.99242,53.628905],[155.977471,53.701291],[155.954273,53.783103],[155.94005,53.845725],[155.92927,53.877509],[155.907174,53.962101],[155.88636,54.025642],[155.790421,54.275697],[155.759917,54.359676],[155.728813,54.456215],[155.719285,54.498195],[155.696261,54.576347],[155.672603,54.666293],[155.650855,54.770026],[155.637409,54.818744],[155.589449,55.018849],[155.57609,55.099066],[155.567767,55.129474],[155.557861,55.194755],[155.553835,55.254277],[155.556384,55.367203],[155.567298,55.43845],[155.585461,55.512874],[155.595079,55.542388],[155.633595,55.709366],[155.640971,55.788368],[155.645959,55.80784],[155.653262,55.934468],[155.651971,55.966687],[155.673851,56.018986],[155.718914,56.087424],[155.731001,56.086645],[155.743995,56.105058],[155.729507,56.114089],[155.756101,56.174981],[155.77726,56.210372],[155.820039,56.31085],[155.83298,56.351799],[155.881384,56.439833],[155.959314,56.632953],[155.990423,56.68242],[156.083812,56.786395],[156.118425,56.809742],[156.160854,56.829159],[156.183051,56.832224],[156.148124,56.802996],[156.153319,56.789364],[156.187337,56.793768],[156.215223,56.823724],[156.209598,56.842811],[156.222922,56.855403],[156.303188,56.877015],[156.382436,56.907774],[156.426033,56.927378],[156.466052,56.952016],[156.512347,56.990495],[156.544361,57.036129],[156.550496,57.061527],[156.534704,57.079914],[156.537832,57.093038],[156.557525,57.101235],[156.579868,57.086942],[156.595205,57.086213],[156.653478,57.06478],[156.686325,57.05822],[156.727048,57.068698],[156.735566,57.075511],[156.71778,57.085688],[156.732503,57.110286],[156.782882,57.157286],[156.809513,57.193095],[156.84226,57.222089],[156.886245,57.278409],[156.902065,57.291223],[156.932731,57.334753],[156.986796,57.402467],[157.003346,57.451385],[157.000161,57.492307],[156.99196,57.529051],[156.968433,57.583987],[156.95012,57.612884],[156.908301,57.668023],[156.86508,57.708273],[156.808461,57.726767],[156.774398,57.724125],[156.799552,57.747355],[156.83631,57.77334],[156.854311,57.776975],[156.84368,57.786526],[156.859516,57.802415],[156.867606,57.795381],[156.907643,57.799633],[156.917927,57.812606],[156.963814,57.832684],[156.988357,57.848824],[157.010642,57.85404],[157.018698,57.838547],[157.035934,57.830621],[157.034115,57.811132],[157.059784,57.7977],[157.124433,57.781005],[157.233444,57.76708],[157.306803,57.766033],[157.357818,57.771569],[157.432823,57.787881],[157.52543,57.821125],[157.569519,57.864899],[157.573813,57.883893],[157.587954,57.897109],[157.575683,57.933839],[157.615738,57.943626],[157.6721,57.981735],[157.674003,57.99558],[157.652971,58.003552],[157.6795,58.016502],[157.689778,58.012512],[157.73949,58.011734],[157.757641,58.016905],[157.76762,57.993193],[157.80986,57.984379],[157.877547,57.977697],[157.949365,57.977159],[158.01287,57.980868],[158.08924,57.991038],[158.144361,58.004348],[158.19361,58.023102],[158.22267,58.017907],[158.266,58.02226],[158.277684,58.017079],[158.28414,57.995868],[158.300998,57.984186],[158.315899,57.986315],[158.305731,58.001107],[158.307125,58.028763],[158.29389,58.039442],[158.261249,58.042072],[158.224782,58.031872],[158.348401,58.080947],[158.418602,58.132485],[158.583426,58.212805],[158.664995,58.261055],[158.727241,58.287912],[158.802575,58.311731],[159.022991,58.401828],[159.09609,58.437268],[159.147802,58.476845],[159.201034,58.540653],[159.225147,58.560066],[159.330874,58.603864],[159.427382,58.67525],[159.485185,58.697058],[159.530372,58.725804],[159.58121,58.76398],[159.62642,58.812145],[159.61669,58.819871],[159.634241,58.835143],[159.685049,58.832836],[159.706026,58.844754],[159.735736,58.87172],[159.746483,58.888808],[159.760929,58.938636],[159.753406,58.968372],[159.740967,58.977658],[159.71842,58.978041],[159.763505,59.032814],[159.829457,59.070291],[159.837399,59.100443],[159.856902,59.124376],[159.926851,59.161009],[159.969079,59.173755],[160.021332,59.203814],[160.042405,59.223868],[160.082999,59.244269],[160.10476,59.268402],[160.122265,59.26838],[160.164196,59.288362],[160.189579,59.313217],[160.196912,59.329531],[160.236601,59.332744],[160.264025,59.329281],[160.314175,59.343759],[160.396683,59.388208],[160.430622,59.419581],[160.458085,59.462536],[160.464384,59.491902],[160.489811,59.549208],[160.512158,59.558423],[160.55086,59.555666],[160.617763,59.562536],[160.67463,59.580123],[160.691752,59.589503],[160.749888,59.591043],[160.768439,59.598217],[160.792067,59.596232],[160.84616,59.606616],[160.881224,59.619429],[160.911539,59.637166],[160.953944,59.6839],[160.945134,59.702206],[160.9905,59.70703],[161.036432,59.733333],[161.041823,59.742722],[161.066753,59.743995],[161.12218,59.762185],[161.157614,59.784392],[161.191889,59.819154],[161.211457,59.822923],[161.265415,59.846326],[161.322182,59.905245],[161.328112,59.920758],[161.3752,59.94808],[161.398193,59.952016],[161.419447,59.977487],[161.43933,59.987361],[161.465311,60.013762],[161.467446,60.025243],[161.492786,60.042433],[161.52455,60.049511],[161.557542,60.045804],[161.637128,60.080854],[161.681041,60.091493],[161.73931,60.120257],[161.766343,60.124431],[161.831486,60.153909],[161.850177,60.173993],[161.88264,60.192495],[161.92021,60.207293],[161.94528,60.234394],[161.949626,60.282694],[161.937139,60.313059],[161.914918,60.31278],[161.88983,60.298306],[161.90676,60.319745],[161.924301,60.354185],[161.94371,60.420334],[161.985087,60.431064],[162.011347,60.426374],[162.039353,60.437371],[162.08648,60.4781],[162.099344,60.473516],[162.143994,60.47896],[162.167134,60.487264],[162.206684,60.528169],[162.231754,60.526643],[162.272557,60.535677],[162.380618,60.536049],[162.419902,60.548464],[162.438329,60.568532],[162.478845,60.582616],[162.514912,60.607612],[162.55004,60.611333],[162.575758,60.601817],[162.643972,60.594589],[162.705991,60.608211],[162.720546,60.630732],[162.74909,60.624943],[162.786798,60.644899],[162.824067,60.687491],[162.856957,60.703124],[162.897179,60.734989],[162.890815,60.752296],[162.942186,60.758725],[162.963537,60.768521],[163.009648,60.775996],[163.067106,60.75188],[163.12717,60.753372],[163.141761,60.76778],[163.116439,60.775745],[163.147633,60.779379],[163.199492,60.806703],[163.245347,60.792081],[163.311918,60.800741],[163.335659,60.797455],[163.389364,60.802204],[163.406079,60.813665],[163.442925,60.821007],[163.527243,60.845118],[163.560759,60.846249],[163.612866,60.866246],[163.655212,60.870131],[163.675186,60.856766],[163.695136,60.85645],[163.729926,60.872137],[163.74428,60.900934],[163.762959,60.920555],[163.735001,60.922982],[163.686088,60.936205],[163.65478,60.955217],[163.613991,60.96133],[163.567325,60.980675],[163.547946,60.978292],[163.53376,61.000403],[163.50498,60.990363],[163.48849,61.004766],[163.513913,61.030384],[163.553779,61.04694],[163.588729,61.044366],[163.612609,61.053443],[163.636079,61.078505],[163.621979,61.11726],[163.64303,61.119776],[163.660921,61.134541],[163.688944,61.135198],[163.739319,61.159348],[163.767132,61.179564],[163.784131,61.178566],[163.882645,61.21025],[163.90131,61.207459],[163.940185,61.226577],[163.95511,61.256631],[163.946854,61.2732],[163.9937,61.304261],[164.022196,61.337477],[164.028532,61.356457],[163.990191,61.405051],[163.957185,61.426423],[163.902104,61.44339],[163.867742,61.447715],[163.811862,61.441226],[163.791393,61.41776],[163.772037,61.414261],[163.754705,61.433806],[163.750901,61.468828],[163.778275,61.50055],[163.811021,61.526427],[163.839705,61.561985],[163.852695,61.587939],[163.861092,61.637137],[163.870535,61.651032],[163.93351,61.665993],[163.972396,61.662069],[164.014311,61.664169],[164.04714,61.6818],[164.054094,61.692082],[164.066049,61.759968],[164.073045,61.778693],[164.072476,61.815533],[164.046281,61.840428],[164.063089,61.848475],[164.085461,61.879072],[164.100313,61.917804],[164.080164,61.938139],[164.088533,61.967106],[164.072882,61.990284],[164.09226,61.997321],[164.11089,62.020725],[164.0973,62.065922],[164.076202,62.096228],[164.115787,62.114652],[164.126224,62.131604],[164.103916,62.165233],[164.127788,62.191226],[164.125644,62.227542],[164.156419,62.274039],[164.216432,62.288973],[164.23074,62.30952],[164.25799,62.319134],[164.300736,62.325495],[164.315966,62.33299],[164.35942,62.333197],[164.372858,62.348608],[164.41026,62.349922],[164.439473,62.362707],[164.448444,62.39907],[164.508367,62.409783],[164.527223,62.438244],[164.601155,62.441801],[164.642393,62.456238],[164.682219,62.451346],[164.734633,62.457723],[164.808247,62.435971],[164.86237,62.429896],[164.943549,62.407184],[164.989325,62.40451],[165.081436,62.411393],[165.115225,62.448463],[165.091595,62.486724],[165.033004,62.507856],[164.990947,62.512464],[164.902294,62.543383],[164.861815,62.550895],[164.800264,62.556833],[164.791429,62.55196],[164.719732,62.57409],[164.711137,62.602468],[164.681354,62.63617],[164.640603,62.651165],[164.637387,62.663947],[164.615204,62.68026],[164.564022,62.678575],[164.534426,62.684875],[164.48773,62.680876],[164.439064,62.693863],[164.37836,62.694248],[164.340167,62.683841],[164.299414,62.665224],[164.269462,62.661617],[164.16981,62.664517],[164.112838,62.653551],[164.053325,62.653802],[164.004757,62.64272],[163.953094,62.610109],[163.928996,62.585367],[163.897293,62.587423],[163.848785,62.607755],[163.78775,62.6066],[163.754612,62.602344],[163.671662,62.582521],[163.615595,62.583129],[163.59082,62.579044],[163.548379,62.561979],[163.47643,62.548548],[163.412061,62.550007],[163.328433,62.538925],[163.27486,62.526376],[163.250136,62.513531],[163.265661,62.470225],[163.25792,62.456054],[163.191259,62.434479],[163.19927,62.420636],[163.22702,62.41805],[163.229717,62.386354],[163.274402,62.371433],[163.302882,62.374471],[163.370079,62.339451],[163.344199,62.324688],[163.284827,62.323968],[163.25373,62.319486],[163.226414,62.306986],[163.222834,62.293122],[163.241834,62.287735],[163.220063,62.274919],[163.18761,62.275779],[163.148501,62.259653],[163.083447,62.220768],[163.100919,62.213203],[163.093719,62.201333],[163.09372,62.17088],[163.115242,62.146096],[163.11085,62.137591],[163.14241,62.117802],[163.133199,62.098741],[163.098712,62.095712],[163.11064,62.075147],[163.132824,62.069307],[163.159208,62.075035],[163.191324,62.067142],[163.184224,62.049008],[163.13516,62.031208],[163.142366,62.002388],[163.116363,61.991543],[163.09814,61.969541],[163.074671,61.971006],[163.08275,61.954996],[163.059787,61.931386],[163.039974,61.927011],[163.067155,61.917926],[163.059992,61.902471],[163.01847,61.856581],[163.010627,61.835482],[162.966066,61.808833],[162.98724,61.787539],[163.03096,61.771665],[163.090184,61.757532],[163.120861,61.759235],[163.134046,61.746619],[163.156623,61.748204],[163.212976,61.735258],[163.249779,61.733302],[163.286416,61.724552],[163.307544,61.713043],[163.33682,61.710075],[163.343186,61.701963],[163.321044,61.687875],[163.324523,61.658488],[163.24357,61.643398],[163.223521,61.645826],[163.200121,61.627223],[163.232836,61.614598],[163.226366,61.605557],[163.19691,61.613105],[163.177098,61.630116],[163.130237,61.622446],[163.0944,61.601989],[163.07479,61.580344],[163.108219,61.569167],[163.112144,61.548747],[163.095606,61.538537],[163.03855,61.516486],[163.016196,61.514116],[162.985547,61.53235],[162.98877,61.544682],[162.962884,61.559143],[162.959303,61.580972],[162.910644,61.577932],[162.895097,61.585501],[162.91575,61.597846],[162.894938,61.611604],[162.867607,61.610413],[162.858363,61.619738],[162.941221,61.647116],[162.930091,61.668703],[162.907789,61.683976],[162.854869,61.709008],[162.821518,61.71552],[162.724172,61.697173],[162.71036,61.687216],[162.64293,61.674042],[162.616996,61.661051],[162.64754,61.627536],[162.692763,61.619731],[162.741638,61.627842],[162.778016,61.60054],[162.753976,61.591188],[162.694412,61.604786],[162.673403,61.598287],[162.630423,61.626344],[162.59954,61.629261],[162.564285,61.646684],[162.465934,61.664844]]],[[[162.781913,60.803015],[162.764982,60.79787],[162.780111,60.825255],[162.781913,60.803015]]],[[[163.270908,60.852175],[163.288203,60.872103],[163.30022,60.863298],[163.270908,60.852175]]],[[[172.459268,61.103612],[172.48754,61.114564],[172.488948,61.099449],[172.459268,61.103612]]],[[[162.985726,61.455059],[163.016971,61.468315],[163.011131,61.450826],[162.985726,61.455059]]],[[[162.527145,61.565896],[162.510894,61.574433],[162.580594,61.589508],[162.60269,61.574667],[162.646249,61.573761],[162.63317,61.562272],[162.59029,61.561522],[162.527145,61.565896]]],[[[163.459465,62.340469],[163.486824,62.354587],[163.48758,62.339626],[163.459465,62.340469]]]]}},{"type":"Feature","properties":{"name":"Приморский край","cartodb_id":12,"created_at":"2013-12-04T04:23:51+0100","updated_at":"2013-12-04T04:32:08+0100","name_latin":"Primorsky Krai"},"geometry":{"type":"MultiPolygon","coordinates":[[[[132.468373,42.796184],[132.459961,42.79442],[132.43936,42.811927],[132.44228,42.817594],[132.425286,42.834087],[132.39936,42.832828],[132.392155,42.859132],[132.412755,42.861397],[132.415707,42.870279],[132.407948,42.896493],[132.428547,42.902655],[132.43816,42.884545],[132.434384,42.877375],[132.458416,42.860013],[132.439705,42.845918],[132.440564,42.832198],[132.454297,42.813312],[132.476441,42.80626],[132.468373,42.796184]]],[[[131.66264,42.88699],[131.67765,42.89102],[131.67855,42.87186],[131.66072,42.87472],[131.65096,42.85467],[131.63909,42.8629],[131.66264,42.88699]]],[[[130.90735,42.45884],[130.91124,42.47264],[130.93386,42.47534],[130.93498,42.4666],[130.90735,42.45884]]],[[[131.44271,42.65939],[131.46734,42.67554],[131.4739,42.66565],[131.46628,42.64887],[131.44271,42.65939]]],[[[131.44271,42.65939],[131.4259,42.66539],[131.42507,42.67978],[131.44271,42.65939]]],[[[132.340657,42.728506],[132.34409,42.744266],[132.332589,42.755989],[132.321087,42.743762],[132.308728,42.758762],[132.331902,42.779177],[132.34907,42.781697],[132.361599,42.767458],[132.359711,42.748552],[132.365548,42.733424],[132.340657,42.728506]]],[[[131.49949,42.7313],[131.51703,42.72603],[131.52148,42.71568],[131.49949,42.7313]]],[[[131.43522,42.83252],[131.46067,42.83249],[131.44505,42.82538],[131.43522,42.83252]]],[[[131.43977,42.80163],[131.4505,42.8132],[131.45465,42.80362],[131.43977,42.80163]]],[[[134.005313,46.655228],[134.02085,46.634961],[134.0682,46.657629],[134.111206,46.659719],[134.140707,46.650474],[134.178086,46.654333],[134.208552,46.652323],[134.248664,46.66639],[134.253648,46.675955],[134.317554,46.674669],[134.333711,46.68536],[134.3612,46.67491],[134.38773,46.675392],[134.432745,46.697497],[134.422778,46.711886],[134.45204,46.72105],[134.450351,46.749586],[134.4731,46.771852],[134.462329,46.785116],[134.463052,46.798058],[134.45003,46.807945],[134.450593,46.825951],[134.407427,46.860999],[134.41305,46.878121],[134.436205,46.890742],[134.433874,46.89677],[134.452845,46.920243],[134.441672,46.933426],[134.448827,46.941303],[134.432345,46.959034],[134.43814,46.970805],[134.455419,46.972171],[134.464663,46.983264],[134.485884,46.967348],[134.512733,46.964373],[134.550996,46.973296],[134.576479,46.992909],[134.575916,47.012764],[134.565547,47.021044],[134.566672,47.040818],[134.591271,47.062844],[134.626801,47.061477],[134.646334,47.07064],[134.634036,47.096283],[134.643843,47.100624],[134.66213,47.124291],[134.687251,47.124417],[134.759196,47.145799],[134.767957,47.125462],[134.777604,47.124979],[134.807346,47.149818],[134.820128,47.147969],[134.840304,47.168467],[134.895207,47.139046],[134.913936,47.140734],[134.92173,47.130525],[134.975752,47.138],[134.979932,47.129479],[135.009433,47.133498],[135.022858,47.156006],[135.016749,47.172002],[135.045125,47.180362],[135.070045,47.194831],[135.085318,47.2134],[135.10461,47.205602],[135.137414,47.204149],[135.191908,47.181406],[135.195766,47.16975],[135.216505,47.161309],[135.230572,47.164605],[135.239415,47.182048],[135.25517,47.162836],[135.29866,47.160907],[135.303642,47.151502],[135.2907,47.137193],[135.294236,47.122724],[135.317467,47.109782],[135.338608,47.104557],[135.360312,47.071599],[135.370601,47.063882],[135.3991,47.066448],[135.415134,47.059782],[135.430889,47.04274],[135.42285,47.031406],[135.392063,47.017098],[135.391982,47.000539],[135.402914,46.987436],[135.398252,46.972967],[135.360953,46.97988],[135.350503,46.969029],[135.35203,46.949656],[135.344393,46.929801],[135.361515,46.920717],[135.387801,46.928595],[135.427752,46.926585],[135.427672,46.943626],[135.442302,46.950218],[135.47815,46.945475],[135.521,46.965249],[135.550098,46.96766],[135.564005,46.977708],[135.58378,46.977145],[135.590853,46.960827],[135.608779,46.949573],[135.633457,46.958496],[135.650981,46.952869],[135.690852,46.966775],[135.709903,46.963238],[135.752588,46.964765],[135.752426,46.942177],[135.737394,46.943543],[135.70902,46.931164],[135.704517,46.917338],[135.740047,46.916695],[135.789322,46.898045],[135.807087,46.884219],[135.80435,46.866052],[135.81127,46.84885],[135.836668,46.828593],[135.859336,46.828673],[135.89776,46.821438],[135.949447,46.797242],[135.9689,46.802306],[135.986826,46.796438],[136.027099,46.8347],[136.045379,46.843406],[136.054106,46.867438],[136.087006,46.868224],[136.116545,46.851344],[136.127845,46.82717],[136.14701,46.807],[136.199725,46.787545],[136.220323,46.789262],[136.234199,46.775458],[136.258373,46.787259],[136.311658,46.776315],[136.33941,46.774742],[136.360079,46.763369],[136.372667,46.780106],[136.3894,46.787401],[136.383611,46.81365],[136.419372,46.824735],[136.459711,46.826237],[136.466148,46.809501],[136.497332,46.81136],[136.504198,46.801633],[136.521936,46.809643],[136.553191,46.810001],[136.570142,46.786613],[136.60247,46.79684],[136.624928,46.79827],[136.63823,46.814434],[136.634012,46.825806],[136.677785,46.846118],[136.683363,46.839324],[136.70389,46.843043],[136.724632,46.858134],[136.73815,46.857132],[136.73372,46.885026],[136.762111,46.881235],[136.794725,46.901476],[136.822763,46.95333],[136.871971,46.949682],[136.88556,46.944317],[136.894715,46.956691],[136.892785,46.974214],[136.904515,46.988733],[136.939346,46.992309],[136.94607,47.007185],[136.978112,47.024922],[136.974751,47.04216],[136.949003,47.049455],[136.926188,47.068695],[136.926116,47.080067],[136.94743,47.100093],[136.93777,47.116972],[136.952867,47.125627],[136.948004,47.166323],[136.972608,47.182344],[136.981477,47.195146],[136.998428,47.199509],[137.003006,47.227618],[137.015308,47.248645],[137.036837,47.265596],[137.037267,47.284049],[137.081325,47.304003],[137.106287,47.302286],[137.110006,47.294919],[137.152204,47.289626],[137.18618,47.261232],[137.226516,47.262376],[137.223226,47.278039],[137.247544,47.287408],[137.257056,47.279755],[137.281589,47.279755],[137.284521,47.259943],[137.305834,47.250145],[137.30555,47.242277],[137.33144,47.229903],[137.335587,47.212309],[137.392805,47.201723],[137.41905,47.214239],[137.46519,47.209447],[137.469049,47.225182],[137.48396,47.234108],[137.50195,47.233263],[137.552999,47.263551],[137.59321,47.313797],[137.60294,47.31065],[137.628046,47.324311],[137.64743,47.327887],[137.652507,47.336827],[137.687983,47.339544],[137.705435,47.355351],[137.717522,47.356281],[137.746703,47.330604],[137.7879,47.353419],[137.82638,47.362287],[137.885029,47.390467],[137.898761,47.390395],[137.917787,47.406988],[137.905199,47.418289],[137.912423,47.426156],[137.906058,47.441534],[137.922437,47.455552],[137.937385,47.447613],[137.961774,47.448543],[137.964492,47.455766],[138.004259,47.463419],[138.019351,47.478081],[138.03845,47.508692],[138.077857,47.511982],[138.079073,47.533153],[138.055471,47.553966],[138.086441,47.566339],[138.067702,47.575065],[138.070063,47.586509],[138.051181,47.601529],[138.034873,47.587153],[138.010627,47.601815],[138.000829,47.596451],[137.972363,47.616192],[138.054115,47.671263],[138.049394,47.679631],[138.060695,47.691433],[138.05247,47.696654],[138.036091,47.687141],[137.992176,47.690146],[137.992177,47.722331],[137.958418,47.736922],[137.87853,47.751656],[137.8482,47.729198],[137.800424,47.72455],[137.792699,47.706169],[137.776893,47.707599],[137.776607,47.720545],[137.730618,47.740357],[137.719103,47.759311],[137.66932,47.768609],[137.654232,47.781269],[137.632847,47.784559],[137.595012,47.805015],[137.557534,47.787635],[137.527351,47.798578],[137.50947,47.788923],[137.48623,47.793286],[137.453039,47.784418],[137.413487,47.805803],[137.442454,47.823612],[137.444028,47.833983],[137.46384,47.83856],[137.482436,47.856941],[137.5119,47.874249],[137.53758,47.881545],[137.572269,47.87618],[137.594513,47.883475],[137.61103,47.897851],[137.60055,47.911268],[137.605242,47.924028],[137.560255,47.937547],[137.515768,47.976169],[137.494025,47.983393],[137.47464,47.979889],[137.427795,47.987256],[137.42164,47.993049],[137.418498,48.021587],[137.390096,48.040427],[137.372074,48.041288],[137.35001,48.05633],[137.322777,48.065076],[137.321254,48.097808],[137.308267,48.104368],[137.33709,48.109205],[137.351734,48.118945],[137.366841,48.152737],[137.395399,48.153929],[137.409314,48.16294],[137.451324,48.202961],[137.484586,48.197991],[137.491411,48.204948],[137.534943,48.205146],[137.560188,48.213694],[137.56734,48.238077],[137.591927,48.245299],[137.620551,48.2343],[137.647188,48.252455],[137.678197,48.24828],[137.704501,48.211307],[137.789682,48.232001],[137.797199,48.221974],[137.83457,48.209318],[137.860941,48.219853],[137.88281,48.210842],[137.895396,48.226545],[137.928393,48.228069],[137.935748,48.243507],[137.950325,48.249934],[137.946615,48.259873],[137.965234,48.270474],[137.997966,48.272528],[138.012346,48.309699],[138.0523,48.298567],[138.065419,48.311024],[138.07701,48.309235],[138.099146,48.327854],[138.123198,48.326661],[138.14447,48.333883],[138.17634,48.335274],[138.189326,48.347267],[138.18045,48.358929],[138.182634,48.374897],[138.171966,48.385896],[138.1776,48.402991],[138.189658,48.401798],[138.19317,48.419026],[138.211259,48.424989],[138.236041,48.443342],[138.270297,48.447782],[138.286001,48.458383],[138.310583,48.464346],[138.33748,48.44142],[138.358024,48.433336],[138.364319,48.442281],[138.396588,48.443937],[138.408448,48.43042],[138.459401,48.410078],[138.474111,48.414451],[138.469207,48.389206],[138.500415,48.380261],[138.495843,48.359522],[138.468278,48.343753],[138.462646,48.318773],[138.481198,48.312345],[138.48577,48.290944],[138.523405,48.270403],[138.538843,48.26815],[138.547456,48.245688],[138.52725,48.233364],[138.52233,48.21394],[138.537517,48.211763],[138.550106,48.196523],[138.582705,48.189831],[138.601987,48.180091],[138.635548,48.179],[138.647839,48.192017],[138.679246,48.203082],[138.688854,48.213816],[138.703497,48.210105],[138.716815,48.193607],[138.70946,48.179295],[138.726952,48.154513],[138.723572,48.14093],[138.697399,48.129733],[138.701507,48.117938],[138.685207,48.109391],[138.658703,48.10694],[138.636706,48.12218],[138.615701,48.101242],[138.613183,48.083352],[138.597479,48.074407],[138.594166,48.060095],[138.574884,48.047638],[138.577998,48.029218],[138.598008,48.005299],[138.630342,48.003509],[138.662478,47.982041],[138.671886,47.968391],[138.69627,47.96256],[138.71628,47.930888],[138.734037,47.928701],[138.75471,47.913859],[138.748746,47.891795],[138.772864,47.882783],[138.831636,47.868139],[138.831172,47.858399],[138.814806,47.847798],[138.806986,47.819174],[138.79751,47.809566],[138.77876,47.809699],[138.758219,47.796249],[138.762327,47.776305],[138.775313,47.771865],[138.76266,47.763384],[138.737744,47.769878],[138.664328,47.74417],[138.657901,47.735159],[138.637294,47.738869],[138.623446,47.729792],[138.594888,47.73019],[138.57713,47.712631],[138.554138,47.717137],[138.549764,47.697325],[138.532073,47.692687],[138.506695,47.67705],[138.528428,47.6689],[138.547908,47.647763],[138.575141,47.64836],[138.580375,47.637294],[138.600253,47.630337],[138.615028,47.612579],[138.6304,47.60423],[138.617016,47.583491],[138.590776,47.562355],[138.591969,47.544597],[138.58415,47.535056],[138.5976,47.521009],[138.559169,47.505173],[138.53684,47.481983],[138.541411,47.476284],[138.571228,47.48238],[138.605087,47.482247],[138.596274,47.463429],[138.621717,47.444744],[138.642722,47.453357],[138.692747,47.443683],[138.721902,47.455278],[138.725347,47.440569],[138.764175,47.456206],[138.795781,47.454085],[138.801082,47.465747],[138.862704,47.469589],[138.890797,47.448982],[138.93327,47.445338],[138.96971,47.419297],[138.977729,47.401937],[138.995884,47.390739],[139.013509,47.402268],[139.032543,47.396181],[139.014023,47.383362],[138.984393,47.346942],[138.990512,47.316644],[138.946829,47.313033],[138.931474,47.319217],[138.87894,47.301163],[138.830309,47.268781],[138.804262,47.240662],[138.745768,47.183082],[138.70176,47.136209],[138.637088,47.098084],[138.603591,47.074718],[138.561197,47.030055],[138.532973,46.987292],[138.51824,46.953049],[138.501091,46.937126],[138.502266,46.922604],[138.49325,46.875196],[138.485178,46.859811],[138.44357,46.826706],[138.409282,46.794064],[138.404617,46.777961],[138.38924,46.766353],[138.368027,46.722372],[138.36606,46.706158],[138.351735,46.694083],[138.352261,46.664112],[138.339202,46.632318],[138.344589,46.610522],[138.359316,46.597007],[138.350413,46.58812],[138.341911,46.53869],[138.297227,46.514287],[138.234113,46.493267],[138.214504,46.471833],[138.188734,46.459433],[138.165634,46.434088],[138.158052,46.408649],[138.119989,46.354159],[138.10708,46.302719],[138.096365,46.289802],[138.099297,46.257846],[138.109005,46.246613],[138.073826,46.215163],[138.06888,46.203989],[138.029467,46.167256],[138.011733,46.163894],[138.00015,46.14595],[137.97621,46.123055],[137.948343,46.109367],[137.93423,46.093407],[137.9289,46.073829],[137.880745,46.036544],[137.862694,46.017913],[137.796897,45.969056],[137.770205,45.945381],[137.744835,45.89888],[137.709226,45.861636],[137.693119,45.855907],[137.686734,45.832063],[137.687942,45.810815],[137.666165,45.79757],[137.638977,45.774332],[137.62436,45.770793],[137.57854,45.738823],[137.562939,45.735652],[137.53613,45.71609],[137.526412,45.700601],[137.485003,45.671972],[137.463495,45.670551],[137.434712,45.65911],[137.359169,45.61437],[137.34023,45.587943],[137.326433,45.578793],[137.320392,45.558626],[137.307661,45.545858],[137.297281,45.521882],[137.282037,45.517653],[137.2605,45.48983],[137.242858,45.475274],[137.214346,45.466335],[137.199777,45.456153],[137.182503,45.422822],[137.161223,45.411573],[137.154511,45.390567],[137.138798,45.375255],[137.099017,45.370127],[137.07082,45.359488],[137.039359,45.341782],[137.00346,45.312413],[136.974871,45.297631],[136.946283,45.268239],[136.918869,45.25317],[136.870046,45.238648],[136.842622,45.22677],[136.801636,45.19866],[136.769859,45.126478],[136.764804,45.092838],[136.7249,45.069635],[136.690236,45.053693],[136.684639,45.040937],[136.65779,45.038357],[136.633796,45.025603],[136.614818,44.999355],[136.601394,44.99504],[136.567834,44.958674],[136.550219,44.9484],[136.559614,44.920613],[136.536041,44.901357],[136.502989,44.888015],[136.494145,44.857819],[136.476768,44.840202],[136.470109,44.844233],[136.44218,44.830183],[136.436654,44.813134],[136.451758,44.79585],[136.450114,44.772749],[136.422196,44.774551],[136.403086,44.792883],[136.379945,44.805808],[136.353221,44.799028],[136.349002,44.766128],[136.335394,44.753245],[136.303157,44.750024],[136.335556,44.732419],[136.338634,44.724248],[136.319842,44.712506],[136.29668,44.713197],[136.264601,44.695696],[136.24014,44.677038],[136.22613,44.656765],[136.223005,44.637367],[136.210618,44.625974],[136.229501,44.592028],[136.227784,44.584285],[136.19288,44.576814],[136.186014,44.564721],[136.183774,44.526633],[136.157157,44.509781],[136.146601,44.495624],[136.11643,44.487031],[136.111493,44.479009],[136.055619,44.460914],[136.03566,44.44691],[136.00881,44.454199],[135.989304,44.435114],[135.96085,44.431755],[135.918629,44.416187],[135.881101,44.412533],[135.87526,44.398811],[135.852543,44.374787],[135.83063,44.363879],[135.827417,44.349113],[135.836825,44.334589],[135.816881,44.299088],[135.806045,44.292587],[135.795289,44.266461],[135.78025,44.257804],[135.73619,44.249204],[135.717751,44.23876],[135.687048,44.202636],[135.685534,44.193044],[135.65187,44.178542],[135.647685,44.153271],[135.659321,44.130101],[135.63053,44.099061],[135.636279,44.08413],[135.629932,44.0648],[135.631634,44.035611],[135.611627,44.036636],[135.595943,44.022318],[135.57819,44.026121],[135.553382,44.012226],[135.530232,44.008526],[135.521906,43.993967],[135.530135,43.971171],[135.514372,43.967152],[135.505688,43.952797],[135.519287,43.940691],[135.518792,43.922706],[135.501484,43.946033],[135.46192,43.956535],[135.452032,43.94265],[135.46884,43.933035],[135.471449,43.915507],[135.488626,43.902934],[135.45475,43.884938],[135.459202,43.877452],[135.485165,43.873709],[135.506182,43.886363],[135.501484,43.896877],[135.52497,43.900262],[135.509397,43.883512],[135.501237,43.846788],[135.487637,43.846253],[135.472802,43.831807],[135.472802,43.814324],[135.453021,43.806116],[135.43423,43.78702],[135.434723,43.76631],[135.419146,43.75881],[135.400848,43.760417],[135.373402,43.736303],[135.370929,43.725583],[135.338538,43.716827],[135.305652,43.702349],[135.30021,43.693947],[135.276794,43.685824],[135.260807,43.69268],[135.25211,43.707928],[135.25885,43.728122],[135.23825,43.727948],[135.21558,43.705963],[135.237311,43.692304],[135.222659,43.685087],[135.227543,43.659131],[135.219474,43.658056],[135.222659,43.632549],[135.192129,43.62017],[135.181889,43.610491],[135.183098,43.592467],[135.175473,43.583924],[135.170016,43.556551],[135.147662,43.540654],[135.155953,43.52247],[135.136118,43.501083],[135.109987,43.503747],[135.075565,43.490425],[135.023197,43.475348],[135.001683,43.460572],[134.981316,43.467625],[134.968762,43.453305],[134.968848,43.440821],[134.92868,43.421748],[134.898467,43.414517],[134.8389,43.383335],[134.816069,43.354134],[134.79753,43.350514],[134.79427,43.336033],[134.77847,43.309183],[134.753069,43.30531],[134.72629,43.308433],[134.681658,43.288194],[134.681658,43.279946],[134.663806,43.268573],[134.633593,43.261948],[134.623637,43.244069],[134.600291,43.236691],[134.58055,43.243944],[134.558062,43.236441],[134.548621,43.22631],[134.518408,43.209171],[134.472969,43.176912],[134.450138,43.172405],[134.440182,43.158132],[134.415978,43.146109],[134.389198,43.142477],[134.382504,43.133082],[134.342335,43.111908],[134.319161,43.121807],[134.302681,43.111281],[134.317444,43.103009],[134.308518,43.097369],[134.295471,43.107647],[134.28088,43.107647],[134.246205,43.091979],[134.234532,43.079944],[134.22045,43.080696],[134.18801,43.072169],[134.17702,43.060757],[134.176682,43.038177],[134.154366,43.032656],[134.130505,43.017221],[134.123638,42.993369],[134.097374,42.987216],[134.081753,42.975035],[134.050682,42.973402],[134.010342,42.949282],[134.006909,42.938852],[133.983048,42.926787],[133.9585,42.908559],[133.950089,42.880766],[133.931034,42.876866],[133.922966,42.866676],[133.894642,42.871331],[133.90271,42.879885],[133.880737,42.892714],[133.887947,42.901266],[133.876961,42.90969],[133.840054,42.889444],[133.823231,42.890576],[133.807781,42.86051],[133.795593,42.870324],[133.78701,42.862523],[133.74684,42.844402],[133.745297,42.825771],[133.728646,42.808269],[133.717316,42.807135],[133.713539,42.823379],[133.698433,42.830304],[133.685044,42.851324],[133.646076,42.859],[133.62582,42.845786],[133.6035,42.841507],[133.602818,42.832821],[133.58136,42.825016],[133.56557,42.832821],[133.561104,42.819728],[133.522824,42.833829],[133.507546,42.823253],[133.517159,42.816454],[133.473385,42.791769],[133.440941,42.793029],[133.422402,42.774887],[133.3594,42.761277],[133.347451,42.774137],[133.293377,42.773759],[133.288743,42.753342],[133.23887,42.752048],[133.227077,42.746406],[133.239562,42.735728],[133.222208,42.734692],[133.206387,42.723433],[133.203583,42.708291],[133.18747,42.702155],[133.17693,42.707554],[133.149273,42.685053],[133.109978,42.688532],[133.091407,42.683807],[133.077729,42.691906],[133.05559,42.684767],[133.03979,42.672522],[133.024201,42.69583],[133.004083,42.707763],[133.02907,42.742261],[133.0484,42.746881],[133.074082,42.733111],[133.087942,42.73857],[133.064896,42.763445],[133.052755,42.758869],[133.020612,42.793797],[132.988895,42.80781],[132.985589,42.83031],[132.96053,42.838241],[132.907998,42.832828],[132.885904,42.805572],[132.892548,42.799585],[132.91366,42.805504],[132.911431,42.785728],[132.887742,42.774515],[132.891861,42.760905],[132.87641,42.753721],[132.873322,42.738971],[132.848088,42.733676],[132.833251,42.749211],[132.806844,42.758749],[132.808262,42.80286],[132.789036,42.822001],[132.7717,42.826155],[132.776848,42.836352],[132.763115,42.842898],[132.777363,42.850953],[132.7729,42.867814],[132.78526,42.891086],[132.770497,42.907056],[132.738396,42.909696],[132.724663,42.901775],[132.734105,42.883665],[132.718998,42.887312],[132.719513,42.875111],[132.705952,42.870959],[132.705094,42.858],[132.690503,42.85347],[132.661664,42.859384],[132.630593,42.860013],[132.602955,42.850575],[132.607762,42.838492],[132.570511,42.837737],[132.563817,42.84617],[132.51352,42.859761],[132.512146,42.876998],[132.522275,42.902404],[132.482964,42.916234],[132.44949,42.920885],[132.445027,42.930564],[132.430607,42.918245],[132.405716,42.947906],[132.399022,42.94577],[132.406231,42.920131],[132.377736,42.913971],[132.362114,42.903787],[132.374302,42.882533],[132.361771,42.872847],[132.368809,42.86253],[132.34975,42.84101],[132.33688,42.858881],[132.317826,42.842646],[132.31388,42.859887],[132.29602,42.868317],[132.292248,42.878633],[132.307354,42.890457],[132.297913,42.897248],[132.295167,42.920508],[132.297055,42.964867],[132.308213,42.977804],[132.297741,42.997393],[132.315766,43.009445],[132.30495,43.03605],[132.317139,43.0496],[132.299801,43.065529],[132.330529,43.090732],[132.317139,43.117678],[132.326237,43.13384],[132.340657,43.142859],[132.314564,43.164774],[132.323147,43.17116],[132.35593,43.166778],[132.388894,43.187558],[132.388722,43.2017],[132.371899,43.217839],[132.318341,43.211459],[132.327267,43.223594],[132.3077,43.227596],[132.316281,43.247981],[132.348725,43.271983],[132.35027,43.295976],[132.333104,43.309093],[132.292365,43.316384],[132.28141,43.308495],[132.298256,43.28773],[132.25809,43.267984],[132.25208,43.249481],[132.210194,43.220091],[132.17569,43.215838],[132.170197,43.205704],[132.133805,43.194567],[132.112347,43.192564],[132.108742,43.182051],[132.082436,43.167164],[132.047287,43.135343],[132.030834,43.116246],[132.010051,43.109717],[131.965106,43.077462],[131.962805,43.05762],[131.956086,43.073998],[131.92636,43.064821],[131.909352,43.077499],[131.86798,43.090015],[131.848773,43.079399],[131.841274,43.066879],[131.84873,43.060123],[131.89265,43.06258],[131.90237,43.05721],[131.894039,43.035503],[131.91597,43.03043],[131.91271,43.01333],[131.924673,43.011509],[131.93476,42.997638],[131.90908,42.9735],[131.90754,42.95931],[131.87956,42.95873],[131.87352,42.94528],[131.872115,42.966951],[131.842277,42.954724],[131.84921,42.9449],[131.8395,42.93471],[131.822023,42.932372],[131.831033,42.958336],[131.82461,42.96395],[131.796284,42.963795],[131.80322,42.97807],[131.75252,42.98149],[131.74814,42.9694],[131.76248,42.96187],[131.75374,42.95002],[131.7333,42.94615],[131.73284,42.92383],[131.74557,42.90377],[131.72298,42.89814],[131.71131,42.90253],[131.71771,42.91316],[131.70898,42.92106],[131.72635,42.93092],[131.71092,42.9495],[131.71909,42.96046],[131.70696,42.97834],[131.7272,42.99364],[131.74544,42.98717],[131.75667,43.00384],[131.76945,43.00032],[131.780126,43.026985],[131.79446,43.035549],[131.79329,43.05582],[131.80549,43.06245],[131.813476,43.047923],[131.828058,43.049303],[131.82401,43.06558],[131.837884,43.067663],[131.842182,43.081699],[131.86032,43.103768],[131.870342,43.107587],[131.876093,43.126654],[131.901349,43.145406],[131.90555,43.15668],[131.896165,43.170228],[131.920994,43.203549],[131.987816,43.234459],[132.012248,43.242187],[132.002762,43.261759],[132.02658,43.267135],[132.054491,43.284965],[132.05309,43.29782],[132.064096,43.309341],[132.063348,43.324586],[132.04402,43.331127],[132.01467,43.327401],[131.997628,43.298093],[132.011889,43.285353],[131.969491,43.261266],[131.991592,43.281295],[131.98856,43.294614],[131.974025,43.295988],[131.948094,43.314782],[131.9041,43.31955],[131.8706,43.3168],[131.86846,43.30878],[131.82347,43.29322],[131.82164,43.31456],[131.77748,43.31718],[131.77267,43.30036],[131.75983,43.2922],[131.76016,43.25677],[131.76808,43.24941],[131.75582,43.22661],[131.72523,43.20963],[131.706,43.21099],[131.70024,43.19971],[131.76327,43.1973],[131.77773,43.17989],[131.75166,43.17319],[131.74718,43.16317],[131.72766,43.16185],[131.70509,43.19061],[131.68246,43.14623],[131.65783,43.12371],[131.65035,43.10875],[131.6224,43.09398],[131.60537,43.0641],[131.56325,43.04016],[131.55903,43.0228],[131.57786,43.01314],[131.57568,43.00267],[131.53618,42.99021],[131.54265,43.00315],[131.52026,43.01135],[131.49683,43.00262],[131.48604,42.9908],[131.48994,42.97506],[131.50649,42.96931],[131.50783,42.9508],[131.49061,42.93963],[131.46931,42.94432],[131.45618,42.93447],[131.45731,42.92341],[131.41925,42.93243],[131.40361,42.95227],[131.37668,42.94255],[131.38413,42.92778],[131.37903,42.91736],[131.40546,42.91027],[131.40861,42.89673],[131.39563,42.87262],[131.42191,42.87566],[131.43287,42.87042],[131.45215,42.88143],[131.47143,42.88358],[131.45618,42.86851],[131.42495,42.85507],[131.41482,42.84578],[131.3875,42.84289],[131.35329,42.81447],[131.35022,42.78862],[131.38016,42.7789],[131.35442,42.77519],[131.32569,42.79412],[131.28047,42.78682],[131.25663,42.76843],[131.26025,42.74834],[131.25001,42.74444],[131.24242,42.72226],[131.241,42.69739],[131.25195,42.69204],[131.23659,42.6713],[131.22248,42.67542],[131.21659,42.6663],[131.22571,42.65406],[131.19903,42.6171],[131.20967,42.60856],[131.22992,42.61112],[131.23373,42.58666],[131.21769,42.58492],[131.22281,42.56737],[131.21817,42.55411],[131.18316,42.55581],[131.16527,42.5754],[131.14866,42.58213],[131.16681,42.58474],[131.17553,42.59574],[131.12133,42.616],[131.13276,42.63542],[131.11725,42.66985],[131.10104,42.66873],[131.08508,42.64387],[131.10127,42.61894],[131.06594,42.64332],[131.0433,42.63128],[131.01915,42.64762],[131.00171,42.6351],[130.99926,42.6454],[130.98543,42.64757],[130.96711,42.64031],[130.96015,42.62862],[130.94368,42.62429],[130.94761,42.61088],[130.93526,42.61056],[130.92324,42.59255],[130.87088,42.59573],[130.85151,42.61016],[130.84835,42.62073],[130.82394,42.62998],[130.79726,42.63258],[130.77616,42.60571],[130.77464,42.57673],[130.79429,42.57758],[130.84311,42.56102],[130.84156,42.54949],[130.86549,42.5373],[130.86748,42.51674],[130.84889,42.53282],[130.83459,42.53087],[130.84959,42.48648],[130.8403,42.47123],[130.81954,42.46079],[130.80178,42.47608],[130.77804,42.464],[130.78865,42.45306],[130.76719,42.42362],[130.7509,42.36689],[130.73529,42.34044],[130.699718,42.292987],[130.650598,42.328587],[130.64649,42.346523],[130.670657,42.367929],[130.667455,42.38063],[130.653431,42.39329],[130.64635,42.411296],[130.625841,42.432736],[130.5926,42.445877],[130.592231,42.484534],[130.55833,42.504765],[130.55327,42.518445],[130.567252,42.538261],[130.563457,42.555114],[130.574873,42.559367],[130.603343,42.55491],[130.615574,42.571],[130.627176,42.597576],[130.616423,42.612886],[130.615513,42.629029],[130.605477,42.630939],[130.587829,42.66513],[130.561532,42.68619],[130.521415,42.701434],[130.4884,42.6888],[130.4566,42.6884],[130.452,42.6984],[130.424,42.7033],[130.4001,42.7226],[130.4362,42.7519],[130.5324,42.792],[130.5425,42.8046],[130.5732,42.8104],[130.6005,42.8244],[130.6288,42.8312],[130.6709,42.8495],[130.6953,42.8473],[130.7119,42.8309],[130.7415,42.8385],[130.7487,42.8348],[130.7711,42.8462],[130.7816,42.8712],[130.7928,42.8792],[130.8286,42.8831],[130.8405,42.8721],[130.878,42.8563],[130.9238,42.8743],[130.9409,42.874],[130.9699,42.86],[131.0262,42.8609],[131.035,42.8679],[131.0157,42.9159],[131.0282,42.922],[131.0976,42.9116],[131.1087,42.9134],[131.1355,42.9435],[131.1283,42.9499],[131.1435,42.9639],[131.112,42.9736],[131.104,43.0279],[131.1158,43.0475],[131.1162,43.0601],[131.1326,43.0715],[131.1584,43.0728],[131.1626,43.0889],[131.1557,43.1017],[131.1682,43.1059],[131.2048,43.134],[131.2019,43.1557],[131.211,43.1701],[131.1961,43.2017],[131.2036,43.2376],[131.2398,43.2522],[131.2687,43.3335],[131.2619,43.3453],[131.274,43.3703],[131.3084,43.3994],[131.2975,43.4373],[131.3035,43.455436],[131.2962,43.4688],[131.2721,43.4846],[131.259,43.4993],[131.2041,43.5193],[131.1958,43.5277],[131.2002,43.5472],[131.1944,43.5589],[131.2048,43.5714],[131.2029,43.5859],[131.2155,43.593],[131.2302,43.5889],[131.2297,43.6089],[131.2113,43.6138],[131.2234,43.6405],[131.2293,43.6655],[131.2115,43.6856],[131.2133,43.7351],[131.2253,43.7566],[131.205,43.7813],[131.2159,43.8072],[131.2103,43.8227],[131.2295,43.8717],[131.2493,43.9001],[131.2605,43.9333],[131.2561,43.9486],[131.2382,43.9698],[131.257,44.0081],[131.2529,44.0289],[131.2643,44.0359],[131.2945,44.0371],[131.3029,44.0586],[131.2591,44.1927],[131.2122,44.3438],[131.188,44.4342],[131.1587,44.5258],[131.1036,44.7061],[131.0884,44.7062],[131.087,44.7379],[131.0614,44.7616],[131.0559,44.7852],[131.0417,44.7783],[131.0141,44.7815],[131.0125,44.8092],[130.9964,44.8187],[130.9696,44.8173],[130.959,44.8409],[130.9633,44.856],[130.9788,44.8658],[131.0171,44.8741],[131.0512,44.8717],[131.0872,44.889],[131.0928,44.9024],[131.0821,44.9224],[131.0964,44.9321],[131.1166,44.9317],[131.1501,44.9464],[131.1802,44.9377],[131.1974,44.9194],[131.2176,44.9154],[131.247,44.9238],[131.2814,44.9276],[131.2943,44.9354],[131.308,44.9604],[131.3486,44.9865],[131.3685,44.9789],[131.4055,44.9836],[131.4289,44.9678],[131.4591,44.9617],[131.475188,44.963653],[131.4745,44.9956],[131.4849,45.0016],[131.535,45.0167],[131.5654,45.0423],[131.5925,45.0534],[131.6803,45.1127],[131.6884,45.1257],[131.6831,45.1485],[131.6582,45.1599],[131.655,45.1743],[131.6665,45.202],[131.6813,45.2196],[131.7186,45.2268],[131.7486,45.2153],[131.7851,45.2072],[131.7777,45.2371],[131.8201,45.2974],[131.8784,45.3399],[131.9126,45.3363],[131.928508,45.279796],[131.963079,45.27659],[131.981524,45.269645],[131.98641,45.256402],[132.03227,45.249297],[132.261804,45.199346],[132.342677,45.185075],[132.466365,45.156531],[132.53297,45.144638],[132.656653,45.117284],[132.798181,45.082794],[132.8746,45.0519],[132.8878,45.0396],[132.9365,45.027],[132.938,45.0189],[132.9543,45.0264],[132.9696,45.0222],[132.9742,45.0359],[133.0019,45.0418],[133.031799,45.058498],[133.0352,45.0699],[133.0674,45.0967],[133.0825,45.0997],[133.1022,45.1198],[133.1159,45.1265],[133.1266,45.149],[133.1199,45.1615],[133.1255,45.1815],[133.1223,45.202],[133.1102,45.2242],[133.0879,45.2412],[133.0985,45.2673],[133.0915,45.2868],[133.1073,45.3087],[133.0982,45.3141],[133.1143,45.3306],[133.1112,45.3458],[133.1267,45.3793],[133.1381,45.3869],[133.1323,45.4021],[133.1341,45.4263],[133.1455,45.4282],[133.1879,45.5009],[133.2244,45.5195],[133.2411,45.5197],[133.2574,45.5308],[133.2727,45.5319],[133.3005,45.544],[133.3217,45.5623],[133.3334,45.5562],[133.3585,45.5737],[133.3814,45.5812],[133.4116,45.571915],[133.415379,45.580085],[133.403652,45.596124],[133.404511,45.617158],[133.421242,45.610262],[133.42448,45.626093],[133.44649,45.625793],[133.466157,45.616438],[133.466397,45.626992],[133.440132,45.640904],[133.446188,45.653857],[133.482708,45.661473],[133.472633,45.691996],[133.458301,45.689597],[133.445589,45.70243],[133.420583,45.695594],[133.44359,45.727684],[133.477612,45.736471],[133.47495,45.747965],[133.458914,45.752837],[133.462288,45.777406],[133.486633,45.772671],[133.498325,45.783219],[133.488794,45.791352],[133.461998,45.796451],[133.456318,45.828477],[133.468509,45.837814],[133.484772,45.838275],[133.4807,45.863882],[133.5012,45.864265],[133.50373,45.886872],[133.520242,45.89595],[133.54443,45.895606],[133.573324,45.870511],[133.590169,45.873342],[133.587672,45.887006],[133.60721,45.902212],[133.598377,45.932575],[133.623941,45.947501],[133.643592,45.94738],[133.666413,45.939761],[133.674388,45.955014],[133.672257,45.983148],[133.693377,46.00311],[133.69844,46.015261],[133.734603,46.054317],[133.734024,46.077462],[133.704226,46.099738],[133.680792,46.137926],[133.687012,46.155863],[133.69844,46.162373],[133.741691,46.166278],[133.786426,46.190567],[133.794866,46.221514],[133.805623,46.229458],[133.82201,46.223831],[133.826144,46.203972],[133.837397,46.200331],[133.850471,46.209599],[133.855436,46.224659],[133.871323,46.230782],[133.854774,46.242863],[133.855932,46.250972],[133.897471,46.255606],[133.909717,46.263715],[133.908559,46.28225],[133.898629,46.301447],[133.91584,46.331236],[133.892558,46.323887],[133.861724,46.337028],[133.869668,46.361521],[133.905249,46.367147],[133.936361,46.379725],[133.939175,46.399749],[133.926432,46.419774],[133.890918,46.447063],[133.846499,46.444597],[133.840541,46.465615],[133.844679,46.481337],[133.86371,46.499872],[133.86549,46.5123],[133.881881,46.52148],[133.912105,46.596411],[133.951242,46.614205],[133.981548,46.633129],[134.005313,46.655228]]]]}},{"type":"Feature","properties":{"name":"Чукотский автономный округ","cartodb_id":68,"created_at":"2013-12-04T04:23:51+0100","updated_at":"2013-12-04T04:34:06+0100","name_latin":"Chukotka Autonomous Okrug"},"geometry":{"type":"MultiPolygon","coordinates":[[[[-172.65802,64.59757],[-172.67905,64.60053],[-172.68259,64.61917],[-172.73144,64.61886],[-172.71514,64.64386],[-172.68226,64.65243],[-172.6605,64.63809],[-172.62128,64.6407],[-172.58684,64.63315],[-172.51307,64.64696],[-172.47517,64.64134],[-172.44667,64.62141],[-172.44666,64.6099],[-172.49327,64.59064],[-172.53707,64.59671],[-172.62211,64.59452],[-172.65802,64.59757]]],[[[-172.517336,64.6875],[-172.58473,64.6787],[-172.58933,64.68594],[-172.63554,64.68927],[-172.63752,64.7023],[-172.60124,64.72572],[-172.58878,64.74785],[-172.5445,64.78004],[-172.51751,64.79055],[-172.50541,64.81011],[-172.45654,64.81674],[-172.4582,64.82516],[-172.39336,64.83716],[-172.32012,64.82607],[-172.2769,64.82657],[-172.22981,64.80804],[-172.11031,64.77714],[-172.09407,64.77586],[-172.06389,64.75523],[-172.13178,64.7459],[-172.15099,64.74716],[-172.23563,64.73855],[-172.30206,64.7133],[-172.34642,64.70344],[-172.44086,64.70294],[-172.49021,64.69797],[-172.517336,64.6875]]],[[[-169.05486,65.74933],[-169.08813,65.74527],[-169.11755,65.7597],[-169.09628,65.80344],[-169.08201,65.81925],[-169.00713,65.81151],[-168.99779,65.79937],[-169.02778,65.778],[-169.05486,65.74933]]],[[[-174.71865,67.15423],[-174.7013,67.11418],[-174.70845,67.101364],[-174.66979,67.060954],[-174.66933,67.0248],[-174.69402,67.01488],[-174.722449,67.01418],[-174.72935,67.0316],[-174.69678,67.05233],[-174.72131,67.07326],[-174.74656,67.06882],[-174.72712,67.09822],[-174.70385,67.11361],[-174.71865,67.15423]]],[[[-180,65.037387],[-180,65.03847],[-180,65.311729],[-180,65.312032],[-180,65.322175],[-180,65.33153],[-179.994774,65.323803],[-179.944084,65.304103],[-179.871514,65.296853],[-179.846474,65.319493],[-179.860034,65.331553],[-179.895664,65.330753],[-179.920324,65.355573],[-179.971154,65.366713],[-180,65.360292],[-180,65.361337],[-179.999999,65.361337],[-179.999999,66.09375],[-179.999999,67.13704],[-179.999999,67.650692],[-180,68.977636],[-179.91559,68.95001],[-179.82945,68.9254],[-179.73204,68.90616],[-179.67769,68.89909],[-179.5842,68.89738],[-179.51216,68.90832],[-179.48428,68.92272],[-179.43087,68.9188],[-179.44002,68.91054],[-179.3609,68.87739],[-179.28219,68.85162],[-179.19852,68.83108],[-178.99376,68.78809],[-178.88122,68.7658],[-178.83803,68.75117],[-178.71514,68.69636],[-178.57354,68.62892],[-178.45074,68.57646],[-178.41302,68.56902],[-177.983,68.4424],[-177.82593,68.38864],[-177.69847,68.33887],[-177.53927,68.28794],[-177.45803,68.26601],[-177.51828,68.27442],[-177.5782,68.29896],[-177.61803,68.29461],[-177.60976,68.26665],[-177.655124,68.264698],[-177.6786,68.24887],[-177.63722,68.24113],[-177.66131,68.22677],[-177.55626,68.214],[-177.53799,68.20378],[-177.50285,68.20069],[-177.46484,68.21802],[-177.42362,68.22279],[-177.40338,68.23211],[-177.44033,68.23926],[-177.43597,68.2486],[-177.376,68.25068],[-177.30869,68.23491],[-177.09781,68.16287],[-177.07002,68.15842],[-176.78244,68.07774],[-176.39519,67.96428],[-176.20142,67.91139],[-176.09189,67.88495],[-175.96401,67.85688],[-175.87089,67.84063],[-175.83824,67.84935],[-175.832046,67.816979],[-175.78649,67.80542],[-175.71419,67.78009],[-175.59369,67.74455],[-175.4891,67.7175],[-175.320727,67.670583],[-175.281363,67.669211],[-175.257428,67.654758],[-175.312535,67.639924],[-175.29644,67.60696],[-175.24311,67.57842],[-175.251413,67.564846],[-175.23662,67.55315],[-175.143182,67.509554],[-175.075407,67.482752],[-175.06625,67.472388],[-175.00567,67.45588],[-174.90715,67.42295],[-174.83005,67.391],[-174.78719,67.36411],[-174.78229,67.34579],[-174.74908,67.3097],[-174.796862,67.305171],[-174.842695,67.293796],[-174.865273,67.268466],[-174.84855,67.25409],[-174.873997,67.247194],[-174.867376,67.235162],[-174.887832,67.2259],[-174.87681,67.19963],[-174.889368,67.191951],[-174.877998,67.178212],[-174.890796,67.1636],[-174.88362,67.14364],[-174.9107,67.08716],[-174.89076,67.05308],[-174.90088,67.0344],[-174.85173,67.00768],[-174.87008,66.99751],[-174.85333,66.97845],[-174.78629,66.94704],[-174.75723,66.92801],[-174.691741,66.915062],[-174.72015,66.91596],[-174.76272,66.90432],[-174.756203,66.886693],[-174.73599,66.87449],[-174.72944,66.84008],[-174.70072,66.770752],[-174.70752,66.74893],[-174.69913,66.730742],[-174.70834,66.70923],[-174.73468,66.71654],[-174.70782,66.72512],[-174.71411,66.7475],[-174.74585,66.75174],[-174.819471,66.734395],[-174.856637,66.706001],[-174.88734,66.70448],[-174.92127,66.68742],[-174.90376,66.68094],[-174.9207,66.64518],[-174.8636,66.62253],[-174.86061,66.60749],[-174.80961,66.59005],[-174.76659,66.59083],[-174.73266,66.6006],[-174.67247,66.59434],[-174.670296,66.587026],[-174.591925,66.570672],[-174.532269,66.549012],[-174.46314,66.540067],[-174.444559,66.532771],[-174.43561,66.49937],[-174.40204,66.47194],[-174.42402,66.47338],[-174.4586,66.46404],[-174.47571,66.39147],[-174.4383,66.36082],[-174.40239,66.357],[-174.38132,66.33788],[-174.31783,66.34922],[-174.26362,66.37098],[-174.24492,66.39159],[-174.16429,66.40528],[-174.14828,66.42019],[-174.16356,66.44752],[-174.19504,66.45097],[-174.21118,66.46702],[-174.1771,66.45582],[-174.02469,66.471],[-173.94296,66.44582],[-173.97461,66.43767],[-173.9833,66.41934],[-173.97775,66.39692],[-173.93003,66.36558],[-173.93215,66.33458],[-173.96116,66.3403],[-174.01757,66.31937],[-174.03529,66.25787],[-174.01872,66.25205],[-173.99058,66.26642],[-173.97544,66.2511],[-174.01097,66.22968],[-173.99619,66.21205],[-173.97046,66.21152],[-173.97601,66.23445],[-173.95343,66.24205],[-173.93761,66.25873],[-173.88681,66.28092],[-173.84375,66.28786],[-173.80531,66.30224],[-173.83481,66.31847],[-173.86943,66.31796],[-173.89441,66.33042],[-173.86913,66.34317],[-173.83399,66.33665],[-173.73858,66.34936],[-173.70518,66.3676],[-173.7121,66.4051],[-173.6881,66.42828],[-173.71757,66.45541],[-173.7721,66.46827],[-173.81012,66.4704],[-173.80914,66.48449],[-173.8332,66.51016],[-173.898884,66.520193],[-173.96418,66.51683],[-173.99022,66.53065],[-174.069831,66.531551],[-174.102465,66.547115],[-174.150811,66.547752],[-174.16151,66.534106],[-174.179,66.54115],[-174.16305,66.55707],[-174.20323,66.55472],[-174.216409,66.571691],[-174.26372,66.569307],[-174.21777,66.57771],[-174.197706,66.593669],[-174.05126,66.62532],[-173.94229,66.6599],[-173.92234,66.67946],[-173.93251,66.70256],[-173.937943,66.779339],[-173.96879,66.856025],[-174.02403,66.90069],[-174.01464,66.92493],[-174.03712,66.96672],[-174.051205,66.974049],[-174.16968,66.97616],[-174.205128,66.968276],[-174.26824,66.976566],[-174.23195,66.98234],[-174.20128,66.99779],[-174.191954,67.014637],[-174.20568,67.0311],[-174.29581,67.03861],[-174.356275,67.035926],[-174.46572,67.02578],[-174.53572,67.02515],[-174.61945,67.04181],[-174.61565,67.06033],[-174.59505,67.06746],[-174.51802,67.07481],[-174.20507,67.08115],[-174.01668,67.08125],[-173.8266,67.07432],[-173.75067,67.07403],[-173.69799,67.07826],[-173.66278,67.08627],[-173.65313,67.11201],[-173.55148,67.09525],[-173.46112,67.0849],[-173.44853,67.07717],[-173.41198,67.07913],[-173.15127,67.05434],[-172.91974,67.03556],[-172.85265,67.03162],[-172.78728,67.03313],[-172.65786,67.01702],[-172.67656,67.00352],[-172.60796,66.99464],[-172.59065,66.9998],[-172.62696,67.01478],[-172.27555,66.97515],[-172.1864,66.96378],[-172.057302,66.951038],[-171.999547,66.949484],[-171.96678,66.96186],[-171.93812,66.96318],[-171.92626,66.97744],[-171.890198,66.95997],[-171.80711,66.94907],[-171.79231,66.95541],[-171.71649,66.95091],[-171.6416,66.93104],[-171.63068,66.9119],[-171.696054,66.883541],[-171.68001,66.85903],[-171.60763,66.82328],[-171.51557,66.79624],[-171.40753,66.77048],[-171.36154,66.76932],[-171.33777,66.75914],[-171.33403,66.74637],[-171.36753,66.73683],[-171.38763,66.71965],[-171.37856,66.69718],[-171.35497,66.67269],[-171.31798,66.65513],[-171.09979,66.57053],[-171.00023,66.54474],[-170.97393,66.53247],[-170.88107,66.50635],[-170.85874,66.48844],[-170.73244,66.44582],[-170.66538,66.41859],[-170.64993,66.40424],[-170.58358,66.36547],[-170.57554,66.35139],[-170.48553,66.3313],[-170.26135,66.296],[-170.20838,66.28334],[-170.17008,66.26027],[-170.16761,66.24874],[-170.12654,66.22601],[-170.112072,66.206647],[-170.06899,66.1957],[-169.98922,66.182792],[-169.79078,66.15855],[-169.72661,66.15265],[-169.70928,66.13948],[-169.67401,66.13151],[-169.65189,66.07863],[-169.67039,66.0499],[-169.70388,66.0287],[-169.71952,66.00531],[-169.76117,66.00142],[-169.82181,66.0074],[-169.85026,66.01733],[-169.87207,66.0359],[-169.89937,66.04454],[-169.98248,66.04268],[-170.15762,66.00628],[-170.17891,65.99845],[-170.19331,65.97987],[-170.2275,65.97033],[-170.26254,65.95107],[-170.39086,65.93143],[-170.41697,65.91287],[-170.46301,65.8959],[-170.50168,65.8697],[-170.53557,65.86034],[-170.53386,65.8519],[-170.49317,65.84103],[-170.47555,65.80261],[-170.50442,65.79146],[-170.52944,65.76904],[-170.51317,65.75697],[-170.52993,65.7427],[-170.50382,65.72574],[-170.50378,65.69557],[-170.51369,65.67975],[-170.49298,65.67661],[-170.5012,65.65234],[-170.5336,65.64222],[-170.53603,65.6274],[-170.58032,65.60553],[-170.65396,65.60188],[-170.745541,65.609006],[-170.78923,65.62003],[-170.84244,65.6206],[-170.84666,65.63954],[-170.88376,65.65363],[-171.00767,65.67566],[-171.01262,65.67873],[-171.12557,65.69429],[-171.17901,65.70496],[-171.16537,65.70856],[-171.18228,65.72874],[-171.20096,65.7346],[-171.21606,65.75657],[-171.25415,65.77161],[-171.28032,65.77411],[-171.3348,65.79918],[-171.34913,65.79902],[-171.43136,65.83576],[-171.46438,65.83324],[-171.44851,65.81743],[-171.41665,65.81343],[-171.42622,65.78911],[-171.3927,65.75545],[-171.34584,65.73996],[-171.25956,65.7207],[-171.30341,65.7265],[-171.32447,65.72109],[-171.30376,65.70272],[-171.31049,65.69452],[-171.27628,65.68718],[-171.23782,65.65323],[-171.14887,65.6467],[-171.04292,65.62401],[-171.01444,65.58834],[-170.97952,65.58769],[-170.97091,65.55318],[-170.99067,65.51534],[-170.98729,65.50025],[-171.01745,65.47621],[-171.04574,65.46623],[-171.07896,65.46902],[-171.12025,65.4846],[-171.16027,65.48585],[-171.199889,65.50825],[-171.23497,65.5103],[-171.24741,65.52255],[-171.28445,65.52684],[-171.40888,65.52003],[-171.45563,65.51427],[-171.62437,65.50945],[-171.80228,65.48445],[-171.92554,65.47096],[-172.03838,65.47713],[-172.09062,65.47536],[-172.17123,65.39958],[-172.21172,65.33275],[-172.20394,65.30315],[-172.1765,65.2911],[-172.19599,65.2559],[-172.20595,65.21336],[-172.19161,65.17895],[-172.16422,65.15154],[-172.08811,65.09611],[-172.08565,65.08052],[-172.09847,65.06075],[-172.20491,65.00953],[-172.25593,64.96947],[-172.27244,64.96114],[-172.32174,64.951],[-172.37455,64.92776],[-172.40726,64.91901],[-172.52744,64.90248],[-172.58323,64.87811],[-172.64334,64.8671],[-172.67176,64.86947],[-172.68948,64.85469],[-172.75963,64.83315],[-172.79649,64.8455],[-172.84945,64.84639],[-172.9083,64.86253],[-172.9595,64.86352],[-172.99629,64.84858],[-173.01967,64.84775],[-173.05507,64.8309],[-173.08387,64.83049],[-173.05795,64.79785],[-173.09342,64.78329],[-173.13351,64.78207],[-173.15739,64.77316],[-173.18204,64.77408],[-173.1738,64.7536],[-173.1183,64.764],[-173.10526,64.75816],[-173.05353,64.77143],[-172.99952,64.803],[-172.94713,64.82135],[-172.94271,64.83087],[-172.91009,64.83692],[-172.89036,64.82119],[-172.87233,64.82077],[-172.80577,64.78681],[-172.74657,64.77089],[-172.74089,64.76175],[-172.77726,64.72704],[-172.82227,64.72892],[-172.835907,64.723139],[-172.83946,64.69123],[-172.8617,64.6843],[-172.89678,64.69038],[-172.97499,64.68104],[-173.05804,64.6574],[-173.06538,64.64399],[-173.04912,64.63808],[-173.017,64.64338],[-172.96103,64.66153],[-172.9374,64.65672],[-172.91917,64.66898],[-172.89774,64.67003],[-172.86455,64.65625],[-172.82991,64.65592],[-172.87279,64.62865],[-172.87583,64.61224],[-172.89398,64.6161],[-172.91948,64.58891],[-172.96663,64.57396],[-172.94197,64.56188],[-172.88763,64.56744],[-172.86062,64.59888],[-172.82219,64.61201],[-172.77267,64.61121],[-172.71501,64.60396],[-172.71736,64.58935],[-172.69932,64.58163],[-172.65238,64.58306],[-172.60438,64.57655],[-172.57912,64.5515],[-172.51652,64.54845],[-172.48152,64.53883],[-172.44816,64.5375],[-172.42591,64.54372],[-172.41245,64.53631],[-172.41489,64.52017],[-172.39885,64.50267],[-172.32995,64.45267],[-172.23433,64.40772],[-172.24118,64.40215],[-172.36078,64.40545],[-172.44631,64.4013],[-172.48749,64.38644],[-172.56041,64.38018],[-172.59303,64.37203],[-172.66597,64.38657],[-172.67281,64.39212],[-172.72462,64.39817],[-172.71422,64.42106],[-172.71946,64.44326],[-172.75837,64.46352],[-172.75943,64.50776],[-172.78555,64.5077],[-172.79671,64.49694],[-172.93937,64.49181],[-172.9637,64.48778],[-172.97554,64.47509],[-173.02844,64.45671],[-173.02391,64.44757],[-172.99325,64.44133],[-172.93954,64.44397],[-172.9115,64.45802],[-172.89037,64.45253],[-172.85312,64.46235],[-172.82123,64.45508],[-172.80288,64.42844],[-172.79092,64.42654],[-172.81609,64.40884],[-172.82855,64.37389],[-172.80634,64.35958],[-172.83336,64.3219],[-172.8369,64.29985],[-172.89001,64.29252],[-172.92385,64.27929],[-172.9355,64.26071],[-173.0272,64.2596],[-173.10702,64.24146],[-173.17346,64.24893],[-173.23165,64.27031],[-173.3269,64.28994],[-173.3665,64.29148],[-173.37186,64.31954],[-173.35286,64.3526],[-173.36107,64.36219],[-173.3356,64.3649],[-173.2762,64.39296],[-173.26093,64.40509],[-173.23233,64.39516],[-173.20538,64.40568],[-173.16741,64.43426],[-173.17815,64.4428],[-173.22208,64.42193],[-173.25364,64.4171],[-173.2481,64.45429],[-173.22134,64.48233],[-173.23459,64.50311],[-173.21855,64.51742],[-173.23556,64.52203],[-173.26385,64.51213],[-173.27696,64.51986],[-173.27785,64.56974],[-173.32611,64.57384],[-173.34105,64.58845],[-173.35711,64.58819],[-173.34338,64.56015],[-173.32513,64.54135],[-173.31694,64.50797],[-173.28027,64.47759],[-173.30563,64.44777],[-173.29964,64.43635],[-173.34426,64.41798],[-173.38946,64.38655],[-173.45913,64.35904],[-173.4906,64.35442],[-173.53742,64.33058],[-173.5881,64.33622],[-173.6207,64.32528],[-173.69291,64.33983],[-173.70812,64.3503],[-173.78307,64.36169],[-173.82605,64.37751],[-173.89463,64.38897],[-173.99219,64.41593],[-173.98278,64.42457],[-174.01515,64.44695],[-174.04506,64.4814],[-174.03336,64.51236],[-174.03947,64.52989],[-174.16088,64.57469],[-174.22554,64.59275],[-174.23994,64.60856],[-174.35789,64.63179],[-174.43229,64.65849],[-174.63571,64.70509],[-174.66766,64.72889],[-174.76315,64.74774],[-174.7822,64.76391],[-174.92657,64.78717],[-174.95773,64.78673],[-174.97798,64.77338],[-175.04822,64.76148],[-175.10043,64.7694],[-175.17205,64.77457],[-175.18945,64.76678],[-175.23399,64.77525],[-175.29547,64.78052],[-175.33437,64.77594],[-175.35417,64.79072],[-175.38318,64.79179],[-175.41704,64.77476],[-175.45339,64.80033],[-175.41596,64.80478],[-175.40155,64.81598],[-175.35421,64.82633],[-175.36619,64.84264],[-175.39694,64.85031],[-175.41536,64.83964],[-175.47235,64.83666],[-175.48188,64.87762],[-175.53282,64.87761],[-175.54475,64.89467],[-175.58693,64.9085],[-175.64299,64.91855],[-175.68114,64.93298],[-175.7848,64.94506],[-175.77079,64.96654],[-175.83345,64.98681],[-175.89211,65.0013],[-175.85913,65.01481],[-175.8308,65.01561],[-175.79456,65.02984],[-175.78335,65.05019],[-175.79589,65.08106],[-175.76567,65.11586],[-175.73298,65.13381],[-175.74239,65.15581],[-175.79494,65.19027],[-175.89143,65.25841],[-175.88744,65.27649],[-175.899732,65.293476],[-175.95992,65.34281],[-176.03575,65.38993],[-176.04368,65.39954],[-175.97848,65.37757],[-175.97102,65.35116],[-175.93075,65.32634],[-175.88894,65.35386],[-175.89831,65.3843],[-175.91915,65.41182],[-176.00014,65.43774],[-176.29296,65.48021],[-176.45439,65.51427],[-176.58923,65.5447],[-176.67272,65.56054],[-176.77457,65.57516],[-176.87338,65.59523],[-176.94593,65.60341],[-177.04351,65.59739],[-177.146328,65.582041],[-177.17688,65.57256],[-177.22957,65.54738],[-177.22808,65.54013],[-177.16827,65.52809],[-177.25812,65.49381],[-177.3597,65.46686],[-177.42108,65.45682],[-177.56925,65.44428],[-177.63372,65.44248],[-177.99201,65.44428],[-178.097599,65.450527],[-178.15338,65.4512],[-178.32455,65.44494],[-178.4026,65.44592],[-178.25321,65.44771],[-178.29281,65.46048],[-178.33095,65.45743],[-178.43101,65.46664],[-178.46869,65.48751],[-178.51661,65.49585],[-178.53335,65.49175],[-178.54175,65.50941],[-178.52148,65.53212],[-178.4842,65.54229],[-178.47057,65.57443],[-178.48986,65.59166],[-178.4567,65.60605],[-178.44101,65.66527],[-178.41258,65.6803],[-178.40475,65.70159],[-178.44937,65.74137],[-178.47915,65.75097],[-178.5353,65.74698],[-178.54067,65.73752],[-178.57987,65.73406],[-178.63194,65.75388],[-178.65287,65.78317],[-178.6839,65.78969],[-178.70138,65.80273],[-178.70315,65.83327],[-178.75432,65.86211],[-178.82097,65.88315],[-178.88145,65.9081],[-178.84293,65.90604],[-178.82625,65.91224],[-178.82078,65.94001],[-178.84735,65.96379],[-178.85396,65.98497],[-178.87915,65.9964],[-178.92447,66.04142],[-178.88834,66.0174],[-178.87532,66.00066],[-178.78222,65.97777],[-178.75334,65.97761],[-178.71674,65.99709],[-178.68336,66.00486],[-178.657,66.02102],[-178.65396,66.03888],[-178.6693,66.04315],[-178.64845,66.06741],[-178.67757,66.08719],[-178.61976,66.09658],[-178.57262,66.09164],[-178.55944,66.10023],[-178.506,66.11482],[-178.47561,66.14161],[-178.50402,66.16165],[-178.52534,66.16099],[-178.46909,66.21162],[-178.44412,66.22165],[-178.49348,66.24207],[-178.49341,66.25666],[-178.45621,66.26556],[-178.44498,66.28189],[-178.46149,66.32081],[-178.4452,66.3334],[-178.44404,66.35207],[-178.4696,66.37126],[-178.5004,66.38113],[-178.5393,66.36713],[-178.53704,66.34759],[-178.57604,66.34346],[-178.60047,66.35145],[-178.62326,66.33416],[-178.60721,66.32756],[-178.62712,66.3084],[-178.6208,66.2972],[-178.64114,66.27716],[-178.70023,66.25331],[-178.73342,66.2112],[-178.72859,66.18724],[-178.78002,66.18096],[-178.84359,66.15656],[-178.88981,66.15254],[-178.95896,66.15935],[-179.01228,66.18252],[-178.99823,66.18523],[-179.01247,66.20532],[-179.04726,66.22413],[-179.09459,66.24019],[-179.10906,66.25336],[-179.08265,66.24962],[-179.05079,66.26443],[-179.05411,66.29192],[-179.05108,66.34562],[-179.05602,66.3629],[-179.07313,66.36564],[-179.11654,66.34701],[-179.110942,66.318998],[-179.13272,66.2875],[-179.12115,66.27389],[-179.16086,66.26362],[-179.21552,66.28044],[-179.27677,66.28333],[-179.30904,66.29742],[-179.32388,66.31339],[-179.38156,66.31961],[-179.39303,66.29734],[-179.38149,66.28248],[-179.31118,66.26111],[-179.25925,66.22146],[-179.24521,66.21779],[-179.22938,66.19001],[-179.19606,66.19457],[-179.22415,66.16351],[-179.28504,66.13246],[-179.35965,66.11466],[-179.41018,66.1102],[-179.4661,66.11226],[-179.63362,66.11089],[-179.65504,66.11839],[-179.60299,66.11329],[-179.53446,66.12034],[-179.56167,66.13861],[-179.5575,66.15772],[-179.61142,66.17312],[-179.67921,66.16781],[-179.68241,66.15303],[-179.65698,66.15402],[-179.69042,66.13042],[-179.74967,66.09712],[-179.76384,66.07259],[-179.7513,66.03751],[-179.7648,66.02039],[-179.79015,65.96896],[-179.79506,65.93989],[-179.77679,65.88575],[-179.738809,65.83684],[-179.65543,65.7581],[-179.58452,65.7198],[-179.49645,65.68592],[-179.41857,65.66069],[-179.3442,65.64253],[-179.27436,65.63008],[-179.331885,65.584743],[-179.338236,65.567211],[-179.316779,65.548459],[-179.277297,65.538154],[-179.27283,65.526352],[-179.353514,65.479445],[-179.487754,65.410605],[-179.503031,65.394099],[-179.478656,65.372791],[-179.522257,65.327113],[-179.531699,65.293914],[-179.527064,65.280063],[-179.547971,65.249341],[-179.537328,65.239421],[-179.597067,65.198121],[-179.655431,65.164111],[-179.684786,65.135471],[-179.705728,65.142976],[-179.750532,65.138069],[-179.782118,65.127674],[-179.84472,65.08933],[-179.8763,65.08922],[-179.91196,65.06437],[-180,65.037387]]],[[[-174.71865,67.15423],[-174.70777,67.16063],[-174.69948,67.22687],[-174.68106,67.2145],[-174.664593,67.181759],[-174.663293,67.161011],[-174.71865,67.15423]]],[[[-174.6365,67.47075],[-174.64963,67.481743],[-174.58711,67.460382],[-174.61575,67.4485],[-174.6365,67.47075]]],[[[180,71.531777],[180,70.97585],[179.897492,70.964266],[179.832074,70.934326],[179.771151,70.912739],[179.672809,70.884772],[179.583651,70.865324],[179.491611,70.852523],[179.450897,70.850894],[179.391668,70.857169],[179.363619,70.870316],[179.314206,70.874521],[179.07847,70.849964],[178.980619,70.829308],[178.78898,70.800333],[178.7868,70.831118],[178.759612,70.884377],[178.730781,70.917458],[178.66339,70.966388],[178.635444,71.00728],[178.627837,71.072018],[178.6903,71.102392],[178.7573,71.124014],[178.787172,71.144181],[178.826559,71.151214],[178.869981,71.175327],[178.906028,71.220213],[178.934883,71.223113],[179.046853,71.246342],[179.142807,71.258951],[179.197027,71.274305],[179.268092,71.317185],[179.334823,71.334781],[179.478059,71.405834],[179.554796,71.420361],[179.686977,71.455668],[179.71103,71.438191],[179.77067,71.439758],[179.801819,71.460657],[179.760152,71.472777],[179.83053,71.491819],[179.855707,71.504103],[180,71.531777]]],[[[-179.55594,71.58955],[-179.58082,71.5795],[-179.58203,71.56596],[-179.54855,71.55435],[-179.50171,71.56297],[-179.47119,71.54436],[-179.42601,71.55696],[-179.38311,71.54873],[-179.34083,71.55432],[-179.29127,71.53058],[-179.21299,71.5467],[-179.18695,71.53952],[-179.14838,71.55052],[-179.11551,71.57302],[-179.05682,71.5594],[-179.02174,71.57634],[-179.06338,71.58642],[-179.07662,71.60077],[-179.19134,71.60258],[-179.24703,71.58321],[-179.28621,71.59408],[-179.32033,71.58515],[-179.34749,71.59975],[-179.28998,71.59966],[-179.17766,71.60615],[-178.87355,71.59149],[-178.73484,71.58127],[-178.62885,71.56658],[-178.58072,71.5647],[-178.33759,71.53277],[-178.25487,71.52726],[-178.15075,71.50132],[-178.02277,71.46263],[-177.94083,71.43124],[-177.839704,71.368393],[-177.79668,71.34863],[-177.7066,71.29151],[-177.681,71.28873],[-177.62937,71.26752],[-177.57989,71.26186],[-177.52299,71.27124],[-177.5054,71.2629],[-177.50865,71.24299],[-177.45088,71.23873],[-177.43262,71.22459],[-177.46542,71.20171],[-177.47648,71.15433],[-177.50145,71.15302],[-177.54228,71.13755],[-177.58367,71.1026],[-177.61462,71.09939],[-177.679502,71.076586],[-177.74016,71.06195],[-177.772569,71.061765],[-177.90552,71.02401],[-178.11642,71.00891],[-178.17009,71.00827],[-178.36335,70.97604],[-178.46103,70.96796],[-178.5286,70.97114],[-178.62563,70.96193],[-178.71068,70.960336],[-178.82198,70.94239],[-178.94594,70.93029],[-179.1251,70.89906],[-179.23504,70.88406],[-179.19834,70.89213],[-179.2181,70.90328],[-179.38936,70.89442],[-179.38141,70.88659],[-179.46079,70.87942],[-179.46295,70.88484],[-179.55211,70.91109],[-179.60564,70.93178],[-179.6878,70.95054],[-179.78672,70.95894],[-179.93879,70.9789],[-180,70.97585],[-179.99982,71.290432],[-180,71.527409],[-180,71.531777],[-179.92858,71.53784],[-179.89415,71.52116],[-179.86128,71.52484],[-179.84375,71.55282],[-179.8063,71.5449],[-179.75337,71.54746],[-179.73144,71.56705],[-179.67757,71.57456],[-179.69732,71.55392],[-179.6682,71.54484],[-179.65022,71.55988],[-179.60505,71.56381],[-179.59148,71.58097],[-179.55594,71.58955]]],[[[162.469443,69.654961],[162.518554,69.65642],[162.587457,69.671064],[162.631558,69.664759],[162.694829,69.644119],[162.764219,69.633893],[162.784097,69.640411],[162.877028,69.636446],[162.911383,69.652968],[162.949463,69.654311],[163.040635,69.669671],[163.0809,69.67165],[163.200633,69.699251],[163.315796,69.704737],[163.365586,69.698944],[163.41061,69.687597],[163.490306,69.674111],[163.564793,69.6709],[163.660388,69.670633],[163.78426,69.677157],[163.870157,69.693706],[163.912844,69.708034],[163.970828,69.742378],[164.016757,69.754014],[164.127726,69.747569],[164.160709,69.734439],[164.183918,69.706177],[164.265494,69.668198],[164.325727,69.646203],[164.441631,69.611551],[164.555382,69.58355],[164.686606,69.570927],[164.868122,69.55889],[164.955863,69.560468],[165.16955,69.580455],[165.260464,69.593122],[165.258184,69.586225],[165.307216,69.584739],[165.457726,69.570609],[165.533784,69.569371],[165.64653,69.572058],[165.80671,69.570371],[165.883878,69.561052],[166.075096,69.524068],[166.164223,69.51161],[166.237607,69.506121],[166.4646,69.49695],[166.575616,69.499178],[166.703674,69.51357],[166.727369,69.499659],[166.761394,69.496507],[166.788812,69.484211],[166.848993,69.488953],[166.902624,69.485308],[166.929598,69.477212],[166.979466,69.480617],[167.062738,69.505222],[167.06418,69.51262],[167.11663,69.518896],[167.213962,69.552723],[167.392085,69.621473],[167.453719,69.650033],[167.608207,69.711237],[167.705917,69.760663],[167.769118,69.79754],[167.846014,69.860014],[167.945302,69.919531],[168.104975,69.982051],[168.180181,70.000168],[168.362347,70.018372],[168.401108,70.016299],[168.518425,70.019777],[168.556558,70.01518],[168.644317,69.994976],[168.807009,69.97156],[168.894138,69.963439],[168.906482,69.949598],[168.886734,69.935695],[168.924824,69.924103],[168.968965,69.93285],[169.044938,69.928573],[169.058471,69.915716],[169.092932,69.910954],[169.128262,69.897459],[169.230258,69.893771],[169.265808,69.881905],[169.399074,69.864554],[169.430218,69.857116],[169.453077,69.839586],[169.451999,69.79509],[169.408442,69.772875],[169.39825,69.754175],[169.282421,69.759208],[169.280397,69.743763],[169.313786,69.728092],[169.274027,69.719587],[169.266307,69.708761],[169.294676,69.692191],[169.301126,69.649516],[169.289256,69.632647],[169.237536,69.583453],[169.18327,69.553644],[169.154022,69.557672],[169.023508,69.564824],[168.933055,69.555106],[168.738879,69.575371],[168.609907,69.592799],[168.582278,69.602965],[168.530046,69.606586],[168.421976,69.632789],[168.348468,69.641886],[168.30355,69.655533],[168.215278,69.674828],[168.1681,69.679268],[168.114068,69.709915],[168.114843,69.735231],[168.099376,69.748041],[168.037854,69.761905],[167.97197,69.771599],[167.913915,69.784847],[167.894515,69.783632],[167.804544,69.802352],[167.7319,69.773052],[167.747316,69.766545],[167.792541,69.767625],[167.855172,69.760738],[167.903636,69.763912],[167.903144,69.771083],[167.944829,69.767833],[167.965125,69.754446],[168.055284,69.744462],[168.075117,69.72851],[168.062815,69.71235],[168.101889,69.674565],[168.03871,69.68309],[167.966209,69.641093],[168.002757,69.621538],[168.087437,69.590387],[168.161894,69.568459],[168.25359,69.555006],[168.284776,69.541244],[168.268956,69.509554],[168.275965,69.486136],[168.24215,69.433799],[168.238056,69.409054],[168.21869,69.379219],[168.221011,69.341305],[168.232434,69.296567],[168.26592,69.24527],[168.263921,69.239166],[168.306418,69.215069],[168.34817,69.205434],[168.480826,69.200205],[168.634356,69.202449],[168.71576,69.198281],[168.851955,69.166101],[168.889377,69.162186],[168.95053,69.138516],[169.009273,69.125888],[169.067001,69.108142],[169.09504,69.089293],[169.23388,69.073241],[169.331869,69.079628],[169.340543,69.069163],[169.390374,69.053292],[169.407445,69.038508],[169.424859,69.006038],[169.44514,68.933272],[169.409147,68.885024],[169.411239,68.865246],[169.455759,68.814899],[169.503042,68.796612],[169.540087,68.790885],[169.581914,68.77413],[169.627667,68.766351],[169.743483,68.765834],[169.903717,68.777539],[170.014191,68.790579],[170.126132,68.794019],[170.239296,68.805425],[170.27063,68.820991],[170.284937,68.812597],[170.338253,68.813233],[170.364698,68.822911],[170.409179,68.81047],[170.43047,68.784527],[170.527488,68.79774],[170.500516,68.815735],[170.422058,68.825445],[170.431346,68.85464],[170.481684,68.857124],[170.526555,68.877469],[170.62296,68.901365],[170.646602,68.89917],[170.641918,68.880856],[170.655002,68.865286],[170.67885,68.866798],[170.67977,68.884212],[170.702561,68.898071],[170.676385,68.912544],[170.683196,68.925143],[170.734083,68.937159],[170.7985,68.946137],[170.947683,69.006939],[170.978134,69.034618],[171.020737,69.04621],[171.01469,69.064645],[171.03292,69.094287],[170.984908,69.140628],[170.88874,69.16577],[170.920072,69.200104],[170.933697,69.231455],[170.929464,69.272788],[170.900551,69.29957],[170.890012,69.319432],[170.827198,69.36236],[170.762103,69.369159],[170.76997,69.420209],[170.756116,69.451456],[170.693751,69.466853],[170.699496,69.500784],[170.681046,69.540124],[170.64499,69.567333],[170.591958,69.590459],[170.539283,69.598421],[170.462126,69.598543],[170.382188,69.59346],[170.320476,69.58176],[170.21223,69.580538],[170.155679,69.5926],[170.167381,69.630196],[170.193846,69.648128],[170.214574,69.679617],[170.249748,69.681643],[170.276748,69.69673],[170.248167,69.705023],[170.301492,69.705599],[170.39103,69.72397],[170.466685,69.722015],[170.507849,69.726756],[170.58573,69.749945],[170.605002,69.763953],[170.585104,69.795109],[170.56686,69.807486],[170.574315,69.837004],[170.573128,69.880132],[170.55964,69.893895],[170.523513,69.908108],[170.54943,69.961759],[170.540671,69.974257],[170.557491,69.986812],[170.552786,70.002862],[170.583078,70.034744],[170.586017,70.055428],[170.574691,70.077585],[170.547,70.086529],[170.433962,70.09732],[170.43505,70.11293],[170.45609,70.118443],[170.562214,70.123045],[170.6077,70.108193],[170.682297,70.100918],[170.773269,70.081556],[170.85448,70.080025],[170.94541,70.087407],[171.029516,70.084066],[171.060382,70.076345],[171.237864,70.055836],[171.333565,70.056433],[171.424054,70.052288],[171.588096,70.024064],[171.678932,70.016815],[171.8459,69.992335],[172.04458,69.975798],[172.190451,69.972378],[172.260379,69.96734],[172.389956,69.945774],[172.463188,69.938567],[172.526184,69.937093],[172.606334,69.942684],[172.656982,69.95392],[172.709493,69.956351],[172.75257,69.964814],[172.804936,69.938401],[172.791223,69.917588],[172.85635,69.893515],[172.910257,69.88427],[173.032788,69.846092],[173.110785,69.833872],[173.219083,69.832],[173.25333,69.806363],[173.242764,69.788731],[173.19621,69.784149],[173.198827,69.769613],[173.225758,69.763792],[173.30182,69.764382],[173.362,69.775617],[173.42967,69.768876],[173.472679,69.777355],[173.511673,69.796558],[173.478544,69.808697],[173.490237,69.823006],[173.454196,69.830092],[173.413563,69.8509],[173.37184,69.864639],[173.30973,69.877689],[173.29472,69.897469],[173.275102,69.898978],[173.223322,69.884826],[173.206767,69.852984],[173.184851,69.848928],[173.197064,69.877863],[173.246846,69.902989],[173.311124,69.918417],[173.467191,69.933753],[173.489013,69.932523],[173.569816,69.898786],[173.659226,69.874649],[173.710189,69.867159],[173.670533,69.854902],[173.68937,69.834272],[173.738707,69.812671],[173.764044,69.826187],[173.742228,69.844978],[173.772063,69.865739],[173.8261,69.847271],[173.887949,69.845556],[173.97035,69.860674],[174.021569,69.866021],[174.08638,69.864541],[174.06795,69.874214],[174.119734,69.875832],[174.28286,69.861016],[174.305651,69.868527],[174.346657,69.867227],[174.431378,69.848399],[174.481742,69.842857],[174.50852,69.84848],[174.581843,69.842975],[174.786193,69.838875],[174.79832,69.836341],[174.92428,69.836841],[175.011843,69.8436],[175.042744,69.838192],[175.113992,69.837176],[175.224592,69.843945],[175.43175,69.859452],[175.506921,69.866492],[175.672753,69.87267],[175.72962,69.877432],[175.796438,69.877387],[175.931377,69.866239],[176.091892,69.877614],[176.135229,69.870802],[176.234002,69.817839],[176.355945,69.76363],[176.452764,69.731243],[176.50302,69.725769],[176.565301,69.707532],[176.620638,69.701271],[176.723273,69.677182],[176.90357,69.642104],[177.048876,69.623211],[177.144846,69.607568],[177.195369,69.602535],[177.336785,69.602831],[177.415854,69.599467],[177.504945,69.587348],[177.59144,69.564202],[177.620571,69.560012],[177.690819,69.53879],[177.811659,69.50811],[177.962662,69.475392],[178.095743,69.456713],[178.202474,69.452046],[178.338954,69.458464],[178.44577,69.455565],[178.605044,69.434357],[178.76119,69.405234],[178.93105,69.363797],[179.080177,69.323972],[179.388116,69.235601],[179.534753,69.176472],[179.651803,69.122798],[179.796525,69.059347],[180,68.977636],[180,68.969673],[180,68.90625],[180,67.5],[180,66.09375],[180,65.361337],[180,65.360292],[179.97331,65.360695],[179.915189,65.348314],[179.920943,65.329575],[179.978671,65.305065],[180,65.312032],[180,65.311729],[180,65.03847],[180,65.037387],[179.95249,65.023084],[179.916388,65.01957],[179.85315,64.999933],[179.775471,64.956612],[179.726238,64.917854],[179.666244,64.890534],[179.55939,64.830996],[179.511675,64.796242],[179.467448,64.798263],[179.28455,64.785966],[179.209313,64.768172],[179.146494,64.762187],[179.028142,64.726373],[178.899668,64.669492],[178.79191,64.629394],[178.709019,64.608785],[178.662479,64.589722],[178.556046,64.560954],[178.522803,64.56744],[178.529133,64.579525],[178.566555,64.588597],[178.6132,64.581955],[178.649922,64.58884],[178.689484,64.602718],[178.68381,64.616979],[178.705521,64.611487],[178.736738,64.624425],[178.78792,64.632128],[178.81724,64.646992],[178.796493,64.662595],[178.759149,64.675962],[178.669914,64.672135],[178.593791,64.657244],[178.580848,64.65022],[178.538542,64.651306],[178.431895,64.643168],[178.392242,64.637664],[178.30111,64.635119],[178.318039,64.638729],[178.305837,64.651626],[178.179955,64.665856],[178.137582,64.666187],[178.094317,64.659225],[178.022489,64.637871],[178.03381,64.661195],[177.997155,64.678838],[177.929815,64.68324],[177.82573,64.678487],[177.705591,64.689733],[177.679356,64.696168],[177.63212,64.697805],[177.66768,64.711517],[177.642763,64.728382],[177.637113,64.744363],[177.61204,64.758265],[177.53496,64.759217],[177.568949,64.784825],[177.546461,64.799958],[177.516077,64.803759],[177.45445,64.794768],[177.40553,64.81488],[177.438026,64.819774],[177.483627,64.818355],[177.528415,64.836999],[177.49149,64.854772],[177.501663,64.868292],[177.50638,64.911111],[177.482996,64.917198],[177.33292,64.913518],[177.290783,64.916163],[177.271598,64.895741],[177.262338,64.87223],[177.273058,64.861726],[177.262101,64.847936],[177.279901,64.825911],[177.317973,64.820975],[177.34333,64.808388],[177.317037,64.792335],[177.28287,64.794066],[177.248618,64.786839],[177.224833,64.774858],[177.172328,64.764826],[177.151997,64.771626],[177.104625,64.763739],[177.08183,64.754036],[177.0645,64.768365],[177.030359,64.78129],[176.970413,64.779373],[176.969175,64.813896],[176.961962,64.821311],[176.90788,64.837142],[176.830479,64.821986],[176.792494,64.842908],[176.758202,64.847842],[176.72338,64.844457],[176.6752,64.853566],[176.623836,64.830046],[176.60286,64.826923],[176.552885,64.798905],[176.483876,64.800088],[176.447981,64.795228],[176.462353,64.811392],[176.45978,64.834911],[176.442733,64.8461],[176.275803,64.885916],[176.222127,64.87938],[176.239014,64.856706],[176.241566,64.830122],[176.28544,64.806299],[176.30558,64.769823],[176.337533,64.749765],[176.376916,64.71669],[176.41031,64.707619],[176.437047,64.686753],[176.414274,64.662368],[176.355709,64.640258],[176.26105,64.634189],[176.215849,64.619762],[176.154125,64.563667],[176.10971,64.53962],[176.098003,64.525226],[176.137394,64.519068],[176.13841,64.533908],[176.180806,64.566375],[176.24272,64.607115],[176.287083,64.596338],[176.360938,64.595398],[176.435496,64.617696],[176.45189,64.632079],[176.468008,64.661549],[176.520984,64.669658],[176.556277,64.66542],[176.646785,64.636765],[176.688741,64.617935],[176.724736,64.593967],[176.762423,64.53932],[176.790098,64.541801],[176.831546,64.554743],[176.865622,64.57626],[176.863456,64.593137],[176.92231,64.62259],[176.936587,64.634105],[176.988449,64.654832],[177.043991,64.686026],[177.092446,64.706079],[177.12768,64.699147],[177.185646,64.697552],[177.246118,64.709867],[177.29479,64.731772],[177.35907,64.751194],[177.43134,64.739237],[177.511573,64.7409],[177.539547,64.732873],[177.490835,64.67013],[177.480875,64.647146],[177.499361,64.630462],[177.459662,64.60962],[177.442651,64.589212],[177.422945,64.546816],[177.412616,64.51232],[177.424846,64.478015],[177.465077,64.438252],[177.48646,64.409028],[177.546863,64.383496],[177.61623,64.341788],[177.661426,64.332128],[177.730191,64.30111],[177.78283,64.267078],[177.85534,64.233678],[177.934706,64.217334],[177.979993,64.202585],[178.019495,64.207303],[178.02397,64.217247],[178.068387,64.211557],[178.066134,64.198785],[178.093378,64.190143],[178.145349,64.184117],[178.16313,64.195486],[178.14756,64.216328],[178.122271,64.222663],[178.127458,64.234645],[178.16566,64.248669],[178.247153,64.269483],[178.309312,64.302193],[178.33307,64.324488],[178.32886,64.341153],[178.308965,64.350796],[178.297902,64.379031],[178.265346,64.403359],[178.24736,64.397886],[178.23383,64.41258],[178.233294,64.433558],[178.28036,64.40195],[178.307452,64.374854],[178.463178,64.198415],[178.511457,64.147273],[178.604968,64.05541],[178.63448,64.032361],[178.655676,64.025726],[178.685079,63.974212],[178.734473,63.86184],[178.784984,63.734584],[178.803307,63.609758],[178.81353,63.594278],[178.825278,63.535539],[178.84655,63.492026],[178.870417,63.458711],[178.918966,63.406639],[179.00716,63.329176],[179.046399,63.299251],[179.101681,63.266913],[179.185234,63.229957],[179.244051,63.227505],[179.331578,63.194236],[179.4033,63.143392],[179.452484,63.11619],[179.457165,63.081302],[179.466599,63.059384],[179.433336,63.049466],[179.402802,63.062144],[179.364596,63.064067],[179.32346,63.046962],[179.28779,63.009156],[179.282488,62.962921],[179.29358,62.939452],[179.321573,62.916986],[179.321223,62.905475],[179.366919,62.877203],[179.408565,62.879185],[179.424305,62.8729],[179.512989,62.867763],[179.565406,62.839048],[179.581399,62.820327],[179.57833,62.778919],[179.61432,62.756241],[179.626222,62.72684],[179.617489,62.71011],[179.632208,62.687565],[179.622624,62.661125],[179.598409,62.645194],[179.597354,62.626785],[179.565836,62.612648],[179.512535,62.613103],[179.477466,62.599011],[179.44601,62.577809],[179.45686,62.554584],[179.446749,62.529423],[179.425556,62.517507],[179.416683,62.500256],[179.36393,62.477101],[179.330166,62.476773],[179.302015,62.484662],[179.278141,62.483518],[179.212943,62.491989],[179.146985,62.463461],[179.122696,62.440545],[179.119429,62.417818],[179.187873,62.391423],[179.166936,62.376395],[179.14873,62.349294],[179.160339,62.330688],[179.183327,62.321371],[179.154202,62.287276],[179.100799,62.274018],[179.087047,62.289581],[179.065046,62.297331],[179.048044,62.32215],[179.026579,62.338331],[178.94259,62.350405],[178.83421,62.369917],[178.731368,62.392344],[178.674265,62.396625],[178.622052,62.410037],[178.556242,62.417568],[178.526858,62.425697],[178.42986,62.440286],[178.387869,62.451712],[178.340025,62.456529],[178.232768,62.481568],[178.165766,62.493273],[178.099009,62.528097],[178.062093,62.533371],[177.89454,62.542475],[177.763521,62.55374],[177.618986,62.559571],[177.368384,62.556106],[177.152154,62.542695],[177.054629,62.532279],[176.949431,62.516548],[176.774821,62.47634],[176.538083,62.414233],[176.449352,62.37963],[176.392054,62.352019],[176.324763,62.308729],[176.275706,62.291341],[176.209516,62.280363],[176.13171,62.273887],[176.02681,62.257712],[175.87966,62.229867],[175.75791,62.203756],[175.575513,62.156202],[175.474245,62.124929],[175.394343,62.096134],[175.284102,62.046958],[175.280708,62.039495],[175.210688,62.006873],[175.136976,61.992591],[175.07926,61.975932],[174.972561,61.960969],[174.886613,61.938179],[174.814882,61.915689],[174.742955,61.882536],[174.726921,61.857445],[174.644899,61.838915],[174.579181,61.820751],[174.521632,61.816269],[174.506022,61.808563],[174.475429,61.808114],[174.445181,61.824373],[174.440917,61.848414],[174.473132,61.849604],[174.496964,61.83798],[174.49364,61.85402],[174.51887,61.870161],[174.502612,61.898324],[174.470355,61.909201],[174.43822,61.909319],[174.437647,61.923686],[174.462568,61.933237],[174.469231,61.957837],[174.49087,61.973976],[174.450382,61.984105],[174.442449,62.011431],[174.451898,62.023903],[174.386407,62.036997],[174.354987,62.024397],[174.341654,62.040955],[174.353816,62.078618],[174.30487,62.093357],[174.251102,62.089446],[174.239136,62.076077],[174.192821,62.072767],[174.158877,62.084907],[174.15971,62.109879],[174.120364,62.122197],[174.127968,62.134357],[174.108163,62.156999],[174.110153,62.174747],[174.149516,62.18192],[174.137134,62.203946],[174.11431,62.20579],[174.113683,62.219027],[174.082716,62.24179],[174.063652,62.243942],[174.073904,62.256459],[174.058785,62.266418],[174.02701,62.261523],[174.00031,62.281329],[174.011992,62.292158],[174.054646,62.2879],[174.074323,62.312558],[174.069572,62.32856],[174.088572,62.324979],[174.151094,62.33786],[174.144737,62.383242],[174.160191,62.402512],[174.158895,62.42429],[174.13243,62.447693],[174.08989,62.45911],[174.082054,62.467087],[174.042267,62.47225],[174.037455,62.462522],[174.002261,62.459279],[173.987901,62.443877],[173.955109,62.437163],[173.894196,62.437186],[173.9079,62.447295],[173.860485,62.468816],[173.865629,62.488304],[173.84286,62.507995],[173.799952,62.513792],[173.772736,62.522911],[173.723504,62.51915],[173.732033,62.534029],[173.67219,62.546819],[173.63745,62.511339],[173.612841,62.499333],[173.592502,62.501869],[173.574556,62.515991],[173.540705,62.514027],[173.52692,62.523075],[173.500988,62.523735],[173.485693,62.506174],[173.462527,62.505291],[173.4301,62.484078],[173.382692,62.479825],[173.362203,62.467701],[173.332214,62.465132],[173.329736,62.44872],[173.269609,62.452354],[173.251238,62.44021],[173.216713,62.449442],[173.20337,62.444382],[173.16152,62.447456],[173.180178,62.42199],[173.134771,62.425077],[173.094508,62.417176],[173.09818,62.409669],[173.07239,62.402047],[173.070009,62.383073],[173.010951,62.381273],[172.976564,62.398321],[172.95373,62.402296],[172.920784,62.397648],[172.883218,62.377276],[172.890025,62.35845],[172.854532,62.347644],[172.793113,62.344965],[172.767013,62.350416],[172.741966,62.383547],[172.768112,62.40159],[172.756171,62.412584],[172.703012,62.41131],[172.704597,62.421706],[172.644272,62.421972],[172.62867,62.436529],[172.584804,62.429435],[172.561024,62.445272],[172.499434,62.444187],[172.452212,62.438965],[172.419743,62.418806],[172.406617,62.403206],[172.374137,62.395169],[172.33575,62.399657],[172.320421,62.374693],[172.28989,62.371698],[172.268631,62.37978],[172.271449,62.396831],[172.242769,62.397399],[172.238774,62.407197],[172.2591,62.424608],[172.20788,62.464736],[172.182644,62.457083],[172.162107,62.461725],[172.100192,62.460809],[172.07791,62.465021],[171.995413,62.454633],[171.978614,62.416243],[171.960248,62.415579],[171.920741,62.401883],[171.875575,62.402724],[171.852391,62.412222],[171.841757,62.392785],[171.891578,62.377368],[171.895871,62.360447],[171.805032,62.356125],[171.768937,62.361852],[171.749989,62.349353],[171.714933,62.348439],[171.676266,62.354163],[171.63248,62.339739],[171.621632,62.3217],[171.590686,62.324425],[171.52466,62.311059],[171.4849,62.294897],[171.471852,62.303962],[171.435475,62.306317],[171.402679,62.301781],[171.40592,62.332453],[171.38045,62.340593],[171.382744,62.354319],[171.346724,62.347617],[171.339915,62.331442],[171.315538,62.319549],[171.268018,62.314377],[171.248154,62.319866],[171.244232,62.340306],[171.266862,62.354581],[171.314958,62.372576],[171.309611,62.377775],[171.25856,62.383176],[171.192094,62.34629],[171.148135,62.335212],[171.107763,62.34708],[171.085581,62.322492],[171.10279,62.310481],[171.086826,62.289552],[171.05716,62.277264],[170.997912,62.281038],[170.981732,62.275592],[170.96152,62.28576],[170.921012,62.270597],[170.8817,62.280754],[170.844375,62.269792],[170.850672,62.25602],[170.83724,62.250558],[170.804925,62.261125],[170.78221,62.252599],[170.767489,62.26707],[170.73612,62.277845],[170.700483,62.263975],[170.662579,62.270172],[170.641231,62.267511],[170.632825,62.284062],[170.601768,62.290618],[170.584259,62.279596],[170.573444,62.298796],[170.552443,62.290251],[170.544238,62.303805],[170.51566,62.300487],[170.490754,62.285621],[170.44925,62.304989],[170.416784,62.30471],[170.408735,62.312558],[170.370708,62.30936],[170.35214,62.292368],[170.298668,62.275848],[170.291897,62.294027],[170.245718,62.281324],[170.235389,62.292237],[170.194294,62.295329],[170.184889,62.306044],[170.213749,62.328554],[170.20513,62.344565],[170.183503,62.357869],[170.170794,62.353965],[170.140918,62.366201],[170.131001,62.386457],[170.148339,62.392621],[170.143278,62.411865],[170.120286,62.431296],[170.08217,62.4359],[170.06948,62.455599],[170.10331,62.459071],[170.11876,62.49084],[170.069288,62.507878],[170.05726,62.524033],[169.99225,62.5228],[169.99005,62.539206],[170.011058,62.558569],[170.042353,62.573314],[170.041986,62.597444],[170.026816,62.605272],[170.028008,62.623279],[170.0626,62.636989],[170.09316,62.636479],[170.094389,62.648404],[170.070611,62.656407],[170.048049,62.674604],[170.006875,62.676483],[169.947973,62.655859],[169.932571,62.667126],[169.900712,62.668014],[169.85202,62.656463],[169.811904,62.676887],[169.772189,62.681158],[169.739229,62.694837],[169.742747,62.707964],[169.7279,62.715483],[169.679408,62.704598],[169.622239,62.746631],[169.579482,62.750573],[169.601438,62.762595],[169.58508,62.788218],[169.501229,62.821101],[169.473761,62.823923],[169.445654,62.845384],[169.42298,62.844696],[169.401349,62.857608],[169.36773,62.866284],[169.400384,62.881426],[169.386914,62.891975],[169.339824,62.891499],[169.3053,62.906858],[169.248048,62.919404],[169.214155,62.941882],[169.186518,62.939391],[169.185099,62.952982],[169.158696,62.966315],[169.109186,62.980079],[169.06428,62.97343],[169.048976,62.953577],[169.014616,62.963151],[168.922245,62.943581],[168.912004,62.952128],[168.825232,62.967347],[168.754875,62.999789],[168.671594,63.026717],[168.645973,63.023882],[168.591948,63.036016],[168.578645,63.032889],[168.52178,63.056359],[168.522746,63.067891],[168.50285,63.065197],[168.46637,63.083485],[168.493876,63.11007],[168.521346,63.114476],[168.529978,63.126887],[168.55773,63.128134],[168.627151,63.160955],[168.61987,63.178267],[168.651524,63.182653],[168.7101,63.183597],[168.744975,63.180026],[168.773463,63.202955],[168.738855,63.211508],[168.733173,63.222525],[168.709444,63.22675],[168.754997,63.24662],[168.796898,63.235857],[168.831871,63.266134],[168.824273,63.272325],[168.827449,63.304941],[168.897121,63.324772],[168.90946,63.321058],[168.948797,63.3399],[168.946179,63.355338],[169.010377,63.378201],[169.05527,63.403411],[169.094153,63.414],[169.113003,63.436899],[169.133743,63.440496],[169.15488,63.473665],[169.220475,63.49595],[169.232317,63.511282],[169.254119,63.513185],[169.331603,63.538088],[169.36931,63.530681],[169.429222,63.546706],[169.47952,63.565419],[169.527422,63.564474],[169.54593,63.583164],[169.527684,63.599037],[169.564733,63.624837],[169.55444,63.63182],[169.57933,63.643317],[169.602365,63.640453],[169.641674,63.654413],[169.60865,63.662615],[169.614284,63.683735],[169.585314,63.686057],[169.568073,63.698947],[169.581741,63.716004],[169.568975,63.721548],[169.592006,63.731213],[169.575561,63.758346],[169.583028,63.76989],[169.571695,63.807671],[169.539125,63.81744],[169.50109,63.836943],[169.493011,63.848934],[169.444418,63.847105],[169.415505,63.852506],[169.416511,63.865271],[169.386581,63.862377],[169.37658,63.880708],[169.400577,63.899524],[169.368591,63.907502],[169.387495,63.940075],[169.332526,63.935192],[169.310539,63.947033],[169.211128,63.94283],[169.19246,63.937282],[169.102014,63.940831],[169.090249,63.935409],[169.052757,63.961709],[169.068102,63.971273],[169.04243,63.979293],[169.00286,63.976777],[168.99219,63.990697],[168.922598,63.979769],[168.876823,63.984723],[168.882406,64.001941],[168.869441,64.013695],[168.887334,64.034473],[168.882987,64.06051],[168.839008,64.07231],[168.838594,64.09409],[168.808886,64.110033],[168.823667,64.137213],[168.800179,64.183616],[168.71649,64.184893],[168.68417,64.196187],[168.652026,64.193683],[168.634006,64.212841],[168.64551,64.227367],[168.608112,64.234771],[168.60619,64.250496],[168.577783,64.262058],[168.58188,64.274248],[168.5625,64.288961],[168.480252,64.317216],[168.415652,64.309292],[168.361042,64.298165],[168.302123,64.31462],[168.279529,64.330188],[168.246553,64.331137],[168.195512,64.307663],[168.199244,64.290906],[168.182753,64.27669],[168.14621,64.273928],[168.113724,64.282469],[168.038053,64.265495],[167.981494,64.28257],[167.93587,64.2823],[167.9015,64.289603],[167.882369,64.300728],[167.847339,64.294216],[167.836957,64.302597],[167.837622,64.324898],[167.809568,64.345986],[167.786889,64.333],[167.746542,64.329898],[167.69068,64.318488],[167.66455,64.353802],[167.669343,64.362011],[167.641128,64.366123],[167.603069,64.388751],[167.611898,64.406083],[167.589071,64.415265],[167.58747,64.428691],[167.54647,64.434657],[167.482496,64.453544],[167.49116,64.473569],[167.476589,64.482259],[167.413633,64.476157],[167.383833,64.479166],[167.339302,64.501677],[167.328537,64.52055],[167.333357,64.540155],[167.290625,64.557627],[167.292798,64.574843],[167.273418,64.593443],[167.247613,64.603106],[167.250571,64.615764],[167.231553,64.623183],[167.19936,64.607669],[167.136568,64.622144],[167.12462,64.618162],[167.135402,64.592524],[167.106174,64.599957],[167.041733,64.575325],[167.026525,64.556488],[166.999067,64.538417],[166.91515,64.541273],[166.901218,64.534195],[166.867415,64.536707],[166.859232,64.544411],[166.808377,64.532234],[166.787804,64.518863],[166.759556,64.542366],[166.729994,64.549762],[166.685874,64.540472],[166.682196,64.532955],[166.635199,64.521465],[166.588154,64.52357],[166.582167,64.537298],[166.547253,64.544697],[166.537825,64.55392],[166.47368,64.558544],[166.457794,64.570296],[166.427855,64.57689],[166.407941,64.590268],[166.350502,64.589989],[166.311455,64.594397],[166.310734,64.58354],[166.19155,64.600692],[166.185739,64.620014],[166.134676,64.606856],[166.11977,64.58527],[166.06826,64.574812],[166.040728,64.549084],[166.002052,64.554937],[165.961869,64.549075],[165.942191,64.55485],[165.915267,64.547998],[165.879624,64.551828],[165.845867,64.548706],[165.846329,64.571211],[165.820972,64.586512],[165.850725,64.597382],[165.871587,64.596993],[165.901555,64.608768],[165.822032,64.624686],[165.813857,64.640283],[165.780178,64.644428],[165.732861,64.659654],[165.721248,64.671251],[165.758397,64.714798],[165.717353,64.718489],[165.684222,64.737327],[165.685052,64.750314],[165.615246,64.74965],[165.567374,64.736539],[165.539672,64.739783],[165.525146,64.752954],[165.496323,64.755802],[165.445495,64.733335],[165.42676,64.744423],[165.40296,64.743801],[165.387318,64.764213],[165.336542,64.754339],[165.323488,64.762923],[165.348309,64.783188],[165.320862,64.796582],[165.331882,64.804919],[165.302253,64.811641],[165.286615,64.827598],[165.258326,64.826718],[165.186025,64.846663],[165.171698,64.838828],[165.137212,64.854638],[165.121024,64.845924],[165.081143,64.846238],[165.024031,64.838332],[165.00608,64.786955],[165.010583,64.766615],[165.038547,64.748619],[165.02892,64.728929],[165.007484,64.725244],[165.012585,64.675938],[164.986672,64.673019],[164.971809,64.68263],[164.932037,64.682897],[164.922629,64.674772],[164.864242,64.681064],[164.856123,64.703272],[164.869243,64.71436],[164.845487,64.731896],[164.805576,64.749227],[164.797048,64.767849],[164.733979,64.77058],[164.713618,64.77616],[164.67068,64.805139],[164.628222,64.810713],[164.623763,64.794789],[164.607591,64.795528],[164.585967,64.817618],[164.516425,64.825019],[164.521065,64.844342],[164.476799,64.862202],[164.475409,64.872934],[164.362849,64.886237],[164.33411,64.903294],[164.275386,64.911113],[164.270007,64.926992],[164.232118,64.925386],[164.218241,64.936724],[164.197135,64.921309],[164.167119,64.921942],[164.151001,64.893137],[164.061393,64.896892],[164.05137,64.870961],[164.003172,64.866564],[163.965453,64.855842],[163.930515,64.86051],[163.907742,64.848028],[163.828923,64.861595],[163.825759,64.873931],[163.800962,64.881779],[163.810464,64.890064],[163.776489,64.886393],[163.721588,64.889874],[163.680697,64.885551],[163.643666,64.892442],[163.643064,64.91021],[163.60947,64.922849],[163.563752,64.913944],[163.544892,64.928587],[163.503285,64.916112],[163.490903,64.899435],[163.488276,64.86873],[163.468452,64.868587],[163.41337,64.854646],[163.405424,64.832808],[163.35488,64.815209],[163.357314,64.80002],[163.317217,64.805994],[163.266608,64.79718],[163.207603,64.813802],[163.125913,64.793097],[163.135555,64.767094],[163.170196,64.762891],[163.169334,64.740367],[163.21138,64.734079],[163.212468,64.722993],[163.262112,64.715055],[163.264824,64.693339],[163.230641,64.696866],[163.148477,64.683835],[163.108883,64.681358],[163.071021,64.662974],[163.001644,64.663668],[162.9619,64.656831],[162.922009,64.66258],[162.86829,64.657724],[162.75248,64.662186],[162.711153,64.684437],[162.675771,64.685577],[162.676368,64.708471],[162.650107,64.74098],[162.578103,64.74217],[162.534199,64.758425],[162.48791,64.753074],[162.422304,64.762094],[162.318979,64.743661],[162.307186,64.754514],[162.264322,64.763434],[162.250547,64.777211],[162.224432,64.785933],[162.141922,64.782168],[162.088255,64.795053],[162.020563,64.79882],[161.956043,64.812598],[161.911048,64.81577],[161.88924,64.827366],[161.848113,64.824641],[161.798907,64.84045],[161.82403,64.854969],[161.814817,64.877566],[161.754363,64.910868],[161.758229,64.922365],[161.74044,64.938916],[161.753822,64.958788],[161.744508,64.982971],[161.718085,65.003001],[161.619584,65.038623],[161.589752,65.036839],[161.547829,65.050071],[161.518394,65.050072],[161.4732,65.064245],[161.406353,65.09492],[161.418347,65.104782],[161.406157,65.118955],[161.381132,65.121879],[161.361311,65.13511],[161.283016,65.153645],[161.21562,65.147204],[161.144857,65.165639],[161.114876,65.158504],[161.037076,65.177931],[161.01879,65.178427],[160.952335,65.161381],[160.943811,65.164156],[160.868287,65.143344],[160.760952,65.155834],[160.736273,65.148896],[160.64299,65.152034],[160.599403,65.167333],[160.569471,65.162774],[160.53399,65.176452],[160.501978,65.178038],[160.512288,65.20341],[160.475023,65.210547],[160.461942,65.22244],[160.439345,65.224423],[160.456492,65.238001],[160.434887,65.250092],[160.41596,65.27596],[160.391776,65.274969],[160.38484,65.290827],[160.326762,65.2939],[160.32815,65.321453],[160.299608,65.325418],[160.284149,65.343654],[160.233801,65.351485],[160.19515,65.377452],[160.212198,65.382605],[160.204271,65.404806],[160.243718,65.417293],[160.240945,65.432953],[160.189607,65.448712],[160.194366,65.46556],[160.158291,65.477652],[160.12717,65.478644],[160.092682,65.502233],[160.04947,65.510658],[160.038371,65.520172],[159.999718,65.519182],[159.940448,65.506298],[159.91646,65.522949],[159.854916,65.51185],[159.811506,65.511256],[159.805562,65.53643],[159.752242,65.556748],[159.728953,65.575282],[159.645702,65.594907],[159.581082,65.597683],[159.587426,65.613937],[159.566812,65.620281],[159.51706,65.619687],[159.48624,65.637725],[159.450557,65.638717],[159.448378,65.648628],[159.41686,65.644664],[159.284153,65.665677],[159.227461,65.659137],[159.208236,65.680941],[159.142625,65.687286],[159.100207,65.704729],[159.068095,65.703937],[159.026768,65.726832],[158.998422,65.723661],[158.951841,65.72723],[158.909324,65.744476],[158.9345,65.763504],[158.900411,65.81742],[158.950265,65.831295],[158.924102,65.851117],[158.923706,65.862217],[158.960973,65.871137],[158.931439,65.882535],[158.93302,65.892842],[158.976833,65.901563],[158.973861,65.91306],[159.02491,65.947549],[159.024808,65.961127],[159.048993,65.978372],[159.02818,65.987788],[159.054151,66.019304],[159.10886,66.024259],[159.097365,66.045072],[159.132452,66.061722],[159.16506,66.069056],[159.187858,66.09304],[159.18766,66.114051],[159.217297,66.125844],[159.209964,66.138134],[159.247032,66.142494],[159.260315,66.1641],[159.239304,66.173615],[159.246046,66.192049],[159.215522,66.216233],[159.229895,66.236302],[159.115768,66.226393],[159.06012,66.231845],[159.039207,66.247554],[158.981326,66.239923],[158.945251,66.252313],[158.92082,66.253602],[158.90159,66.265099],[158.783008,66.265943],[158.780927,66.275854],[158.74961,66.288937],[158.7172,66.294388],[158.7231,66.315994],[158.688511,66.319563],[158.644111,66.336957],[158.601593,66.339138],[158.543444,66.335235],[158.551015,66.342661],[158.507455,66.356178],[158.498739,66.369821],[158.465944,66.375204],[158.466687,66.386071],[158.40425,66.415158],[158.390142,66.404874],[158.370252,66.411157],[158.368873,66.430309],[158.397622,66.434672],[158.417477,66.44803],[158.504391,66.4629],[158.490742,66.502967],[158.544228,66.530127],[158.535021,66.548431],[158.57364,66.560691],[158.606415,66.558864],[158.63624,66.566424],[158.644722,66.592493],[158.669226,66.601431],[158.666922,66.615566],[158.72259,66.641765],[158.713382,66.659665],[158.723779,66.673912],[158.71122,66.689077],[158.77551,66.726084],[158.811654,66.71975],[158.841305,66.731155],[158.843127,66.741986],[158.88028,66.751201],[158.9202,66.751728],[158.960036,66.760587],[158.934868,66.768745],[158.893509,66.803769],[158.85824,66.817353],[158.847127,66.837239],[158.88054,66.844751],[158.860867,66.854178],[158.8632,66.869575],[158.841209,66.871343],[158.787335,66.89387],[158.809047,66.908021],[158.785948,66.916132],[158.783817,66.930799],[158.815415,66.94042],[158.811792,66.962764],[158.782125,66.979273],[158.781459,66.989897],[158.740084,67.002832],[158.746824,67.021642],[158.71176,67.038389],[158.663363,67.049827],[158.643645,67.062734],[158.618001,67.05745],[158.574056,67.064713],[158.540513,67.080172],[158.479141,67.08831],[158.43693,67.103686],[158.378919,67.101907],[158.311666,67.139337],[158.277883,67.150695],[158.242582,67.144659],[158.238178,67.167357],[158.199036,67.171969],[158.184807,67.185583],[158.160574,67.189819],[158.171108,67.19888],[158.110039,67.213935],[158.093155,67.227682],[158.051201,67.227525],[158.016554,67.233673],[158.002632,67.247197],[157.924251,67.259511],[157.879196,67.284386],[157.839066,67.286079],[157.811372,67.308325],[157.84261,67.333261],[157.807727,67.351499],[157.849176,67.364113],[157.86616,67.381504],[157.89918,67.399359],[157.907708,67.420455],[157.793054,67.449008],[157.788038,67.476399],[157.79945,67.489086],[157.762218,67.500002],[157.730565,67.518002],[157.74368,67.523743],[157.744088,67.557574],[157.78304,67.574687],[157.758624,67.594201],[157.773519,67.602328],[157.777557,67.622253],[157.809631,67.6448],[157.84812,67.659477],[157.810091,67.674568],[157.942039,67.72397],[157.991944,67.711679],[158.0833,67.718131],[158.115615,67.710335],[158.1168,67.697089],[158.15075,67.701194],[158.169867,67.694815],[158.18225,67.714712],[158.239228,67.708721],[158.316615,67.723052],[158.362234,67.723638],[158.36058,67.734226],[158.314675,67.758049],[158.318766,67.77327],[158.293781,67.785093],[158.285982,67.805521],[158.249488,67.824492],[158.212334,67.830204],[158.181783,67.819633],[158.148686,67.825202],[158.106031,67.821721],[158.081936,67.836157],[158.079696,67.875019],[158.09895,67.889414],[158.103566,67.914021],[158.150225,67.916965],[158.215908,67.934821],[158.235019,67.964085],[158.253323,67.966535],[158.276,67.984673],[158.273534,67.998201],[158.298679,68.002909],[158.30916,68.018818],[158.291787,68.034494],[158.300103,68.047854],[158.32669,68.050031],[158.325145,68.060556],[158.373762,68.063619],[158.372391,68.076162],[158.52692,68.096885],[158.646984,68.127407],[158.705533,68.113723],[158.726653,68.116504],[158.770846,68.108175],[158.806252,68.121998],[158.880165,68.108243],[158.893296,68.10158],[158.937036,68.120201],[158.980483,68.123932],[159.032074,68.149087],[159.050112,68.148367],[159.149323,68.169485],[159.211853,68.168098],[159.251936,68.190598],[159.41762,68.186571],[159.421084,68.196032],[159.479905,68.2022],[159.519636,68.211605],[159.562946,68.214363],[159.571052,68.20796],[159.610554,68.210857],[159.656572,68.222842],[159.684328,68.203597],[159.71826,68.197332],[159.723907,68.182196],[159.743854,68.17864],[159.80139,68.186179],[159.790401,68.203685],[159.811305,68.204376],[159.791751,68.221162],[159.827464,68.248196],[159.944142,68.259624],[159.996778,68.25186],[160.026359,68.263318],[160.072613,68.267002],[160.107415,68.259679],[160.18506,68.264599],[160.22938,68.262074],[160.315998,68.248802],[160.339679,68.251563],[160.397983,68.23932],[160.424518,68.248848],[160.492392,68.24924],[160.521456,68.244884],[160.687007,68.25067],[160.73171,68.247989],[160.753468,68.257634],[160.862201,68.270017],[160.955187,68.272423],[161.028757,68.284424],[161.068762,68.302327],[161.136985,68.314666],[161.199905,68.341693],[161.314502,68.36157],[161.327292,68.368581],[161.44974,68.377936],[161.53387,68.373988],[161.604907,68.377016],[161.648387,68.374933],[161.680545,68.365356],[161.710646,68.345468],[161.74553,68.351468],[161.795702,68.347973],[161.832294,68.354943],[161.893656,68.340347],[161.952261,68.356581],[161.984553,68.359083],[162.054609,68.338086],[162.194525,68.33462],[162.206016,68.315894],[162.256169,68.305486],[162.293248,68.305501],[162.312949,68.293189],[162.35531,68.28684],[162.39375,68.274591],[162.447526,68.284103],[162.464571,68.306676],[162.509277,68.316693],[162.54795,68.333041],[162.532366,68.355276],[162.5452,68.364126],[162.556008,68.39305],[162.59491,68.416396],[162.616563,68.43732],[162.600113,68.463629],[162.563824,68.483344],[162.590326,68.499859],[162.64623,68.509754],[162.664538,68.535849],[162.722343,68.561084],[162.723938,68.573763],[162.751685,68.583955],[162.727942,68.598712],[162.709587,68.658241],[162.652767,68.666866],[162.603191,68.68753],[162.591219,68.713933],[162.600451,68.72875],[162.588524,68.741601],[162.591608,68.777632],[162.66112,68.770112],[162.733122,68.769073],[162.770738,68.794234],[162.772709,68.806893],[162.79937,68.822854],[162.855209,68.831229],[162.846724,68.843782],[162.802471,68.85326],[162.761457,68.882807],[162.773897,68.903257],[162.726529,68.928539],[162.66426,68.941105],[162.616054,68.957342],[162.57955,68.961211],[162.539667,68.982584],[162.558471,69.004701],[162.551378,69.021705],[162.577096,69.035302],[162.560909,69.045326],[162.529824,69.046234],[162.510844,69.067557],[162.512406,69.084911],[162.531907,69.105638],[162.62488,69.124027],[162.685317,69.123839],[162.686757,69.145103],[162.714982,69.153991],[162.764771,69.154624],[162.82646,69.183649],[162.772473,69.181351],[162.72572,69.208189],[162.724771,69.223296],[162.69896,69.244011],[162.636688,69.26048],[162.584566,69.285107],[162.562997,69.28877],[162.513718,69.327776],[162.545741,69.355219],[162.543629,69.372961],[162.489371,69.383634],[162.460298,69.3802],[162.3495,69.406387],[162.359094,69.417791],[162.406185,69.424936],[162.43208,69.454206],[162.417086,69.470847],[162.357457,69.497936],[162.32461,69.52943],[162.342853,69.531982],[162.342288,69.54897],[162.412578,69.549421],[162.394562,69.571793],[162.36618,69.584414],[162.32411,69.590994],[162.348009,69.59612],[162.378298,69.616001],[162.488798,69.632718],[162.469443,69.654961]]],[[[168.219265,69.638036],[168.227148,69.66092],[168.249991,69.653974],[168.257485,69.638098],[168.219265,69.638036]]],[[[170.048762,69.687613],[170.038365,69.69586],[170.06429,69.703871],[170.091969,69.697125],[170.07752,69.684191],[170.048762,69.687613]]],[[[170.141127,69.710184],[170.121123,69.702309],[170.107886,69.71782],[170.046935,69.728681],[169.994845,69.727223],[169.971814,69.733002],[170.08614,69.765618],[170.128289,69.771444],[170.24972,69.774145],[170.141127,69.710184]]],[[[169.385596,69.892552],[169.329817,69.91083],[169.278559,69.918862],[169.223826,69.920943],[169.174461,69.938758],[169.101192,69.937907],[169.090489,69.948013],[169.220003,69.935248],[169.314715,69.917089],[169.385596,69.892552]]]]}},{"type":"Feature","properties":{"name":"Ленинградская область","cartodb_id":46,"created_at":"2013-12-04T04:23:51+0100","updated_at":"2013-12-04T08:10:28+0100","name_latin":"Leningrad Oblast"},"geometry":{"type":"MultiPolygon","coordinates":[[[[26.896822,59.816167],[26.920219,59.818092],[26.926266,59.805019],[26.902202,59.805564],[26.896822,59.816167]]],[[[27.211232,59.840587],[27.185261,59.835448],[27.173066,59.847474],[27.194856,59.866614],[27.214213,59.861516],[27.22889,59.845626],[27.211232,59.840587]]],[[[27.85833,59.99354],[27.82458,59.98198],[27.79474,59.99419],[27.81068,60.00894],[27.79696,60.02259],[27.83001,60.03569],[27.83324,60.02185],[27.85877,60.01043],[27.87713,60.01875],[27.89974,60.00401],[27.89175,59.98283],[27.88351,59.999],[27.85833,59.99354]]],[[[28.39137,60.02176],[28.40272,60.00603],[28.38998,60.00079],[28.36776,60.01356],[28.31509,60.01307],[28.3052,60.02162],[28.3344,60.02312],[28.33385,60.03463],[28.36168,60.03974],[28.392,60.03071],[28.39137,60.02176]]],[[[26.985559,60.01448],[27.027842,60.035229],[27.029603,60.024718],[27.007631,60.009963],[26.985559,60.01448]]],[[[27.99449,60.0279],[28.05961,60.01717],[28.00451,60.02092],[27.99449,60.0279]]],[[[29.305928,61.329293],[29.335026,61.308869],[29.367141,61.277887],[29.424469,61.256427],[29.48907,61.255501],[29.5153,61.249371],[29.517735,61.240619],[29.551238,61.240634],[29.563615,61.224882],[29.558341,61.212478],[29.564198,61.183669],[29.582921,61.177989],[29.629958,61.18241],[29.650015,61.175744],[29.707642,61.177481],[29.720548,61.172914],[29.795129,61.17107],[29.812496,61.162331],[29.854803,61.172328],[29.902393,61.162069],[29.996847,61.147145],[30.384933,61.120144],[30.939044,61.026161],[31.517454,60.921182],[32.09427,60.817666],[32.419333,60.763544],[32.915654,60.679797],[32.923099,60.710952],[33.026625,60.720911],[33.073887,60.721259],[33.157684,60.739337],[33.154203,60.754431],[33.173097,60.786138],[33.264762,60.794883],[33.244682,60.806702],[33.211091,60.80618],[33.179558,60.820888],[33.204424,60.825627],[33.1977,60.833843],[33.2059,60.854681],[33.220189,60.843379],[33.26111,60.867652],[33.249372,60.873072],[33.330695,60.899418],[33.350403,60.897911],[33.385615,60.909794],[33.426219,60.913896],[33.466504,60.927591],[33.466386,60.951414],[33.421693,60.983135],[33.449051,61.003278],[33.542432,61.004323],[33.545476,60.984093],[33.587965,60.973805],[33.607877,60.958575],[33.691027,60.95649],[33.719547,60.939753],[33.785424,60.93703],[33.783858,60.946884],[33.812841,60.947058],[33.819795,60.971447],[33.838545,60.991416],[33.861353,61.002531],[33.863497,61.016023],[33.884942,61.045368],[33.9194,61.073669],[33.920413,61.089233],[33.881054,61.101564],[33.843841,61.09426],[33.835001,61.104795],[33.738691,61.130023],[33.725157,61.113473],[33.685683,61.112502],[33.660789,61.096112],[33.66108,61.07381],[33.63633,61.065883],[33.59135,61.063795],[33.544948,61.078634],[33.543903,61.094443],[33.523383,61.109659],[33.507095,61.109659],[33.471532,61.130554],[33.450692,61.153015],[33.483847,61.164391],[33.501003,61.183694],[33.51277,61.184332],[33.550967,61.21201],[33.608844,61.219011],[33.6682,61.214171],[33.667677,61.23243],[33.976599,61.233624],[34.186692,61.235685],[34.186169,61.244032],[34.236106,61.244265],[34.241961,61.237309],[34.304854,61.222877],[34.333923,61.220559],[34.358154,61.1952],[34.373283,61.194736],[34.421774,61.145192],[34.442786,61.145134],[34.467362,61.163857],[34.470345,61.18458],[34.490487,61.20039],[34.463011,61.208084],[34.478255,61.219315],[34.478428,61.235342],[34.513003,61.243328],[34.541144,61.260703],[34.545519,61.274948],[34.658173,61.274254],[34.731961,61.295485],[34.749234,61.296818],[34.73851,61.311932],[34.770245,61.312745],[34.794331,61.289675],[34.87441,61.287068],[34.905015,61.282678],[34.949866,61.264969],[35.050276,61.263523],[35.078941,61.248481],[35.084506,61.23741],[35.169801,61.236789],[35.19855,61.260192],[35.224606,61.247556],[35.297757,61.252311],[35.352676,61.284975],[35.374877,61.276802],[35.393194,61.282483],[35.358332,61.225778],[35.350481,61.177392],[35.402273,61.175727],[35.393668,61.141498],[35.416332,61.142716],[35.451457,61.160976],[35.462934,61.157846],[35.515101,61.172497],[35.524781,61.181714],[35.600599,61.178962],[35.697879,61.207401],[35.696684,61.003459],[35.526136,60.920639],[35.51874,60.893593],[35.491574,60.885264],[35.461678,60.856936],[35.393146,60.854068],[35.363521,60.860621],[35.328845,60.856934],[35.286867,60.844237],[35.261611,60.846421],[35.259018,60.83393],[35.241953,60.834339],[35.223662,60.800618],[35.200044,60.799253],[35.175541,60.770072],[35.184143,60.751096],[35.220458,60.733519],[35.237523,60.731336],[35.237252,60.714475],[35.20872,60.698093],[35.258414,60.689493],[35.261077,60.669493],[35.281693,60.637821],[35.272549,60.610176],[35.298761,60.601439],[35.278109,60.478981],[35.260854,60.35912],[35.274424,60.336265],[35.253705,60.332801],[35.252712,60.313907],[35.237984,60.291391],[35.162628,60.256032],[35.185005,60.245507],[35.174712,60.211912],[35.181838,60.201357],[35.155502,60.151927],[35.175518,60.128019],[35.207347,60.11418],[35.213954,60.074013],[35.140138,60.042845],[35.145554,60.020779],[35.282711,60.014191],[35.286651,60.000382],[35.322887,59.995253],[35.321386,59.980802],[35.446386,59.977593],[35.447103,59.916773],[35.4222,59.905566],[35.375027,59.8579],[35.397589,59.771027],[35.407351,59.719425],[35.442658,59.705428],[35.565239,59.710899],[35.584817,59.720882],[35.615236,59.712406],[35.605574,59.614381],[35.49466,59.651901],[35.493687,59.535701],[35.466134,59.5467],[35.441465,59.534755],[35.40948,59.530044],[35.421495,59.519259],[35.476921,59.516666],[35.512622,59.503458],[35.495147,59.50147],[35.417065,59.517033],[35.316317,59.520275],[35.31825,59.486473],[35.373058,59.472722],[35.4071,59.44137],[35.390374,59.429054],[35.440613,59.425505],[35.426143,59.40885],[35.442389,59.404345],[35.413721,59.398474],[35.392971,59.380897],[35.347921,59.365879],[35.312699,59.371749],[35.297205,59.35093],[35.299507,59.340982],[35.354194,59.322604],[35.390585,59.32745],[35.396223,59.317561],[35.35703,59.307346],[35.24689,59.30188],[35.188167,59.286016],[35.195082,59.277462],[35.178108,59.257808],[35.148201,59.256286],[35.100451,59.246096],[35.047762,59.249169],[35.037493,59.254795],[34.999124,59.246607],[34.975849,59.224128],[34.936793,59.222012],[34.912944,59.228606],[34.925839,59.213223],[34.891208,59.218517],[34.863305,59.215629],[34.84926,59.201096],[34.849982,59.171878],[34.842542,59.173004],[34.834593,59.127253],[34.803671,59.127321],[34.784901,59.114522],[34.783195,59.100666],[34.76224,59.089266],[34.752138,59.09343],[34.722362,59.084852],[34.725364,59.098002],[34.706925,59.097856],[34.692216,59.11088],[34.658414,59.121465],[34.627166,59.114153],[34.58019,59.121616],[34.556885,59.118012],[34.511956,59.144646],[34.479577,59.141627],[34.450966,59.160066],[34.423125,59.144681],[34.423344,59.156681],[34.397953,59.160632],[34.391952,59.182766],[34.38083,59.177717],[34.341462,59.204132],[34.319438,59.190521],[34.330122,59.18379],[34.28417,59.178155],[34.25695,59.188691],[34.248351,59.20713],[34.215204,59.205227],[34.21162,59.178739],[34.176535,59.173287],[34.158973,59.183018],[34.105741,59.170158],[34.117889,59.156841],[34.116426,59.141914],[34.076767,59.140523],[34.067181,59.150181],[34.032296,59.147703],[34.011606,59.162382],[33.972166,59.173905],[33.966019,59.186052],[33.946848,59.187296],[33.929835,59.199991],[33.93254,59.234674],[33.922076,59.236723],[33.907846,59.207326],[33.800101,59.200665],[33.791393,59.216177],[33.819526,59.234489],[33.79977,59.239318],[33.804305,59.258782],[33.78206,59.264727],[33.773571,59.28302],[33.733765,59.297653],[33.706362,59.298202],[33.690447,59.310604],[33.660739,59.308774],[33.663372,59.327287],[33.62203,59.327798],[33.630295,59.382494],[33.536818,59.387084],[33.523794,59.378011],[33.444585,59.379253],[33.348401,59.385252],[33.342771,59.315153],[33.262062,59.320932],[33.261586,59.337195],[33.23473,59.362439],[33.212852,59.363024],[33.155191,59.383858],[33.138436,59.371346],[33.112934,59.388504],[33.066544,59.379503],[33.056956,59.418503],[33.020992,59.426387],[32.966106,59.420202],[32.970725,59.392197],[32.937799,59.373098],[32.92141,59.348622],[32.846921,59.348621],[32.773204,59.301662],[32.76318,59.286076],[32.732449,59.271441],[32.744998,59.265203],[32.72956,59.257154],[32.736805,59.240252],[32.770172,59.218648],[32.765856,59.206355],[32.738417,59.195672],[32.764174,59.188044],[32.74676,59.175166],[32.728833,59.173921],[32.725908,59.148458],[32.679042,59.144981],[32.647397,59.117194],[32.615568,59.110095],[32.564201,59.115948],[32.575761,59.135778],[32.4997,59.112508],[32.447236,59.107971],[32.417564,59.130507],[32.389173,59.142433],[32.407611,59.151251],[32.43249,59.15169],[32.464174,59.137715],[32.475441,59.152277],[32.408306,59.160654],[32.373549,59.170824],[32.347097,59.172488],[32.280729,59.202122],[32.278496,59.211945],[32.301106,59.215311],[32.286252,59.224604],[32.315885,59.241287],[32.289689,59.243793],[32.279225,59.258866],[32.296785,59.278769],[32.276003,59.289159],[32.248454,59.290439],[32.218601,59.275731],[32.199722,59.289634],[32.22855,59.306793],[32.260159,59.333208],[32.236085,59.343379],[32.253867,59.325891],[32.202941,59.303646],[32.184428,59.310652],[32.211574,59.320311],[32.222036,59.338385],[32.187354,59.319213],[32.114947,59.371676],[32.11802,59.382505],[32.095995,59.38192],[32.032554,59.405169],[32.031457,59.38812],[32.001565,59.409687],[31.97098,59.40515],[31.989784,59.421321],[31.986358,59.433329],[31.963515,59.432369],[31.927479,59.41146],[31.906152,59.376154],[31.860347,59.360604],[31.804102,59.354581],[31.786775,59.339493],[31.808873,59.327274],[31.800679,59.313024],[31.740312,59.315218],[31.726222,59.321524],[31.760287,59.333749],[31.747408,59.342822],[31.710677,59.335797],[31.686894,59.360583],[31.648003,59.362046],[31.602563,59.376314],[31.552404,59.369069],[31.541212,59.315781],[31.558848,59.293245],[31.54019,59.293684],[31.537263,59.281025],[31.548826,59.259],[31.580584,59.231836],[31.566976,59.211201],[31.53361,59.199402],[31.510194,59.21184],[31.508878,59.200718],[31.469404,59.165211],[31.488575,59.166967],[31.483967,59.137644],[31.462931,59.124363],[31.476982,59.101899],[31.425946,59.072172],[31.356837,59.056421],[31.371545,59.046982],[31.365912,59.026348],[31.306643,59.022907],[31.317327,59.018005],[31.300095,59.006846],[31.222168,59.005089],[31.187226,59.047089],[31.15503,59.054625],[31.164102,59.075406],[31.129491,59.08929],[31.080905,59.090679],[31.05976,59.067941],[31.046515,59.075477],[31.02193,59.065891],[30.990029,59.040555],[30.97115,59.043847],[30.956004,59.033255],[30.964267,59.016809],[30.98666,59.012498],[31.003275,59.000292],[30.979056,58.989316],[30.978618,58.980755],[30.954106,58.973145],[30.965082,58.963907],[30.952352,58.94276],[30.922426,58.921503],[30.873475,58.903392],[30.813167,58.876562],[30.772318,58.872842],[30.762184,58.856524],[30.749598,58.870061],[30.736282,58.856816],[30.70555,58.853523],[30.68272,58.858718],[30.67888,58.833528],[30.715247,58.8257],[30.728272,58.813919],[30.715278,58.809309],[30.713969,58.778193],[30.700691,58.745174],[30.713789,58.736394],[30.6824,58.713746],[30.664179,58.736576],[30.643105,58.731892],[30.619838,58.71455],[30.598691,58.715739],[30.586033,58.70447],[30.561832,58.726569],[30.496031,58.723713],[30.444995,58.704468],[30.406441,58.702876],[30.388067,58.719065],[30.368969,58.718991],[30.377748,58.73926],[30.347053,58.746924],[30.338783,58.760534],[30.323053,58.743924],[30.28837,58.736533],[30.270039,58.748679],[30.229869,58.743629],[30.215526,58.760751],[30.192149,58.745769],[30.177806,58.757696],[30.152307,58.742787],[30.121606,58.745329],[30.120552,58.720981],[30.10299,58.728005],[30.093186,58.719883],[30.108992,58.702084],[30.136505,58.693231],[30.117042,58.679035],[30.083421,58.668022],[30.065055,58.667875],[30.070616,58.65401],[30.111447,58.641425],[30.072681,58.628347],[30.102779,58.599772],[30.119793,58.565802],[30.171235,58.530442],[30.099747,58.51449],[30.093382,58.502709],[30.132895,58.492008],[30.108895,58.489301],[30.097774,58.479715],[30.062213,58.474007],[30.069715,58.447409],[30.021129,58.445286],[29.953409,58.435919],[29.963506,58.448139],[29.944335,58.45831],[29.930579,58.442943],[29.899773,58.45326],[29.894085,58.445747],[29.857009,58.443009],[29.865539,58.427259],[29.786442,58.421187],[29.747405,58.423666],[29.752772,58.434235],[29.713254,58.444417],[29.708016,58.459262],[29.690701,58.459715],[29.673745,58.442748],[29.639475,58.446943],[29.59714,58.458222],[29.582799,58.47552],[29.551022,58.479784],[29.539741,58.493041],[29.551158,58.508758],[29.584326,58.523322],[29.579562,58.533553],[29.543091,58.544007],[29.510885,58.541393],[29.490595,58.549234],[29.47204,58.566876],[29.423153,58.590329],[29.406303,58.579255],[29.393838,58.554494],[29.3275,58.560201],[29.318833,58.574026],[29.358277,58.581868],[29.37341,58.568593],[29.383588,58.579839],[29.3677,58.583691],[29.403052,58.591945],[29.352412,58.606921],[29.313104,58.613729],[29.288567,58.611528],[29.264289,58.594676],[29.243034,58.626487],[29.230928,58.632608],[29.267949,58.634517],[29.291677,58.648687],[29.257286,58.669767],[29.283283,58.696145],[29.278399,58.701028],[29.217254,58.699634],[29.180972,58.709951],[29.139825,58.700389],[29.123764,58.717756],[29.096441,58.721332],[29.085917,58.731649],[29.035966,58.725303],[29.073657,58.736377],[29.055894,58.739799],[29.033775,58.832772],[29.016856,58.820546],[28.98422,58.816625],[28.973492,58.805139],[28.909698,58.803005],[28.888187,58.816606],[28.843307,58.825255],[28.767855,58.831306],[28.765792,58.824841],[28.666662,58.852317],[28.659233,58.865866],[28.64479,58.852316],[28.621988,58.864559],[28.540948,58.867859],[28.492734,58.862699],[28.486423,58.869423],[28.436471,58.881046],[28.411402,58.855132],[28.373537,58.878448],[28.344101,58.854048],[28.324706,58.851159],[28.344894,58.824954],[28.311311,58.840566],[28.294324,58.826191],[28.260928,58.874749],[28.239743,58.879839],[28.266292,58.88541],[28.257969,58.898616],[28.225608,58.895641],[28.202272,58.934793],[28.146438,58.96356],[28.174018,58.971332],[28.144219,58.978416],[28.121247,58.974839],[28.120902,58.992653],[28.096588,59.000958],[28.080545,58.991879],[28.03381,58.987063],[28.033998,59.000252],[27.996598,59.004239],[27.990717,59.01552],[27.93124,59.014556],[27.917999,59.021159],[27.885742,59.014556],[27.737764,58.97789],[27.746922,58.991553],[27.744829,59.026807],[27.768081,59.033119],[27.773144,59.058397],[27.792153,59.070041],[27.78808,59.091203],[27.809444,59.108778],[27.808705,59.12973],[27.864855,59.16089],[27.887661,59.18386],[27.900424,59.207658],[27.899999,59.235855],[27.95419,59.270369],[27.998281,59.276399],[28.046436,59.290109],[28.131204,59.290973],[28.167837,59.333793],[28.191905,59.347182],[28.210017,59.370368],[28.208569,59.383744],[28.191225,59.400645],[28.139254,59.419181],[28.124381,59.437162],[28.078423,59.459194],[28.046065,59.466505],[28.045343,59.478381],[28.073735,59.51259],[28.08999,59.5488],[28.0945,59.59457],[28.07709,59.61852],[28.05141,59.62948],[28.04775,59.64178],[28.01487,59.65767],[28.01647,59.66891],[27.9962,59.69338],[28.03758,59.72966],[28.029749,59.751902],[28.07225,59.76778],[28.09791,59.79981],[28.07541,59.81075],[28.09029,59.81523],[28.11333,59.78983],[28.16908,59.78691],[28.19369,59.77211],[28.20229,59.74336],[28.2267,59.71063],[28.21375,59.69565],[28.22104,59.68713],[28.253256,59.677494],[28.30199,59.67945],[28.34706,59.66747],[28.39727,59.667219],[28.422225,59.683188],[28.434993,59.701261],[28.440464,59.729883],[28.436945,59.770819],[28.446902,59.777559],[28.44184,59.79497],[28.47145,59.82715],[28.508117,59.832556],[28.544724,59.849234],[28.576331,59.826204],[28.639266,59.815925],[28.660037,59.815849],[28.672526,59.797838],[28.706544,59.788834],[28.717577,59.775794],[28.755664,59.774174],[28.779485,59.782598],[28.791205,59.803865],[28.811766,59.783025],[28.840371,59.782203],[28.865007,59.793744],[28.880203,59.80965],[28.926865,59.805639],[28.964706,59.81191],[29.000218,59.825246],[29.015739,59.841565],[29.061495,59.864999],[29.061837,59.891148],[28.996978,59.905511],[28.988939,59.913568],[29.04088,59.91835],[29.058603,59.937091],[29.05707,59.957528],[29.119817,59.973567],[29.12991,59.98683],[29.15552,59.98001],[29.18768,59.98358],[29.20645,59.993],[29.25882,59.98161],[29.33418,59.97813],[29.42425,59.96639],[29.47261,59.95743],[29.55231,59.95809],[29.62473,59.93132],[29.647559,59.929828],[29.656531,59.915543],[29.72208,59.9015],[29.714945,59.889277],[29.7245,59.871103],[29.771356,59.87222],[29.798885,59.858308],[29.821382,59.868244],[29.872016,59.856211],[29.886267,59.842746],[29.892708,59.853855],[29.945457,59.844794],[29.944059,59.828085],[30.005135,59.83638],[30.044272,59.837316],[30.038641,59.821716],[30.053039,59.816193],[30.106357,59.81671],[30.12769,59.809289],[30.105084,59.802945],[30.077229,59.747534],[30.040947,59.719632],[30.080821,59.715371],[30.100898,59.699199],[30.133743,59.694757],[30.107026,59.724548],[30.117987,59.761779],[30.141685,59.76117],[30.162925,59.796426],[30.17948,59.790583],[30.211009,59.797537],[30.28985,59.790402],[30.250585,59.765601],[30.300721,59.747387],[30.255618,59.701724],[30.231665,59.689384],[30.218223,59.673069],[30.249575,59.671021],[30.23863,59.661783],[30.261542,59.648656],[30.242922,59.63863],[30.254172,59.633783],[30.306506,59.662096],[30.351922,59.658231],[30.366668,59.650194],[30.40637,59.64945],[30.437203,59.662958],[30.467429,59.639224],[30.505564,59.646024],[30.501904,59.670247],[30.47712,59.6807],[30.48795,59.688416],[30.520541,59.690944],[30.530688,59.707325],[30.564495,59.704998],[30.576483,59.73],[30.63112,59.735854],[30.648782,59.721816],[30.682984,59.724918],[30.703055,59.745284],[30.757012,59.743751],[30.727032,59.770433],[30.736193,59.779121],[30.697214,59.781414],[30.625462,59.79543],[30.589738,59.816848],[30.563241,59.825223],[30.558082,59.836605],[30.540985,59.833595],[30.493413,59.847083],[30.493672,59.856844],[30.521344,59.861529],[30.495419,59.891479],[30.512311,59.967529],[30.544485,59.976283],[30.534726,59.992412],[30.513354,59.983375],[30.490446,60.008026],[30.489542,60.022454],[30.46788,60.022636],[30.468412,60.033393],[30.392749,60.055272],[30.37004,60.088377],[30.302941,60.091104],[30.275745,60.102217],[30.259144,60.125758],[30.232764,60.114415],[30.189739,60.117365],[30.192502,60.125877],[30.068275,60.135832],[30.023036,60.143029],[30.007516,60.165109],[29.849118,60.197295],[29.801803,60.221276],[29.785676,60.222078],[29.758015,60.242701],[29.713353,60.241376],[29.719902,60.225924],[29.69096,60.237576],[29.643965,60.242192],[29.579326,60.219809],[29.521235,60.225715],[29.521152,60.233286],[29.490349,60.224964],[29.42981,60.189538],[29.469222,60.181487],[29.4389,60.176428],[29.457377,60.169779],[29.44526,60.16084],[29.26793,60.15938],[29.17434,60.16543],[29.14777,60.15985],[29.06938,60.17914],[29.03938,60.17615],[29.00997,60.18249],[28.99027,60.19661],[28.9926,60.23088],[28.97439,60.23192],[28.95199,60.24479],[28.94997,60.26274],[28.92931,60.27059],[28.91126,60.26151],[28.87993,60.2722],[28.85049,60.28925],[28.85057,60.29974],[28.82636,60.31415],[28.81361,60.34453],[28.79647,60.34297],[28.79747,60.3189],[28.75004,60.31979],[28.648,60.35334],[28.61998,60.35087],[28.58461,60.37766],[28.58837,60.39655],[28.57535,60.40541],[28.56989,60.42621],[28.51121,60.46707],[28.48516,60.50396],[28.441,60.5436],[28.42365,60.5745],[28.43963,60.57126],[28.44406,60.55406],[28.47731,60.5537],[28.50453,60.54111],[28.51489,60.51258],[28.57276,60.47493],[28.61226,60.4664],[28.65194,60.44134],[28.67993,60.43177],[28.70286,60.43456],[28.71305,60.44789],[28.66599,60.45467],[28.67691,60.46214],[28.69356,60.45027],[28.70728,60.45478],[28.70059,60.47146],[28.67272,60.47282],[28.67344,60.48227],[28.70099,60.48628],[28.66168,60.51585],[28.651722,60.556078],[28.61524,60.56954],[28.61503,60.55546],[28.56535,60.53988],[28.53824,60.55721],[28.53261,60.5729],[28.54662,60.57358],[28.55134,60.59112],[28.53486,60.6034],[28.54717,60.61254],[28.53074,60.61759],[28.50934,60.63882],[28.44426,60.65182],[28.42093,60.63697],[28.42431,60.64858],[28.39871,60.64719],[28.38989,60.63602],[28.40399,60.62487],[28.43625,60.62401],[28.45023,60.61644],[28.44421,60.60397],[28.47153,60.58679],[28.42947,60.60041],[28.40269,60.61926],[28.38643,60.60406],[28.339,60.6153],[28.32314,60.60931],[28.3447,60.59579],[28.31767,60.59017],[28.29613,60.59806],[28.29804,60.58064],[28.25926,60.56668],[28.24456,60.5699],[28.22415,60.55267],[28.23191,60.51062],[28.19782,60.52937],[28.15332,60.53373],[28.15397,60.51542],[28.17175,60.51193],[28.13987,60.50583],[28.1201,60.51929],[28.07077,60.51892],[28.08065,60.50401],[28.04111,60.50088],[28.04862,60.50836],[28.02875,60.52003],[28.00747,60.52019],[28.01319,60.50428],[27.99277,60.49804],[27.95265,60.50985],[27.93315,60.49949],[27.94649,60.49428],[27.93887,60.48179],[27.9139,60.47864],[27.8743,60.4528],[27.84824,60.46665],[27.80845,60.47113],[27.80196,60.48141],[27.77617,60.48693],[27.774693,60.533477],[27.814245,60.55426],[27.847287,60.561284],[27.838033,60.577894],[27.873435,60.60462],[28.015563,60.682449],[28.088238,60.720175],[28.135215,60.740559],[28.173368,60.778629],[28.220336,60.782868],[28.255684,60.810182],[28.31145,60.840936],[28.3235,60.858178],[28.335704,60.854132],[28.464522,60.922874],[28.483822,60.929331],[28.52467,60.957137],[28.572853,60.951706],[28.61482,60.955352],[28.649205,60.948126],[28.683893,60.978702],[28.710069,61.026866],[28.713692,61.044335],[28.807976,61.096595],[28.818984,61.121647],[28.883796,61.141499],[28.958384,61.151449],[28.98571,61.173315],[29.029888,61.191815],[29.164097,61.237463],[29.23305,61.268169],[29.265433,61.291324],[29.305928,61.329293]]],[[[27.74908,60.468335],[27.760321,60.478512],[27.79267,60.46201],[27.79374,60.44204],[27.76948,60.44552],[27.74908,60.468335]]],[[[28.41616,60.36164],[28.46272,60.37445],[28.50025,60.3643],[28.4986,60.37917],[28.47027,60.42158],[28.43101,60.44697],[28.43748,60.4643],[28.45746,60.45922],[28.49769,60.43241],[28.51437,60.41277],[28.50039,60.40679],[28.53496,60.37722],[28.52403,60.36455],[28.5458,60.35508],[28.57067,60.35657],[28.58184,60.34723],[28.61918,60.33476],[28.63851,60.33913],[28.62278,60.32395],[28.6671,60.30243],[28.71481,60.29747],[28.72033,60.28485],[28.69784,60.27849],[28.69433,60.26063],[28.61897,60.26796],[28.55026,60.29667],[28.53225,60.31941],[28.52288,60.30672],[28.47806,60.31925],[28.46319,60.33298],[28.4357,60.34173],[28.41616,60.36164]]]]}},{"type":"Feature","properties":{"name":"Пермский край","cartodb_id":56,"created_at":"2013-12-04T04:23:51+0100","updated_at":"2013-12-04T08:14:14+0100","name_latin":"Perm Krai"},"geometry":{"type":"Polygon","coordinates":[[[59.348463,61.66377],[59.357648,61.634347],[59.406496,61.616265],[59.413554,61.5973],[59.402087,61.58936],[59.413336,61.55143],[59.402862,61.532575],[59.415102,61.521549],[59.446197,61.510964],[59.439031,61.486375],[59.401653,61.46366],[59.42933,61.441939],[59.44521,61.415145],[59.425473,61.39673],[59.369239,61.392871],[59.312123,61.354388],[59.320615,61.333548],[59.28467,61.316236],[59.257545,61.313038],[59.261516,61.275659],[59.252806,61.260553],[59.271884,61.228908],[59.284013,61.228136],[59.292176,61.161206],[59.315994,61.151944],[59.344114,61.104862],[59.340035,61.078068],[59.358671,61.06627],[59.3418,61.058221],[59.362421,61.043556],[59.374001,60.991071],[59.369371,60.968356],[59.395064,60.942114],[59.437075,60.946415],[59.475006,60.939248],[59.476994,60.88974],[59.469608,60.847729],[59.482731,60.831521],[59.450206,60.772971],[59.425948,60.750256],[59.444805,60.733386],[59.432566,60.721808],[59.417351,60.685752],[59.423639,60.635472],[59.409195,60.622681],[59.405998,60.601951],[59.394421,60.596879],[59.361234,60.543732],[59.355832,60.521459],[59.284051,60.499405],[59.243806,60.470295],[59.218446,60.44328],[59.225504,60.429387],[59.207201,60.406783],[59.21073,60.39741],[59.175558,60.349776],[59.149756,60.341837],[59.143803,60.326179],[59.179309,60.315153],[59.156264,60.290344],[59.160896,60.278877],[59.14965,60.257375],[59.155605,60.249436],[59.137965,60.205882],[59.103343,60.17997],[59.0889,60.148985],[59.089342,60.1298],[59.068392,60.119214],[59.07567,60.102344],[59.029805,60.015235],[58.984157,59.985133],[58.963427,59.977965],[58.980078,59.967711],[58.978314,59.955802],[58.988792,59.907617],[58.839456,59.931982],[58.800246,59.843002],[58.693449,59.85661],[58.602325,59.693481],[58.505842,59.71013],[58.479048,59.711673],[58.362935,59.46464],[58.416209,59.459389],[58.458441,59.463359],[58.459103,59.455641],[58.524931,59.435023],[58.54037,59.407126],[58.598702,59.352767],[58.624727,59.297966],[58.681216,59.26849],[58.789187,59.239542],[58.95987,59.234125],[58.989779,59.22277],[58.994559,59.208547],[59.106479,59.17139],[59.151908,59.162459],[59.196787,59.147133],[59.092924,59.000481],[59.20694,58.953952],[59.1689,58.910287],[59.080028,58.906096],[59.087528,58.843907],[59.081684,58.843576],[59.105835,58.77378],[59.145751,58.774993],[59.153582,58.717546],[59.228562,58.719862],[59.267596,58.712696],[59.286231,58.700304],[59.317767,58.694393],[59.3439,58.696929],[59.350846,58.706853],[59.398591,58.708066],[59.415573,58.662859],[59.39606,58.585343],[59.453623,58.478057],[59.38493,58.429651],[59.319323,58.426342],[59.287457,58.419285],[59.27577,58.399548],[59.277755,58.377164],[59.255373,58.35059],[59.264636,58.336697],[59.218876,58.324788],[59.201675,58.327104],[59.200353,58.310233],[59.18624,58.278588],[59.105526,58.288069],[59.137063,58.259842],[58.924693,58.28101],[58.908816,58.241315],[58.874304,58.245395],[58.861294,58.21011],[58.816306,58.214851],[58.805502,58.176148],[58.778046,58.179125],[58.762831,58.141415],[58.738242,58.144281],[58.688293,58.115502],[58.663264,58.105247],[58.676717,58.069522],[58.650475,58.050005],[58.625445,58.058715],[58.586743,58.041514],[58.597439,58.021005],[58.638569,58.004797],[58.642168,57.975416],[58.662396,57.94694],[58.649257,57.943832],[58.668554,57.933306],[58.686603,57.913182],[58.686545,57.899422],[58.702668,57.885296],[58.744246,57.892697],[58.728266,57.852053],[58.863791,57.838097],[58.83132,57.740102],[58.847335,57.725834],[58.805427,57.729091],[58.744342,57.690972],[58.679547,57.655736],[58.594911,57.597965],[58.537085,57.564072],[58.517058,57.562257],[58.510638,57.574219],[58.469498,57.576165],[58.460452,57.582358],[58.465331,57.620189],[58.449041,57.650015],[58.428456,57.660667],[58.452214,57.664705],[58.446871,57.673931],[58.387239,57.673989],[58.276121,57.677705],[58.250693,57.673932],[58.238149,57.682415],[58.15942,57.679759],[58.154722,57.695192],[58.094477,57.658863],[58.107606,57.651305],[58.109025,57.630595],[58.092918,57.619945],[58.119009,57.602701],[58.088728,57.588975],[58.064248,57.595706],[58.063776,57.611709],[58.030354,57.611408],[58.028868,57.566948],[57.985679,57.554646],[57.985624,57.535398],[57.968976,57.489028],[58.012026,57.484537],[57.940486,57.31643],[57.979685,57.312939],[57.940085,57.296469],[57.955704,57.29033],[57.98373,57.293403],[58.02596,57.274177],[58.010854,57.265621],[58.016394,57.25284],[58.047489,57.248701],[58.028881,57.237622],[58.017442,57.213096],[57.99185,57.22149],[57.98641,57.21175],[57.998718,57.19],[58.025352,57.18495],[58.035169,57.197225],[58.047652,57.193216],[58.032166,57.150674],[58.124395,57.142605],[58.117442,57.12396],[58.103573,57.128724],[58.061359,57.125685],[58.039704,57.114243],[58.09072,57.100279],[58.069369,57.049412],[58.059225,57.057241],[58.037282,57.05294],[58.026036,57.03629],[57.970683,57.052278],[58.016111,57.057461],[58.021624,57.078962],[57.980275,57.0783],[57.965941,57.070912],[57.943116,57.072786],[57.945763,57.056247],[57.909045,57.061429],[57.89449,57.052608],[57.872988,57.055695],[57.843328,57.032208],[57.848842,57.017874],[57.839691,57.005965],[57.823702,57.007068],[57.839912,56.984905],[57.826571,56.962411],[57.80959,56.966932],[57.816977,56.977517],[57.80562,56.986779],[57.780921,56.990197],[57.774857,56.962852],[57.751041,56.944878],[57.706604,56.957668],[57.661506,56.944216],[57.676062,56.920509],[57.665146,56.910806],[57.640337,56.908711],[57.636698,56.917311],[57.598657,56.916208],[57.578258,56.910474],[57.572525,56.894596],[57.466781,56.912899],[57.430833,56.955129],[57.389154,56.937376],[57.371511,56.955349],[57.359934,56.937376],[57.315829,56.928444],[57.297195,56.91036],[57.268085,56.901759],[57.265219,56.889741],[57.248349,56.884779],[57.229384,56.856],[57.254415,56.840563],[57.271947,56.838248],[57.2768,56.817298],[57.270625,56.802522],[57.305029,56.775177],[57.323223,56.772421],[57.347261,56.748935],[57.306575,56.718061],[57.317492,56.705601],[57.335244,56.703617],[57.335024,56.687188],[57.367994,56.680462],[57.395008,56.683991],[57.438894,56.677265],[57.39909,56.640547],[57.346936,56.621581],[57.338556,56.609783],[57.371084,56.606255],[57.387514,56.598095],[57.418167,56.609232],[57.418168,56.580454],[57.408575,56.581666],[57.388288,56.531496],[57.370646,56.527306],[57.35058,56.467764],[57.357308,56.440859],[57.323348,56.394217],[57.312763,56.390579],[57.32809,56.374039],[57.371424,56.379994],[57.388736,56.372496],[57.410728,56.346032],[57.406237,56.34266],[57.390734,56.331497],[57.348693,56.331209],[57.353176,56.320814],[57.324945,56.314887],[57.297953,56.32104],[57.306645,56.310392],[57.285038,56.304739],[57.298041,56.272278],[57.248166,56.271258],[57.219294,56.249383],[57.195286,56.250602],[57.216173,56.208547],[57.200482,56.19639],[57.227381,56.199451],[57.23492,56.19177],[57.204048,56.188198],[57.203793,56.169341],[57.185657,56.171752],[57.167776,56.162307],[57.144839,56.165789],[57.114189,56.159438],[57.064534,56.159073],[57.044666,56.150958],[57.045964,56.126737],[57.007201,56.136611],[56.970055,56.125026],[56.921333,56.103883],[56.910454,56.110593],[56.883149,56.110432],[56.86701,56.147413],[56.85044,56.166111],[56.783004,56.164346],[56.768379,56.193539],[56.746621,56.209651],[56.758236,56.219029],[56.725129,56.230841],[56.652679,56.232966],[56.651969,56.25574],[56.6209,56.264502],[56.594748,56.262981],[56.597125,56.274223],[56.578681,56.2905],[56.538582,56.313044],[56.506254,56.344041],[56.535034,56.350188],[56.532621,56.361487],[56.572244,56.389021],[56.532631,56.397031],[56.507644,56.376753],[56.483962,56.388626],[56.460827,56.365593],[56.40723,56.40379],[56.362071,56.388603],[56.377829,56.365215],[56.324682,56.365207],[56.321917,56.341382],[56.303726,56.333371],[56.283691,56.314425],[56.285953,56.304422],[56.267411,56.305743],[56.235373,56.320566],[56.218417,56.316403],[56.162298,56.317164],[56.122626,56.310245],[56.124858,56.30038],[56.081113,56.290316],[56.051117,56.314239],[56.042079,56.339931],[56.017745,56.339763],[55.952536,56.373755],[55.941528,56.388746],[55.945286,56.408605],[55.935976,56.413169],[55.919867,56.449547],[55.908537,56.456142],[55.879236,56.456682],[55.867046,56.442979],[55.874755,56.432733],[55.83681,56.42065],[55.789442,56.435629],[55.774309,56.445925],[55.739046,56.430493],[55.707318,56.435715],[55.691955,56.408486],[55.633282,56.395796],[55.627859,56.400694],[55.522033,56.380746],[55.506358,56.359249],[55.459557,56.331608],[55.42206,56.331012],[55.38524,56.317094],[55.368311,56.323734],[55.331195,56.316454],[55.280699,56.320966],[55.238503,56.344644],[55.206916,56.37202],[55.187945,56.358086],[55.201268,56.324517],[55.196512,56.307451],[55.150002,56.307456],[55.136998,56.341632],[55.116014,56.3494],[55.039763,56.344946],[55.021135,56.340348],[55.021814,56.324292],[54.989742,56.325124],[54.978383,56.334995],[54.943592,56.337213],[54.937518,56.370654],[54.929619,56.380248],[54.899297,56.390083],[54.867232,56.393269],[54.863153,56.402275],[54.788421,56.426413],[54.787349,56.436567],[54.733821,56.430409],[54.707192,56.464125],[54.679644,56.4862],[54.682184,56.501397],[54.646429,56.500862],[54.630839,56.509492],[54.61472,56.504647],[54.603274,56.513835],[54.60915,56.531315],[54.577733,56.534643],[54.5398,56.5114],[54.5392,56.4953],[54.5248,56.468],[54.5025,56.4604],[54.4937,56.4467],[54.4979,56.4325],[54.4864,56.4107],[54.4627,56.4003],[54.4466,56.3748],[54.4575,56.3571],[54.444573,56.34606],[54.418623,56.362086],[54.410856,56.376841],[54.377579,56.378702],[54.3468,56.401529],[54.338456,56.430565],[54.344629,56.456246],[54.329599,56.464091],[54.328795,56.482895],[54.244086,56.458165],[54.218731,56.469356],[54.205898,56.498706],[54.190389,56.506259],[54.191302,56.534463],[54.141266,56.532146],[54.10796,56.541972],[54.103281,56.579168],[54.070281,56.577721],[54.054993,56.592409],[54.041618,56.579077],[54.033573,56.589073],[54.064054,56.624547],[54.082409,56.635401],[54.050387,56.638054],[53.962696,56.601512],[53.876681,56.597965],[53.864883,56.588813],[53.84102,56.59672],[53.838854,56.625688],[53.865246,56.620372],[53.84524,56.643374],[53.851004,56.654217],[53.884968,56.662533],[53.901705,56.679068],[53.884949,56.678908],[53.885947,56.717607],[53.849607,56.718192],[53.854054,56.758561],[53.82716,56.759525],[53.806785,56.779609],[53.831831,56.797308],[53.796359,56.800024],[53.803202,56.817448],[53.827534,56.820257],[53.873961,56.815064],[53.905032,56.782888],[53.943293,56.761489],[53.978163,56.752412],[54.014841,56.752071],[54.03253,56.757927],[54.061375,56.778247],[54.05943,56.789674],[54.08791,56.81075],[54.097687,56.843158],[54.107012,56.854994],[54.101643,56.889308],[54.124079,56.891253],[54.150754,56.922388],[54.148268,56.94274],[54.153452,56.980931],[54.225297,56.992335],[54.257175,56.980451],[54.303163,56.97305],[54.36676,56.981221],[54.434826,57.035921],[54.393782,57.041128],[54.393693,57.058227],[54.347069,57.07743],[54.311305,57.0841],[54.314321,57.091715],[54.289141,57.114539],[54.319761,57.110327],[54.331194,57.130563],[54.322196,57.140156],[54.344605,57.158853],[54.330755,57.165285],[54.340671,57.175154],[54.319205,57.18663],[54.327436,57.21328],[54.340702,57.223288],[54.299241,57.239152],[54.29802,57.245973],[54.328177,57.267346],[54.310318,57.283404],[54.311665,57.305716],[54.217127,57.306307],[54.205214,57.29933],[54.185449,57.315996],[54.141776,57.315905],[54.124469,57.346259],[54.149179,57.371825],[54.119877,57.377806],[54.142765,57.38683],[54.154916,57.401067],[54.206791,57.399698],[54.218424,57.410733],[54.292475,57.432529],[54.273253,57.440659],[54.273825,57.461266],[54.18859,57.468123],[54.174891,57.479743],[54.143876,57.483947],[54.17044,57.50163],[54.173095,57.521944],[54.142203,57.532375],[54.113674,57.535628],[54.107028,57.528856],[54.063941,57.529366],[54.059918,57.514508],[54.031841,57.52388],[54.051644,57.528055],[54.044726,57.544242],[54.058109,57.544873],[54.043913,57.570364],[54.02448,57.556596],[53.991837,57.559337],[53.992334,57.588211],[54.01381,57.596813],[54.040194,57.586715],[54.059279,57.594556],[54.051878,57.6058],[54.088364,57.612969],[54.103149,57.606745],[54.126741,57.615644],[54.098266,57.635629],[54.050386,57.643421],[54.063679,57.645237],[54.056055,57.680584],[54.088111,57.686243],[54.12001,57.706049],[54.153117,57.701943],[54.155006,57.71436],[54.111653,57.74115],[54.135365,57.739321],[54.138683,57.756679],[54.155539,57.774661],[54.119574,57.809495],[54.137142,57.815237],[54.132491,57.842951],[54.141852,57.855673],[54.130595,57.875985],[54.092953,57.90138],[54.085662,57.918409],[54.102384,57.925599],[54.118932,57.947192],[54.136468,57.957979],[54.07895,57.991935],[54.071602,58.009748],[53.989937,58.069713],[53.94708,58.084837],[53.93644,58.106267],[53.948822,58.123932],[53.93725,58.134961],[53.945871,58.146597],[53.925447,58.156092],[53.885234,58.164273],[53.908204,58.179682],[53.881299,58.200116],[53.82639,58.210146],[53.785463,58.236607],[53.831076,58.262961],[53.833044,58.270021],[53.865735,58.284107],[53.88668,58.31436],[53.854932,58.342762],[53.828815,58.350435],[53.845873,58.354893],[53.840281,58.365872],[53.811236,58.377084],[53.812801,58.391611],[53.791731,58.401598],[53.772575,58.420644],[53.785599,58.455538],[53.783764,58.483933],[53.756904,58.517944],[53.737746,58.566704],[53.702641,58.602127],[53.749021,58.634454],[53.76717,58.656445],[53.736911,58.678736],[53.739067,58.691258],[53.77008,58.704195],[53.780279,58.722024],[53.831196,58.728741],[53.843634,58.739605],[53.905413,58.754864],[53.931242,58.773891],[53.914947,58.785376],[53.926141,58.794746],[53.826422,58.828951],[53.796361,58.861913],[53.799013,58.89102],[53.773512,58.918177],[53.753649,58.964697],[53.770654,59.00398],[53.790244,59.017119],[53.841905,59.024331],[53.87563,59.044473],[53.87582,59.067936],[53.902916,59.086836],[53.870817,59.120355],[53.819608,59.111349],[53.77943,59.138797],[53.725112,59.181336],[53.682241,59.151151],[53.72213,59.117775],[53.491391,59.14837],[53.415141,59.147002],[53.384022,59.152672],[53.326657,59.206955],[53.307085,59.235149],[53.231039,59.322301],[53.222744,59.358456],[53.290739,59.41866],[53.357126,59.461552],[53.384659,59.540487],[53.441566,59.679458],[53.449701,59.702848],[53.597778,59.687428],[53.6303,59.742317],[53.685846,60.001456],[53.641061,60.090185],[53.625636,60.114233],[53.577372,60.144582],[53.563772,60.158347],[53.487396,60.18737],[53.475288,60.204535],[53.436561,60.223524],[53.421552,60.224519],[53.37263,60.155608],[53.075593,60.150712],[52.920523,60.153778],[52.459294,60.184619],[52.44445,60.184868],[52.317282,60.227188],[52.368736,60.358377],[52.33204,60.362488],[52.328689,60.375278],[52.348937,60.438315],[52.12267,60.464806],[52.152814,60.541242],[51.963015,60.561338],[51.771541,60.579912],[51.802294,60.656196],[51.833505,60.726086],[51.893792,60.8817],[52.360943,60.829175],[52.431433,60.976416],[52.653132,60.952514],[52.806464,60.937746],[52.870558,61.09062],[53.335883,61.041293],[53.413843,61.032158],[53.381415,60.959071],[53.352946,60.882025],[53.607078,60.854012],[53.728412,60.842451],[53.826351,60.835202],[53.869119,60.967148],[53.87597,60.982831],[54.221919,60.944922],[54.370378,60.927261],[54.723331,60.886916],[54.976851,60.859908],[55.05005,61.009161],[55.19996,60.991563],[55.272479,61.146023],[55.730554,61.09171],[55.813087,61.246778],[56.274501,61.191858],[56.326083,61.291241],[56.311972,61.301255],[56.322895,61.332511],[56.37827,61.443122],[56.56634,61.418999],[56.597365,61.492892],[56.63947,61.488492],[56.653124,61.5243],[56.73248,61.514439],[57.080551,61.475297],[57.092687,61.50185],[57.922196,61.498826],[57.997294,61.499984],[58.231781,61.497631],[58.843882,61.495045],[58.844108,61.51788],[58.918948,61.531536],[58.974044,61.522075],[58.984156,61.532422],[59.023314,61.538406],[59.048309,61.536394],[59.090423,61.574337],[59.114905,61.59132],[59.123438,61.610362],[59.148321,61.629707],[59.187468,61.628191],[59.206699,61.639798],[59.236325,61.62637],[59.281881,61.641696],[59.292805,61.655731],[59.348463,61.66377]],[[53.842667,56.617525],[53.853217,56.599894],[53.957127,56.602785],[53.992823,56.616226],[54.044127,56.642096],[54.076377,56.640808],[54.095682,56.654968],[54.022272,56.656415],[54.013632,56.674432],[53.987186,56.64831],[53.981117,56.633568],[53.962474,56.628799],[53.945975,56.646311],[53.923308,56.649609],[53.889345,56.645707],[53.882409,56.625908],[53.842667,56.617525]]]}},{"type":"Feature","properties":{"name":"Новгородская область","cartodb_id":4,"created_at":"2013-12-04T04:23:51+0100","updated_at":"2013-12-04T08:17:06+0100","name_latin":"Novgorod Oblast"},"geometry":{"type":"Polygon","coordinates":[[[29.894085,58.445747],[29.899773,58.45326],[29.930579,58.442943],[29.944335,58.45831],[29.963506,58.448139],[29.953409,58.435919],[30.021129,58.445286],[30.069715,58.447409],[30.062213,58.474007],[30.097774,58.479715],[30.108895,58.489301],[30.132895,58.492008],[30.093382,58.502709],[30.099747,58.51449],[30.171235,58.530442],[30.119793,58.565802],[30.102779,58.599772],[30.072681,58.628347],[30.111447,58.641425],[30.070616,58.65401],[30.065055,58.667875],[30.083421,58.668022],[30.117042,58.679035],[30.136505,58.693231],[30.108992,58.702084],[30.093186,58.719883],[30.10299,58.728005],[30.120552,58.720981],[30.121606,58.745329],[30.152307,58.742787],[30.177806,58.757696],[30.192149,58.745769],[30.215526,58.760751],[30.229869,58.743629],[30.270039,58.748679],[30.28837,58.736533],[30.323053,58.743924],[30.338783,58.760534],[30.347053,58.746924],[30.377748,58.73926],[30.368969,58.718991],[30.388067,58.719065],[30.406441,58.702876],[30.444995,58.704468],[30.496031,58.723713],[30.561832,58.726569],[30.586033,58.70447],[30.598691,58.715739],[30.619838,58.71455],[30.643105,58.731892],[30.664179,58.736576],[30.6824,58.713746],[30.713789,58.736394],[30.700691,58.745174],[30.713969,58.778193],[30.715278,58.809309],[30.728272,58.813919],[30.715247,58.8257],[30.67888,58.833528],[30.68272,58.858718],[30.70555,58.853523],[30.736282,58.856816],[30.749598,58.870061],[30.762184,58.856524],[30.772318,58.872842],[30.813167,58.876562],[30.873475,58.903392],[30.922426,58.921503],[30.952352,58.94276],[30.965082,58.963907],[30.954106,58.973145],[30.978618,58.980755],[30.979056,58.989316],[31.003275,59.000292],[30.98666,59.012498],[30.964267,59.016809],[30.956004,59.033255],[30.97115,59.043847],[30.990029,59.040555],[31.02193,59.065891],[31.046515,59.075477],[31.05976,59.067941],[31.080905,59.090679],[31.129491,59.08929],[31.164102,59.075406],[31.15503,59.054625],[31.187226,59.047089],[31.222168,59.005089],[31.300095,59.006846],[31.317327,59.018005],[31.306643,59.022907],[31.365912,59.026348],[31.371545,59.046982],[31.356837,59.056421],[31.425946,59.072172],[31.476982,59.101899],[31.462931,59.124363],[31.483967,59.137644],[31.488575,59.166967],[31.469404,59.165211],[31.508878,59.200718],[31.510194,59.21184],[31.53361,59.199402],[31.566976,59.211201],[31.580584,59.231836],[31.548826,59.259],[31.537263,59.281025],[31.54019,59.293684],[31.558848,59.293245],[31.541212,59.315781],[31.552404,59.369069],[31.602563,59.376314],[31.648003,59.362046],[31.686894,59.360583],[31.710677,59.335797],[31.747408,59.342822],[31.760287,59.333749],[31.726222,59.321524],[31.740312,59.315218],[31.800679,59.313024],[31.808873,59.327274],[31.786775,59.339493],[31.804102,59.354581],[31.860347,59.360604],[31.906152,59.376154],[31.927479,59.41146],[31.963515,59.432369],[31.986358,59.433329],[31.989784,59.421321],[31.97098,59.40515],[32.001565,59.409687],[32.031457,59.38812],[32.032554,59.405169],[32.095995,59.38192],[32.11802,59.382505],[32.114947,59.371676],[32.187354,59.319213],[32.222036,59.338385],[32.211574,59.320311],[32.184428,59.310652],[32.202941,59.303646],[32.253867,59.325891],[32.236085,59.343379],[32.260159,59.333208],[32.22855,59.306793],[32.199722,59.289634],[32.218601,59.275731],[32.248454,59.290439],[32.276003,59.289159],[32.296785,59.278769],[32.279225,59.258866],[32.289689,59.243793],[32.315885,59.241287],[32.286252,59.224604],[32.301106,59.215311],[32.278496,59.211945],[32.280729,59.202122],[32.347097,59.172488],[32.373549,59.170824],[32.408306,59.160654],[32.475441,59.152277],[32.464174,59.137715],[32.43249,59.15169],[32.407611,59.151251],[32.389173,59.142433],[32.417564,59.130507],[32.447236,59.107971],[32.4997,59.112508],[32.575761,59.135778],[32.564201,59.115948],[32.615568,59.110095],[32.647397,59.117194],[32.679042,59.144981],[32.725908,59.148458],[32.728833,59.173921],[32.74676,59.175166],[32.764174,59.188044],[32.738417,59.195672],[32.765856,59.206355],[32.770172,59.218648],[32.736805,59.240252],[32.72956,59.257154],[32.744998,59.265203],[32.732449,59.271441],[32.76318,59.286076],[32.773204,59.301662],[32.846921,59.348621],[32.92141,59.348622],[32.937799,59.373098],[32.970725,59.392197],[32.966106,59.420202],[33.020992,59.426387],[33.056956,59.418503],[33.066544,59.379503],[33.112934,59.388504],[33.138436,59.371346],[33.155191,59.383858],[33.212852,59.363024],[33.23473,59.362439],[33.261586,59.337195],[33.262062,59.320932],[33.342771,59.315153],[33.348401,59.385252],[33.444585,59.379253],[33.523794,59.378011],[33.536818,59.387084],[33.630295,59.382494],[33.62203,59.327798],[33.663372,59.327287],[33.660739,59.308774],[33.690447,59.310604],[33.706362,59.298202],[33.733765,59.297653],[33.773571,59.28302],[33.78206,59.264727],[33.804305,59.258782],[33.79977,59.239318],[33.819526,59.234489],[33.791393,59.216177],[33.800101,59.200665],[33.907846,59.207326],[33.922076,59.236723],[33.93254,59.234674],[33.929835,59.199991],[33.946848,59.187296],[33.966019,59.186052],[33.972166,59.173905],[34.011606,59.162382],[34.032296,59.147703],[34.067181,59.150181],[34.076767,59.140523],[34.116426,59.141914],[34.117889,59.156841],[34.105741,59.170158],[34.158973,59.183018],[34.176535,59.173287],[34.21162,59.178739],[34.215204,59.205227],[34.248351,59.20713],[34.25695,59.188691],[34.28417,59.178155],[34.330122,59.18379],[34.319438,59.190521],[34.341462,59.204132],[34.38083,59.177717],[34.391952,59.182766],[34.397953,59.160632],[34.423344,59.156681],[34.423125,59.144681],[34.450966,59.160066],[34.479577,59.141627],[34.511956,59.144646],[34.556885,59.118012],[34.58019,59.121616],[34.627166,59.114153],[34.658414,59.121465],[34.692216,59.11088],[34.706925,59.097856],[34.725364,59.098002],[34.722362,59.084852],[34.719093,59.077804],[34.787139,59.059266],[34.864922,59.055515],[34.897115,59.049105],[34.880476,59.037994],[34.886035,59.021586],[34.854364,59.005326],[34.868292,58.990594],[34.964019,58.97239],[34.952621,58.954057],[34.998257,58.939983],[35.012299,58.951467],[35.050143,58.949693],[35.047105,58.93273],[35.010426,58.93434],[35.02031,58.924973],[35.071264,58.926817],[35.126324,58.950953],[35.17886,58.948819],[35.185427,58.924265],[35.199209,58.921745],[35.185952,58.905345],[35.162752,58.907806],[35.138309,58.885517],[35.131941,58.868317],[35.143263,58.84902],[35.128426,58.81525],[35.175289,58.816589],[35.209615,58.829118],[35.245632,58.815665],[35.224269,58.804292],[35.226512,58.789791],[35.253609,58.792572],[35.247236,58.78074],[35.27866,58.786333],[35.282841,58.767134],[35.295517,58.779846],[35.299956,58.799885],[35.317402,58.799765],[35.366683,58.827381],[35.360265,58.846879],[35.3872,58.841041],[35.409386,58.84934],[35.43756,58.847561],[35.461428,58.861123],[35.468928,58.84862],[35.491686,58.843629],[35.552567,58.847333],[35.557281,58.828387],[35.575546,58.829182],[35.57926,58.810316],[35.726526,58.818099],[35.711735,58.821923],[35.724038,58.838771],[35.75633,58.842318],[35.775797,58.829755],[35.827022,58.815966],[35.817984,58.806757],[35.790648,58.821448],[35.744992,58.82213],[35.750499,58.781599],[35.775429,58.772214],[35.783203,58.753698],[35.83502,58.75555],[35.858508,58.744873],[35.899606,58.755414],[35.925393,58.747785],[35.962167,58.751129],[35.97774,58.745056],[35.966447,58.735174],[35.912573,58.738155],[35.928449,58.729182],[35.986987,58.72292],[35.987598,58.684919],[35.995346,58.684884],[35.996759,58.714157],[36.010762,58.703056],[36.016158,58.723456],[36.033312,58.725155],[36.045221,58.714719],[36.103803,58.724755],[36.119013,58.699482],[36.116421,58.674069],[36.153556,58.632827],[36.127689,58.623972],[36.1498,58.613111],[36.199279,58.61869],[36.219745,58.607657],[36.228686,58.582474],[36.212545,58.559521],[36.176846,58.541681],[36.181682,58.51165],[36.124582,58.497919],[36.102447,58.504954],[36.043097,58.473604],[36.015296,58.472598],[36.0197,58.459165],[35.958054,58.466351],[35.92145,58.451908],[35.918009,58.439865],[35.941912,58.438396],[35.939633,58.423027],[35.916309,58.42043],[35.904824,58.434683],[35.888604,58.422124],[35.835318,58.41584],[35.836414,58.426799],[35.768285,58.432275],[35.777631,58.45289],[35.754942,58.45011],[35.732741,58.434081],[35.688914,58.441939],[35.690179,58.448823],[35.656716,58.450978],[35.644882,58.46017],[35.622531,58.450428],[35.551328,58.456874],[35.536775,58.445934],[35.516529,58.447671],[35.497564,58.428603],[35.460123,58.428659],[35.470656,58.409995],[35.376726,58.406808],[35.331258,58.412427],[35.304491,58.408005],[35.304681,58.396007],[35.254972,58.390497],[35.247637,58.381558],[35.283327,58.36566],[35.276753,58.345296],[35.255755,58.317227],[35.264654,58.297481],[35.257167,58.274199],[35.231997,58.26181],[35.206943,58.25826],[35.195361,58.246905],[35.142443,58.23915],[35.11844,58.212464],[35.077818,58.213585],[35.050888,58.194615],[35.004235,58.207862],[34.974672,58.225534],[34.963552,58.218088],[34.954828,58.229452],[34.928811,58.231576],[34.898552,58.224394],[34.821427,58.231177],[34.793484,58.245972],[34.749008,58.223637],[34.689496,58.200132],[34.724218,58.202071],[34.716572,58.185445],[34.736603,58.172142],[34.711954,58.152155],[34.731345,58.142323],[34.721495,58.090302],[34.671645,58.07347],[34.657612,58.083881],[34.645992,58.078059],[34.615104,58.094454],[34.617502,58.10639],[34.59814,58.105445],[34.596931,58.118418],[34.560291,58.115115],[34.551974,58.104723],[34.527531,58.117053],[34.504716,58.114822],[34.484339,58.127741],[34.498089,58.139293],[34.465114,58.155906],[34.425484,58.149261],[34.370037,58.161658],[34.379375,58.171867],[34.357481,58.176971],[34.349473,58.164745],[34.27885,58.177382],[34.276928,58.187918],[34.223395,58.187271],[34.190048,58.200448],[34.204372,58.205885],[34.170765,58.212845],[34.149264,58.200866],[34.133311,58.214555],[34.110204,58.203651],[34.063235,58.191565],[34.047469,58.195008],[34.026013,58.18429],[34.018985,58.205009],[33.998275,58.213395],[33.968536,58.195951],[33.95975,58.180582],[33.928132,58.163292],[33.802965,58.137807],[33.780013,58.169795],[33.74091,58.16248],[33.705874,58.170305],[33.696798,58.152536],[33.665874,58.148524],[33.669436,58.140084],[33.637842,58.128632],[33.635316,58.107335],[33.617137,58.122078],[33.585955,58.120475],[33.575189,58.108559],[33.602981,58.100814],[33.551355,58.067343],[33.529306,58.061171],[33.53089,58.051676],[33.554386,58.042703],[33.544086,58.034797],[33.569504,58.023685],[33.62454,58.038732],[33.625161,58.005129],[33.64015,57.997918],[33.689505,58.002835],[33.692728,57.990429],[33.677965,57.981365],[33.69115,57.968512],[33.668348,57.961045],[33.684006,57.905601],[33.647059,57.873226],[33.605802,57.869105],[33.597558,57.874356],[33.547352,57.851164],[33.575312,57.843942],[33.567594,57.835301],[33.544991,57.836258],[33.564736,57.795364],[33.549292,57.794531],[33.551329,57.767487],[33.567818,57.756921],[33.566229,57.74634],[33.586473,57.739469],[33.593119,57.727617],[33.569241,57.713418],[33.535533,57.710684],[33.509664,57.728809],[33.507938,57.717502],[33.48021,57.714533],[33.492127,57.699274],[33.476542,57.679353],[33.45587,57.692623],[33.426627,57.700311],[33.306631,57.648529],[33.30101,57.629189],[33.32445,57.614812],[33.318586,57.583298],[33.294918,57.582941],[33.304749,57.565236],[33.293068,57.54945],[33.268076,57.553838],[33.253062,57.544852],[33.233437,57.545719],[33.232229,57.477529],[33.266631,57.463398],[33.264033,57.42192],[33.240044,57.411426],[33.213418,57.411762],[33.196153,57.423895],[33.160375,57.430798],[33.185483,57.444382],[33.184909,57.453961],[33.154916,57.455583],[33.127341,57.465221],[33.07835,57.466113],[33.073025,57.442789],[33.050486,57.429899],[33.018319,57.435847],[33.004129,57.44903],[32.962562,57.446606],[32.937279,57.465572],[32.915921,57.445144],[32.871533,57.451668],[32.859809,57.460455],[32.826286,57.455627],[32.78858,57.467192],[32.781273,57.449085],[32.76576,57.440478],[32.749844,57.443715],[32.706919,57.434025],[32.706845,57.406561],[32.681974,57.410075],[32.662259,57.390892],[32.670973,57.375154],[32.626831,57.34468],[32.631678,57.334859],[32.593406,57.328621],[32.582649,57.320788],[32.545901,57.34028],[32.547621,57.324454],[32.477148,57.285729],[32.436438,57.276537],[32.434068,57.269259],[32.391948,57.260135],[32.384981,57.230085],[32.327271,57.225718],[32.292204,57.240814],[32.276174,57.259781],[32.236373,57.255114],[32.231125,57.229682],[32.24883,57.225543],[32.250349,57.202555],[32.210399,57.186733],[32.191207,57.19078],[32.181588,57.178602],[32.155924,57.184418],[32.106282,57.185621],[32.083323,57.176584],[32.08108,57.159026],[32.020452,57.149556],[32.015875,57.128794],[32.001669,57.113838],[31.967902,57.114984],[31.969155,57.109182],[31.922915,57.095235],[31.928792,57.08353],[31.913784,57.07957],[31.882155,57.094541],[31.896333,57.10219],[31.898327,57.125242],[31.880087,57.130835],[31.873182,57.12099],[31.818398,57.104165],[31.779036,57.09861],[31.755728,57.114047],[31.743553,57.092969],[31.725252,57.092029],[31.711352,57.073049],[31.68957,57.071595],[31.66991,57.056472],[31.671558,57.043636],[31.647391,57.026185],[31.65357,57.013395],[31.679213,57.012223],[31.702837,56.99325],[31.646749,57.003313],[31.615116,56.984392],[31.613833,56.990603],[31.563951,56.977634],[31.531003,56.946578],[31.441735,56.954436],[31.434381,56.924694],[31.396194,56.909396],[31.368725,56.927522],[31.343863,56.928755],[31.334984,56.939236],[31.308221,56.937681],[31.298762,56.955736],[31.275091,56.948262],[31.241306,56.951509],[31.225126,56.936859],[31.20466,56.942175],[31.152641,56.9384],[31.100948,56.930977],[31.097912,56.938615],[31.069698,56.943224],[31.069051,56.956625],[31.054287,56.954979],[31.030901,56.98758],[31.004929,56.986641],[31.006758,56.977791],[30.978757,56.969897],[30.940913,56.972944],[30.906157,56.960783],[30.871113,56.941201],[30.837601,56.932488],[30.843536,56.957],[30.815769,56.960159],[30.804566,56.952307],[30.765501,56.9457],[30.72921,56.974329],[30.686505,56.984573],[30.700292,56.996159],[30.675652,57.004156],[30.688417,57.041401],[30.687549,57.149025],[30.62847,57.176504],[30.745663,57.263208],[30.541043,57.30409],[30.464248,57.350097],[30.49709,57.36671],[30.49393,57.374274],[30.53676,57.385973],[30.522653,57.395435],[30.49862,57.391413],[30.478129,57.403573],[30.451702,57.398402],[30.453331,57.385572],[30.476886,57.37255],[30.457832,57.36422],[30.427384,57.367475],[30.413403,57.396966],[30.435616,57.40477],[30.423359,57.424207],[30.469318,57.449581],[30.463667,57.46538],[30.486072,57.483142],[30.505413,57.486206],[30.515634,57.501436],[30.468931,57.509617],[30.463377,57.521873],[30.499187,57.53006],[30.504069,57.544614],[30.542752,57.546626],[30.563625,57.565202],[30.680627,57.644054],[30.518809,57.642471],[30.495828,57.662962],[30.45226,57.687999],[30.494388,57.720986],[30.475142,57.732284],[30.503292,57.743775],[30.496683,57.772213],[30.448329,57.778244],[30.434637,57.773648],[30.41721,57.781691],[30.435114,57.802182],[30.448232,57.798639],[30.510565,57.804912],[30.539483,57.840542],[30.530765,57.857],[30.544553,57.86399],[30.518987,57.884002],[30.472931,57.885868],[30.466133,57.879165],[30.42113,57.879069],[30.394378,57.890642],[30.386372,57.90358],[30.342518,57.902431],[30.336198,57.915453],[30.294738,57.910281],[30.245907,57.890843],[30.198798,57.89496],[30.153986,57.907406],[30.168443,57.926126],[30.116067,57.940727],[30.089066,57.938907],[30.090884,57.949966],[30.071759,57.958173],[29.991783,57.942018],[29.979335,57.955518],[29.958462,57.955135],[29.942472,57.945464],[29.901395,57.941441],[29.910108,57.953985],[29.884255,57.959538],[29.889138,57.968395],[29.876784,57.997024],[29.903595,57.990322],[29.952914,58.009644],[29.947063,58.023788],[29.987182,58.030395],[29.993884,58.042747],[29.980574,58.049162],[29.937487,58.038916],[29.88875,58.04533],[29.889036,58.062518],[29.862705,58.069986],[29.833022,58.067831],[29.789646,58.091002],[29.7569,58.085352],[29.744548,58.094448],[29.711514,58.096171],[29.700695,58.081329],[29.673886,58.072999],[29.650905,58.082908],[29.628881,58.100909],[29.647839,58.108761],[29.646594,58.124608],[29.668328,58.134087],[29.657124,58.162669],[29.6644,58.176265],[29.689452,58.188816],[29.679048,58.210688],[29.637109,58.214326],[29.638353,58.224379],[29.658689,58.233783],[29.637299,58.235391],[29.617957,58.252625],[29.633659,58.256647],[29.682779,58.252818],[29.700206,58.256936],[29.766656,58.252532],[29.822478,58.258278],[29.815871,58.272353],[29.862787,58.289446],[29.845934,58.304047],[29.854264,58.310941],[29.892181,58.309506],[29.908648,58.348333],[29.933063,58.3626],[29.904817,58.363749],[29.89256,58.374855],[29.913505,58.39051],[29.894187,58.398697],[29.875322,58.422347],[29.91793,58.437381],[29.894085,58.445747]]]}},{"type":"Feature","properties":{"name":"Архангельская область","cartodb_id":2,"created_at":"2013-12-04T04:23:51+0100","updated_at":"2013-12-04T08:17:12+0100","name_latin":"Arkhangelsk Oblast"},"geometry":{"type":"MultiPolygon","coordinates":[[[[37.90677,63.99368],[37.89757,63.99117],[37.86085,64.01164],[37.90677,63.99368]]],[[[36.78719,64.04337],[36.79209,64.03429],[36.76013,64.01386],[36.76929,64.03847],[36.76403,64.06013],[36.78719,64.04337]]],[[[35.63596,64.96554],[35.69733,64.98416],[35.69343,64.96938],[35.63867,64.95321],[35.63596,64.96554]]],[[[42.67422,66.68276],[42.66041,66.66158],[42.59456,66.67542],[42.49166,66.70989],[42.44038,66.73695],[42.42968,66.74957],[42.44888,66.76728],[42.48434,66.77539],[42.52459,66.77462],[42.61254,66.75653],[42.65046,66.7392],[42.67422,66.68276]]],[[[44.249558,66.436164],[44.520753,66.361621],[44.589523,66.297577],[44.854938,66.230571],[44.989002,66.225047],[45.179847,66.194308],[45.267541,66.178248],[45.515382,66.115301],[45.70329,66.083267],[45.72583,66.069019],[45.848494,66.085428],[46.134673,66.058836],[46.139164,66.0521],[46.307209,66.037941],[46.347105,66.038287],[46.426725,66.017737],[46.558159,65.978016],[46.686639,65.953591],[46.770449,65.935343],[47.144758,65.821305],[47.269648,65.831014],[47.471346,65.843935],[47.738354,65.820969],[47.797418,65.837895],[47.843529,65.855339],[47.749226,65.906458],[47.824563,65.981587],[47.849174,65.982969],[47.911042,66.032277],[48.029132,66.013281],[48.063755,66.067943],[48.072645,66.113106],[48.084647,66.129254],[48.30187,66.127185],[48.405668,66.122351],[48.721637,66.118556],[48.999789,66.113264],[48.998237,66.023014],[49.018291,65.810241],[49.036279,65.511115],[49.0466,65.435568],[49.03605,65.43562],[49.048729,65.331847],[49.055647,65.22477],[49.120065,65.23107],[49.636629,65.289107],[49.762888,65.176504],[49.918852,65.066148],[49.995711,65.013474],[50.245634,64.82851],[50.368085,64.815904],[50.498827,64.791727],[50.443223,64.690694],[50.393837,64.579471],[50.360683,64.510388],[49.912503,64.557875],[49.905423,64.547513],[49.552407,64.575831],[49.483163,64.425058],[48.961064,64.477553],[48.885516,64.342669],[48.88379,64.326694],[48.52447,64.355617],[48.464726,64.204326],[48.196509,64.2266],[48.165764,64.276167],[48.156606,64.331605],[48.16144,64.345249],[47.960064,64.344037],[47.804454,64.345934],[47.344534,64.35439],[47.234175,64.348171],[46.96268,64.337804],[46.795155,64.32623],[46.630221,64.316901],[46.399144,64.260423],[46.392926,64.266813],[46.350094,64.263531],[46.321081,64.247987],[46.036113,64.268017],[45.943714,64.271642],[45.852006,64.278031],[45.714043,64.257442],[45.523005,64.20877],[45.39935,64.174918],[45.552376,64.080624],[45.594518,64.056964],[45.840631,63.989094],[45.943394,63.956627],[46.151162,63.94385],[46.199538,63.925025],[46.33458,63.904476],[46.408327,63.889107],[46.499691,63.864584],[46.809881,63.756648],[46.881386,63.703283],[46.999526,63.599661],[46.991237,63.588608],[47.017316,63.577728],[47.011967,63.517972],[46.939262,63.453551],[46.945829,63.403812],[46.942724,63.34941],[47.032018,63.292419],[47.051019,63.253906],[47.16017,63.245445],[47.230499,63.222194],[47.39005,63.156332],[47.570357,63.144764],[47.559824,63.113331],[47.54238,63.115058],[47.530814,63.049948],[47.470369,63.010397],[47.409062,62.964802],[47.442739,62.964975],[47.422879,62.955131],[47.288516,62.911607],[47.060895,62.826287],[47.085075,62.809017],[47.230505,62.65013],[47.245359,62.638732],[47.241225,62.488132],[47.231909,62.337187],[47.402889,62.334427],[47.389083,62.181409],[47.642617,62.175714],[47.659359,62.328386],[47.883361,62.321654],[48.151639,62.315083],[48.280069,62.310952],[48.322901,62.307153],[48.320653,62.337549],[48.298019,62.476922],[48.255704,62.506109],[48.287304,62.583654],[48.352231,62.733736],[48.681413,62.702136],[48.741332,62.8517],[49.324394,62.799206],[49.640796,62.76916],[49.575351,62.619423],[49.566888,62.620459],[49.537706,62.539805],[49.452922,62.321332],[49.374007,62.132736],[49.28843,62.139298],[49.280056,62.117364],[49.300004,62.106915],[49.284115,62.098107],[49.227262,62.1022],[49.179636,61.97324],[49.111427,61.82143],[49.049952,61.679811],[49.043737,61.649069],[49.215236,61.632147],[49.502104,61.605036],[49.441751,61.456347],[49.392279,61.342522],[49.347037,61.2237],[49.321827,61.152372],[49.236595,61.15997],[49.126753,61.17223],[49.092817,61.160572],[48.957936,61.104959],[48.92158,61.136045],[48.830564,61.114024],[48.686184,61.076027],[48.474967,61.022139],[48.448547,60.95772],[48.426618,60.880865],[48.419677,60.837206],[48.388444,60.839043],[48.02043,60.87544],[47.96653,60.879171],[47.961305,60.895506],[47.965449,60.932324],[47.959312,60.944431],[47.955992,60.988545],[47.94111,61.002131],[47.913783,61.000154],[47.897198,61.016821],[47.836208,61.007971],[47.794373,61.025194],[47.742733,61.025553],[47.699332,61.034983],[47.655019,61.033604],[47.645452,61.0507],[47.603077,61.060586],[47.486065,61.046667],[47.482583,61.035472],[47.463344,61.042686],[47.19318,61.067393],[47.182237,61.028336],[47.19381,61.022445],[47.193951,60.996978],[47.146822,60.982131],[47.122825,60.960441],[47.102304,60.961749],[47.108785,60.939032],[47.072164,60.844481],[46.924817,60.856179],[46.933693,60.870991],[46.89963,60.881966],[46.820444,60.881563],[46.793613,60.922724],[46.823677,60.963126],[46.67947,60.970896],[46.542857,60.982266],[46.552399,61.023029],[46.52476,61.043915],[46.484347,61.040503],[46.474058,61.008627],[46.412762,61.012089],[46.365158,60.995728],[46.312821,60.995849],[46.299524,60.968742],[46.225388,60.975721],[45.90686,60.999126],[45.759413,61.011219],[45.788077,61.104998],[45.809008,61.161534],[45.533179,61.180497],[45.338405,61.195118],[45.326418,61.158704],[45.36165,61.15525],[45.349736,61.118291],[45.314676,61.120363],[45.251136,60.89404],[44.92503,60.910785],[44.691211,60.926362],[44.454296,60.943154],[44.159802,60.965034],[44.180954,61.061493],[44.09451,61.052989],[44.024737,61.053765],[43.978624,61.057391],[43.940974,61.054973],[43.93847,61.044179],[43.898834,61.045473],[43.896762,61.036061],[43.868351,61.045559],[43.782949,61.037182],[43.75325,60.940294],[43.767757,60.934767],[43.74047,60.928549],[43.735118,60.90817],[43.766378,60.896254],[43.734947,60.881055],[43.705759,60.893144],[43.681752,60.895044],[43.657748,60.870864],[43.597646,60.866201],[43.544626,60.85791],[43.523734,60.766376],[43.250684,60.79245],[43.20483,60.806093],[43.178666,60.795557],[43.153104,60.811964],[43.135143,60.809201],[43.118737,60.789339],[43.100776,60.78623],[43.077678,60.744464],[42.994978,60.729891],[42.984028,60.760754],[42.950003,60.783896],[42.911922,60.782082],[42.919692,60.813687],[42.883336,60.821977],[42.887567,60.832253],[42.828845,60.854531],[42.802602,60.85716],[42.80009,60.845636],[42.658296,60.887947],[42.609163,60.864199],[42.585158,60.837516],[42.570133,60.838206],[42.566334,60.819468],[42.540171,60.80021],[42.536545,60.787344],[42.556579,60.781213],[42.545611,60.799606],[42.563918,60.79952],[42.570482,60.773183],[42.523075,60.766964],[42.519447,60.786653],[42.534299,60.79857],[42.508652,60.797188],[42.497643,60.784191],[42.46077,60.786825],[42.429209,60.768388],[42.375325,60.767783],[42.355463,60.773741],[42.224724,60.790318],[42.208144,60.784446],[42.173689,60.786259],[42.153136,60.801025],[42.166002,60.811301],[42.128811,60.812703],[42.126623,60.844201],[42.111598,60.835738],[42.063499,60.839105],[41.983882,60.840054],[41.974728,60.845925],[41.926889,60.84368],[41.93155,60.86829],[41.956678,60.870018],[41.94381,60.905249],[41.952876,60.914835],[41.929302,60.916043],[41.910305,60.898168],[41.885175,60.909998],[41.824642,60.916387],[41.793383,60.902311],[41.796233,60.893158],[41.768515,60.873382],[41.725166,60.870187],[41.728535,60.858356],[41.696843,60.857579],[41.651594,60.8663],[41.651161,60.884434],[41.567656,60.898853],[41.509109,60.895225],[41.426039,60.870268],[41.377683,60.85032],[41.383383,60.838922],[41.424661,60.818025],[41.361197,60.732621],[41.342462,60.687545],[41.35982,60.673987],[41.369925,60.641519],[41.349546,60.640742],[41.309994,60.668287],[41.270359,60.665696],[41.261206,60.655247],[41.198859,60.653347],[41.197219,60.643848],[41.140831,60.635816],[41.093509,60.640306],[41.076152,60.6473],[41.085131,60.666039],[40.895154,60.684256],[40.903529,60.703858],[40.844895,60.709038],[40.822357,60.707052],[40.785138,60.715341],[40.793254,60.734339],[40.754481,60.738224],[40.771145,60.775442],[40.72106,60.780623],[40.650253,60.739345],[40.656039,60.728983],[40.574868,60.719656],[40.47815,60.759981],[40.453539,60.777337],[40.428928,60.783295],[40.407167,60.777336],[40.407773,60.759634],[40.372628,60.749789],[40.353891,60.726042],[40.338002,60.720429],[40.333945,60.6991],[40.310803,60.694782],[40.28248,60.67967],[40.251393,60.679324],[40.19319,60.694521],[40.185938,60.671378],[40.048809,60.674312],[40.023767,60.670167],[40.01047,60.646765],[39.885604,60.65393],[39.879644,60.667487],[39.837848,60.693911],[39.816648,60.696587],[39.81315,60.712433],[39.758875,60.741187],[39.731718,60.728061],[39.687938,60.718519],[39.657584,60.723181],[39.645104,60.750209],[39.589063,60.72141],[39.572829,60.723612],[39.52214,60.715796],[39.488809,60.699863],[39.43965,60.698963],[39.418694,60.69161],[39.38433,60.697441],[39.375122,60.687016],[39.334071,60.692129],[39.321713,60.709877],[39.276301,60.720585],[39.258726,60.71038],[39.234775,60.718864],[39.19359,60.722709],[39.188722,60.711376],[39.159233,60.695326],[39.18025,60.679521],[39.186348,60.643816],[39.161949,60.655133],[39.143225,60.679941],[39.015268,60.7204],[38.975319,60.756728],[38.927,60.76725],[38.906964,60.759514],[38.89625,60.7715],[38.876024,60.767166],[38.8125,60.73325],[38.807283,60.708491],[38.619959,60.716362],[38.616201,60.745476],[38.589033,60.761667],[38.598313,60.774146],[38.578045,60.779987],[38.586728,60.797676],[38.404946,60.806727],[38.412024,60.820265],[38.400537,60.846947],[38.40943,60.876998],[38.388273,60.884511],[38.392299,60.892972],[38.367515,60.901002],[38.367169,60.914128],[38.325893,60.904801],[38.308276,60.9162],[38.252837,60.914644],[38.21795,60.931051],[38.181332,60.985107],[38.217256,60.975781],[38.220363,60.990807],[38.189275,61.003932],[38.18841,61.025865],[38.206025,61.038128],[38.276315,61.058335],[38.269752,61.068007],[38.211378,61.063861],[38.176661,61.09892],[38.19894,61.109455],[38.177177,61.131388],[38.123649,61.160507],[38.061167,61.140756],[38.007959,61.141705],[38.018173,61.224792],[37.953559,61.229406],[37.952744,61.266925],[37.872908,61.290487],[37.88074,61.366033],[37.84313,61.375653],[37.823888,61.400439],[37.849785,61.432417],[37.807225,61.452017],[37.836488,61.501609],[37.81674,61.529811],[37.785939,61.537388],[37.763686,61.564233],[37.775057,61.574018],[37.759843,61.615429],[37.784646,61.631154],[37.775588,61.643666],[37.800406,61.68142],[37.841031,61.684955],[37.869322,61.703208],[37.884509,61.722298],[37.876698,61.745274],[37.85945,61.755579],[37.876712,61.771531],[37.868969,61.781578],[37.895455,61.804343],[37.901366,61.831015],[37.895128,61.840494],[37.911951,61.859653],[37.921814,61.890951],[37.934746,61.909282],[37.924367,61.925729],[37.943999,61.972526],[37.888506,61.98217],[37.836783,61.98254],[37.81185,62.007389],[37.823979,62.03764],[37.802248,62.036106],[37.798371,62.058315],[37.776886,62.081197],[37.784443,62.093181],[37.772494,62.118749],[37.755097,62.120218],[37.773086,62.138087],[37.737213,62.166381],[37.758347,62.173495],[37.716298,62.189902],[37.701812,62.212684],[37.636642,62.209914],[37.588205,62.219968],[37.555035,62.21356],[37.525947,62.21592],[37.473523,62.198026],[37.452374,62.198557],[37.452738,62.215169],[37.480277,62.235266],[37.455512,62.241794],[37.476446,62.26954],[37.514496,62.28328],[37.533014,62.297447],[37.545591,62.324572],[37.596416,62.357571],[37.58465,62.370779],[37.594132,62.379606],[37.584912,62.401603],[37.610498,62.430184],[37.600394,62.438478],[37.617792,62.46693],[37.635381,62.477396],[37.610519,62.492409],[37.577011,62.499195],[37.564136,62.562297],[37.540224,62.590972],[37.548008,62.622088],[37.521747,62.637806],[37.513465,62.651627],[37.477835,62.652333],[37.368941,62.677886],[37.323919,62.677799],[37.275063,62.671998],[37.251577,62.677459],[37.180938,62.652793],[37.070641,62.648683],[36.989723,62.677207],[36.821712,62.69601],[36.550694,62.785014],[36.528467,62.793114],[36.487951,62.838889],[36.258139,63.01153],[36.246958,63.051403],[36.274818,63.082101],[36.313263,63.113118],[36.307068,63.15076],[36.324087,63.161687],[36.355601,63.162905],[36.405032,63.195385],[36.391114,63.225946],[36.319439,63.224076],[36.245765,63.211511],[36.261894,63.280401],[36.192072,63.425609],[36.129176,63.448328],[36.086364,63.453163],[36.029888,63.465428],[35.892773,63.576226],[35.93535,63.605399],[36.290921,63.621152],[36.297807,63.618278],[36.455216,63.626485],[36.493082,63.66895],[36.515384,63.683595],[36.590395,63.748201],[36.581887,63.79105],[36.558627,63.794795],[36.548059,63.840643],[36.562558,63.867346],[36.548577,63.929546],[36.553041,63.952169],[36.59777,63.95652],[36.61543,63.94443],[36.65457,63.93205],[36.64105,63.91985],[36.68544,63.90566],[36.76701,63.90254],[36.76732,63.91789],[36.82078,63.91316],[36.81483,63.9036],[36.85481,63.88985],[36.88785,63.88922],[36.92903,63.89694],[36.9369,63.90954],[36.95487,63.907],[36.96201,63.89169],[36.99753,63.88392],[37.06187,63.88278],[37.13442,63.88609],[37.20516,63.87714],[37.24931,63.83101],[37.25101,63.81533],[37.2814,63.80546],[37.34518,63.79433],[37.43799,63.78382],[37.52626,63.79248],[37.61432,63.81698],[37.6377,63.8375],[37.63996,63.88458],[37.66723,63.89472],[37.73248,63.90221],[37.78221,63.88673],[37.85755,63.88858],[37.88542,63.89494],[37.92303,63.91366],[37.97582,63.92569],[37.99982,63.92307],[38.07734,63.90089],[38.08797,63.9082],[38.05075,63.92451],[38.01393,63.93361],[38.003979,63.95086],[38.0489,63.97726],[38.07468,64.00353],[38.03899,64.03067],[38.05619,64.04007],[38.06,64.0707],[38.04091,64.08008],[38.00921,64.1122],[38.00088,64.14248],[37.93537,64.16036],[37.89096,64.21158],[37.90343,64.23372],[37.94978,64.25574],[37.96152,64.27021],[38.00253,64.28009],[37.99694,64.2981],[37.9545,64.30826],[37.92863,64.30234],[37.90833,64.31764],[37.91575,64.3261],[37.95165,64.33181],[37.91612,64.34801],[37.82601,64.35344],[37.78824,64.36751],[37.78345,64.37739],[37.79951,64.42352],[37.7911,64.43815],[37.75671,64.4417],[37.68973,64.4386],[37.65172,64.42264],[37.65055,64.40525],[37.62222,64.38129],[37.61764,64.35581],[37.56647,64.36818],[37.55366,64.38011],[37.44953,64.38036],[37.37481,64.35712],[37.34287,64.34206],[37.19784,64.37139],[37.10935,64.40067],[37.08879,64.42558],[37.04374,64.44963],[37.02058,64.4696],[36.91837,64.52679],[36.87888,64.55652],[36.8685,64.57574],[36.81705,64.61448],[36.7827,64.62919],[36.76223,64.66889],[36.69572,64.70937],[36.63511,64.71945],[36.59301,64.72035],[36.54001,64.71356],[36.55115,64.73224],[36.52133,64.76316],[36.52353,64.78923],[36.50047,64.81973],[36.53071,64.83028],[36.46345,64.859],[36.45282,64.88639],[36.43723,64.90339],[36.43724,64.92234],[36.45945,64.93078],[36.52961,64.93195],[36.54953,64.9092],[36.57691,64.89741],[36.64198,64.9016],[36.66203,64.91826],[36.65772,64.92861],[36.73749,64.9466],[36.77566,64.94743],[36.80811,64.9548],[36.82994,64.97012],[36.81195,64.98172],[36.81005,65.00238],[36.84075,65.01593],[36.85177,65.04818],[36.85301,65.08195],[36.86346,65.10165],[36.81828,65.1233],[36.84887,65.15402],[36.86668,65.14677],[36.91251,65.14801],[36.95483,65.1624],[37.00029,65.169],[37.09688,65.16332],[37.14161,65.14941],[37.17513,65.14964],[37.30871,65.1137],[37.417825,65.098375],[37.52001,65.06173],[37.58925,65.04437],[37.65699,65.03625],[37.69442,65.02149],[37.71092,64.99996],[37.69397,64.96897],[37.74057,64.95032],[37.74833,64.93957],[37.81686,64.91404],[37.88652,64.89203],[37.98569,64.87374],[38.05301,64.85339],[38.13898,64.84287],[38.1846,64.84205],[38.35783,64.84667],[38.37,64.84123],[38.3383,64.81057],[38.35047,64.78551],[38.37098,64.77682],[38.36829,64.763189],[38.33258,64.77411],[38.31944,64.79433],[38.27485,64.80002],[38.20706,64.7714],[38.17917,64.78571],[38.14413,64.78795],[38.12318,64.77894],[38.05479,64.77155],[38.0149,64.75893],[38.00339,64.74868],[38.01308,64.72656],[38.04691,64.71823],[38.11598,64.67766],[38.15707,64.7111],[38.25204,64.71852],[38.2991,64.7353],[38.35033,64.74245],[38.41952,64.74325],[38.4489,64.73409],[38.48523,64.7475],[38.44458,64.76617],[38.42712,64.76605],[38.42219,64.78188],[38.39758,64.7956],[38.40106,64.80394],[38.44782,64.80608],[38.46934,64.79348],[38.56401,64.77136],[38.63076,64.76575],[38.74646,64.74745],[38.830043,64.744028],[38.89784,64.73648],[38.99128,64.71104],[39.021339,64.706287],[39.07835,64.678818],[39.14132,64.656444],[39.231112,64.648054],[39.283044,64.645845],[39.32747,64.633709],[39.364471,64.608194],[39.458762,64.579453],[39.532273,64.549245],[39.580674,64.545651],[39.665674,64.552862],[39.745062,64.546105],[39.73476,64.562404],[39.766309,64.575068],[39.809369,64.6124],[39.820193,64.629925],[39.800428,64.633713],[39.807861,64.655769],[39.833622,64.659537],[39.877739,64.638983],[39.913888,64.627928],[39.970763,64.620907],[39.989313,64.63692],[40.04542,64.627536],[40.066452,64.630164],[40.112536,64.623112],[40.10192,64.638908],[40.029488,64.66558],[39.977444,64.66228],[39.941083,64.664756],[39.934612,64.673763],[39.891403,64.682273],[39.886265,64.698375],[39.860825,64.693519],[39.84788,64.681273],[39.837069,64.692434],[39.883863,64.707907],[39.93029,64.706431],[39.962784,64.712157],[39.962934,64.721006],[39.930335,64.733351],[39.958521,64.760721],[40.005399,64.750774],[40.027197,64.739973],[39.983651,64.725684],[40.022645,64.704443],[40.024167,64.691292],[40.054335,64.686794],[40.088798,64.694866],[40.121776,64.691344],[40.161817,64.708553],[40.210814,64.695795],[40.253824,64.70154],[40.22084,64.723801],[40.12707,64.738426],[40.105817,64.749772],[40.176153,64.752466],[40.148319,64.763731],[40.069958,64.765371],[40.030742,64.759831],[40.034109,64.767634],[40.088101,64.774562],[40.147775,64.786782],[40.204043,64.774518],[40.207169,64.756934],[40.270159,64.767418],[40.313176,64.768657],[40.37365,64.759156],[40.384212,64.72899],[40.414182,64.704296],[40.427865,64.715483],[40.412483,64.735507],[40.425784,64.752575],[40.455502,64.75426],[40.444398,64.764937],[40.459962,64.774127],[40.423365,64.784532],[40.353236,64.816689],[40.359886,64.825226],[40.393511,64.825634],[40.412232,64.84287],[40.412061,64.857984],[40.386141,64.886138],[40.399146,64.905249],[40.396087,64.921298],[40.376873,64.929415],[40.330834,64.919776],[40.284641,64.923188],[40.279164,64.899436],[40.311724,64.877146],[40.277186,64.872976],[40.294586,64.859689],[40.285533,64.851201],[40.245313,64.86914],[40.238384,64.891216],[40.218081,64.898509],[40.213799,64.947837],[40.197888,64.969111],[40.177493,64.978191],[40.17846,65.0123],[40.14133,65.05957],[40.09556,65.08079],[40.03921,65.11635],[40.03336,65.13796],[40.01074,65.1678],[39.95197,65.18828],[39.93773,65.21206],[39.91448,65.22265],[39.87507,65.25812],[39.83886,65.28277],[39.79188,65.30045],[39.72242,65.33851],[39.71853,65.36771],[39.70715,65.38697],[39.70125,65.42165],[39.70637,65.47279],[39.71335,65.49149],[39.74988,65.54765],[39.7788,65.57771],[39.8351,65.60292],[39.8784,65.62794],[39.96565,65.64708],[40.02142,65.6553],[40.17186,65.69246],[40.23856,65.72786],[40.28473,65.7475],[40.3558,65.76426],[40.41757,65.7853],[40.48602,65.8128],[40.54339,65.85113],[40.57562,65.88785],[40.59653,65.89684],[40.64138,65.93524],[40.74353,65.98515],[40.77376,65.99108],[40.92088,66.00008],[40.98839,66.00672],[41.11174,66.02705],[41.14593,66.02995],[41.33046,66.06007],[41.43402,66.09015],[41.5219,66.12108],[41.57116,66.15393],[41.63557,66.17838],[41.76491,66.24129],[41.81736,66.28077],[41.85893,66.32205],[41.89994,66.33017],[41.99226,66.37818],[42.05137,66.44507],[42.10734,66.48655],[42.18385,66.50689],[42.26452,66.51382],[42.31198,66.50786],[42.47548,66.46351],[42.59853,66.44166],[42.63389,66.41943],[42.62243,66.41222],[42.57122,66.40363],[42.57179,66.3879],[42.60764,66.39332],[42.71854,66.39472],[42.75993,66.38867],[42.87445,66.39232],[42.96881,66.40113],[43.18481,66.41479],[43.25651,66.41215],[43.2892,66.40088],[43.32803,66.37368],[43.358947,66.335391],[43.40431,66.32704],[43.53901,66.30828],[43.6002,66.29401],[43.62421,66.27326],[43.65332,66.26302],[43.67982,66.23564],[43.65172,66.22171],[43.57191,66.19901],[43.54539,66.19787],[43.49671,66.18078],[43.46326,66.17431],[43.46016,66.15254],[43.43259,66.14881],[43.40192,66.13418],[43.39495,66.11965],[43.33204,66.09265],[43.37222,66.06571],[43.39325,66.07667],[43.40059,66.10028],[43.4564,66.13128],[43.53555,66.14905],[43.61646,66.1599],[43.71782,66.18635],[43.73791,66.18319],[43.76847,66.19213],[43.84058,66.19268],[43.88423,66.17868],[43.90244,66.15248],[43.92681,66.14395],[43.92992,66.12249],[43.96736,66.09436],[43.99864,66.08421],[44.05951,66.07398],[44.07739,66.05849],[44.0433,66.03604],[44.02609,66.01726],[44.03324,65.98611],[44.05361,65.96169],[44.09418,65.9494],[44.11824,65.93292],[44.12867,65.88414],[44.13736,65.87677],[44.16844,65.8818],[44.14987,65.90472],[44.14511,65.94433],[44.10871,65.96381],[44.08557,65.98848],[44.10261,66.01261],[44.15597,66.03312],[44.16012,66.06919],[44.14662,66.08676],[44.14596,66.10645],[44.12023,66.12114],[44.11035,66.151],[44.09758,66.15476],[44.07411,66.19195],[44.07337,66.22953],[44.11969,66.30934],[44.15808,66.34969],[44.19157,66.36725],[44.22951,66.41833],[44.249558,66.436164]]],[[[36.8154,65.19431],[36.788,65.19244],[36.78947,65.20265],[36.8367,65.20875],[36.8154,65.19431]]],[[[36.01521,65.02362],[36.00205,65.0116],[35.96497,65.01004],[35.96354,65.01903],[35.93643,65.0147],[35.876567,65.016471],[35.86208,65.00987],[35.87869,64.98997],[35.8515,64.97872],[35.77378,64.96944],[35.77083,64.95849],[35.74815,64.9552],[35.72474,64.97137],[35.72593,64.98593],[35.70937,64.99557],[35.709599,65.011557],[35.677108,65.024987],[35.677606,65.034357],[35.6004,65.03794],[35.56649,65.05043],[35.52091,65.08089],[35.50494,65.0983],[35.50378,65.11495],[35.51703,65.13622],[35.5373,65.14484],[35.59961,65.154],[35.61968,65.14777],[35.65945,65.15321],[35.66119,65.16751],[35.76214,65.1726],[35.82265,65.15202],[35.84108,65.13094],[35.82823,65.12735],[35.85157,65.10414],[35.82647,65.09641],[35.84826,65.07322],[35.8562,65.04543],[35.89165,65.0427],[35.92041,65.05085],[35.97385,65.05721],[36.02371,65.03983],[36.01521,65.02362]]],[[[36.11383,65.13705],[36.07744,65.12487],[36.03164,65.12823],[35.93306,65.14376],[35.94199,65.17493],[35.93497,65.18032],[35.99037,65.19356],[36.01798,65.18456],[36.03604,65.16679],[36.06838,65.15692],[36.10108,65.16072],[36.17903,65.15602],[36.26709,65.1645],[36.27397,65.15615],[36.20933,65.14002],[36.11383,65.13705]]],[[[58.677882,74.421352],[58.66573,74.427961],[58.717983,74.43165],[58.705059,74.417567],[58.677882,74.421352]]],[[[59.101205,74.414543],[59.140454,74.391673],[59.100454,74.394358],[59.070923,74.371633],[59.064859,74.346642],[59.108735,74.341881],[59.082401,74.328585],[58.963237,74.336325],[59.001469,74.377386],[59.055125,74.40373],[59.101205,74.414543]]],[[[53.0935,73.05051],[53.10491,73.06225],[53.14532,73.06813],[53.0935,73.05051]]],[[[54.13681,73.43254],[54.17503,73.43447],[54.16238,73.42434],[54.10308,73.4253],[54.06603,73.41673],[54.00851,73.41783],[54.05788,73.43797],[54.11938,73.44548],[54.13681,73.43254]]],[[[54.5751,73.65271],[54.62343,73.65121],[54.61357,73.64394],[54.5751,73.65271]]],[[[56.26445,70.55557],[56.29296,70.56309],[56.30252,70.5529],[56.26445,70.55557]]],[[[55.54993,70.60726],[55.58637,70.6032],[55.58157,70.59498],[55.54993,70.60726]]],[[[55.6497,70.57633],[55.6893,70.58147],[55.7066,70.57521],[55.68596,70.56202],[55.6497,70.57633]]],[[[55.61036,70.63457],[55.57714,70.63597],[55.53588,70.65252],[55.61036,70.63457]]],[[[53.62409,71.093606],[53.573711,71.082904],[53.557103,71.101456],[53.517113,71.097152],[53.461235,71.11958],[53.473034,71.133689],[53.541271,71.116962],[53.601918,71.118719],[53.5497,71.14161],[53.547765,71.160839],[53.567969,71.16683],[53.65604,71.1171],[53.62409,71.093606]]],[[[53.4375,71.052509],[53.40428,71.06107],[53.43133,71.0662],[53.4375,71.052509]]],[[[52.5736,71.39049],[52.638398,71.369759],[52.658854,71.377953],[52.702654,71.359345],[52.727351,71.34035],[52.769866,71.328838],[52.778087,71.34299],[52.737408,71.356452],[52.709439,71.376982],[52.734375,71.383502],[52.716819,71.395567],[52.770694,71.382342],[52.81773,71.3853],[52.898468,71.366939],[52.944713,71.3457],[53.003436,71.311448],[53.027675,71.291054],[53.078431,71.274036],[53.083574,71.252601],[53.040762,71.240079],[53.089335,71.226169],[53.116648,71.242249],[53.164426,71.238777],[53.153764,71.251112],[53.200517,71.251887],[53.22996,71.240613],[53.190702,71.220403],[53.210376,71.199395],[53.235091,71.189616],[53.207387,71.180062],[53.241738,71.140316],[53.200651,71.134158],[53.193691,71.122657],[53.14971,71.10539],[53.179069,71.078104],[53.1327,71.06152],[53.07528,71.05434],[53.05119,71.0278],[53.08496,70.98858],[53.1161,70.97003],[53.18245,70.95145],[53.14383,70.95256],[53.05862,70.93964],[53.038072,70.944011],[53.02816,70.96253],[53.04493,70.97672],[53.0218,70.99415],[52.98394,70.99487],[52.9737,71.03152],[52.92241,71.04922],[52.81542,71.06695],[52.82517,71.07306],[52.8191,71.10339],[52.79727,71.11122],[52.79588,71.12873],[52.75836,71.14119],[52.72281,71.14449],[52.71925,71.16797],[52.69549,71.2002],[52.66929,71.21446],[52.59107,71.23227],[52.48375,71.22741],[52.4674,71.21788],[52.41087,71.22496],[52.36129,71.22271],[52.33128,71.24503],[52.2709,71.25427],[52.23791,71.2783],[52.24137,71.31297],[52.284726,71.324927],[52.32136,71.34239],[52.4094,71.342801],[52.43708,71.35727],[52.50949,71.36618],[52.53265,71.35956],[52.58615,71.36722],[52.59286,71.37993],[52.5736,71.39049]]],[[[53.430457,71.208742],[53.434971,71.201509],[53.387042,71.197758],[53.367621,71.244141],[53.399336,71.237953],[53.430457,71.208742]]],[[[53.237658,71.29142],[53.246858,71.274308],[53.191369,71.284315],[53.160712,71.301224],[53.208876,71.303461],[53.237658,71.29142]]],[[[53.01131,71.3795],[53.03322,71.37817],[53.04691,71.35439],[53.01131,71.3795]]],[[[52.64288,71.40337],[52.683976,71.391627],[52.666453,71.38895],[52.64288,71.40337]]],[[[52.5736,71.39049],[52.5213,71.40847],[52.50353,71.42265],[52.54224,71.42203],[52.5736,71.39049]]],[[[56.39595,70.50621],[56.42885,70.50657],[56.46548,70.48138],[56.43686,70.47976],[56.39595,70.50621]]],[[[56.31094,70.50821],[56.3592,70.50711],[56.33545,70.49603],[56.31094,70.50821]]],[[[56.601562,70.495684],[56.59707,70.51341],[56.64742,70.52348],[56.68626,70.53786],[56.73758,70.53973],[56.75684,70.53222],[56.6949,70.5237],[56.67136,70.51126],[56.68791,70.5049],[56.654,70.49692],[56.601562,70.495684]]],[[[58.700981,79.780853],[58.648385,79.775224],[58.632324,79.785279],[58.700981,79.780853]]],[[[49.21875,80.02947],[49.130386,80.027221],[49.179787,80.039025],[49.21875,80.02947]]],[[[59.964301,79.92791],[60.016286,79.929925],[60.073087,79.912323],[59.955887,79.886323],[59.902892,79.886475],[59.854084,79.899124],[59.900886,79.912622],[59.916385,79.929619],[59.964301,79.92791]]],[[[58.736583,79.958824],[58.816184,79.936217],[58.929687,79.92572],[58.992484,79.914718],[58.978288,79.906921],[58.813903,79.892273],[58.710327,79.906311],[58.627784,79.93702],[58.570484,79.943618],[58.447988,79.94532],[58.312393,79.94156],[58.296487,79.945617],[58.399902,79.963027],[58.564269,79.973878],[58.633687,79.985221],[58.688384,79.985718],[58.674035,79.972907],[58.736583,79.958824]]],[[[36.785959,80.15625],[36.815284,80.144822],[36.736786,80.132118],[36.589985,80.152717],[36.618686,80.168824],[36.735287,80.166519],[36.785959,80.15625]]],[[[56.676484,80.472619],[56.551986,80.469018],[56.455086,80.473136],[56.470521,80.48494],[56.608784,80.498321],[56.710628,80.480835],[56.676484,80.472619]]],[[[54.84375,80.531173],[54.897705,80.531678],[55.099983,80.498321],[55.11861,80.47725],[55.049087,80.448264],[55.000118,80.441139],[54.851384,80.452911],[54.780986,80.475121],[54.638535,80.498672],[54.617084,80.518821],[54.665684,80.527024],[54.735474,80.52333],[54.84375,80.531173]]],[[[55.306885,80.429871],[55.32502,80.405341],[55.296814,80.378144],[55.150085,80.369529],[55.121685,80.384017],[55.006288,80.396621],[54.984684,80.409218],[55.104083,80.415818],[55.215287,80.415718],[55.260986,80.434418],[55.306885,80.429871]]],[[[54.84375,80.431961],[54.830208,80.410057],[54.779313,80.391869],[54.586986,80.376122],[54.447384,80.384118],[54.483276,80.433472],[54.595902,80.45749],[54.612984,80.480217],[54.702388,80.477485],[54.802991,80.449547],[54.84375,80.431961]]],[[[45,80.613824],[45.257075,80.620332],[45.317504,80.632325],[45.526485,80.64762],[45.7677,80.652718],[45.858092,80.65812],[45.945085,80.656219],[46.155884,80.665719],[46.244884,80.678917],[46.358689,80.686149],[46.487186,80.709617],[46.501283,80.71952],[46.56451,80.718125],[46.632686,80.726524],[46.74652,80.730286],[46.904906,80.741272],[47.022769,80.772674],[47.103893,80.775641],[47.153774,80.786285],[47.237671,80.788085],[47.151386,80.814719],[47.190284,80.83042],[47.350388,80.835074],[47.439186,80.85202],[47.593488,80.843521],[47.793384,80.822516],[47.945678,80.797302],[48.122986,80.80912],[48.181582,80.805619],[48.218083,80.814628],[48.337525,80.81427],[48.49688,80.798027],[48.596592,80.775352],[48.598286,80.745819],[48.460384,80.740021],[48.461385,80.730118],[48.586231,80.716568],[48.643071,80.69313],[48.613891,80.67688],[48.724383,80.667825],[48.786187,80.653122],[48.718506,80.623108],[48.63849,80.617127],[48.572285,80.625923],[48.492584,80.623024],[48.465287,80.642822],[48.353272,80.649322],[48.255128,80.64331],[48.139281,80.648071],[48.012085,80.673522],[48.038375,80.687874],[48.009539,80.702645],[48.044495,80.716491],[47.982785,80.722321],[47.914917,80.713332],[47.872985,80.731422],[47.870118,80.757324],[47.774686,80.769118],[47.604489,80.762933],[47.557384,80.751617],[47.629993,80.727485],[47.482585,80.73812],[47.449184,80.73262],[47.465858,80.710267],[47.532981,80.705704],[47.559485,80.679817],[47.525695,80.673278],[47.340271,80.686889],[47.263305,80.686707],[47.287685,80.673119],[47.265819,80.645867],[47.31549,80.64032],[47.323784,80.625123],[47.40509,80.614502],[47.403321,80.585511],[47.271485,80.587517],[47.149783,80.60302],[47.085323,80.602532],[47.002086,80.580819],[46.913487,80.56762],[46.873684,80.554718],[46.890584,80.538117],[46.838282,80.528519],[46.794922,80.53473],[46.698886,80.533722],[46.602191,80.546066],[46.529027,80.527633],[46.584022,80.494239],[46.476085,80.499923],[46.367985,80.496718],[46.354386,80.482018],[46.376281,80.457886],[46.275486,80.442521],[46.16571,80.442505],[46.032982,80.4515],[46.018126,80.471924],[46.092896,80.513917],[46.083187,80.549339],[46.040886,80.555222],[45.92212,80.551087],[45.859143,80.536635],[45.698986,80.544418],[45.641087,80.513124],[45.536187,80.509621],[45.417187,80.548423],[45.272484,80.563622],[45.173486,80.564422],[45.022083,80.573318],[44.963584,80.588684],[44.888915,80.597718],[45,80.613824]]],[[[53.4375,80.548776],[53.535484,80.524018],[53.56073,80.507323],[53.457702,80.469116],[53.316277,80.485405],[53.216186,80.516517],[53.242127,80.52472],[53.258186,80.566619],[53.321332,80.581056],[53.308384,80.587822],[53.151582,80.607491],[53.082784,80.610497],[53.08429,80.620423],[53.187535,80.626846],[53.156587,80.642218],[53.28949,80.63849],[53.386191,80.623482],[53.431485,80.600221],[53.4375,80.548776]]],[[[54.369082,80.493819],[54.482987,80.490913],[54.537987,80.466424],[54.412286,80.452622],[54.379386,80.418617],[54.269103,80.414307],[54.097717,80.441285],[53.89032,80.447877],[53.875786,80.474319],[53.8927,80.496276],[53.966863,80.519027],[53.860992,80.544532],[53.83429,80.569519],[53.909962,80.596877],[54.044586,80.596314],[54.271583,80.582122],[54.27069,80.565674],[54.126785,80.548218],[54.147286,80.537323],[54.247486,80.537116],[54.378486,80.526618],[54.415084,80.513322],[54.338075,80.498109],[54.369082,80.493819]]],[[[54.410187,80.554536],[54.315484,80.564523],[54.339978,80.580682],[54.44149,80.565423],[54.410187,80.554536]]],[[[58.782777,80.562073],[58.736084,80.559723],[58.494874,80.581482],[58.563485,80.586922],[58.62452,80.60443],[58.803284,80.61548],[58.875485,80.624519],[58.77959,80.595918],[58.782777,80.562073]]],[[[57.65625,80.536478],[57.593182,80.522302],[57.317486,80.560525],[57.283696,80.588622],[57.348884,80.590819],[57.367486,80.600936],[57.474685,80.611619],[57.784301,80.621093],[57.809882,80.630417],[57.969909,80.617927],[58.079185,80.625136],[58.083884,80.612724],[58.036651,80.586769],[57.97168,80.569885],[57.907593,80.532264],[57.765076,80.528077],[57.713185,80.539521],[57.65625,80.536478]]],[[[56.25,80.752978],[56.395507,80.76007],[56.492676,80.76007],[56.674683,80.734681],[56.766906,80.73169],[56.898583,80.715103],[56.948686,80.688018],[57.014202,80.673005],[56.953187,80.652816],[56.946472,80.632874],[56.892284,80.621818],[56.726283,80.606324],[56.614487,80.612122],[56.511283,80.605119],[56.472107,80.595093],[56.370884,80.595122],[56.325486,80.625221],[56.160278,80.613526],[56.059873,80.599526],[55.924084,80.601622],[55.783325,80.614304],[55.631981,80.616897],[55.569485,80.62732],[55.633736,80.652251],[55.738271,80.676353],[55.738186,80.688218],[55.646118,80.689118],[55.450286,80.679924],[55.439766,80.693864],[55.540984,80.70752],[55.747925,80.714478],[55.817487,80.736319],[55.987187,80.75032],[56.172984,80.749222],[56.25,80.752978]]],[[[60.221577,80.15625],[60.234887,80.13932],[60.174786,80.13453],[60.026184,80.146019],[60.011718,80.160279],[59.944183,80.178123],[60.083787,80.185922],[60.160286,80.177421],[60.221577,80.15625]]],[[[59.0625,80.108626],[59.106872,80.136474],[59.170184,80.140321],[59.243085,80.134621],[59.25531,80.123717],[59.179779,80.124068],[59.0625,80.108626]]],[[[54.257389,80.302659],[54.420185,80.284622],[54.44658,80.265664],[54.393127,80.248901],[54.426086,80.226502],[54.399285,80.205123],[54.230483,80.184921],[54.22059,80.169899],[54.168685,80.168723],[54.148587,80.21112],[54.176696,80.237487],[54.102387,80.255821],[54.124084,80.292519],[54.175686,80.293419],[54.215083,80.308318],[54.257389,80.302659]]],[[[50.625,79.92363],[50.450286,79.927224],[50.377087,79.93972],[50.381183,79.955321],[50.303284,79.942321],[50.131385,79.940133],[50.055786,79.95182],[50.091309,79.966126],[50.266686,79.991019],[50.376784,79.985618],[50.414112,79.965844],[50.583484,79.98822],[50.637328,80.020324],[50.709119,80.045051],[50.822086,80.063325],[50.908336,80.066826],[50.968186,80.083518],[50.950288,80.099221],[51.013288,80.103021],[51.139458,80.083137],[51.128587,80.075425],[51.205986,80.056825],[51.298385,80.05249],[51.254085,80.009918],[51.208983,80.003921],[51.203185,79.983222],[51.386109,79.947875],[51.375084,79.935417],[51.431924,79.919051],[51.389527,79.910889],[51.283873,79.906119],[51.105529,79.906128],[50.752885,79.926087],[50.625,79.92363]]],[[[49.377937,80.081688],[49.418884,80.088919],[49.508386,80.085517],[49.692166,80.052018],[49.659287,80.024322],[49.418483,80.009622],[49.293983,80.048424],[49.379685,80.065818],[49.377937,80.081688]]],[[[59.0625,80.050667],[59.296487,80.078116],[59.464286,80.086921],[59.662186,80.081223],[59.801484,80.067917],[59.864486,80.051621],[59.928284,80.005309],[60.016785,79.998923],[60.009483,79.992316],[59.854305,79.976342],[59.796306,79.954154],[59.717282,79.937332],[59.522484,79.937118],[59.47931,79.917481],[59.360886,79.911819],[59.305583,79.937218],[59.186986,79.949418],[59.149884,79.96222],[59.023925,79.976683],[58.930786,79.995017],[58.800105,79.997009],[58.792714,80.008224],[59.0625,80.050667]]],[[[52.812927,80.107467],[52.900708,80.105605],[52.835286,80.094818],[52.769104,80.103089],[52.812927,80.107467]]],[[[50.351294,80.15625],[50.303086,80.145317],[50.3349,80.129882],[50.128769,80.128082],[50.090698,80.1015],[50.147822,80.060706],[50.047486,80.044021],[49.885685,80.054817],[49.865722,80.086303],[49.719684,80.108123],[49.658585,80.13182],[49.586284,80.13832],[49.551988,80.159119],[49.631085,80.181022],[49.720265,80.188538],[49.87268,80.214112],[50.078685,80.227523],[50.309185,80.214019],[50.387184,80.19162],[50.394283,80.162324],[50.351294,80.15625]]],[[[57.086917,80.15625],[57.101073,80.129089],[57.082788,80.113122],[57.119484,80.100723],[57.106689,80.08368],[57.02173,80.057312],[56.888683,80.060524],[56.771287,80.055519],[56.762788,80.045821],[56.666984,80.056022],[56.569702,80.055298],[56.510383,80.063819],[56.434884,80.058625],[56.262513,80.059692],[56.227296,80.055733],[56.099384,80.061622],[55.9693,80.078126],[55.825058,80.089913],[55.884537,80.103034],[56.008471,80.140136],[56.092102,80.156922],[56.153085,80.177619],[56.128967,80.202835],[56.052586,80.227119],[56.069985,80.242722],[56.039176,80.268616],[55.940143,80.296654],[56.060985,80.318618],[56.241985,80.331322],[56.397885,80.327622],[56.50708,80.328903],[56.595702,80.307495],[56.700394,80.314071],[56.689983,80.341423],[56.738526,80.351075],[57.004271,80.350282],[57.026917,80.333313],[57.170983,80.3163],[57.20259,80.303147],[57.165254,80.289825],[57.156388,80.263611],[57.119874,80.243285],[57.127602,80.211539],[57.21162,80.195237],[57.091485,80.174522],[57.086917,80.15625]]],[[[61.182385,80.338669],[61.138484,80.332222],[61.094185,80.339622],[61.182385,80.338669]]],[[[51.589467,80.315705],[51.532985,80.323121],[51.588585,80.335023],[51.589467,80.315705]]],[[[55.428985,80.315438],[55.519282,80.314324],[55.556384,80.305825],[55.524474,80.288086],[55.541486,80.277121],[55.500484,80.258216],[55.356689,80.244874],[55.273384,80.22322],[55.205584,80.222518],[55.145684,80.211624],[55.082183,80.217422],[54.958184,80.244721],[55.008384,80.254884],[55.11129,80.24768],[55.119884,80.267417],[55.252799,80.275841],[55.1391,80.296082],[55.256897,80.31733],[55.374085,80.332276],[55.42151,80.329284],[55.428985,80.315438]]],[[[58.903705,80.277137],[58.845184,80.275528],[58.779492,80.28469],[58.815986,80.297921],[58.906791,80.289689],[58.903705,80.277137]]],[[[53.924785,80.331139],[53.980285,80.338517],[54.087525,80.330873],[54.010488,80.312316],[54.046885,80.297317],[53.939513,80.292907],[53.925686,80.309517],[53.879184,80.31932],[53.924785,80.331139]]],[[[52.390683,80.359665],[52.444275,80.345277],[52.534791,80.333145],[52.615085,80.33242],[52.656296,80.320961],[52.546986,80.315682],[52.426185,80.316421],[52.319786,80.325523],[52.255184,80.344322],[52.285686,80.356522],[52.390683,80.359665]]],[[[53.545295,80.15625],[53.525342,80.137467],[53.392516,80.13282],[53.288585,80.150085],[53.161286,80.146919],[53.130584,80.153077],[53.013286,80.146324],[52.900986,80.152421],[52.767383,80.15052],[52.691784,80.154319],[52.630585,80.166695],[52.395287,80.188019],[52.279687,80.213417],[52.219577,80.244293],[52.234086,80.251923],[52.33551,80.262818],[52.492485,80.260224],[52.642701,80.261475],[52.657105,80.2807],[52.722977,80.293686],[52.842586,80.292617],[52.885684,80.303521],[52.865794,80.314292],[52.901406,80.327057],[52.767882,80.336121],[52.750385,80.34372],[52.834725,80.364433],[53.035277,80.387504],[53.092529,80.376282],[53.167296,80.372925],[53.281285,80.389923],[53.372498,80.38507],[53.430115,80.363282],[53.378185,80.346321],[53.453492,80.322082],[53.617127,80.294678],[53.748902,80.267524],[53.89878,80.244897],[53.947511,80.230103],[53.910541,80.211448],[53.778786,80.184623],[53.740886,80.201424],[53.680077,80.209283],[53.554241,80.18695],[53.545295,80.15625]]],[[[57.989112,80.15625],[57.981483,80.149818],[58.085678,80.112228],[58.048783,80.085091],[57.856873,80.093323],[57.651184,80.117523],[57.588585,80.133018],[57.34967,80.153077],[57.3508,80.175805],[57.294987,80.205123],[57.276484,80.24282],[57.291183,80.293618],[57.253905,80.315124],[57.293984,80.346421],[57.221086,80.368424],[57.210091,80.398545],[57.024784,80.439423],[57.009586,80.450317],[57.320285,80.458023],[57.391724,80.468079],[57.555093,80.45929],[57.631173,80.471459],[57.916682,80.471322],[58.079185,80.475823],[58.158692,80.463685],[58.268987,80.467422],[58.914791,80.418893],[59.006531,80.406677],[59.075684,80.384323],[59.163586,80.375313],[59.227486,80.34922],[59.286983,80.33802],[59.316712,80.320922],[59.254487,80.309218],[59.179688,80.314269],[59.058185,80.311119],[58.87218,80.312088],[58.719986,80.326219],[58.648314,80.325318],[58.625886,80.302819],[58.477486,80.305617],[58.359131,80.28131],[58.203311,80.267829],[58.144295,80.253457],[58.101283,80.231019],[58.129784,80.222618],[58.286483,80.224922],[58.360902,80.213073],[58.419482,80.212722],[58.491088,80.19812],[58.439072,80.184944],[58.419986,80.165122],[58.454087,80.148621],[58.431186,80.142418],[58.020691,80.161683],[57.989112,80.15625]]],[[[60.293987,80.353532],[60.311685,80.341523],[60.208686,80.347923],[60.088487,80.341523],[60.258487,80.362502],[60.293987,80.353532]]],[[[54.84375,80.367432],[54.820495,80.35791],[54.66333,80.347289],[54.597484,80.358322],[54.711486,80.37912],[54.771913,80.380936],[54.927785,80.39753],[54.84375,80.367432]]],[[[56.25,80.389518],[56.293384,80.358222],[56.176685,80.346817],[55.965384,80.370224],[55.778584,80.380218],[55.799507,80.399247],[55.900185,80.419221],[55.973988,80.409491],[56.032986,80.411223],[56.187584,80.389123],[56.25,80.389518]]],[[[58.273686,81.210418],[58.305683,81.201621],[58.210483,81.193108],[58.273686,81.210418]]],[[[58.794186,81.441124],[58.709094,81.444916],[58.771912,81.455872],[58.794186,81.441124]]],[[[59.0625,81.727959],[58.760186,81.724022],[58.560303,81.724671],[58.434684,81.707336],[58.361786,81.70662],[58.220703,81.688109],[58.149289,81.687667],[57.976284,81.713822],[57.960118,81.73668],[57.996101,81.755433],[58.064484,81.768219],[58.035286,81.78392],[57.939271,81.796081],[57.912484,81.810822],[58.215787,81.833518],[58.357185,81.829017],[58.536785,81.837418],[58.849669,81.856872],[59.096787,81.857324],[59.283788,81.846931],[59.37563,81.824433],[59.361192,81.795684],[59.302673,81.783692],[59.343387,81.758696],[59.237316,81.734451],[59.0625,81.727959]]],[[[62.236445,81.5625],[62.317078,81.54309],[62.231091,81.526245],[62.104084,81.516021],[61.956783,81.528718],[61.912483,81.538917],[61.875122,81.568482],[61.80951,81.573997],[61.910084,81.588219],[62.032585,81.582123],[62.236445,81.5625]]],[[[58.565917,81.578674],[58.341082,81.581619],[58.298889,81.588684],[58.33112,81.608025],[58.399394,81.61406],[58.356685,81.622621],[58.431785,81.629722],[58.609184,81.631425],[58.679283,81.637718],[58.734459,81.607239],[58.694889,81.594414],[58.565917,81.578674]]],[[[61.902597,81.623375],[61.972386,81.633622],[62.019286,81.624512],[61.952886,81.611922],[61.902597,81.623375]]],[[[58.936283,81.631425],[58.871285,81.624925],[58.828282,81.636719],[58.936283,81.631425]]],[[[63.28125,81.710105],[63.513184,81.703819],[63.650985,81.691521],[63.756183,81.675125],[63.834987,81.642134],[63.791836,81.612962],[63.602886,81.580224],[63.460384,81.569122],[63.174687,81.57872],[62.988484,81.577118],[62.772183,81.590888],[62.693908,81.599494],[62.628686,81.617219],[62.629486,81.636719],[62.593585,81.646622],[62.452686,81.645524],[62.344981,81.6501],[62.206485,81.667205],[62.326484,81.694924],[62.507873,81.702324],[62.666583,81.698021],[62.745482,81.707031],[62.840687,81.708922],[62.835098,81.697449],[62.751784,81.685821],[63.106785,81.704918],[63.28125,81.710105]]],[[[58.278411,81.526924],[58.406311,81.517272],[58.280086,81.503135],[58.229127,81.519469],[58.278411,81.526924]]],[[[60.46875,81.295231],[60.539181,81.287492],[60.602753,81.259461],[60.431702,81.238098],[60.119079,81.267723],[59.98993,81.269471],[59.842087,81.285919],[59.845519,81.291321],[60.037484,81.308624],[60.265785,81.305618],[60.46875,81.295231]]],[[[54.515321,81.271729],[54.461595,81.267745],[54.392701,81.296326],[54.302085,81.314522],[54.308785,81.337624],[54.451687,81.302621],[54.454987,81.283424],[54.515321,81.271729]]],[[[54.84375,81.377584],[54.926285,81.396523],[54.934383,81.375672],[54.84375,81.377584]]],[[[59.0625,81.294647],[58.902709,81.295478],[58.814587,81.305306],[58.640686,81.315124],[58.528885,81.345421],[58.577285,81.373816],[58.703501,81.390648],[58.785286,81.40992],[58.946984,81.426223],[59.104675,81.419686],[59.215785,81.425323],[59.162483,81.399322],[59.258911,81.383728],[59.276984,81.359718],[59.357727,81.334289],[59.350986,81.32402],[59.260684,81.307824],[59.0625,81.294647]]],[[[57.673949,81.5625],[57.840881,81.552307],[57.819687,81.523323],[57.900284,81.517119],[57.911898,81.501288],[58.055484,81.487222],[58.187683,81.490296],[58.359183,81.479523],[58.551586,81.440116],[58.583484,81.421822],[58.553386,81.406021],[58.302285,81.377921],[58.134094,81.371888],[57.840272,81.378119],[57.740382,81.393927],[57.607483,81.399475],[57.524475,81.425293],[57.401684,81.43882],[57.36958,81.432686],[57.271083,81.438523],[57.189884,81.433022],[57.125786,81.443123],[56.905587,81.445222],[56.834385,81.465317],[56.845085,81.485223],[56.954383,81.489822],[56.926086,81.518218],[56.945923,81.530701],[57.035188,81.541221],[57.127983,81.540282],[57.274586,81.530418],[57.374184,81.542716],[57.428284,81.539024],[57.495769,81.558677],[57.673949,81.5625]]],[[[63.164786,80.943244],[63.191284,80.935912],[63.383178,80.95629],[63.681984,80.956817],[63.967785,80.95462],[64.068085,80.959618],[64.133781,80.97512],[64.188294,81.006714],[64.159752,81.043731],[64.122384,81.066521],[64.210326,81.12207],[64.189513,81.135925],[64.354286,81.169022],[64.575485,81.190116],[64.791282,81.18422],[64.894486,81.170021],[65.005387,81.17108],[65.234688,81.123818],[65.324432,81.084694],[65.284287,81.082618],[65.327584,81.052016],[65.381446,81.038277],[65.362944,81.02626],[65.402282,81.013923],[65.341887,80.998618],[65.193687,80.973618],[65.282584,80.972907],[65.310882,80.938821],[65.384888,80.91272],[65.350181,80.891121],[65.219482,80.845123],[65.161284,80.833823],[64.97914,80.779664],[64.900382,80.764419],[64.765686,80.754883],[64.680915,80.738831],[64.627784,80.737489],[64.551682,80.721817],[64.415688,80.705223],[64.237487,80.697693],[64.138182,80.701622],[64.020508,80.689269],[63.800483,80.67672],[63.711986,80.676323],[63.718487,80.689918],[63.598686,80.682418],[63.558471,80.674072],[63.376083,80.661117],[63.16413,80.637824],[63.037444,80.640557],[63.03888,80.662475],[62.94928,80.683471],[62.838986,80.722221],[62.774986,80.73732],[62.629085,80.757424],[62.520584,80.78022],[62.523677,80.798326],[62.585084,80.804504],[62.653182,80.828141],[62.812083,80.86032],[62.920085,80.873122],[63.090286,80.90206],[63.160385,80.929923],[63.040542,80.949264],[63.064976,80.954086],[63.164786,80.943244]]],[[[60.46875,80.432389],[60.352782,80.450821],[60.190307,80.443931],[60.203998,80.431686],[60.155186,80.421874],[60.033874,80.415536],[59.751526,80.391739],[59.731095,80.383263],[59.665386,80.386818],[59.654724,80.404115],[59.566426,80.422378],[59.523986,80.452095],[59.433087,80.461624],[59.338086,80.485024],[59.368897,80.497521],[59.455985,80.509117],[59.469726,80.520508],[59.384899,80.544273],[59.37272,80.565849],[59.404992,80.595612],[59.365723,80.609328],[59.454684,80.615922],[59.413514,80.633911],[59.47467,80.67633],[59.471497,80.690673],[59.547901,80.718941],[59.673096,80.740479],[59.615295,80.757873],[59.599671,80.778686],[59.681882,80.788345],[59.778686,80.807679],[59.887875,80.809532],[60.030685,80.825317],[60.116782,80.827271],[60.27832,80.815307],[60.295464,80.807946],[60.197869,80.797341],[59.999986,80.793122],[59.999986,80.785118],[60.287483,80.795121],[60.413514,80.774224],[60.599685,80.78672],[60.664383,80.794487],[60.724185,80.785423],[60.75989,80.796828],[60.921388,80.80233],[61.249886,80.826318],[61.356484,80.815818],[61.502704,80.839058],[61.57611,80.86213],[61.871587,80.86422],[62.043586,80.85968],[62.136386,80.834021],[62.162129,80.790077],[62.218284,80.766121],[62.212632,80.704186],[62.178408,80.66005],[62.095092,80.649131],[62.038201,80.625932],[62.030297,80.603692],[62.08178,80.594505],[62.011487,80.578017],[61.877884,80.562524],[61.660279,80.555023],[61.660397,80.538803],[61.592185,80.505019],[61.646896,80.468459],[61.534126,80.455635],[61.421872,80.449128],[61.322987,80.451721],[61.426221,80.44162],[61.344726,80.410888],[61.295909,80.384681],[61.185485,80.376893],[61.157287,80.36609],[61.087708,80.362489],[60.800721,80.377686],[60.597787,80.394622],[60.46875,80.432389]]],[[[54.84375,80.841482],[54.925686,80.846222],[54.977906,80.873122],[55.089683,80.875121],[55.194886,80.871016],[55.298484,80.854424],[55.315085,80.836822],[55.450683,80.824707],[55.481285,80.826819],[55.659182,80.79882],[55.809086,80.795021],[55.966481,80.76596],[55.812504,80.754828],[55.717102,80.754525],[55.554078,80.742927],[55.481285,80.742019],[55.373901,80.731339],[55.149882,80.73722],[55.105286,80.734024],[55.013116,80.711953],[54.883912,80.710877],[54.800903,80.726075],[54.727485,80.731018],[54.686183,80.742523],[54.727401,80.769004],[54.687984,80.778221],[54.480712,80.78247],[54.313476,80.771728],[54.199989,80.777542],[54.050983,80.800117],[54.037903,80.82129],[54.148086,80.846322],[54.220519,80.84729],[54.281495,80.856872],[54.379701,80.861877],[54.474666,80.848838],[54.607585,80.865318],[54.716186,80.86853],[54.822605,80.862884],[54.784286,80.843323],[54.84375,80.841482]]],[[[57.65625,80.803551],[57.681583,80.791123],[57.804077,80.772888],[57.812984,80.756118],[57.666492,80.726745],[57.601795,80.703468],[57.49231,80.689087],[57.180485,80.668419],[57.056083,80.674919],[56.98352,80.694274],[56.942871,80.727294],[56.867286,80.738617],[56.756787,80.744622],[56.714905,80.753112],[56.728088,80.76593],[56.669186,80.781494],[56.378113,80.794686],[56.209717,80.810731],[56.056518,80.803529],[56.00369,80.814881],[55.914489,80.819886],[55.773185,80.84552],[55.772964,80.855666],[55.847378,80.86409],[55.794784,80.87671],[55.631286,80.8797],[55.525188,80.900344],[55.441283,80.908875],[55.391085,80.922317],[55.380387,80.944824],[55.280971,80.948655],[55.242919,80.930907],[55.034786,80.933022],[54.931687,80.940917],[54.834717,80.95691],[54.901488,80.970275],[54.831086,80.988023],[54.771484,80.991624],[54.615582,80.97969],[54.492183,80.99282],[54.446185,81.018021],[54.46185,81.027673],[54.67739,81.061509],[54.63849,81.067687],[54.634232,81.091484],[54.750687,81.106421],[54.894485,81.089722],[54.966685,81.074021],[55.051086,81.080872],[55.137185,81.058724],[55.243584,81.057219],[55.298097,81.037719],[55.397984,81.025528],[55.499085,80.999619],[55.551331,81.004699],[55.680729,81.004029],[56.025086,81.023522],[56.253586,81.008125],[56.332275,80.985474],[56.397285,80.982621],[56.654907,80.957519],[56.72528,80.917296],[56.835285,80.901322],[56.893184,80.875823],[57.118714,80.850281],[57.307285,80.843323],[57.585884,80.820121],[57.65625,80.803551]]],[[[58.883904,80.869056],[58.964485,80.843719],[59.023048,80.808882],[58.989383,80.790818],[58.970985,80.76162],[58.916687,80.754883],[58.734085,80.753723],[58.569687,80.723923],[58.50769,80.72052],[58.331483,80.726685],[58.288696,80.738708],[58.192688,80.750671],[58.094981,80.746901],[57.946384,80.756622],[57.881486,80.767318],[57.845184,80.782921],[57.891384,80.795921],[58.025718,80.79988],[58.165897,80.847434],[58.331683,80.86332],[58.444886,80.862527],[58.752074,80.876281],[58.883904,80.869056]]],[[[47.8125,80.060094],[47.721685,80.049522],[47.654384,80.075019],[47.665169,80.089644],[47.714982,80.099533],[47.790528,80.127074],[47.85255,80.16378],[47.982484,80.169327],[48.11853,80.184326],[48.146386,80.196023],[47.848687,80.195123],[47.827687,80.20372],[48.000202,80.232551],[47.960385,80.243821],[47.856685,80.24582],[47.735084,80.230522],[47.628883,80.234322],[47.615985,80.223616],[47.520683,80.232017],[47.500187,80.220268],[47.38507,80.222924],[47.376685,80.206719],[47.461487,80.192322],[47.450702,80.18287],[47.384785,80.18032],[47.320671,80.187011],[47.245906,80.177339],[47.190507,80.16066],[47.115382,80.160819],[47.011109,80.172302],[46.943298,80.187073],[46.944287,80.199319],[47.006077,80.221221],[46.892273,80.243529],[46.879266,80.254485],[46.767486,80.276123],[46.732727,80.295288],[46.754887,80.315017],[46.94091,80.334152],[47.037479,80.363227],[47.1839,80.375931],[47.269787,80.37362],[47.325867,80.353662],[47.256385,80.322121],[47.319884,80.308715],[47.449086,80.321724],[47.537385,80.322419],[47.566284,80.300622],[47.631905,80.297447],[47.755311,80.308471],[47.779385,80.297317],[47.873475,80.301087],[48.032586,80.299683],[48.054885,80.305617],[47.897082,80.321022],[47.884285,80.33162],[48.115184,80.332618],[48.056287,80.345124],[47.798888,80.350526],[47.702697,80.361329],[47.605538,80.394226],[47.770985,80.405922],[47.962487,80.398223],[48.091483,80.411324],[48.285085,80.393417],[48.356232,80.400641],[48.273684,80.419731],[48.186387,80.432419],[48.236806,80.444244],[48.201985,80.451819],[47.977486,80.455222],[47.786686,80.462723],[47.507083,80.445426],[47.416684,80.451218],[47.612124,80.483237],[47.774488,80.498817],[47.95172,80.529739],[48.074096,80.539489],[48.170471,80.526488],[48.372925,80.549072],[48.502284,80.54332],[48.489986,80.535819],[48.572568,80.529228],[48.548983,80.506423],[48.678527,80.506286],[48.746277,80.483887],[48.875121,80.488525],[48.8573,80.523072],[48.997784,80.523118],[49.154121,80.513427],[49.22879,80.531617],[49.187985,80.548218],[49.253585,80.561318],[49.236184,80.58612],[49.429484,80.59842],[49.303273,80.620254],[49.280686,80.631919],[49.429981,80.646294],[49.532184,80.639618],[49.670487,80.660622],[49.685185,80.672921],[49.637512,80.676513],[49.676037,80.688827],[49.607884,80.68882],[49.642773,80.704247],[49.609085,80.71782],[49.329097,80.699135],[49.220089,80.696526],[49.206386,80.707322],[49.249093,80.727836],[49.344994,80.748139],[49.301185,80.751617],[49.2453,80.738282],[49.151585,80.740622],[49.117885,80.718818],[49.059585,80.718109],[48.98428,80.740287],[49.150684,80.755822],[49.176085,80.772095],[49.123886,80.779122],[49.016906,80.781127],[49.253109,80.800942],[49.350986,80.81652],[49.410706,80.814881],[49.495185,80.824417],[49.513885,80.83442],[49.646485,80.849023],[49.701488,80.871636],[49.747987,80.878822],[49.805115,80.907471],[50.08271,80.933838],[50.16528,80.944329],[50.242787,80.945022],[50.309502,80.931817],[50.437576,80.926705],[50.384889,80.914917],[50.173096,80.907471],[49.935685,80.885224],[49.995685,80.882722],[49.974587,80.872222],[50.076786,80.867623],[50.098511,80.850525],[50.191283,80.855103],[50.230484,80.875023],[50.435185,80.883622],[50.582786,80.895829],[50.701919,80.915649],[50.832085,80.946419],[50.889485,80.943618],[50.925983,80.898819],[50.974189,80.884133],[51.002785,80.85762],[50.823303,80.835083],[50.729485,80.836221],[50.657264,80.829155],[50.708394,80.818099],[50.666886,80.812821],[50.462958,80.810676],[50.441487,80.800117],[50.562386,80.801879],[50.464984,80.778121],[50.408086,80.776024],[50.388485,80.76252],[50.232488,80.75502],[50.314514,80.732484],[50.421184,80.721817],[50.470183,80.724021],[50.665683,80.76632],[50.743686,80.748123],[50.825086,80.778823],[50.957184,80.782821],[51.006286,80.763122],[51.118713,80.762511],[51.118713,80.783874],[51.226074,80.796691],[51.292115,80.796509],[51.492127,80.758484],[51.498803,80.74134],[51.595584,80.740303],[51.735682,80.718223],[51.801796,80.713088],[51.709885,80.685921],[51.637684,80.678124],[51.446715,80.64032],[51.363383,80.62812],[51.165527,80.618531],[51.131985,80.584319],[51.057323,80.558686],[50.986524,80.545829],[50.839478,80.531311],[50.644585,80.524818],[50.539886,80.528123],[50.366273,80.525818],[50.214084,80.51902],[50.099117,80.508538],[50.009274,80.494339],[49.840889,80.483025],[49.724304,80.48452],[49.666077,80.478271],[49.702983,80.453223],[49.791985,80.43982],[49.788685,80.39772],[49.80228,80.383682],[49.749787,80.36802],[49.69873,80.367676],[49.572785,80.346817],[49.363786,80.350624],[49.134085,80.371124],[48.961915,80.36792],[48.909183,80.380218],[48.813286,80.377725],[48.772084,80.368218],[48.811387,80.335725],[48.765499,80.325127],[48.617786,80.327422],[48.519104,80.308899],[48.526306,80.280273],[48.563923,80.271674],[48.607482,80.28312],[48.721309,80.275733],[48.774784,80.282623],[48.891686,80.280923],[48.960885,80.26612],[48.934486,80.247322],[48.997887,80.236222],[48.928284,80.229522],[48.850076,80.21231],[48.968322,80.19629],[49.066712,80.192689],[49.113883,80.169624],[49.031495,80.158508],[48.904369,80.159883],[48.928284,80.142021],[48.827881,80.1427],[48.637485,80.161423],[48.590983,80.184219],[48.50171,80.190674],[48.456715,80.183953],[48.440385,80.167319],[48.520079,80.122924],[48.41069,80.087151],[48.34261,80.073777],[48.273926,80.115478],[48.133483,80.120116],[47.981335,80.099426],[48.027547,80.084243],[48.005485,80.068223],[47.8125,80.060094]]],[[[58.062985,80.940926],[58.008983,80.942916],[57.960186,80.971818],[58.102885,80.969621],[58.153603,80.951087],[58.062985,80.940926]]],[[[50.625,81.057101],[50.517701,81.049071],[50.448586,81.023819],[50.385682,81.044495],[50.479309,81.06549],[50.489442,81.080781],[50.434986,81.092423],[50.452025,81.118195],[50.372985,81.136016],[50.367684,81.149123],[50.461486,81.152526],[50.53254,81.167931],[50.475293,81.171402],[50.532287,81.18042],[50.643311,81.179686],[50.748085,81.187522],[50.798782,81.173293],[50.932889,81.165282],[51.013584,81.142418],[51.017089,81.122314],[50.906136,81.096443],[50.782288,81.089904],[50.765076,81.07251],[50.825484,81.064323],[50.787785,81.058113],[50.625,81.057101]]],[[[54.337478,81.076852],[54.247085,81.077424],[54.248486,81.101722],[54.298286,81.098319],[54.337478,81.076852]]],[[[58.329372,81.074044],[58.385487,81.072923],[58.441784,81.053222],[58.684186,81.025017],[58.760022,81.004195],[58.641117,80.963059],[58.643077,80.943504],[58.60608,80.933471],[58.410705,80.927673],[58.334781,80.933501],[58.072286,80.993522],[58.002503,81.014098],[57.920486,81.021622],[57.861785,81.039916],[57.875687,81.04782],[58.005885,81.058022],[58.006084,81.047118],[58.10764,81.057648],[58.084785,81.075019],[58.111687,81.08342],[58.191888,81.083717],[58.329372,81.074044]]],[[[60.46875,80.903924],[60.417886,80.904221],[60.308186,80.92002],[60.290386,80.935418],[60.214985,80.945419],[60.082283,80.953949],[60.001187,80.973518],[60.212531,80.996063],[60.288697,81.020332],[60.483784,81.047219],[60.587086,81.048919],[60.707486,81.071824],[60.965881,81.093688],[61.144586,81.112924],[61.332886,81.107019],[61.380492,81.109719],[61.542479,81.104126],[61.643283,81.093223],[61.637084,81.084617],[61.525878,81.072082],[61.525985,81.056718],[61.587524,81.034118],[61.580623,81.017731],[61.442074,80.987136],[61.351928,80.957275],[61.266784,80.942321],[61.206482,80.921082],[61.100384,80.904319],[61.000672,80.897279],[60.777893,80.888718],[60.671784,80.890419],[60.552491,80.90168],[60.46875,80.903924]]],[[[57.65625,80.997809],[57.737285,80.987022],[57.865723,80.950622],[57.921783,80.951622],[58.032898,80.929526],[58.13818,80.934684],[58.300083,80.915817],[58.340984,80.904823],[58.274719,80.890503],[58.088502,80.872924],[58.023679,80.857934],[57.956683,80.855422],[57.973075,80.836075],[57.848693,80.81549],[57.742584,80.816718],[57.526786,80.831223],[57.327884,80.857918],[57.305584,80.867217],[57.33403,80.896041],[57.238384,80.918618],[57.035188,80.937524],[56.928784,80.962822],[56.943298,80.980529],[56.855685,81.006623],[56.778076,81.021911],[56.598084,81.031219],[56.166286,81.080619],[56.100086,81.096024],[56.174484,81.110923],[56.266884,81.092017],[56.505086,81.081123],[56.625121,81.088722],[56.770984,81.085221],[56.863587,81.075822],[56.945385,81.052224],[57.010785,81.043618],[57.146581,81.042487],[57.282684,81.046722],[57.370483,81.033218],[57.487485,81.031417],[57.618184,81.023422],[57.596154,81.006051],[57.65625,80.997809]]],[[[58.641185,81.044128],[58.581185,81.045929],[58.530586,81.063621],[58.518388,81.086417],[58.556787,81.098121],[58.700684,81.101524],[58.845929,81.090775],[58.821246,81.070976],[58.758082,81.05342],[58.641185,81.044128]]],[[[58.448302,81.14508],[58.539306,81.139282],[58.626672,81.126054],[58.519279,81.105943],[58.368892,81.096726],[58.433087,81.110321],[58.301697,81.10772],[58.177299,81.113892],[58.132984,81.125518],[58.270324,81.137124],[58.448302,81.14508]]],[[[57.65625,81.099499],[57.503284,81.097122],[57.308983,81.101081],[57.21753,81.110107],[57.056885,81.134277],[56.924483,81.143822],[56.998284,81.164817],[57.143486,81.178123],[57.233887,81.179686],[57.359684,81.201019],[57.526585,81.209023],[57.609484,81.207123],[57.684785,81.21682],[57.829385,81.217721],[57.912785,81.223724],[58.046876,81.210083],[58.085785,81.183914],[57.984924,81.188523],[57.872086,81.162041],[57.855084,81.13272],[57.785083,81.106551],[57.683483,81.107322],[57.65625,81.099499]]],[[[59.0625,81.209974],[59.242385,81.213418],[59.426186,81.206817],[59.527885,81.20762],[59.650086,81.201903],[59.781284,81.187424],[59.812084,81.168122],[59.736508,81.158928],[59.644283,81.162324],[59.442985,81.180489],[59.320185,81.186889],[59.127883,81.183823],[59.054183,81.189017],[59.004256,81.202553],[59.0625,81.209974]]],[[[56.151132,81.198852],[55.953483,81.18422],[55.844784,81.183625],[55.717984,81.193817],[55.637683,81.194321],[55.563484,81.208718],[55.623585,81.230117],[55.614502,81.255675],[55.484592,81.256133],[55.460084,81.264892],[55.562287,81.295922],[55.487541,81.312973],[55.591483,81.320617],[55.693684,81.334517],[55.683104,81.314513],[55.803712,81.304503],[55.923786,81.307824],[56.152729,81.282838],[56.269191,81.285286],[56.317486,81.268219],[56.579383,81.252519],[56.636086,81.264222],[56.530587,81.281021],[56.522284,81.290924],[56.411785,81.309625],[56.496703,81.332703],[56.482994,81.348349],[56.421387,81.365021],[56.36715,81.396248],[56.402183,81.400879],[56.575931,81.403632],[56.641725,81.409729],[56.802586,81.397424],[56.887511,81.379532],[57.012387,81.387619],[57.213886,81.362122],[57.300586,81.346223],[57.400089,81.352493],[57.464443,81.323165],[57.527885,81.306823],[57.643886,81.316521],[57.649903,81.332924],[57.732708,81.313239],[57.827388,81.307685],[57.951722,81.292114],[57.807286,81.286621],[57.674321,81.275025],[57.557383,81.277924],[57.390934,81.262825],[57.260086,81.259019],[56.991684,81.225625],[56.652585,81.166221],[56.519684,81.156419],[56.420883,81.155617],[56.350184,81.164619],[56.417225,81.197038],[56.274383,81.211221],[56.151132,81.198852]]],[[[55.614933,74.107176],[55.617142,74.092115],[55.67894,74.099909],[55.729255,74.10021],[55.780411,74.08926],[55.78613,74.074984],[55.842025,74.061109],[55.886838,74.072202],[55.839529,74.083197],[55.845623,74.102392],[55.78345,74.110995],[55.793525,74.126126],[55.731791,74.127564],[55.609416,74.139081],[55.616053,74.170935],[55.555818,74.184982],[55.491492,74.191447],[55.431813,74.207508],[55.351958,74.212927],[55.32545,74.219625],[55.23625,74.227996],[55.119071,74.225487],[55.119865,74.259102],[55.157405,74.260187],[55.167926,74.275353],[55.243478,74.282616],[55.282013,74.292632],[55.271668,74.270317],[55.247138,74.261945],[55.273765,74.255128],[55.442472,74.272363],[55.560838,74.265761],[55.622047,74.276886],[55.650235,74.249721],[55.685749,74.246871],[55.754279,74.273077],[55.730278,74.296701],[55.652584,74.311825],[55.631064,74.303898],[55.596146,74.309172],[55.577311,74.324638],[55.523353,74.335781],[55.346825,74.341426],[55.29887,74.34745],[55.3553,74.378799],[55.376813,74.409878],[55.427498,74.406667],[55.447469,74.416263],[55.471663,74.401866],[55.520929,74.403223],[55.630812,74.428971],[55.732928,74.42498],[55.877836,74.433682],[55.896308,74.428026],[55.948729,74.440928],[56.029398,74.43474],[56.163551,74.447208],[56.116801,74.465932],[56.074217,74.460393],[56.02429,74.466311],[56.018926,74.475995],[56.071551,74.481587],[56.049412,74.492734],[56.049321,74.510234],[55.868437,74.512581],[55.811748,74.516118],[55.786809,74.504486],[55.692201,74.492579],[55.724314,74.516824],[55.716098,74.527851],[55.648206,74.53818],[55.570654,74.537697],[55.602847,74.552848],[55.621841,74.582478],[55.602443,74.611741],[55.706372,74.635361],[55.824244,74.670246],[55.858188,74.655092],[55.91468,74.661504],[55.889222,74.64605],[55.905912,74.634891],[55.978527,74.62974],[56.03121,74.634701],[56.050657,74.647814],[56.117798,74.654474],[56.11298,74.662886],[56.206223,74.661319],[56.257719,74.674651],[56.295678,74.668387],[56.347629,74.673142],[56.40742,74.701408],[56.414747,74.686611],[56.50801,74.672274],[56.602423,74.64385],[56.66289,74.656722],[56.649085,74.669984],[56.591569,74.67193],[56.570637,74.695648],[56.539674,74.712446],[56.486895,74.727276],[56.429044,74.718835],[56.426704,74.729814],[56.501033,74.755024],[56.484651,74.765972],[56.443788,74.767408],[56.388029,74.751936],[56.308273,74.777124],[56.252363,74.766855],[56.178236,74.771963],[56.159127,74.765761],[56.046857,74.758289],[56.023148,74.749119],[55.999718,74.758724],[55.92289,74.753006],[55.8935,74.770364],[55.798149,74.784057],[55.829939,74.788311],[55.852084,74.804776],[55.934449,74.81131],[55.989935,74.827404],[56.049894,74.836094],[56.125859,74.856581],[56.255046,74.873518],[56.282992,74.872203],[56.346414,74.887977],[56.419323,74.876424],[56.448895,74.897955],[56.425026,74.907348],[56.346922,74.910714],[56.304855,74.897433],[56.307182,74.911107],[56.348773,74.925025],[56.338678,74.931509],[56.256465,74.925509],[56.353913,74.966422],[56.389716,74.969586],[56.360923,74.987261],[56.300226,74.999729],[56.215391,74.999581],[56.139158,74.98679],[56.058526,74.983535],[55.997134,74.957727],[55.935788,74.962686],[55.858628,74.954649],[55.833512,74.961549],[55.874099,74.985256],[55.871933,75.001341],[55.93091,75.047098],[55.901063,75.056155],[55.802771,75.065755],[55.747737,75.054093],[55.789953,75.108737],[55.855904,75.150206],[55.945752,75.176435],[56.018344,75.180587],[56.00664,75.161121],[56.054885,75.154937],[56.127814,75.169274],[56.090055,75.141794],[56.143144,75.127436],[56.258997,75.159002],[56.292945,75.157831],[56.326774,75.13673],[56.314619,75.130308],[56.381094,75.098309],[56.407133,75.054185],[56.447282,75.052753],[56.483475,75.065609],[56.60445,75.080522],[56.553,75.093598],[56.592161,75.11385],[56.611451,75.136873],[56.658118,75.142055],[56.662841,75.153557],[56.734223,75.17434],[56.74787,75.193769],[56.809788,75.195871],[56.870608,75.211495],[56.903617,75.211382],[56.964601,75.22481],[57.01067,75.246524],[56.939462,75.252519],[56.881354,75.244196],[56.831945,75.270219],[56.720871,75.276243],[56.713785,75.305609],[56.81705,75.339174],[56.912766,75.359408],[57.033017,75.379218],[57.091629,75.370517],[57.172502,75.3706],[57.254189,75.359031],[57.310945,75.368158],[57.393189,75.363181],[57.379704,75.34941],[57.451489,75.336256],[57.514282,75.314414],[57.592647,75.309502],[57.750872,75.312496],[57.812981,75.306412],[57.874732,75.31232],[57.898182,75.350805],[57.80608,75.346669],[57.717337,75.348364],[57.702724,75.359648],[57.730485,75.42138],[57.695088,75.434515],[57.624524,75.446591],[57.593692,75.437858],[57.595898,75.454967],[57.560939,75.484939],[57.612661,75.503968],[57.752568,75.527192],[57.86752,75.536123],[57.894605,75.544452],[58.000019,75.56038],[58.088912,75.557689],[58.151119,75.567614],[58.180432,75.562617],[58.261576,75.577272],[58.289068,75.57508],[58.354542,75.595921],[58.306644,75.623015],[58.222187,75.621547],[58.14225,75.611853],[58.076653,75.614203],[57.983286,75.631978],[58.013024,75.645393],[58.057483,75.647754],[58.091521,75.662162],[58.157947,75.654568],[58.204316,75.666985],[58.294859,75.664339],[58.393584,75.693803],[58.541021,75.710017],[58.609658,75.713142],[58.690796,75.725614],[58.780435,75.721643],[58.818129,75.774767],[58.757178,75.786463],[58.733728,75.799154],[58.797221,75.815808],[58.88374,75.847857],[58.952681,75.855487],[59.0338,75.852518],[59.080495,75.842919],[59.151865,75.838204],[59.194277,75.849324],[59.199754,75.861286],[59.10866,75.878455],[59.040936,75.880824],[59.126501,75.900022],[59.215584,75.913281],[59.213933,75.902562],[59.284993,75.90088],[59.309302,75.908573],[59.457265,75.914658],[59.555637,75.921695],[59.728645,75.89501],[59.810863,75.913246],[59.785213,75.916354],[59.859702,75.926482],[59.910308,75.922045],[60.042603,75.931418],[59.991143,75.936788],[59.994194,75.948898],[60.038352,75.961008],[60.099085,75.964077],[60.221035,75.962621],[60.227191,75.954866],[60.324846,75.964804],[60.361973,75.992688],[60.336172,75.999821],[60.189937,76.016997],[60.131266,76.014815],[60.10781,76.023683],[60.054074,76.019886],[60.0411,76.033474],[60.107873,76.053093],[60.208823,76.063299],[60.267311,76.086825],[60.223509,76.090601],[60.16251,76.079375],[60.095833,76.080611],[60.1195,76.096422],[60.05927,76.098331],[59.931724,76.083523],[59.931047,76.095678],[60.019902,76.125799],[60.025492,76.136982],[60.084188,76.154155],[60.123455,76.148161],[60.258396,76.154469],[60.39088,76.167772],[60.478007,76.169755],[60.486921,76.153896],[60.364389,76.137439],[60.27762,76.119939],[60.268192,76.09065],[60.294049,76.08749],[60.513667,76.115396],[60.579729,76.115337],[60.715601,76.101036],[60.76941,76.103158],[60.645541,76.060508],[60.57454,76.044158],[60.545306,76.028977],[60.474079,76.006209],[60.473766,75.996236],[60.54213,75.990646],[60.6015,75.99566],[60.671719,75.989238],[60.705737,75.998191],[60.743895,75.994537],[60.818026,75.998604],[60.795094,76.013214],[60.829774,76.034916],[60.907546,76.026851],[61.011179,76.032493],[61.106202,76.046807],[61.081223,76.081784],[61.114455,76.099147],[61.194543,76.107007],[61.149584,76.13542],[61.04595,76.131517],[60.954386,76.132367],[60.90658,76.144777],[60.959633,76.181554],[61.007103,76.190257],[60.959129,76.210228],[60.991056,76.228144],[61.060349,76.25031],[61.056303,76.256776],[61.154584,76.272171],[61.134913,76.282228],[61.186101,76.287386],[61.174461,76.277342],[61.27105,76.282738],[61.334215,76.291502],[61.466216,76.295565],[61.423821,76.284543],[61.473013,76.279692],[61.563646,76.279577],[61.614411,76.286195],[61.621824,76.295534],[61.691334,76.296536],[61.735583,76.285193],[61.739614,76.273202],[61.790356,76.273252],[61.858699,76.286655],[61.869319,76.258262],[62.04153,76.2491],[62.13902,76.25311],[62.199,76.24539],[62.33076,76.25682],[62.41825,76.24555],[62.36161,76.1965],[62.35114,76.17772],[62.4158,76.17509],[62.47206,76.16041],[62.53238,76.15995],[62.59348,76.18133],[62.54815,76.20043],[62.59044,76.21977],[62.59997,76.19305],[62.64997,76.19306],[62.68805,76.21959],[62.66255,76.22832],[62.72656,76.23226],[62.69841,76.24207],[62.76992,76.26083],[62.77815,76.25204],[62.83717,76.24557],[62.78753,76.2261],[62.81312,76.21942],[62.89366,76.22002],[62.89939,76.19449],[62.97437,76.20019],[63.03841,76.19122],[63.17352,76.21268],[63.21888,76.23837],[63.30914,76.25766],[63.383827,76.251562],[63.493701,76.265233],[63.53579,76.262914],[63.58345,76.27945],[63.56737,76.29577],[63.65721,76.30695],[63.72009,76.32958],[63.82134,76.32555],[63.98072,76.33138],[64.05816,76.29347],[64.07036,76.27424],[64.21471,76.28142],[64.27684,76.28927],[64.27266,76.30482],[64.24187,76.30628],[64.2842,76.33143],[64.37334,76.3436],[64.50095,76.33467],[64.50032,76.35335],[64.540697,76.37933],[64.66446,76.35933],[64.74151,76.3558],[64.80149,76.33684],[64.84936,76.3507],[64.81724,76.36911],[64.73351,76.37832],[64.70466,76.39076],[64.797585,76.421821],[64.829469,76.425899],[64.87896,76.45564],[64.97139,76.47583],[65.0957,76.47727],[65.13125,76.46759],[65.38696,76.48879],[65.37175,76.50495],[65.43673,76.50792],[65.45087,76.53805],[65.48824,76.55085],[65.56488,76.55652],[65.6301,76.54178],[65.80471,76.52794],[65.88859,76.51134],[65.99314,76.49931],[66.09204,76.49766],[66.07644,76.51435],[65.99571,76.5602],[66.02461,76.56641],[66.01012,76.59745],[65.94047,76.61299],[65.88939,76.63359],[65.82099,76.64707],[65.89661,76.68918],[65.95323,76.7139],[66.02929,76.73729],[66.09585,76.73345],[66.1401,76.71912],[66.20929,76.71273],[66.28097,76.69356],[66.330904,76.697908],[66.39152,76.71337],[66.34596,76.73591],[66.23518,76.75468],[66.23112,76.76359],[66.28886,76.77622],[66.402051,76.774741],[66.44415,76.79085],[66.45848,76.81859],[66.51858,76.82685],[66.61711,76.815],[66.73006,76.82931],[66.74557,76.83711],[66.70256,76.85564],[66.72913,76.87454],[66.88145,76.88592],[66.97492,76.88577],[66.996227,76.892837],[66.94167,76.91158],[67.02973,76.92632],[67.04817,76.93923],[67.111,76.94251],[67.15879,76.93212],[67.26221,76.92734],[67.30426,76.93413],[67.3551,76.96154],[67.45509,76.97773],[67.56261,76.98959],[67.6568,76.98932],[67.75667,77.0008],[67.83568,76.99299],[67.982888,76.996819],[68.122218,76.990256],[68.117897,76.979675],[68.162181,76.961534],[68.281259,76.957512],[68.328243,76.965675],[68.370906,76.955928],[68.531298,76.953856],[68.497815,76.930063],[68.56937,76.912404],[68.627155,76.915583],[68.643356,76.901883],[68.70492,76.891232],[68.728682,76.879223],[68.822919,76.869964],[68.758654,76.851673],[68.755954,76.836555],[68.80036,76.81507],[68.88339,76.79073],[69.00518,76.77978],[68.963077,76.760133],[68.953673,76.736461],[68.98738,76.71388],[69.06398,76.70136],[69.007937,76.680749],[68.958376,76.674418],[68.85818,76.63927],[68.82048,76.60757],[68.819361,76.584859],[68.796069,76.575548],[68.8195,76.55726],[68.87122,76.54554],[68.9524,76.55145],[68.95684,76.53663],[68.8255,76.51665],[68.77335,76.49235],[68.71348,76.48079],[68.69766,76.45474],[68.71213,76.44018],[68.67683,76.43631],[68.61728,76.40507],[68.56611,76.40881],[68.49674,76.40409],[68.43535,76.39144],[68.42495,76.38043],[68.45881,76.37412],[68.4551,76.35828],[68.3821,76.34432],[68.3618,76.3154],[68.22729,76.30838],[68.20309,76.29758],[68.23019,76.27493],[68.32236,76.26063],[68.31005,76.24886],[68.20227,76.25517],[68.14753,76.2541],[68.06995,76.24105],[68.03869,76.24284],[67.87103,76.21813],[67.8105,76.19868],[67.74341,76.19477],[67.69653,76.181],[67.63912,76.17761],[67.57139,76.16037],[67.5118,76.15848],[67.40069,76.14041],[67.32902,76.12434],[67.26892,76.10196],[67.14165,76.08315],[66.82065,76.04319],[66.67704,76.03394],[66.62707,76.02247],[66.49945,76.0143],[66.44377,75.98867],[66.37659,75.98667],[66.32479,75.99838],[66.26787,75.99775],[66.235829,75.98763],[65.964587,75.973156],[65.95027,75.96637],[65.9676,75.94433],[65.94795,75.93769],[65.80479,75.91437],[65.732521,75.925169],[65.706019,75.915823],[65.571564,75.901794],[65.50948,75.87575],[65.41545,75.86618],[65.3565,75.84663],[65.24611,75.83265],[65.1935,75.8221],[65.1665,75.79787],[65.06385,75.80722],[64.88757,75.79224],[64.86914,75.77644],[64.7303,75.77042],[64.61763,75.74008],[64.43817,75.72906],[64.4105,75.73775],[64.378319,75.727908],[64.18535,75.7177],[64.09649,75.69488],[64.00685,75.65996],[63.8944,75.65911],[63.84175,75.64413],[63.84089,75.62899],[63.79639,75.61187],[63.7439,75.6202],[63.81904,75.64261],[63.81477,75.65175],[63.75947,75.65746],[63.71415,75.66979],[63.73671,75.68618],[63.70735,75.70425],[63.66434,75.70265],[63.68699,75.68893],[63.63166,75.67025],[63.63251,75.65104],[63.57509,75.64692],[63.53725,75.63194],[63.52428,75.61139],[63.46168,75.59685],[63.38128,75.5888],[63.37185,75.58114],[63.19201,75.55935],[63.05808,75.56243],[62.936115,75.551283],[62.918085,75.538121],[62.876253,75.537182],[62.844863,75.522191],[62.759254,75.506909],[62.736555,75.495738],[62.698161,75.499636],[62.51739,75.47552],[62.50029,75.46785],[62.35238,75.44059],[62.33909,75.42582],[62.2827,75.41624],[62.23085,75.41809],[62.2476,75.43284],[62.05655,75.43072],[61.964206,75.437973],[61.912941,75.412667],[61.951696,75.39918],[61.950326,75.387421],[61.890781,75.374579],[61.812474,75.348789],[61.757565,75.3576],[61.724231,75.335475],[61.672089,75.323973],[61.661998,75.298046],[61.678293,75.282348],[61.619457,75.274559],[61.643165,75.259998],[61.555901,75.250968],[61.541145,75.232047],[61.466472,75.207119],[61.382884,75.211021],[61.381445,75.230254],[61.402295,75.25009],[61.410493,75.283226],[61.374317,75.302603],[61.291172,75.304662],[61.3359,75.293591],[61.344749,75.280622],[61.26676,75.266703],[61.228708,75.251268],[61.213149,75.233373],[61.176512,75.220722],[61.138299,75.220383],[61.109455,75.178912],[61.073123,75.168418],[60.973045,75.164146],[60.936412,75.150055],[60.891051,75.152232],[60.825434,75.145395],[60.736175,75.11922],[60.784047,75.119462],[60.81613,75.098459],[60.75257,75.090803],[60.772359,75.08037],[60.812034,75.0801],[60.810587,75.068351],[60.752136,75.01634],[60.6669,75.013627],[60.588406,75.03534],[60.589363,75.056306],[60.613092,75.064378],[60.615149,75.083536],[60.594945,75.088459],[60.630983,75.100143],[60.494959,75.101001],[60.528817,75.086157],[60.51063,75.061106],[60.474168,75.062172],[60.484578,75.046919],[60.401657,75.043942],[60.407257,75.033498],[60.45073,75.022103],[60.448386,75.007299],[60.411428,74.998899],[60.209546,74.973555],[60.147406,74.968665],[60.064871,74.979889],[59.973752,74.998355],[59.934864,74.986071],[59.951185,74.978572],[60.138295,74.943341],[60.243791,74.939563],[60.337894,74.942426],[60.448008,74.937461],[60.524548,74.945117],[60.571314,74.942983],[60.629451,74.911871],[60.602007,74.880578],[60.562273,74.852803],[60.52467,74.842389],[60.447668,74.843574],[60.351178,74.836067],[60.215668,74.842506],[60.171095,74.849273],[60.155315,74.841437],[60.204076,74.819522],[60.199088,74.795293],[60.292554,74.790114],[60.307763,74.776846],[60.296276,74.752456],[60.245561,74.732984],[60.199148,74.72444],[60.098321,74.715108],[59.976687,74.707799],[59.908796,74.707536],[59.839371,74.717501],[59.720217,74.726516],[59.656271,74.718458],[59.628698,74.747673],[59.574313,74.75955],[59.542722,74.756585],[59.594287,74.733499],[59.579063,74.717694],[59.669759,74.703725],[59.737207,74.701636],[59.755693,74.674562],[59.828838,74.667259],[59.854468,74.643408],[59.866315,74.613082],[59.850868,74.596914],[59.783178,74.589584],[59.761663,74.571057],[59.714421,74.564477],[59.586278,74.573542],[59.515282,74.59225],[59.51446,74.599162],[59.45165,74.60983],[59.445425,74.619357],[59.365228,74.649872],[59.336847,74.653748],[59.309093,74.675124],[59.221789,74.679839],[59.161147,74.695895],[59.155295,74.720233],[59.133931,74.723504],[59.091484,74.710611],[59.14586,74.658468],[59.218491,74.64626],[59.206869,74.628737],[59.144595,74.617329],[59.17148,74.592277],[59.109975,74.513375],[59.125025,74.500708],[59.157384,74.499629],[59.152429,74.494821],[59.123883,74.499313],[59.070125,74.479245],[59.063503,74.464994],[59.085141,74.451756],[59.151759,74.443962],[59.115503,74.439966],[59.182333,74.423726],[59.232409,74.441631],[59.238049,74.427515],[59.362114,74.429805],[59.354012,74.407139],[59.315173,74.408061],[59.309266,74.386905],[59.263765,74.387377],[59.268673,74.398574],[59.210908,74.423953],[59.1092,74.424691],[59.101205,74.414543],[59.046167,74.430266],[58.908633,74.434178],[58.872017,74.44663],[58.823288,74.445375],[58.808746,74.459933],[58.778321,74.46069],[58.768604,74.476229],[58.692939,74.491641],[58.662141,74.489445],[58.632807,74.501417],[58.601908,74.49832],[58.529053,74.515826],[58.503022,74.513704],[58.440623,74.528317],[58.336833,74.539293],[58.261845,74.560042],[58.204901,74.542855],[58.217192,74.528225],[58.287017,74.515696],[58.329989,74.514805],[58.376661,74.50149],[58.439879,74.503006],[58.497441,74.495088],[58.506057,74.475099],[58.591181,74.448441],[58.578309,74.424257],[58.625211,74.417785],[58.670638,74.402114],[58.63613,74.385123],[58.605018,74.382413],[58.615479,74.368538],[58.666002,74.343885],[58.815272,74.341428],[58.82558,74.328054],[58.771219,74.319553],[58.763512,74.33546],[58.728198,74.341362],[58.678645,74.333567],[58.697457,74.319113],[58.643622,74.291667],[58.675585,74.286059],[58.68717,74.253829],[58.739716,74.246716],[58.653277,74.242494],[58.636782,74.234092],[58.723194,74.224103],[58.72949,74.21268],[58.667256,74.21917],[58.607803,74.216293],[58.640082,74.201231],[58.631504,74.190563],[58.508217,74.195537],[58.492964,74.183417],[58.531016,74.178769],[58.539259,74.160175],[58.506216,74.143678],[58.480228,74.155994],[58.418824,74.159852],[58.39741,74.182859],[58.358747,74.17991],[58.356318,74.162038],[58.286993,74.161053],[58.266845,74.154656],[58.331883,74.137915],[58.440333,74.128026],[58.499153,74.127884],[58.537482,74.118418],[58.520155,74.105007],[58.331117,74.122844],[58.307014,74.110401],[58.327466,74.101911],[58.322032,74.062748],[58.34391,74.045855],[58.308417,74.043517],[58.316702,74.065697],[58.259244,74.080602],[58.291385,74.110308],[58.256654,74.119582],[58.190762,74.12468],[58.151508,74.110839],[58.193053,74.079443],[58.179668,74.055243],[58.146733,74.049543],[58.217888,74.025393],[58.249413,74.000684],[58.233126,73.994877],[58.16403,73.996454],[58.14536,73.972434],[58.092776,73.977213],[58.075748,73.988771],[57.994871,73.989487],[57.93151,73.998711],[57.913555,74.009008],[57.87008,74.01072],[57.828309,74.028001],[57.777843,74.040068],[57.70937,74.045796],[57.715144,74.057696],[57.665787,74.093452],[57.647247,74.119311],[57.603226,74.14013],[57.541941,74.179633],[57.488897,74.190999],[57.401997,74.20165],[57.370688,74.185866],[57.457092,74.159901],[57.499629,74.128641],[57.541413,74.079491],[57.489967,74.071183],[57.404589,74.079917],[57.377368,74.070131],[57.459695,74.053367],[57.51091,74.056573],[57.521411,74.065234],[57.561427,74.038821],[57.636292,74.005914],[57.680271,73.993772],[57.722867,73.972685],[57.781176,73.954087],[57.821365,73.926346],[57.862847,73.908299],[57.839885,73.891528],[57.803215,73.894479],[57.761318,73.884156],[57.786404,73.870015],[57.844247,73.868773],[57.832254,73.831263],[57.859605,73.81046],[57.884821,73.767946],[57.800775,73.748861],[57.796699,73.739935],[57.724801,73.722307],[57.655194,73.712825],[57.63209,73.739976],[57.600294,73.743389],[57.60553,73.762024],[57.583292,73.778947],[57.540826,73.780081],[57.54475,73.802297],[57.527611,73.81026],[57.395844,73.833919],[57.326172,73.835187],[57.25474,73.842053],[57.153831,73.843938],[57.062101,73.852414],[56.962941,73.855485],[56.94417,73.83926],[57.025342,73.828919],[57.148133,73.822355],[57.177333,73.810582],[57.245026,73.805533],[57.304113,73.807629],[57.417498,73.765029],[57.473316,73.75265],[57.509104,73.699173],[57.538835,73.690159],[57.55591,73.670443],[57.620709,73.629897],[57.583714,73.595002],[57.53848,73.5941],[57.504636,73.580898],[57.380775,73.576304],[57.345723,73.562569],[57.357604,73.548242],[57.208006,73.553553],[57.121507,73.564605],[56.952677,73.590693],[56.963501,73.600914],[56.854708,73.631779],[56.830887,73.658074],[56.793135,73.66545],[56.796165,73.677715],[56.762532,73.678957],[56.739734,73.654917],[56.753191,73.634495],[56.831389,73.608003],[56.888415,73.604209],[56.88846,73.597311],[56.754239,73.593621],[56.761615,73.583411],[56.843412,73.57991],[56.899382,73.585309],[56.922946,73.569736],[56.99517,73.547524],[57.123943,73.527561],[57.168735,73.504282],[57.224308,73.490689],[57.24124,73.449284],[57.222747,73.440107],[57.181552,73.441424],[57.150991,73.430208],[57.146712,73.401342],[57.112253,73.393955],[57.099205,73.378122],[56.965868,73.324493],[56.917853,73.317326],[56.905496,73.299948],[56.855538,73.323679],[56.816281,73.333612],[56.792056,73.349045],[56.751738,73.333289],[56.750663,73.315405],[56.806761,73.309333],[56.744893,73.28474],[56.735471,73.262373],[56.715229,73.253278],[56.730601,73.233626],[56.668623,73.234558],[56.639268,73.241407],[56.543471,73.24735],[56.411043,73.260047],[56.347758,73.269055],[56.242517,73.261927],[56.122105,73.258515],[56.049497,73.289111],[56.02626,73.3074],[56.057839,73.339484],[56.040342,73.373642],[56.003969,73.385225],[55.975118,73.382275],[55.973417,73.343684],[55.986852,73.312322],[55.965687,73.294588],[55.915872,73.295612],[55.864576,73.318973],[55.777138,73.33496],[55.693125,73.338921],[55.634516,73.336629],[55.592814,73.32383],[55.631451,73.319233],[55.709586,73.321392],[55.804092,73.318763],[55.837638,73.296339],[55.811707,73.285844],[55.845472,73.285523],[55.898798,73.270864],[55.959061,73.271942],[55.980704,73.266045],[55.964076,73.247566],[56.014511,73.248705],[56.156878,73.236302],[56.25,73.236998],[56.395428,73.224999],[56.469505,73.203997],[56.526095,73.17041],[56.559921,73.158093],[56.567935,73.137033],[56.548862,73.108888],[56.368295,73.095895],[56.315154,73.084994],[56.271343,73.08331],[56.17835,73.064052],[56.116761,73.068523],[55.972277,73.065169],[55.908561,73.060624],[55.887104,73.053482],[55.945165,73.049572],[56.034251,73.054227],[56.109194,73.044984],[56.164975,73.050457],[56.219449,73.04671],[56.279729,73.050252],[56.406555,73.029707],[56.431343,73.020708],[56.333482,72.999998],[56.31725,72.98638],[56.1873,72.99118],[56.1574,72.98962],[56.01884,72.96983],[55.97271,72.96833],[55.89937,72.95619],[55.88506,72.9413],[55.81382,72.95854],[55.77197,72.9464],[55.68612,72.95314],[55.64366,72.95018],[55.61673,72.93812],[55.71161,72.93823],[55.76239,72.93395],[55.81333,72.94],[55.89273,72.9232],[56.022161,72.92706],[56.077992,72.935466],[56.101156,72.952488],[56.203018,72.9542],[56.265982,72.94575],[56.217215,72.904224],[56.232953,72.881637],[56.234155,72.853496],[56.221414,72.842117],[56.121454,72.792176],[56.121607,72.778407],[56.018626,72.76956],[55.99904,72.78168],[55.95156,72.78221],[55.91588,72.77307],[55.89296,72.78138],[55.81068,72.77299],[55.76067,72.76068],[55.69241,72.76319],[55.6483,72.77644],[55.59478,72.77697],[55.57557,72.79064],[55.53548,72.79521],[55.55499,72.77823],[55.479,72.76925],[55.47883,72.76106],[55.58621,72.76554],[55.64548,72.74563],[55.71434,72.73995],[55.84165,72.738109],[55.843688,72.721282],[55.864557,72.715073],[55.899718,72.686807],[55.921909,72.650749],[55.89631,72.64392],[55.77486,72.65472],[55.74175,72.65042],[55.67358,72.6574],[55.659321,72.642321],[55.69105,72.632832],[55.696115,72.596824],[55.660939,72.595393],[55.620077,72.58024],[55.639237,72.573746],[55.64429,72.541959],[55.612012,72.54376],[55.614984,72.525741],[55.516844,72.529929],[55.52778,72.545827],[55.492862,72.559077],[55.425742,72.561236],[55.42057,72.55334],[55.46272,72.54856],[55.490318,72.536683],[55.484541,72.52237],[55.552381,72.51524],[55.562004,72.495835],[55.54757,72.47636],[55.566495,72.469308],[55.545057,72.457494],[55.497977,72.458916],[55.412837,72.454123],[55.356462,72.433826],[55.404598,72.425753],[55.479547,72.435418],[55.47933,72.41141],[55.500661,72.381759],[55.46972,72.333011],[55.428578,72.318264],[55.429225,72.308938],[55.37672,72.299706],[55.373597,72.291846],[55.419854,72.270999],[55.470097,72.266226],[55.529495,72.234098],[55.525839,72.21074],[55.552507,72.200175],[55.575378,72.173115],[55.548353,72.155745],[55.53125,72.157623],[55.46216,72.135491],[55.441873,72.123928],[55.432412,72.100209],[55.412745,72.091343],[55.451388,72.064487],[55.432569,72.030549],[55.40364,72.027179],[55.413086,72.012417],[55.389323,72.010685],[55.384895,71.986419],[55.412978,71.961537],[55.40388,71.953751],[55.43302,71.93456],[55.386396,71.933541],[55.3241,71.94092],[55.30503,71.93309],[55.38084,71.91506],[55.449321,71.918959],[55.524604,71.881876],[55.508699,71.87048],[55.553631,71.845482],[55.525244,71.831558],[55.533062,71.787065],[55.575615,71.765243],[55.569992,71.744433],[55.58994,71.734708],[55.583548,71.700895],[55.634496,71.683076],[55.623174,71.673404],[55.642198,71.649535],[55.665458,71.648322],[55.657024,71.624725],[55.690065,71.612715],[55.697536,71.595154],[55.73919,71.575637],[55.738782,71.553739],[55.829258,71.508319],[55.833727,71.485192],[55.874587,71.466793],[55.862548,71.454555],[55.898847,71.429388],[55.93086,71.423985],[55.967707,71.396509],[55.997801,71.364424],[56.02784,71.35106],[56.04234,71.33222],[56.03186,71.31862],[56.04738,71.29493],[56.089498,71.281278],[56.110154,71.254925],[56.143727,71.23987],[56.199461,71.200863],[56.212915,71.184815],[56.30384,71.15105],[56.335456,71.133946],[56.375919,71.133382],[56.446613,71.105388],[56.473556,71.08685],[56.521992,71.067036],[56.574933,71.051753],[56.606247,71.025606],[56.679779,70.996695],[56.757952,70.977819],[56.808596,70.949941],[56.899024,70.927177],[56.894879,70.922171],[56.947459,70.890999],[57.04565,70.85219],[57.137021,70.836727],[57.180984,70.835607],[57.305066,70.800042],[57.374573,70.794906],[57.419142,70.8002],[57.461966,70.784541],[57.465672,70.774054],[57.53351,70.75483],[57.61269,70.7091],[57.54941,70.71287],[57.51572,70.69585],[57.53473,70.6843],[57.52282,70.67181],[57.46496,70.65535],[57.48598,70.64789],[57.4792,70.62184],[57.44814,70.60965],[57.46544,70.59287],[57.4257,70.60344],[57.40856,70.5921],[57.34793,70.59683],[57.279507,70.613617],[57.192254,70.623556],[57.151695,70.61112],[57.199129,70.584614],[57.253339,70.56845],[57.30512,70.56138],[57.31483,70.54476],[57.39184,70.52238],[57.47889,70.51169],[57.42062,70.50724],[57.38258,70.51882],[57.30695,70.53046],[57.3194,70.54258],[57.27188,70.54303],[57.24873,70.5308],[57.27236,70.52183],[57.24319,70.51676],[57.22612,70.53058],[57.17985,70.54009],[57.17534,70.55031],[57.10327,70.55216],[57.095904,70.557078],[57.0074,70.56138],[57.00663,70.55283],[57.123774,70.532509],[57.16444,70.52963],[57.21093,70.50607],[57.1901,70.48871],[57.10304,70.50794],[57.067642,70.511742],[57.05252,70.50286],[57.13345,70.47752],[57.12268,70.46501],[57.07231,70.47551],[57.03792,70.47041],[57.02343,70.49086],[56.95001,70.49776],[56.86328,70.53962],[56.907628,70.550541],[56.8831,70.56237],[56.8432,70.56094],[56.8379,70.55161],[56.80486,70.55771],[56.82087,70.56948],[56.80995,70.58812],[56.84679,70.59352],[56.79046,70.61467],[56.74586,70.61309],[56.664559,70.64479],[56.608912,70.652285],[56.601562,70.640082],[56.642574,70.631507],[56.74886,70.58882],[56.76915,70.59446],[56.74318,70.58178],[56.7085,70.59003],[56.7064,70.57623],[56.73489,70.57014],[56.659292,70.574664],[56.63686,70.55668],[56.64849,70.55031],[56.59802,70.54306],[56.53336,70.52093],[56.4776,70.51541],[56.42569,70.53723],[56.39188,70.54019],[56.33737,70.56606],[56.35558,70.57277],[56.29448,70.58533],[56.24772,70.60328],[56.24691,70.61478],[56.1675,70.62798],[56.1502,70.63659],[56.043099,70.645999],[56.053282,70.62988],[56.102279,70.631262],[56.17756,70.60784],[56.18069,70.58766],[56.15256,70.58038],[56.112962,70.598544],[56.07156,70.60477],[55.995204,70.630118],[55.934318,70.642942],[55.900326,70.659208],[55.848315,70.665323],[55.836002,70.659863],[55.909813,70.627374],[55.969419,70.616377],[56.03881,70.59796],[56.00156,70.57399],[56.01698,70.55695],[55.93132,70.58076],[55.90352,70.581675],[55.88831,70.56669],[55.82705,70.59059],[55.82847,70.60593],[55.803672,70.607996],[55.74705,70.59159],[55.70263,70.60125],[55.66228,70.61834],[55.6376,70.61904],[55.61036,70.63457],[55.635989,70.642994],[55.56709,70.669],[55.545616,70.681599],[55.514646,70.682636],[55.458333,70.702622],[55.471193,70.716655],[55.430754,70.732601],[55.4117,70.71181],[55.35866,70.71735],[55.34336,70.70598],[55.363822,70.690394],[55.40692,70.68429],[55.43584,70.66997],[55.49613,70.62727],[55.42596,70.61876],[55.43121,70.64028],[55.34868,70.66],[55.3081,70.68404],[55.27129,70.68102],[55.272,70.65929],[55.23512,70.66201],[55.22999,70.6502],[55.25727,70.62899],[55.31895,70.60042],[55.28822,70.59093],[55.27198,70.57417],[55.30032,70.55679],[55.24561,70.57264],[55.19872,70.56886],[55.20378,70.54641],[55.16861,70.54516],[54.99395,70.60481],[54.98471,70.62031],[54.91319,70.62692],[54.88493,70.63938],[54.82234,70.64082],[54.81694,70.64804],[54.743983,70.671433],[54.735154,70.686424],[54.69676,70.70768],[54.69354,70.72259],[54.72588,70.73055],[54.696321,70.743564],[54.63903,70.74479],[54.580294,70.765887],[54.56209,70.74659],[54.520071,70.764852],[54.50006,70.75932],[54.512231,70.743744],[54.475864,70.733621],[54.507758,70.712692],[54.551956,70.710257],[54.573541,70.694364],[54.65166,70.68333],[54.660808,70.663932],[54.73094,70.6585],[54.77319,70.64624],[54.78071,70.63393],[54.67428,70.64807],[54.65021,70.64291],[54.52856,70.67302],[54.56086,70.69314],[54.46042,70.70507],[54.42523,70.72018],[54.33585,70.74039],[54.341854,70.749529],[54.28546,70.76344],[54.24981,70.75473],[54.294663,70.729981],[54.26288,70.73011],[54.23312,70.7156],[54.19655,70.72809],[54.09522,70.74058],[54.0863,70.73533],[54.1238,70.72236],[54.10714,70.7198],[54.0031,70.73207],[53.94535,70.7755],[53.90709,70.77691],[53.89956,70.76041],[53.83443,70.77977],[53.7973,70.77401],[53.73367,70.78799],[53.69204,70.7907],[53.68944,70.80639],[53.64804,70.80743],[53.55785,70.82074],[53.55212,70.80438],[53.48591,70.80057],[53.451809,70.826393],[53.40082,70.8368],[53.35884,70.86183],[53.40458,70.85478],[53.46997,70.86859],[53.51507,70.85614],[53.54709,70.85585],[53.57632,70.87623],[53.54177,70.88646],[53.47766,70.91762],[53.55972,70.89102],[53.56238,70.88467],[53.634831,70.875162],[53.652586,70.856427],[53.711056,70.816973],[53.753438,70.811978],[53.699346,70.85345],[53.683097,70.877607],[53.727306,70.892807],[53.781894,70.931572],[53.723485,70.976091],[53.563127,71.034898],[53.530824,71.056394],[53.578153,71.058776],[53.611223,71.053757],[53.661356,71.068005],[53.69828,71.07214],[53.702858,71.083865],[53.79491,71.056751],[53.822568,71.054261],[53.932881,71.02194],[53.969758,71.032351],[53.91744,71.054163],[53.912136,71.071194],[53.876412,71.078851],[53.856942,71.098557],[53.816081,71.113755],[53.884779,71.098576],[53.919395,71.118649],[54.02626,71.114689],[54.101498,71.094396],[54.12331,71.098473],[54.011921,71.136556],[54.06396,71.14605],[54.07998,71.17648],[53.991992,71.175325],[53.993211,71.164344],[53.95139,71.15269],[53.902679,71.163447],[53.849199,71.184925],[53.832891,71.178201],[53.848592,71.150959],[53.83809,71.13391],[53.724157,71.155576],[53.74888,71.16642],[53.717242,71.17688],[53.68086,71.1752],[53.65063,71.19437],[53.599493,71.183307],[53.552448,71.196494],[53.518476,71.225398],[53.463672,71.256709],[53.484167,71.259814],[53.42787,71.28009],[53.384113,71.272004],[53.32352,71.28754],[53.296652,71.284253],[53.22438,71.32244],[53.22164,71.33237],[53.15849,71.3526],[53.21686,71.35685],[53.21371,71.36881],[53.16102,71.36801],[53.1807,71.36764],[53.15445,71.39296],[53.16392,71.39775],[53.13555,71.42124],[53.06691,71.42905],[53.02758,71.42695],[52.98849,71.4507],[52.9564,71.45796],[52.93661,71.44883],[52.95856,71.42856],[53.02909,71.40214],[53.07647,71.40185],[53.12126,71.3846],[53.10529,71.37045],[53.0311,71.40014],[52.95834,71.38759],[52.96898,71.37117],[52.91159,71.3812],[52.91929,71.39404],[52.9055,71.41743],[52.8759,71.4319],[52.93562,71.43831],[52.87773,71.45524],[52.79908,71.45249],[52.86031,71.4185],[52.85692,71.40997],[52.79998,71.42997],[52.76049,71.43421],[52.7389,71.46446],[52.69965,71.47254],[52.66935,71.44624],[52.63623,71.45393],[52.61433,71.46879],[52.65237,71.47325],[52.65645,71.49614],[52.63211,71.49327],[52.59731,71.50783],[52.66038,71.51441],[52.64904,71.5039],[52.66987,71.4903],[52.69743,71.5004],[52.69462,71.52006],[52.71867,71.52265],[52.69767,71.53882],[52.67481,71.53446],[52.63962,71.54698],[52.58295,71.60151],[52.541409,71.600062],[52.52132,71.57906],[52.53585,71.5689],[52.49812,71.55213],[52.49185,71.53072],[52.43282,71.54443],[52.41284,71.54344],[52.40299,71.52219],[52.40803,71.49951],[52.45382,71.48678],[52.45567,71.46198],[52.43734,71.4764],[52.39569,71.48039],[52.33261,71.51433],[52.31113,71.53276],[52.32076,71.53966],[52.27191,71.56061],[52.19641,71.53092],[52.21745,71.5066],[52.30197,71.46156],[52.21937,71.47308],[52.15454,71.4713],[52.11383,71.45398],[52.00468,71.46498],[51.94997,71.46468],[51.91902,71.4568],[51.887932,71.463567],[51.80115,71.50232],[51.76227,71.51458],[51.69472,71.52501],[51.65177,71.52534],[51.62047,71.536],[51.60715,71.56024],[51.58227,71.57081],[51.59675,71.60405],[51.50523,71.68889],[51.52607,71.70282],[51.49386,71.71113],[51.46849,71.74477],[51.47755,71.76273],[51.44268,71.78096],[51.43539,71.84025],[51.46613,71.86704],[51.50689,71.93719],[51.50689,71.96105],[51.52714,71.98085],[51.56531,72.06142],[51.63706,72.08085],[51.64763,72.09037],[51.71989,72.10285],[51.73828,72.11437],[51.80901,72.12985],[51.82477,72.15103],[51.86189,72.15278],[51.90259,72.13257],[51.91969,72.10841],[52.00628,72.10116],[52.05591,72.09319],[52.110518,72.093948],[52.14064,72.10992],[52.18579,72.11258],[52.20456,72.13021],[52.2353,72.11943],[52.222,72.10476],[52.24811,72.09233],[52.27686,72.09226],[52.31054,72.06617],[52.38884,72.06393],[52.39864,72.07135],[52.32767,72.08067],[52.32671,72.09269],[52.37007,72.09577],[52.40697,72.1115],[52.37669,72.1259],[52.40778,72.13842],[52.37037,72.14112],[52.36711,72.15744],[52.38992,72.1631],[52.38375,72.17935],[52.41143,72.16566],[52.43863,72.16552],[52.4738,72.19247],[52.43176,72.19994],[52.45053,72.21882],[52.47514,72.20402],[52.49144,72.21951],[52.53142,72.22401],[52.47298,72.24675],[52.45775,72.27433],[52.55284,72.2601],[52.56593,72.25116],[52.62516,72.25455],[52.59977,72.28856],[52.64834,72.28246],[52.71845,72.29732],[52.67923,72.31362],[52.69354,72.32264],[52.66075,72.33652],[52.60067,72.34774],[52.58016,72.33832],[52.60035,72.3211],[52.57567,72.32209],[52.52794,72.33791],[52.54025,72.35663],[52.58424,72.36325],[52.62617,72.35753],[52.68532,72.36804],[52.61234,72.37284],[52.63032,72.39655],[52.69363,72.40075],[52.72034,72.38801],[52.74019,72.39894],[52.71108,72.40932],[52.70764,72.42743],[52.73932,72.42248],[52.77589,72.44374],[52.73128,72.45303],[52.70793,72.44408],[52.68717,72.45823],[52.7255,72.47749],[52.7784,72.49117],[52.82362,72.49059],[52.86968,72.49744],[52.87504,72.51496],[52.92746,72.52602],[52.9563,72.53992],[52.94429,72.5535],[52.90168,72.55135],[52.88166,72.53071],[52.85907,72.53255],[52.92014,72.56402],[52.9867,72.56613],[52.96318,72.57769],[52.91997,72.57605],[52.85414,72.56138],[52.83581,72.55204],[52.75901,72.53749],[52.72868,72.53953],[52.74047,72.56898],[52.78039,72.57725],[52.8004,72.60865],[52.69196,72.61455],[52.8011,72.64401],[52.73801,72.65497],[52.64471,72.6609],[52.55141,72.65963],[52.50295,72.69518],[52.46489,72.70944],[52.42465,72.7052],[52.40503,72.71781],[52.42628,72.73572],[52.46006,72.7352],[52.4895,72.74662],[52.48877,72.76479],[52.51748,72.79821],[52.54273,72.80108],[52.58403,72.8368],[52.61426,72.8513],[52.74737,72.87167],[52.79023,72.8814],[52.87356,72.88938],[52.95466,72.90548],[53.03956,72.89371],[53.1079,72.89541],[53.25233,72.87061],[53.31852,72.86555],[53.42171,72.86612],[53.49793,72.85823],[53.55432,72.87608],[53.42702,72.87849],[53.40508,72.88809],[53.34587,72.89279],[53.27503,72.88651],[53.24076,72.89638],[53.37181,72.90618],[53.39835,72.91253],[53.3696,72.92112],[53.30461,72.91124],[53.20617,72.9116],[53.13818,72.92786],[53.1164,72.92783],[53.08982,72.94549],[53.12048,72.98831],[53.14964,72.99885],[53.21424,72.99954],[53.23568,73.00966],[53.28144,72.99617],[53.40117,72.99242],[53.42422,73.00793],[53.30087,73.01597],[53.31949,73.0419],[53.27628,73.04509],[53.28146,73.0599],[53.22157,73.05471],[53.19246,73.05941],[53.20584,73.08666],[53.17488,73.1035],[53.207741,73.109452],[53.18756,73.12395],[53.19871,73.13542],[53.2791,73.17169],[53.33252,73.18647],[53.42436,73.22979],[53.51224,73.23794],[53.53461,73.22808],[53.6107,73.2287],[53.68518,73.24923],[53.70203,73.26547],[53.76953,73.27959],[53.83138,73.28157],[53.90485,73.29304],[53.94126,73.29332],[53.97188,73.27599],[54.01422,73.27776],[54.07123,73.26118],[54.13219,73.26817],[54.23245,73.25751],[54.26883,73.2631],[54.29877,73.28152],[54.35478,73.29286],[54.3816,73.31519],[54.42769,73.3224],[54.47303,73.34112],[54.54076,73.35984],[54.65702,73.37753],[54.55675,73.39159],[54.50111,73.37776],[54.45392,73.35572],[54.42552,73.35474],[54.37407,73.32955],[54.28366,73.31534],[54.2134,73.32042],[54.19608,73.33924],[54.09104,73.34355],[54.07506,73.36404],[54.13543,73.38739],[54.16411,73.39238],[54.24694,73.38889],[54.27195,73.40021],[54.30771,73.39466],[54.31451,73.41406],[54.35073,73.42296],[54.38877,73.44364],[54.48568,73.46144],[54.44283,73.47179],[54.34311,73.45457],[54.30683,73.47405],[54.24529,73.48783],[54.3047,73.50164],[54.38839,73.55716],[54.55195,73.58725],[54.6466,73.6089],[54.69686,73.61214],[54.72078,73.63617],[54.8179,73.64947],[54.87039,73.64347],[54.93123,73.65035],[55.029815,73.676463],[55.086477,73.68171],[55.109993,73.690867],[55.208588,73.696066],[55.249121,73.691292],[55.26437,73.702151],[55.203474,73.709823],[55.030736,73.699603],[54.99785,73.70057],[54.90597,73.68563],[54.88483,73.66932],[54.8242,73.671],[54.83326,73.70279],[54.77953,73.68919],[54.70717,73.68281],[54.59841,73.69286],[54.51809,73.68222],[54.44739,73.65963],[54.39041,73.62597],[54.3548,73.61606],[54.28443,73.61415],[54.2722,73.60018],[54.22288,73.60286],[54.15529,73.61705],[54.09289,73.60585],[53.9995,73.62168],[53.9988,73.64597],[53.94746,73.64868],[53.89892,73.6837],[53.84365,73.69858],[53.79341,73.70409],[53.68255,73.73015],[53.67823,73.75873],[53.70906,73.79016],[53.76242,73.7654],[53.84322,73.75881],[53.94446,73.76502],[54.0392,73.78758],[54.05422,73.8062],[54.0892,73.81845],[54.05577,73.82336],[54.08844,73.8463],[54.11476,73.84821],[54.26219,73.90128],[54.39871,73.92394],[54.49021,73.92912],[54.51887,73.93495],[54.59928,73.93446],[54.66406,73.94642],[54.67255,73.95827],[54.73618,73.95281],[54.79033,73.95568],[54.80678,73.97093],[54.74398,73.98357],[54.66349,73.9831],[54.57796,73.99788],[54.614679,74.025895],[54.682789,74.043252],[54.729577,74.067777],[54.861073,74.108477],[54.97037,74.137385],[55.008987,74.142598],[55.027892,74.156316],[55.070503,74.144174],[55.179798,74.161726],[55.299879,74.132157],[55.442422,74.116613],[55.550189,74.122086],[55.614933,74.107176]]],[[[59.152429,74.494821],[59.157384,74.499629],[59.205936,74.511933],[59.182677,74.534145],[59.22767,74.557727],[59.271697,74.570319],[59.265018,74.543803],[59.240804,74.53868],[59.228507,74.509152],[59.189219,74.505197],[59.231553,74.483176],[59.318948,74.486499],[59.253339,74.47516],[59.189788,74.478097],[59.152429,74.494821]]],[[[58.735307,75.77755],[58.713644,75.761352],[58.584915,75.752144],[58.664775,75.778944],[58.735307,75.77755]]],[[[59.258708,75.927196],[59.222163,75.928683],[59.11027,75.918054],[58.923016,75.891756],[58.805945,75.885758],[58.796248,75.900396],[58.86769,75.909566],[58.953038,75.912215],[59.029773,75.92053],[59.04642,75.93419],[59.170973,75.95151],[59.272999,75.957734],[59.29271,75.942725],[59.258708,75.927196]]],[[[59.514151,76.029749],[59.54121,76.027168],[59.687311,76.044268],[59.724988,76.041806],[59.623364,76.019269],[59.520301,76.016649],[59.514151,76.029749]]],[[[62.95028,76.22861],[63.01304,76.23809],[62.97292,76.22107],[62.95028,76.22861]]],[[[59.514151,76.029749],[59.454149,76.019368],[59.380867,76.017537],[59.439596,76.045587],[59.495091,76.047839],[59.514151,76.029749]]]]}},{"type":"Feature","properties":{"name":"Ямало-Ненецкий автономный округ","cartodb_id":70,"created_at":"2013-12-04T04:23:51+0100","updated_at":"2013-12-04T04:33:40+0100","name_latin":"Yamalo-Nenets Autonomous Okrug"},"geometry":{"type":"MultiPolygon","coordinates":[[[[71.636,66.90468],[71.65268,66.89621],[71.6097,66.90243],[71.636,66.90468]]],[[[71.69966,66.88519],[71.7048,66.87576],[71.66399,66.87747],[71.69966,66.88519]]],[[[67.40769,68.76258],[67.39271,68.75528],[67.34051,68.76514],[67.32904,68.75825],[67.28078,68.77144],[67.25413,68.78741],[67.21366,68.799],[67.17754,68.81728],[67.25313,68.81808],[67.3043,68.81464],[67.34739,68.80547],[67.39879,68.78347],[67.40769,68.76258]]],[[[66.4817,68.94856],[66.43553,68.96629],[66.41551,68.9821],[66.3622,69.00188],[66.29722,69.01404],[66.16061,69.06606],[66.06321,69.07222],[65.99226,69.07291],[65.97304,69.08767],[65.98801,69.09343],[66.05417,69.09151],[66.17305,69.07509],[66.21873,69.06471],[66.3157,69.02635],[66.39588,69.00355],[66.46464,68.96391],[66.54696,68.92138],[66.51547,68.92348],[66.4817,68.94856]]],[[[67.32353,69.48098],[67.32096,69.44874],[67.28665,69.43639],[67.22153,69.43229],[67.13636,69.44175],[67.06226,69.45667],[67.03032,69.47152],[67.06343,69.50028],[67.1011,69.51143],[67.12059,69.53056],[67.1611,69.55221],[67.21376,69.56963],[67.33205,69.5823],[67.38131,69.52678],[67.3666,69.49929],[67.32353,69.48098]]],[[[66.796875,70.41961],[66.89912,70.38488],[66.87163,70.38584],[66.80754,70.40144],[66.69925,70.44305],[66.73187,70.44142],[66.76453,70.42546],[66.796875,70.41961]]],[[[72.18441,66.35113],[72.2238,66.3649],[72.24729,66.35186],[72.22859,66.33792],[72.1825,66.33861],[72.18441,66.35113]]],[[[71.015625,66.38083],[71.01063,66.37326],[70.9697,66.38785],[71.00381,66.40761],[71.02859,66.40615],[71.00739,66.38839],[71.015625,66.38083]]],[[[70.87059,66.44022],[70.93261,66.44458],[70.8924,66.43702],[70.87059,66.44022]]],[[[70.08664,66.43857],[70.11342,66.42303],[70.07342,66.4283],[70.06254,66.41252],[70.03242,66.40991],[70.013,66.41899],[70.02774,66.43602],[70.05871,66.4431],[70.08664,66.43857]]],[[[71.13266,66.52615],[71.17653,66.5364],[71.17634,66.52324],[71.13266,66.52615]]],[[[69.33048,66.61266],[69.35618,66.60979],[69.34961,66.60009],[69.33048,66.61266]]],[[[76.699742,73.125],[76.6846,73.11735],[76.5218,73.12321],[76.44734,73.12133],[76.34642,73.12611],[76.25527,73.13684],[76.16079,73.1559],[76.11251,73.18603],[76.14146,73.19645],[76.20687,73.19695],[76.31104,73.18846],[76.60098,73.1691],[76.60344,73.17684],[76.68491,73.1445],[76.699742,73.125]]],[[[75.60835,73.4604],[75.60272,73.4682],[75.65863,73.51373],[75.79217,73.51992],[75.79466,73.49716],[75.82747,73.48721],[75.87697,73.44869],[75.91677,73.43736],[75.90447,73.43193],[75.74419,73.42143],[75.65841,73.4258],[75.67303,73.4336],[75.60825,73.44937],[75.60835,73.4604]]],[[[70.104362,73.004628],[69.959042,73.014428],[69.937942,73.052858],[70.025447,73.179154],[70.04653,73.25032],[70.04106,73.32854],[70.01199,73.37902],[70.19548,73.41126],[70.29484,73.43571],[70.34373,73.44231],[70.63667,73.45965],[70.74569,73.47283],[70.83509,73.47756],[70.94557,73.46966],[71.04108,73.45751],[71.15511,73.43681],[71.26194,73.41114],[71.23029,73.40176],[71.20712,73.41632],[71.17216,73.42296],[71.10349,73.42519],[71.09864,73.40032],[71.13439,73.36442],[71.10048,73.35352],[71.09586,73.33031],[71.12896,73.31361],[71.16023,73.31815],[71.15793,73.35294],[71.22506,73.36169],[71.26573,73.38579],[71.30616,73.38739],[71.31195,73.37736],[71.36685,73.3545],[71.33554,73.35383],[71.33731,73.33413],[71.36749,73.31397],[71.33443,73.31295],[71.31503,73.29782],[71.24766,73.2891],[71.25843,73.26956],[71.18786,73.27299],[71.11307,73.26393],[71.07665,73.27094],[71.00006,73.26863],[71.00953,73.25473],[71.08391,73.25758],[71.19844,73.25154],[71.23146,73.25323],[71.26748,73.24057],[71.33537,73.27406],[71.40486,73.28849],[71.38088,73.29504],[71.42545,73.32109],[71.47654,73.30491],[71.56545,73.26292],[71.63133,73.21787],[71.67921,73.15562],[71.58317,73.16208],[71.54826,73.15868],[71.36688,73.15458],[71.308,73.12942],[71.19218,73.10461],[71.08213,73.09591],[71.00411,73.09745],[70.91267,73.10484],[70.83711,73.09684],[70.68502,73.0685],[70.60165,73.05843],[70.44906,73.01522],[70.37273,73.01192],[70.3122,73.02075],[70.307422,73.027838],[70.207152,73.026028],[70.183152,73.033198],[70.171672,73.070698],[70.100542,73.082838],[70.023372,73.053478],[70.070902,73.028828],[70.135372,73.011488],[70.104362,73.004628]]],[[[62.000444,65.717736],[62.026009,65.725843],[62.066415,65.728674],[62.133162,65.75227],[62.17072,65.751395],[62.229096,65.757906],[62.270043,65.783781],[62.308086,65.784366],[62.353647,65.806328],[62.406354,65.809564],[62.468907,65.823102],[62.496709,65.847722],[62.554679,65.838638],[62.563529,65.851148],[62.618258,65.848709],[62.642781,65.855652],[62.687134,65.845543],[62.698536,65.858617],[62.748267,65.856293],[62.751791,65.866437],[62.799675,65.857698],[62.84062,65.878156],[62.833679,65.888324],[62.775354,65.902371],[62.822601,65.942017],[62.846927,65.953058],[62.904052,65.965107],[62.884004,65.979192],[62.831275,65.997422],[62.792307,66.000908],[62.851145,66.023981],[62.869189,66.064291],[62.925695,66.084021],[62.95548,66.100588],[62.933659,66.110951],[62.968793,66.114505],[62.957961,66.128016],[62.994195,66.158134],[62.986638,66.172368],[63.031789,66.185552],[63.028633,66.200695],[63.058787,66.206278],[63.089206,66.220227],[63.107787,66.247136],[63.138085,66.256855],[63.178859,66.24684],[63.202564,66.233634],[63.219912,66.237197],[63.250304,66.222002],[63.278412,66.219457],[63.310583,66.248885],[63.270776,66.265564],[63.262144,66.283247],[63.234032,66.30107],[63.243029,66.315291],[63.232851,66.332681],[63.292663,66.339047],[63.28396,66.350307],[63.302604,66.358524],[63.308081,66.391106],[63.331256,66.413166],[63.364195,66.426125],[63.382189,66.443279],[63.416008,66.451572],[63.418482,66.466617],[63.447751,66.468432],[63.510363,66.457538],[63.554035,66.474148],[63.585116,66.498071],[63.626707,66.510935],[63.633352,66.519951],[63.66223,66.515292],[63.7477,66.524034],[63.767974,66.533668],[63.802101,66.531855],[63.838289,66.546448],[63.851482,66.575783],[63.881065,66.577164],[63.931975,66.594275],[63.993179,66.639145],[64.038427,66.634757],[64.125606,66.647817],[64.159809,66.642068],[64.174878,66.651075],[64.261545,66.645425],[64.269698,66.659842],[64.301372,66.659457],[64.325124,66.667262],[64.337775,66.699157],[64.395068,66.72215],[64.443604,66.720463],[64.458896,66.71398],[64.496341,66.719664],[64.53158,66.71483],[64.544723,66.728846],[64.505894,66.742547],[64.506595,66.752184],[64.555757,66.769045],[64.553329,66.796648],[64.611075,66.797046],[64.630696,66.808178],[64.658993,66.800424],[64.714178,66.810624],[64.708453,66.831029],[64.768064,66.827809],[64.778325,66.835303],[64.814796,66.836576],[64.834147,66.828869],[64.877128,66.834849],[64.921903,66.849913],[64.939573,66.863404],[64.979456,66.860543],[65.05176,66.876503],[65.054753,66.884621],[65.139159,66.907727],[65.145955,66.935037],[65.140295,66.955128],[65.117673,66.960843],[65.111176,67.006182],[65.081882,67.039277],[65.127976,67.061901],[65.205406,67.067292],[65.244684,67.09368],[65.205183,67.110883],[65.214029,67.13368],[65.18091,67.142545],[65.223308,67.161529],[65.262585,67.163616],[65.263249,67.171558],[65.302119,67.185523],[65.318911,67.203139],[65.36408,67.215417],[65.405533,67.219455],[65.426237,67.209387],[65.458811,67.221479],[65.50968,67.249252],[65.556663,67.256931],[65.570202,67.279413],[65.619661,67.303601],[65.658006,67.294547],[65.668852,67.299021],[65.665897,67.32427],[65.746773,67.333938],[65.74717,67.34372],[65.69548,67.36228],[65.698554,67.380796],[65.795274,67.391766],[65.827343,67.387172],[65.85407,67.396179],[65.922929,67.404582],[65.992447,67.403085],[66.010179,67.409108],[66.040582,67.443929],[66.06951,67.464988],[66.093311,67.495058],[66.091752,67.514165],[66.060745,67.540621],[66.059843,67.56531],[66.048175,67.580506],[65.971078,67.560416],[65.893079,67.552989],[65.876801,67.542269],[65.822687,67.538601],[65.788083,67.568425],[65.806473,67.588875],[65.836791,67.601611],[65.813708,67.626718],[65.78579,67.642054],[65.845715,67.667578],[65.904437,67.666742],[65.960725,67.653882],[65.976326,67.672615],[65.996714,67.67737],[66.044432,67.674547],[66.117604,67.647701],[66.161257,67.649424],[66.220695,67.684884],[66.224767,67.718531],[66.25068,67.733047],[66.226747,67.753885],[66.185166,67.758957],[66.163149,67.772819],[66.110666,67.782191],[66.055807,67.783174],[66.065215,67.798077],[66.021731,67.809888],[66.074298,67.831083],[66.080581,67.849507],[66.047795,67.866182],[66.057176,67.879331],[66.119031,67.88728],[66.133509,67.914682],[66.07661,67.938814],[66.020693,67.932718],[65.987643,67.944247],[65.945242,67.950062],[65.920661,67.96083],[65.866145,67.956043],[65.766259,67.921182],[65.750547,67.91861],[65.690547,67.929199],[65.5432,67.932502],[65.4894,67.920222],[65.453463,67.918514],[65.432183,67.90966],[65.385561,67.928762],[65.382919,67.944782],[65.357862,67.950353],[65.319394,68.016118],[65.331834,68.05422],[65.348994,68.063172],[65.336759,68.08832],[65.352139,68.107793],[65.322088,68.110485],[65.322634,68.119883],[65.288958,68.153982],[65.310891,68.173499],[65.311004,68.190353],[65.280376,68.198504],[65.284121,68.227142],[65.274676,68.234566],[65.324039,68.268639],[65.364489,68.282158],[65.373345,68.313321],[65.405622,68.33647],[65.411423,68.361759],[65.436016,68.363875],[65.428235,68.378696],[65.44049,68.396327],[65.472578,68.417891],[65.51067,68.435016],[65.515125,68.464719],[65.54192,68.469838],[65.550141,68.484215],[65.609221,68.489609],[65.593241,68.515511],[65.628645,68.534101],[65.659721,68.540906],[65.670532,68.563628],[65.658298,68.581045],[65.603516,68.581606],[65.56128,68.590539],[65.561211,68.608162],[65.517197,68.618311],[65.497763,68.636243],[65.436069,68.646778],[65.425481,68.661362],[65.437586,68.673458],[65.403742,68.683976],[65.426367,68.697146],[65.463755,68.695572],[65.468167,68.710267],[65.448928,68.73369],[65.384136,68.719959],[65.35088,68.729614],[65.353261,68.743744],[65.398303,68.778002],[65.396731,68.793298],[65.347424,68.788339],[65.346071,68.8123],[65.305789,68.803284],[65.253883,68.809826],[65.229804,68.804397],[65.22558,68.820371],[65.186805,68.810914],[65.1469,68.813516],[65.139807,68.803589],[65.085294,68.810969],[65.029112,68.831514],[65.02436,68.844186],[64.963436,68.843816],[64.911532,68.863604],[64.919129,68.876499],[64.865264,68.862601],[64.854588,68.875255],[64.809513,68.877657],[64.784693,68.892985],[64.742446,68.872436],[64.756903,68.855895],[64.687459,68.859042],[64.654625,68.866444],[64.590996,68.86092],[64.557261,68.867615],[64.575929,68.896119],[64.551408,68.910664],[64.624637,68.932736],[64.568502,68.961855],[64.557475,68.972606],[64.518135,68.978933],[64.53918,69.008155],[64.538948,69.028795],[64.613376,69.039797],[64.647438,69.063295],[64.711538,69.079576],[64.720055,69.112431],[64.735405,69.120174],[64.760528,69.126732],[64.801416,69.136606],[64.829245,69.155683],[64.844651,69.154939],[64.896678,69.177919],[65.025041,69.193918],[65.033576,69.225393],[65.077134,69.236169],[65.059762,69.246286],[65.083685,69.260027],[65.09096,69.26492],[65.14536,69.25155],[65.19101,69.23004],[65.20195,69.21492],[65.2937,69.19042],[65.44605,69.16125],[65.66321,69.13259],[65.81355,69.11561],[65.9362,69.09507],[65.93261,69.0849],[65.95818,69.06579],[65.87497,69.08233],[65.8452,69.07769],[65.83597,69.0921],[65.81756,69.08805],[65.73365,69.10797],[65.7163,69.09459],[65.71577,69.07423],[65.75812,69.06864],[65.80028,69.04948],[65.88539,69.05936],[65.95197,69.03843],[66.04011,69.02603],[66.06685,69.02892],[66.16151,69.00391],[66.2191,68.98286],[66.28098,68.98961],[66.30605,68.9799],[66.29509,68.96182],[66.33846,68.93871],[66.41651,68.92815],[66.63833,68.88098],[66.75678,68.86685],[66.92335,68.85145],[67.03168,68.83573],[67.14946,68.81494],[67.12722,68.81047],[67.09689,68.81794],[67.06133,68.81216],[67.04373,68.79534],[67.06629,68.78767],[67.06871,68.75983],[67.12499,68.75304],[67.15949,68.7322],[67.17572,68.70169],[67.228,68.68102],[67.2681,68.67134],[67.32775,68.67194],[67.38275,68.65931],[67.40195,68.64594],[67.54947,68.58873],[67.6128,68.57162],[67.68924,68.53746],[67.70152,68.51225],[67.81366,68.48802],[67.84624,68.47061],[67.74926,68.49382],[67.71819,68.48886],[67.78761,68.45435],[67.84465,68.45411],[67.8964,68.44831],[67.98686,68.43126],[68.06405,68.4124],[68.15496,68.39474],[68.20076,68.37426],[68.20494,68.36056],[68.24347,68.34046],[68.26366,68.31537],[68.23223,68.30436],[68.23187,68.29465],[68.18886,68.28051],[68.17126,68.24246],[68.17418,68.22842],[68.19658,68.21817],[68.23437,68.21988],[68.26984,68.20867],[68.2925,68.18755],[68.29716,68.17019],[68.34051,68.17931],[68.34056,68.18954],[68.37319,68.20321],[68.43476,68.21647],[68.51323,68.24816],[68.54614,68.25669],[68.54711,68.27689],[68.58396,68.29973],[68.62673,68.3029],[68.59918,68.31792],[68.59191,68.35701],[68.66783,68.42185],[68.8333,68.53482],[68.8931,68.58216],[68.96432,68.64941],[68.99166,68.70565],[69.04702,68.77823],[69.07107,68.79791],[69.13578,68.81474],[69.10658,68.84109],[69.10663,68.85182],[69.05571,68.86871],[69.02383,68.86899],[68.97281,68.88176],[69.02173,68.89594],[69.08059,68.89324],[69.1438,68.90751],[69.16805,68.92538],[69.15784,68.93664],[69.07857,68.92404],[69.04663,68.9238],[69.06157,68.9399],[68.98624,68.93697],[68.91168,68.92493],[68.8663,68.9134],[68.85006,68.90099],[68.793404,68.90625],[68.77129,68.90308],[68.60909,68.92809],[68.52404,68.95242],[68.49101,68.96611],[68.43467,68.99917],[68.38197,69.06135],[68.32871,69.09694],[68.23494,69.14818],[68.11943,69.2192],[68.07435,69.26369],[68.07277,69.27519],[68.03907,69.31922],[68.03543,69.344],[68.07349,69.35136],[68.11278,69.37329],[68.10199,69.38014],[68.14301,69.46112],[68.12631,69.48685],[68.13329,69.51245],[68.10277,69.53568],[68.02608,69.51929],[68.00821,69.50335],[68.05262,69.48033],[67.98598,69.47216],[67.89668,69.49488],[67.86617,69.49276],[67.81247,69.50135],[67.79328,69.51835],[67.71909,69.53827],[67.69205,69.55034],[67.7048,69.57523],[67.68347,69.58287],[67.62784,69.58257],[67.57913,69.58845],[67.51174,69.61486],[67.43607,69.61177],[67.38384,69.60427],[67.33123,69.62091],[67.24579,69.63848],[67.20639,69.65725],[67.13482,69.6606],[67.06516,69.69104],[67.02748,69.69255],[66.97211,69.67107],[67.02153,69.65373],[67.02601,69.63716],[66.87523,69.61034],[66.87347,69.58755],[66.89535,69.56993],[66.92976,69.55859],[66.97484,69.50362],[66.95362,69.51181],[66.91776,69.50525],[66.88066,69.52628],[66.859167,69.52602],[66.93406,69.45737],[66.96504,69.45313],[66.98103,69.46124],[67.03204,69.43689],[67.14341,69.42751],[67.19052,69.41624],[67.18592,69.39318],[67.16718,69.36179],[67.08125,69.36636],[66.99978,69.39267],[66.93068,69.4471],[66.92749,69.46509],[66.89263,69.48986],[66.85036,69.52974],[66.827,69.56909],[66.80769,69.7036],[66.81091,69.7438],[66.84777,69.8964],[66.89425,69.96293],[66.94968,70.01727],[67.00799,70.04862],[66.98454,70.0279],[67.0207,70.00674],[66.96086,70.00232],[66.95383,69.99022],[66.9726,69.95847],[67.03936,69.94605],[67.09136,69.95594],[67.10326,69.9644],[67.1731,69.96729],[67.20339,69.97936],[67.26401,69.97715],[67.33798,69.99447],[67.34217,70.01701],[67.37115,70.02878],[67.38291,70.06519],[67.37064,70.107],[67.30889,70.12765],[67.31036,70.14658],[67.29138,70.17606],[67.26859,70.18274],[67.24991,70.16313],[67.22129,70.16336],[67.15958,70.17578],[67.12798,70.21687],[67.20575,70.312],[67.21214,70.36038],[67.22372,70.37148],[67.28781,70.40073],[67.27941,70.41906],[67.32063,70.42303],[67.33358,70.44181],[67.29732,70.48301],[67.25164,70.5029],[67.23196,70.5224],[67.28006,70.56044],[67.27837,70.60286],[67.326,70.63602],[67.36797,70.65046],[67.35559,70.68869],[67.376762,70.72966],[67.363452,70.74117],[67.398612,70.73714],[67.39104,70.75726],[67.35424,70.77125],[67.35645,70.782],[67.30949,70.79589],[67.29465,70.81058],[67.21847,70.83249],[67.099,70.82886],[67.07245,70.82182],[67.06187,70.80265],[67.02266,70.79841],[66.90917,70.77696],[66.76191,70.76845],[66.69215,70.74777],[66.71276,70.76746],[66.7244,70.80494],[66.69596,70.82913],[66.63775,70.84425],[66.64391,70.86785],[66.70398,70.88779],[66.77519,70.92088],[66.78515,70.94017],[66.83877,70.96151],[66.84957,70.99897],[66.89227,71.00329],[66.90297,71.01339],[66.87052,71.04114],[66.91154,71.05848],[66.92797,71.07439],[66.86442,71.07929],[66.81568,71.08883],[66.7936,71.08192],[66.80907,71.06345],[66.75605,71.04491],[66.81653,71.01035],[66.80488,70.99154],[66.76037,70.98973],[66.73266,70.9715],[66.67014,70.96331],[66.61406,70.96388],[66.61178,70.95362],[66.64293,70.9287],[66.56683,70.91161],[66.46526,70.82278],[66.45661,70.83264],[66.48093,70.85266],[66.57864,70.96521],[66.70104,71.0647],[66.72644,71.09365],[66.74119,71.09561],[66.81573,71.14508],[66.87654,71.20037],[66.93259,71.26989],[67.0544,71.285],[67.17345,71.30587],[67.28927,71.33009],[67.41688,71.36022],[67.51203,71.39064],[67.59961,71.43016],[67.75937,71.46501],[67.96034,71.52218],[68.00633,71.537515],[67.95033,71.49887],[68.02516,71.49927],[68.0044,71.51168],[68.05594,71.52804],[68.05385,71.53774],[68.09611,71.54791],[68.13251,71.5813],[68.15253,71.58548],[68.22357,71.62769],[68.26053,71.63576],[68.30521,71.65535],[68.35965,71.70128],[68.35821,71.70741],[68.43027,71.75976],[68.47883,71.80359],[68.49999,71.80723],[68.50399,71.82615],[68.5313,71.84717],[68.62938,72.00657],[68.657917,72.046765],[68.68998,72.11501],[68.731484,72.16343],[68.78551,72.2664],[68.84123,72.41439],[68.86798,72.4558],[68.94692,72.545],[68.970475,72.593147],[68.98727,72.65819],[69.01728,72.68834],[69.21692,72.76998],[69.2478,72.78962],[69.28224,72.83079],[69.37946,72.93377],[69.39927,72.94369],[69.61722,72.95273],[69.79722,72.94585],[69.83769,72.91809],[69.88037,72.90232],[69.78904,72.91892],[69.74509,72.90747],[69.68949,72.90753],[69.60491,72.89848],[69.58203,72.88935],[69.57531,72.85641],[69.67349,72.85254],[69.7568,72.85645],[69.81002,72.86455],[69.91425,72.86896],[70.11633,72.87012],[70.27669,72.88145],[70.36428,72.88101],[70.45921,72.87473],[70.549,72.87994],[70.63963,72.87476],[70.8083,72.87001],[70.93517,72.87229],[70.95341,72.88029],[71.12184,72.88805],[71.32272,72.87053],[71.39652,72.87095],[71.49885,72.87675],[71.62484,72.88936],[71.75529,72.86257],[71.95179,72.82899],[72.02077,72.81966],[71.99401,72.80216],[71.93402,72.80534],[71.99207,72.78044],[72.04113,72.77946],[72.06582,72.79494],[72.05291,72.80281],[72.095305,72.81823],[72.25965,72.7891],[72.65054,72.7315],[72.84788,72.69174],[72.85328,72.68088],[72.91625,72.68197],[72.96412,72.65953],[72.94966,72.64649],[72.91146,72.63855],[72.9079,72.61046],[72.96289,72.57072],[72.86796,72.59997],[72.8243,72.60977],[72.79342,72.60536],[72.75935,72.61431],[72.69291,72.59099],[72.72128,72.55463],[72.71489,72.53607],[72.76389,72.49727],[72.81974,72.49595],[72.79208,72.48573],[72.82649,72.4756],[72.7849,72.46564],[72.77608,72.4438],[72.78095,72.38177],[72.79139,72.36493],[72.79,72.33194],[72.82637,72.29438],[72.83379,72.25353],[72.77646,72.24415],[72.71107,72.20495],[72.6927,72.18431],[72.69667,72.16248],[72.67939,72.14283],[72.70218,72.11298],[72.59109,72.07487],[72.56651,72.05076],[72.53291,71.99852],[72.51188,71.93531],[72.45069,71.88088],[72.38876,71.86125],[72.32668,71.85159],[72.30497,71.82151],[72.3189,71.70306],[72.16906,71.66901],[72.1524,71.64703],[72.16472,71.64299],[72.14527,71.59905],[72.02678,71.57718],[72.0134,71.56153],[71.96162,71.54814],[71.92053,71.54878],[71.84938,71.52389],[71.82634,71.5071],[71.81935,71.47881],[71.8287,71.45489],[71.88982,71.40434],[71.98729,71.35832],[72.00957,71.3242],[72.04738,71.28548],[72.0855,71.27462],[72.11407,71.2542],[72.26012,71.20004],[72.30235,71.18702],[72.38263,71.16985],[72.53754,71.14587],[72.66759,71.05863],[72.67459,71.04558],[72.64135,71.05737],[72.61901,71.05371],[72.58139,71.02014],[72.58242,70.9848],[72.68223,70.92014],[72.73387,70.90554],[72.787,70.87681],[72.80283,70.84321],[72.77911,70.79839],[72.76416,70.79127],[72.76157,70.7322],[72.74812,70.70176],[72.74681,70.66364],[72.72533,70.65614],[72.68553,70.62649],[72.67896,70.58004],[72.70689,70.53519],[72.74359,70.5178],[72.74987,70.48337],[72.73886,70.39657],[72.71983,70.37584],[72.70537,70.39265],[72.6522,70.38515],[72.57964,70.36242],[72.5561,70.34522],[72.48276,70.32081],[72.41989,70.28311],[72.40858,70.24008],[72.43972,70.21824],[72.50851,70.19184],[72.54534,70.18215],[72.58836,70.13241],[72.58445,70.11201],[72.54504,70.07722],[72.54437,70.06009],[72.49406,70.03293],[72.48399,70.01086],[72.49846,69.98113],[72.5299,69.95057],[72.58731,69.90694],[72.63217,69.88017],[72.66699,69.82416],[72.67425,69.78075],[72.66915,69.75782],[72.63558,69.72601],[72.57425,69.69937],[72.54653,69.67689],[72.53906,69.65862],[72.50081,69.63635],[72.55163,69.59079],[72.56518,69.5644],[72.59902,69.52839],[72.63573,69.50127],[72.63602,69.45135],[72.61431,69.42416],[72.56657,69.39072],[72.51412,69.41213],[72.48401,69.39687],[72.51666,69.39212],[72.55964,69.36641],[72.57837,69.33712],[72.60949,69.30651],[72.6092,69.26787],[72.51824,69.22598],[72.48788,69.19409],[72.47922,69.15792],[72.47871,69.1029],[72.4853,69.07461],[72.52101,69.00043],[72.55244,68.94986],[72.60677,68.89676],[72.68436,68.85081],[72.75731,68.81696],[72.92425,68.76427],[73.05913,68.72537],[73.11012,68.71505],[73.16349,68.68762],[73.22488,68.66227],[73.42645,68.5969],[73.48337,68.57285],[73.54789,68.53858],[73.58605,68.50782],[73.60397,68.4553],[73.59077,68.42288],[73.56724,68.41328],[73.58893,68.46879],[73.55351,68.47643],[73.50509,68.46454],[73.45157,68.43177],[73.42788,68.40858],[73.41978,68.36883],[73.35746,68.33896],[73.25961,68.30512],[73.21571,68.28114],[73.19158,68.25896],[73.12447,68.24117],[73.07717,68.20623],[73.09284,68.19175],[73.08627,68.1781],[73.10232,68.15235],[73.03867,68.09732],[73.0331,68.07337],[73.04281,68.05061],[73.09173,68.00996],[73.16791,67.95683],[73.19077,67.93242],[73.19284,67.87039],[73.173563,67.83498],[73.09801,67.82362],[73.054628,67.794653],[73.05802,67.780259],[73.10583,67.72355],[73.10571,67.70742],[73.0849,67.722613],[73.060205,67.714781],[72.970364,67.702823],[72.966167,67.69107],[72.921938,67.694465],[72.885158,67.685518],[72.85694,67.6628],[72.8708,67.64685],[72.86042,67.63276],[72.80977,67.6209],[72.72186,67.60873],[72.69929,67.60182],[72.64808,67.6049],[72.56299,67.60372],[72.52068,67.58109],[72.55721,67.56314],[72.55073,67.51772],[72.5141,67.49394],[72.45434,67.48269],[72.41187,67.46363],[72.40514,67.44227],[72.42005,67.40919],[72.44354,67.39435],[72.4273,67.37627],[72.41796,67.33193],[72.38918,67.31142],[72.32853,67.31384],[72.24802,67.30193],[72.20978,67.32803],[72.15136,67.31255],[72.12465,67.30093],[72.08366,67.3067],[72.04297,67.29417],[72.03418,67.26131],[72.0663,67.24869],[72.13802,67.24103],[72.15949,67.24355],[72.1628,67.25858],[72.18845,67.24758],[72.22953,67.19173],[72.22913,67.17639],[72.20784,67.14022],[72.18247,67.14252],[72.19431,67.15738],[72.17797,67.16334],[72.15257,67.1504],[72.11839,67.15594],[72.06151,67.15396],[72.02602,67.14402],[72.00618,67.13006],[71.97308,67.12032],[71.97595,67.10888],[72.02565,67.0885],[71.99211,67.07479],[71.98934,67.06564],[72.02352,67.0609],[72.02571,67.03642],[71.95805,67.035],[71.95858,67.01785],[71.92226,67.018],[71.89,67.00273],[71.85228,66.97117],[71.7964,66.95681],[71.7461,66.90447],[71.71054,66.90406],[71.69764,66.92884],[71.66948,66.93674],[71.59598,66.93885],[71.5658,66.92489],[71.57156,66.91456],[71.52212,66.90602],[71.46192,66.93907],[71.44561,66.95531],[71.39009,66.96831],[71.34689,66.95719],[71.31886,66.94046],[71.34698,66.93442],[71.39969,66.93311],[71.41131,66.91862],[71.43505,66.91493],[71.47689,66.89688],[71.46804,66.89306],[71.4075,66.89987],[71.35657,66.89859],[71.36423,66.88351],[71.39548,66.8902],[71.47706,66.87923],[71.55434,66.86521],[71.51931,66.85349],[71.49208,66.83499],[71.48719,66.82201],[71.54912,66.7462],[71.58871,66.74722],[71.64365,66.72226],[71.64909,66.70067],[71.62252,66.69383],[71.61584,66.67962],[71.58935,66.67941],[71.57104,66.66461],[71.59371,66.65938],[71.59052,66.64127],[71.51509,66.62842],[71.44007,66.62551],[71.43609,66.61125],[71.38204,66.60479],[71.32235,66.61348],[71.32434,66.62777],[71.27209,66.63417],[71.239,66.61009],[71.26599,66.60254],[71.33839,66.59918],[71.3851,66.58312],[71.30324,66.58102],[71.30846,66.59565],[71.24918,66.59818],[71.23422,66.60709],[71.17752,66.59893],[71.16864,66.58575],[71.18813,66.57704],[71.13063,66.5699],[71.13148,66.55736],[71.08294,66.54521],[71.07905,66.53709],[71.02661,66.53931],[71.00353,66.54766],[70.98344,66.52912],[70.89004,66.52414],[70.86461,66.51856],[70.77744,66.51011],[70.75658,66.49602],[70.71968,66.49042],[70.67708,66.4951],[70.64002,66.50624],[70.56931,66.51285],[70.53245,66.52843],[70.46642,66.53993],[70.40776,66.55786],[70.37689,66.55711],[70.38468,66.54706],[70.31478,66.57247],[70.26817,66.57822],[70.25935,66.60694],[70.28978,66.61692],[70.29809,66.63424],[70.33265,66.64213],[70.41677,66.6483],[70.42992,66.67516],[70.36551,66.6655],[70.35201,66.6545],[70.31024,66.65689],[70.34739,66.66425],[70.34265,66.67209],[70.25659,66.67945],[70.19274,66.69337],[70.15618,66.71231],[70.18795,66.72819],[70.182456,66.734513],[70.10109,66.73751],[70.07822,66.74687],[70.06508,66.76486],[69.98972,66.79859],[69.99214,66.81853],[69.95225,66.85226],[69.89251,66.85338],[69.86597,66.81926],[69.90738,66.81622],[69.90893,66.80547],[69.878338,66.80239],[69.85267,66.81],[69.71957,66.78356],[69.68598,66.76415],[69.65549,66.76147],[69.64346,66.74694],[69.76126,66.74885],[69.80164,66.73701],[69.82758,66.72001],[69.8681,66.71442],[69.87453,66.72282],[69.79329,66.75879],[69.78706,66.76649],[69.83581,66.77238],[69.93147,66.75011],[70.02794,66.73597],[70.03534,66.72722],[70.07932,66.71286],[70.04923,66.70436],[69.97724,66.71314],[69.96271,66.72154],[69.91326,66.73002],[69.89465,66.72501],[69.9147,66.71646],[69.88541,66.71061],[69.97972,66.69408],[69.9998,66.69587],[70.10119,66.68177],[70.11304,66.67273],[70.16221,66.66215],[70.1641,66.64731],[70.12532,66.64477],[70.1235,66.61896],[70.08853,66.6141],[70.06378,66.62219],[70.02866,66.61347],[70.0547,66.59029],[70.102,66.56951],[70.10473,66.55888],[70.14017,66.56144],[70.16496,66.54246],[70.12591,66.53021],[70.14733,66.52188],[70.12127,66.51261],[70.07063,66.50504],[70.08585,66.49406],[70.07124,66.48201],[70.03997,66.48402],[70.01711,66.51229],[69.98435,66.51864],[70.000199,66.49059],[69.98103,66.49948],[69.94358,66.49153],[69.94184,66.47927],[69.86031,66.47207],[69.8436,66.4889],[69.76825,66.51627],[69.71848,66.52405],[69.66597,66.55023],[69.6145,66.5709],[69.57687,66.59686],[69.60206,66.58808],[69.61987,66.59338],[69.62191,66.61075],[69.54403,66.66755],[69.54097,66.69006],[69.51265,66.70984],[69.4992,66.73136],[69.45041,66.7324],[69.45202,66.71488],[69.43817,66.69881],[69.44823,66.68396],[69.41209,66.68329],[69.38413,66.66968],[69.35639,66.66911],[69.40963,66.65134],[69.39137,66.63809],[69.40827,66.62782],[69.33138,66.63183],[69.29024,66.66515],[69.28502,66.6874],[69.30062,66.69708],[69.32608,66.69346],[69.33888,66.70877],[69.28612,66.72703],[69.23339,66.75626],[69.21076,66.75834],[69.15853,66.78832],[69.22342,66.79834],[69.26878,66.7966],[69.28928,66.77599],[69.37677,66.77925],[69.45873,66.79732],[69.52721,66.78662],[69.54834,66.78974],[69.52568,66.80606],[69.44668,66.81244],[69.3993,66.81065],[69.39772,66.79301],[69.34652,66.79338],[69.28515,66.81064],[69.12756,66.81404],[69.13595,66.80572],[69.12431,66.81315],[69.06302,66.81497],[68.99329,66.79338],[68.95376,66.78621],[68.85976,66.79511],[68.81441,66.79263],[68.73935,66.78089],[68.7039,66.76587],[68.64054,66.75973],[68.60194,66.76539],[68.58911,66.7582],[68.61811,66.74524],[68.53005,66.74998],[68.4338,66.74302],[68.42262,66.72342],[68.44853,66.72096],[68.44137,66.70866],[68.40427,66.70698],[68.372841,66.692373],[68.41826,66.68889],[68.42554,66.68137],[68.48913,66.68436],[68.43412,66.67297],[68.47427,66.66531],[68.61759,66.69564],[68.54456,66.66502],[68.54152,66.65504],[68.48365,66.61753],[68.3993,66.59268],[68.34343,66.56574],[68.29324,66.54673],[68.23137,66.53442],[68.20475,66.52444],[68.17638,66.52915],[68.08495,66.52174],[68.00812,66.5191],[68.00185,66.53952],[67.98031,66.55626],[67.96517,66.54976],[67.98398,66.52969],[67.95712,66.51225],[68.01491,66.50956],[68.05264,66.50301],[68.04946,66.49405],[68.07719,66.48884],[68.1013,66.49499],[68.18639,66.4975],[68.262,66.5182],[68.27896,66.5303],[68.36242,66.5515],[68.41896,66.57665],[68.46694,66.58627],[68.48981,66.59888],[68.5359,66.61104],[68.5559,66.64383],[68.64182,66.67217],[68.68667,66.69553],[68.70194,66.71423],[68.74506,66.72977],[68.78687,66.75425],[68.89099,66.76842],[68.96351,66.76896],[68.98294,66.76487],[69.04443,66.76551],[69.11179,66.77084],[69.16484,66.763],[69.18305,66.73281],[69.14077,66.68607],[69.13128,66.66],[69.1275,66.615],[69.15862,66.60168],[69.18931,66.5794],[69.34973,66.51751],[69.44851,66.48555],[69.49143,66.48747],[69.55857,66.48353],[69.76726,66.46335],[69.84278,66.44557],[69.87042,66.41346],[69.90376,66.39971],[70.03023,66.38768],[70.09618,66.3793],[70.17491,66.35878],[70.25117,66.35525],[70.39359,66.3277],[70.57214,66.33405],[70.61972,66.33178],[70.80138,66.34461],[70.86494,66.35154],[70.93044,66.35023],[71.00856,66.35538],[71.06078,66.34741],[71.17965,66.35205],[71.3123,66.34669],[71.4785,66.33326],[71.56216,66.31706],[71.61697,66.31794],[71.7012,66.30243],[71.74719,66.28089],[71.76674,66.25341],[71.80074,66.23669],[71.89803,66.23874],[71.96901,66.24892],[72.00666,66.234852],[72.03948,66.233442],[72.06351,66.240643],[72.06941,66.218772],[72.11402,66.24095],[72.21017,66.261],[72.25152,66.28369],[72.29737,66.29399],[72.26119,66.30678],[72.24143,66.29414],[72.22594,66.29984],[72.2294,66.32434],[72.28906,66.34715],[72.31094,66.34873],[72.33416,66.33646],[72.36373,66.35259],[72.40248,66.35162],[72.39485,66.36356],[72.40842,66.37658],[72.39881,66.40699],[72.35997,66.44598],[72.359,66.45777],[72.33266,66.46422],[72.30574,66.48578],[72.3188,66.50444],[72.38426,66.51892],[72.42087,66.53783],[72.47168,66.58893],[72.59668,66.60762],[72.71266,66.62067],[72.82667,66.62433],[72.91481,66.64354],[72.92611,66.65375],[72.9735,66.66946],[72.98627,66.68451],[72.97758,66.69676],[72.9898,66.71233],[73.03057,66.7282],[73.14498,66.75007],[73.28191,66.78073],[73.36762,66.79554],[73.48189,66.82014],[73.52382,66.83419],[73.5609,66.85336],[73.56725,66.87341],[73.61048,66.90394],[73.62445,66.9312],[73.68273,66.93872],[73.80058,66.96799],[73.876,66.99978],[73.88444,67.01246],[73.87382,67.04444],[73.92062,67.06479],[73.92463,67.08286],[73.90907,67.11308],[73.93173,67.158],[73.9516,67.18404],[73.95397,67.20678],[73.9415,67.22973],[73.91378,67.25429],[73.92174,67.2898],[74.002699,67.326315],[74.07416,67.39874],[74.13708,67.44327],[74.30653,67.5083],[74.54937,67.59427],[74.66382,67.6411],[74.72454,67.67462],[74.75314,67.69773],[74.78664,67.75273],[74.79282,67.77355],[74.78831,67.80732],[74.80768,67.86872],[74.82029,67.95166],[74.80835,68.0034],[74.79182,68.02887],[74.73079,68.07],[74.72877,68.09496],[74.6512,68.18178],[74.61105,68.22188],[74.58031,68.24459],[74.5257,68.27168],[74.44273,68.29956],[74.42515,68.31449],[74.31523,68.36035],[74.32049,68.37685],[74.4538,68.48154],[74.47055,68.50305],[74.47464,68.53138],[74.44643,68.56231],[74.44446,68.65828],[74.45452,68.68207],[74.49683,68.71224],[74.54938,68.73335],[74.66327,68.76163],[74.77306,68.78383],[74.91981,68.80813],[75.03,68.82208],[75.14311,68.84086],[75.23642,68.86184],[75.3366,68.88123],[75.42897,68.89278],[75.4996,68.89792],[75.63106,68.89656],[75.67059,68.90233],[75.75345,68.92372],[75.9375,68.937431],[75.99999,68.94522],[76.09295,68.96313],[76.20645,68.97584],[76.37009,68.97818],[76.43139,68.9751],[76.48807,68.97699],[76.56315,68.97268],[76.60538,68.95943],[76.60878,68.93518],[76.64086,68.91884],[76.69997,68.84735],[76.66579,68.81728],[76.64318,68.8062],[76.62033,68.77667],[76.66462,68.7399],[76.74097,68.71341],[76.83268,68.69034],[76.9003,68.66331],[76.94004,68.65352],[76.9966,68.63207],[76.98967,68.62961],[77.03802,68.60233],[77.05998,68.58313],[77.17807,68.56845],[77.21182,68.55718],[77.25081,68.51427],[77.28734,68.49384],[77.30753,68.49198],[77.33124,68.47484],[77.29713,68.47883],[77.24465,68.47151],[77.22637,68.45792],[77.2382,68.42029],[77.25931,68.39773],[77.28487,68.38806],[77.29157,68.3662],[77.23957,68.34506],[77.2334,68.32367],[77.15863,68.31121],[77.15691,68.29068],[77.12627,68.27564],[77.12818,68.26442],[77.165,68.2467],[77.23337,68.23803],[77.31415,68.23767],[77.33699,68.2264],[77.32234,68.20175],[77.2866,68.17587],[77.28906,68.14571],[77.20643,68.10518],[77.1997,68.07737],[77.22774,68.03577],[77.20385,68.00015],[77.18079,67.98886],[77.20502,67.97636],[77.19193,67.9502],[77.23092,67.91987],[77.26144,67.91416],[77.30184,67.88897],[77.2567,67.85491],[77.22993,67.82742],[77.17929,67.81382],[77.12498,67.8329],[77.09967,67.82411],[77.06759,67.79927],[77.08317,67.78505],[77.07518,67.77231],[77.11548,67.75356],[77.15887,67.74024],[77.2701,67.71594],[77.35642,67.68564],[77.43485,67.67035],[77.53799,67.65556],[77.57215,67.64272],[77.61389,67.61186],[77.65729,67.61121],[77.68226,67.58639],[77.70125,67.59446],[77.75205,67.57629],[77.77325,67.55598],[77.81744,67.56351],[77.82488,67.55802],[77.88389,67.5625],[77.9405,67.5495],[77.93754,67.53614],[77.96836,67.53058],[77.99312,67.53577],[78.02327,67.53006],[78.20249,67.55859],[78.24304,67.56107],[78.26557,67.53996],[78.30822,67.52967],[78.36781,67.52899],[78.46429,67.53347],[78.46983,67.55044],[78.50617,67.56124],[78.57158,67.56325],[78.59817,67.55853],[78.63566,67.56522],[78.67256,67.56447],[78.73188,67.57427],[78.74964,67.58475],[78.7913,67.58353],[78.77457,67.59763],[78.82321,67.59355],[78.82521,67.60829],[78.78221,67.61615],[78.84053,67.62422],[78.82131,67.63611],[78.78113,67.63481],[78.71096,67.64509],[78.66537,67.63063],[78.66825,67.5946],[78.65694,67.58702],[78.61493,67.58487],[78.64948,67.60124],[78.66216,67.63263],[78.64425,67.6605],[78.60989,67.66793],[78.58972,67.69731],[78.54518,67.71442],[78.51707,67.71259],[78.50815,67.72678],[78.48875,67.71906],[78.43558,67.72437],[78.43083,67.73402],[78.38859,67.72874],[78.34972,67.74449],[78.40601,67.76637],[78.36968,67.77705],[78.35365,67.7993],[78.32413,67.81494],[78.26114,67.8153],[78.24379,67.79595],[78.29082,67.78113],[78.24854,67.75561],[78.18134,67.75293],[78.19288,67.74391],[78.19156,67.71831],[78.2315,67.71694],[78.2051,67.70651],[78.15708,67.7108],[78.15845,67.68831],[78.14722,67.66712],[78.11301,67.66627],[78.10749,67.67564],[78.07358,67.67504],[78.04671,67.68542],[77.99869,67.68186],[77.92619,67.69573],[77.85457,67.66711],[77.81791,67.65962],[77.81057,67.66907],[77.89066,67.68674],[77.9164,67.70361],[77.95326,67.69995],[77.95895,67.70799],[77.92849,67.7142],[77.85006,67.72089],[77.79581,67.71817],[77.76451,67.74468],[77.73677,67.74029],[77.73939,67.73113],[77.68735,67.72701],[77.67802,67.71185],[77.63828,67.70694],[77.61865,67.7215],[77.54577,67.72177],[77.46639,67.75616],[77.45928,67.76957],[77.48617,67.80215],[77.46893,67.81995],[77.46632,67.88415],[77.48644,67.88817],[77.52064,67.91385],[77.55207,67.91746],[77.58629,67.91139],[77.60449,67.93109],[77.58083,67.9393],[77.56265,67.92868],[77.50039,67.93991],[77.47646,67.97421],[77.48317,67.99074],[77.5204,68.01764],[77.5173,68.04726],[77.49,68.07382],[77.52489,68.1173],[77.55432,68.13609],[77.61713,68.16196],[77.67138,68.1907],[77.73817,68.20982],[77.80807,68.21731],[77.96549,68.21988],[78.11661,68.23435],[78.164,68.24693],[78.15808,68.26397],[78.1024,68.29218],[78.04762,68.3122],[78.08146,68.33428],[78.03926,68.35797],[77.95463,68.37398],[77.92117,68.40074],[77.91975,68.43168],[77.86885,68.45018],[77.87729,68.46723],[77.9257,68.46467],[77.94799,68.47493],[77.95268,68.49702],[77.92701,68.51139],[77.88751,68.51949],[77.83164,68.5196],[77.79051,68.50935],[77.77328,68.52488],[77.77795,68.55568],[77.70544,68.60673],[77.69701,68.63063],[77.73187,68.63951],[77.74881,68.66056],[77.74445,68.70986],[77.70901,68.76881],[77.68306,68.78647],[77.6884,68.86923],[77.66849,68.88368],[77.61898,68.89882],[77.5513,68.90925],[77.45736,68.91449],[77.37048,68.91112],[77.36432,68.92046],[77.30725,68.93639],[77.28306,68.95327],[77.22227,68.97549],[77.12938,68.9807],[77.01597,68.99256],[76.94047,69.00333],[76.8248,69.03896],[76.81553,69.0838],[76.73014,69.1173],[76.72797,69.12659],[76.66631,69.13696],[76.60763,69.12855],[76.62608,69.1189],[76.51838,69.12586],[76.47363,69.11994],[76.42624,69.1233],[76.37934,69.15484],[76.26845,69.17847],[76.22565,69.19625],[76.06383,69.23576],[76.01662,69.24004],[75.9724,69.23575],[75.91434,69.23989],[75.82513,69.23266],[75.71673,69.23796],[75.61324,69.25238],[75.55398,69.25285],[75.46309,69.23959],[75.42251,69.21993],[75.35282,69.21159],[75.31814,69.19927],[75.29379,69.17886],[75.18523,69.16124],[75.1286,69.13683],[75.1216,69.1145],[75.14594,69.10644],[75.12764,69.10016],[75.06027,69.09833],[74.93355,69.08955],[74.88925,69.07979],[74.79056,69.07315],[74.73717,69.07482],[74.65159,69.10743],[74.57754,69.1214],[74.44543,69.13079],[74.29082,69.13087],[74.21051,69.12282],[74.10456,69.09088],[73.98841,69.06932],[73.92473,69.06988],[73.873,69.07738],[73.82237,69.12905],[73.78766,69.15757],[73.77206,69.18158],[73.803384,69.23123],[73.86056,69.29711],[73.90817,69.36163],[73.91124,69.38154],[73.89566,69.4217],[73.85198,69.48957],[73.78465,69.54626],[73.7125,69.58116],[73.65328,69.60234],[73.599,69.65194],[73.5816,69.69237],[73.53464,69.74175],[73.57455,69.79631],[73.64089,69.81481],[73.66831,69.83306],[73.68006,69.8558],[73.68145,69.89368],[73.7384,69.9347],[73.75142,69.96408],[73.72722,69.98753],[73.7657,70.02494],[73.7848,70.06722],[73.77527,70.08618],[73.73192,70.10373],[73.67825,70.11258],[73.79638,70.19683],[73.89133,70.24654],[74.0203,70.30296],[74.09907,70.35227],[74.11971,70.37835],[74.20976,70.4173],[74.25565,70.45289],[74.30406,70.52533],[74.30479,70.57351],[74.28876,70.62397],[74.25377,70.67037],[74.20673,70.7053],[74.15729,70.73156],[73.98737,70.80649],[73.92004,70.83983],[73.87532,70.88971],[73.91443,70.94018],[73.8919,70.96795],[73.82795,70.99705],[73.74301,71.02639],[73.69986,71.06003],[73.66098,71.10559],[73.64108,71.15502],[73.57614,71.20427],[73.5349,71.22679],[73.37587,71.29588],[73.30973,71.31789],[73.24421,71.33423],[73.11434,71.35889],[73.04331,71.37526],[73.00405,71.39837],[73.0214,71.42002],[73.06014,71.44378],[73.15166,71.48404],[73.24755,71.51675],[73.31532,71.54877],[73.40404,71.58285],[73.47529,71.63268],[73.5138,71.66994],[73.52777,71.71136],[73.51275,71.73388],[73.46042,71.76648],[73.49756,71.79353],[73.58176,71.82306],[73.80331,71.87096],[73.95463,71.89853],[74.11698,71.92237],[74.2614,71.9485],[74.32456,71.96408],[74.45035,71.98379],[74.58164,72.00982],[74.70941,72.04202],[74.78763,72.06613],[74.90566,72.11366],[74.97109,72.14938],[75.02766,72.1918],[75.07337,72.26021],[75.08337,72.37489],[75.07302,72.44015],[75.05868,72.47601],[75.02339,72.53996],[75.01466,72.57898],[74.99135,72.62204],[74.92317,72.69873],[74.8348,72.76059],[74.74302,72.80711],[74.77424,72.82699],[74.80296,72.82719],[74.92947,72.86766],[75.00077,72.86993],[75.06371,72.85291],[75.12547,72.82782],[75.19165,72.8208],[75.31439,72.78747],[75.3769,72.76599],[75.43746,72.75147],[75.47385,72.73259],[75.46131,72.71835],[75.40832,72.70438],[75.38368,72.7175],[75.34614,72.72125],[75.31233,72.70511],[75.30726,72.68961],[75.34934,72.68186],[75.46344,72.61375],[75.50555,72.59492],[75.56271,72.57996],[75.63558,72.54286],[75.64951,72.5239],[75.56673,72.53011],[75.51136,72.52128],[75.49063,72.49344],[75.51984,72.44214],[75.55729,72.41753],[75.55434,72.3742],[75.57796,72.35519],[75.61937,72.33633],[75.64594,72.30718],[75.68181,72.29903],[75.70589,72.27611],[75.70147,72.25031],[75.68644,72.2426],[75.71569,72.23287],[75.7305,72.20795],[75.70675,72.20157],[75.66955,72.21363],[75.68244,72.22707],[75.6323,72.23725],[75.56034,72.21963],[75.52689,72.19301],[75.52244,72.17106],[75.49914,72.16208],[75.46438,72.07283],[75.38769,72.01501],[75.41887,71.98984],[75.37314,71.94487],[75.27045,71.93744],[75.26301,71.94975],[75.24112,71.93017],[75.2411,71.91528],[75.26723,71.89466],[75.22161,71.85687],[75.21438,71.83758],[75.22198,71.81089],[75.21927,71.7717],[75.24494,71.76008],[75.25714,71.73144],[75.28174,71.71806],[75.47658,71.65172],[75.46468,71.62284],[75.42644,71.60128],[75.41697,71.57566],[75.50121,71.53582],[75.49846,71.51588],[75.4399,71.50426],[75.40897,71.48322],[75.41865,71.46389],[75.41054,71.44208],[75.36887,71.43681],[75.35244,71.45046],[75.2847,71.44682],[75.2353,71.43254],[75.21718,71.41517],[75.24159,71.40359],[75.23697,71.38935],[75.29854,71.33185],[75.41104,71.29646],[75.44649,71.28998],[75.57407,71.27926],[75.62224,71.26343],[75.69637,71.25129],[75.70824,71.24406],[75.77922,71.23238],[75.8119,71.23454],[75.84838,71.22253],[76.04979,71.20885],[76.07298,71.19895],[76.08035,71.21068],[76.13018,71.21172],[76.21043,71.20546],[76.27148,71.19625],[76.325289,71.199055],[76.56434,71.19023],[76.62876,71.19674],[76.73093,71.18707],[76.85971,71.18598],[76.92034,71.17681],[76.93216,71.16196],[76.97134,71.17178],[77.02574,71.17717],[77.12102,71.17251],[77.16746,71.16207],[77.26873,71.15861],[77.3341,71.16477],[77.43789,71.16473],[77.71024,71.13721],[77.79423,71.12652],[77.84688,71.10388],[77.88944,71.06699],[77.91435,71.02877],[77.91267,70.98935],[77.93584,70.96901],[78.00265,70.96269],[78.02538,70.9523],[78.09839,70.94578],[78.1699,70.94945],[78.23755,70.93039],[78.35034,70.92347],[78.40386,70.89098],[78.473062,70.892432],[78.41893,70.90116],[78.42309,70.93831],[78.46613,70.97496],[78.46699,71.02023],[78.5108,71.02799],[78.46749,71.03469],[78.43248,71.02577],[78.40392,71.0278],[78.37218,71.04181],[78.28377,71.06676],[78.26763,71.07803],[78.26698,71.10539],[78.25245,71.13305],[78.28007,71.15315],[78.29625,71.18791],[78.29934,71.21992],[78.31165,71.22854],[78.26667,71.24912],[78.14118,71.25083],[78.04626,71.26842],[78,71.26766],[77.97377,71.24834],[77.93492,71.2325],[77.91381,71.24033],[77.90142,71.26571],[77.90166,71.29411],[77.94913,71.32176],[77.9255,71.33735],[77.88613,71.33875],[77.85974,71.32412],[77.89469,71.32521],[77.84547,71.30878],[77.74397,71.30987],[77.7096,71.30083],[77.68084,71.2801],[77.71492,71.26472],[77.62247,71.27216],[77.53799,71.28816],[77.4675,71.29005],[77.38806,71.30133],[77.2605,71.32982],[77.19834,71.34931],[77.15238,71.37321],[77.13486,71.3987],[77.07023,71.41478],[76.98061,71.41149],[76.91658,71.41818],[76.8089,71.44067],[76.71929,71.45313],[76.65104,71.46669],[76.62013,71.47866],[76.61337,71.49233],[76.58327,71.50572],[76.50457,71.52129],[76.47977,71.53057],[76.4035,71.54193],[76.3581,71.55569],[76.30443,71.56334],[76.25589,71.59083],[76.2581,71.61779],[76.28624,71.64179],[76.27448,71.6597],[76.23879,71.68188],[76.16821,71.70625],[76.13819,71.73419],[76.11973,71.77396],[76.1267,71.80873],[76.07875,71.87593],[76.05534,71.882],[76.00018,71.88032],[75.99798,71.89473],[76.16926,71.92716],[76.17085,71.93694],[76.25121,71.96839],[76.35554,71.99782],[76.59509,72.03208],[76.72894,72.0453],[76.89165,72.05277],[76.96824,72.04041],[76.95589,72.01711],[77.00423,72.00429],[77.11659,71.98173],[77.1662,71.96173],[77.32029,71.91761],[77.34458,71.90297],[77.38898,71.89049],[77.4198,71.86702],[77.49143,71.83992],[77.55956,71.82631],[77.6503,71.81396],[77.73675,71.81621],[77.77854,71.81141],[77.92349,71.83654],[77.99667,71.84563],[78.08964,71.86508],[78.18066,71.89878],[78.22574,71.93038],[78.24013,71.9669],[78.1885,72.0191],[78.08036,72.07762],[78.04178,72.09034],[77.97689,72.10086],[77.90575,72.10346],[77.73113,72.09345],[77.56858,72.06418],[77.54147,72.05373],[77.49041,72.05601],[77.42793,72.06575],[77.39654,72.09691],[77.43163,72.12417],[77.52173,72.17441],[77.51353,72.19346],[77.46973,72.19728],[77.46313,72.20765],[77.54435,72.21191],[77.60822,72.18782],[77.66487,72.18662],[77.74152,72.20684],[77.77321,72.24318],[77.84076,72.26474],[77.86627,72.27998],[77.87961,72.3027],[77.97543,72.3157],[77.98054,72.32806],[78.03813,72.33123],[78.03416,72.34524],[78.06565,72.33292],[78.09193,72.33715],[78.09745,72.35539],[78.12318,72.34732],[78.21427,72.34146],[78.24811,72.35166],[78.28495,72.34769],[78.33453,72.36588],[78.34797,72.37795],[78.41276,72.37944],[78.499157,72.366584],[78.48371,72.353842],[78.424233,72.334442],[78.485855,72.301407],[78.520242,72.29383],[78.570749,72.295288],[78.613903,72.287387],[78.602525,72.258172],[78.667055,72.243517],[78.603167,72.233909],[78.603707,72.226794],[78.653866,72.223482],[78.614171,72.203066],[78.552386,72.200763],[78.580285,72.192207],[78.630646,72.195669],[78.625833,72.17134],[78.660146,72.16653],[78.685192,72.176796],[78.71507,72.163972],[78.769734,72.163414],[78.72248,72.151004],[78.774602,72.155162],[78.783209,72.138289],[78.882471,72.137547],[78.9155,72.125797],[78.88643,72.109703],[78.926717,72.108473],[78.953751,72.120564],[78.992399,72.109691],[78.997891,72.089835],[79.04323,72.103561],[79.053889,72.093937],[79.016746,72.091428],[79.059655,72.083078],[79.070631,72.059099],[79.092652,72.073317],[79.128228,72.072],[79.128127,72.061557],[79.206873,72.075347],[79.233532,72.06242],[79.286178,72.063482],[79.275364,72.055556],[79.319376,72.04977],[79.359508,72.057111],[79.372573,72.03978],[79.410236,72.048989],[79.393911,72.028686],[79.435364,72.02926],[79.486142,72.040398],[79.645341,72.040144],[79.639712,72.048765],[79.720558,72.050556],[79.73776,72.040823],[79.839756,72.026746],[79.831558,72.019639],[79.881514,72.019102],[79.895474,72.003879],[79.878516,71.992395],[79.907604,71.973699],[79.91305,71.991997],[79.975134,71.978693],[80.00038,71.986653],[80.020164,71.974892],[80.062768,71.980913],[80.065868,71.964915],[80.089689,71.971078],[80.114021,71.950669],[80.089477,71.944032],[80.151362,71.945617],[80.17003,71.93004],[80.220522,71.938078],[80.225997,71.925883],[80.251741,71.931796],[80.277673,71.923354],[80.251176,71.907715],[80.330231,71.885112],[80.379051,71.878692],[80.378147,71.871454],[80.331172,71.864062],[80.322325,71.877079],[80.297444,71.869873],[80.317788,71.855119],[80.253045,71.846459],[80.251155,71.855703],[80.194109,71.854525],[80.163743,71.835537],[80.131336,71.83741],[80.074416,71.823327],[80.053254,71.798315],[80.101847,71.805901],[80.100051,71.783889],[80.120764,71.78695],[80.117063,71.768785],[80.148266,71.757419],[80.128742,71.745589],[80.072496,71.750427],[80.101663,71.734077],[80.142773,71.732426],[80.109841,71.725041],[80.152478,71.709932],[80.135581,71.687023],[80.174307,71.681381],[80.130702,71.678223],[80.138899,71.663788],[80.030842,71.639904],[79.980895,71.623868],[79.980134,71.609985],[79.915592,71.608444],[79.905025,71.596165],[79.841094,71.582324],[79.784924,71.590181],[79.724504,71.592669],[79.705195,71.601186],[79.651636,71.605087],[79.572985,71.600888],[79.542758,71.606218],[79.520297,71.595289],[79.394241,71.612286],[79.312296,71.586591],[79.314737,71.567241],[79.352386,71.548112],[79.371675,71.528345],[79.362777,71.505488],[79.313637,71.454336],[79.249602,71.434949],[79.213298,71.416812],[79.161258,71.404567],[79.12869,71.387636],[79.143139,71.38226],[79.175292,71.332855],[79.220234,71.307417],[79.433874,71.296142],[79.996963,71.116462],[80.367468,71.075853],[80.583982,71.043189],[80.608037,70.943661],[80.638733,70.833051],[80.715196,70.809468],[80.701131,70.777713],[80.674105,70.760624],[80.641232,70.706509],[80.647689,70.691794],[80.684978,70.676792],[80.736152,70.673077],[80.794794,70.654248],[80.800471,70.635958],[80.82179,70.631349],[80.778763,70.602112],[80.793954,70.590818],[80.764365,70.583266],[80.77313,70.574926],[80.715888,70.565926],[80.742221,70.557082],[80.722395,70.531962],[80.723535,70.506797],[80.648834,70.501354],[80.646883,70.482826],[80.701756,70.480456],[80.702053,70.460186],[80.720114,70.441577],[80.7449,70.434705],[80.823019,70.438821],[80.812044,70.424993],[80.834476,70.423041],[80.849976,70.439681],[80.889185,70.437963],[80.849402,70.409958],[80.793724,70.411725],[80.791129,70.400031],[80.822814,70.397179],[80.824533,70.38139],[80.790826,70.385454],[80.749746,70.381302],[80.730004,70.387803],[80.644504,70.398094],[80.641438,70.405301],[80.685447,70.411911],[80.674829,70.432125],[80.61768,70.453917],[80.497134,70.459621],[80.414205,70.460549],[80.358166,70.446542],[80.341113,70.427121],[80.311517,70.425037],[80.222912,70.435726],[80.208279,70.427463],[80.224153,70.397162],[80.177161,70.376417],[80.124854,70.389838],[80.0936,70.375866],[80.136716,70.365902],[80.124283,70.342495],[80.023538,70.331577],[79.945168,70.290666],[79.919093,70.268871],[79.878573,70.261865],[79.837473,70.281499],[79.811261,70.283682],[79.755067,70.27571],[79.737334,70.255122],[79.782522,70.246777],[79.785765,70.233662],[79.70702,70.240707],[79.666234,70.232815],[79.651349,70.18942],[79.570074,70.139317],[79.552797,70.118067],[79.507395,70.111808],[79.414425,70.122856],[79.397415,70.132122],[79.442857,70.139509],[79.441932,70.148842],[79.403641,70.155644],[79.348985,70.152833],[79.322573,70.142259],[79.325458,70.128691],[79.358067,70.110197],[79.32421,70.090289],[79.364617,70.068145],[79.369504,70.045558],[79.342589,70.04288],[79.324006,70.063819],[79.283963,70.052806],[79.220603,70.060161],[79.200147,70.032955],[79.242506,70.020846],[79.209804,70.00852],[79.182317,70.023356],[79.165125,70.021813],[79.116594,69.997191],[79.166111,70.006822],[79.176512,69.998754],[79.14276,69.989871],[79.197571,69.976687],[79.159844,69.974706],[79.14093,69.959356],[79.158702,69.951187],[79.109672,69.932747],[79.056374,69.930272],[79.045156,69.907096],[78.962518,69.878783],[78.892444,69.886699],[78.880529,69.8801],[78.913266,69.868182],[78.909773,69.856747],[78.948831,69.854013],[78.987285,69.840212],[79.039316,69.837227],[79.046211,69.824618],[79.010212,69.82133],[78.995,69.806612],[79.016828,69.798959],[79.11753,69.788667],[79.125156,69.779482],[79.087384,69.763771],[79.093897,69.747511],[79.146281,69.752703],[79.166983,69.737767],[79.144295,69.726591],[79.099668,69.723533],[79.044522,69.704091],[79.062402,69.693997],[79.095395,69.70651],[79.132922,69.685417],[79.180069,69.688798],[79.223269,69.682024],[79.270381,69.687241],[79.274866,69.677791],[79.324142,69.657002],[79.371382,69.661547],[79.400052,69.649052],[79.416822,69.661203],[79.469401,69.65567],[79.458558,69.633626],[79.495568,69.637517],[79.510766,69.629141],[79.481391,69.613092],[79.448908,69.610453],[79.511352,69.594249],[79.55472,69.593397],[79.544678,69.584276],[79.559154,69.561575],[79.587099,69.546462],[79.569015,69.532759],[79.600986,69.525044],[79.626555,69.505197],[79.585271,69.488729],[79.641837,69.481205],[79.647238,69.471071],[79.61801,69.459564],[79.695007,69.445197],[79.661787,69.428579],[79.734247,69.419249],[79.733248,69.428886],[79.79105,69.426335],[79.771019,69.410323],[79.766587,69.391648],[79.809118,69.390502],[79.869868,69.366531],[79.843914,69.358653],[79.877087,69.35401],[79.908253,69.363246],[79.917844,69.352295],[79.954077,69.341658],[79.964082,69.357285],[80.020968,69.365285],[80.086493,69.353341],[80.100091,69.367839],[80.139804,69.365459],[80.115068,69.3544],[80.236667,69.365988],[80.269265,69.347486],[80.313646,69.345314],[80.309274,69.334058],[80.35852,69.322592],[80.432638,69.331127],[80.443944,69.317724],[80.496754,69.32377],[80.542682,69.305977],[80.550795,69.318527],[80.593458,69.311571],[80.702343,69.318664],[80.71105,69.310098],[80.762196,69.30638],[80.795927,69.269559],[80.821636,69.270802],[80.835565,69.256959],[80.874165,69.249398],[80.872294,69.23983],[80.927304,69.238647],[80.919105,69.227823],[80.929878,69.203682],[80.949757,69.200576],[81.03203,69.213412],[81.133316,69.241534],[81.167313,69.23672],[81.244246,69.265178],[81.275437,69.266156],[81.335078,69.284426],[81.373666,69.270983],[81.385886,69.259035],[81.437938,69.248205],[81.528168,69.264923],[81.585507,69.269522],[81.67646,69.31661],[81.673828,69.321784],[81.61129,69.332608],[81.639582,69.344352],[81.653093,69.367954],[81.651931,69.400761],[81.640992,69.413596],[81.687942,69.448003],[81.708273,69.455059],[81.731076,69.445398],[81.821998,69.427072],[81.853177,69.404787],[81.89647,69.387787],[81.90612,69.373803],[81.961172,69.352549],[81.95246,69.323323],[81.896496,69.302854],[81.805257,69.253679],[81.797426,69.238756],[81.828985,69.216017],[81.844422,69.195059],[81.917518,69.188421],[82.001487,69.194029],[82.090297,69.1802],[82.138464,69.162346],[82.189619,69.165569],[82.244619,69.157358],[82.276559,69.160162],[82.323671,69.175565],[82.39592,69.173855],[82.442518,69.162003],[82.468054,69.14523],[82.453385,69.118583],[82.504474,69.112295],[82.461028,69.095961],[82.460954,69.077317],[82.370327,69.075634],[82.315583,69.053849],[82.345381,69.027492],[82.4287,69.012804],[82.493701,68.971615],[82.518253,68.938132],[82.546685,68.882811],[82.551408,68.8405],[82.566188,68.81906],[82.594519,68.807023],[82.68717,68.788657],[82.800677,68.759195],[82.836311,68.735302],[82.858743,68.710673],[82.872731,68.674322],[82.864283,68.656829],[82.824517,68.637134],[82.727938,68.627516],[82.648785,68.608826],[82.625036,68.582547],[82.62097,68.54776],[82.667387,68.503439],[82.691186,68.471412],[82.704353,68.412865],[82.714025,68.405172],[82.686904,68.333877],[82.649253,68.286303],[82.629405,68.275401],[82.557966,68.26484],[82.535222,68.232502],[82.531906,68.200874],[82.552208,68.167067],[82.478772,68.158007],[82.347783,68.123965],[82.337415,68.113932],[82.34465,68.089396],[82.367328,68.080665],[82.381642,68.05583],[82.364764,68.023897],[82.374997,67.992154],[82.396129,67.967409],[82.362037,67.939894],[82.335616,67.933346],[82.242385,67.938319],[82.203654,67.937124],[82.062589,67.942873],[81.973863,67.959532],[81.925067,67.955957],[81.860003,67.945482],[81.819986,67.929903],[81.767561,67.947541],[81.747112,67.932713],[81.724489,67.892795],[81.779235,67.883733],[81.773772,67.861449],[81.80235,67.848585],[81.81928,67.829277],[81.858145,67.816113],[81.872129,67.784859],[81.91561,67.786164],[81.90804,67.77695],[81.937585,67.775003],[81.963442,67.753996],[82.069957,67.732534],[82.061455,67.72096],[82.098844,67.719674],[82.079755,67.690459],[82.101719,67.675952],[82.079389,67.675686],[82.065729,67.653168],[82.042417,67.661923],[82.027625,67.644631],[82.055803,67.640415],[82.078833,67.617567],[82.115164,67.615483],[82.113949,67.596324],[82.167622,67.593395],[82.167995,67.574196],[82.183963,67.564111],[82.208187,67.570045],[82.240198,67.565679],[82.231579,67.558268],[82.260205,67.544636],[82.300135,67.553875],[82.286725,67.534251],[82.307857,67.534853],[82.323576,67.549621],[82.376661,67.552146],[82.351871,67.531287],[82.397382,67.521762],[82.396098,67.50127],[82.341602,67.490989],[82.376629,67.483455],[82.386048,67.465779],[82.358301,67.475628],[82.33056,67.47218],[82.344465,67.458119],[82.299863,67.456941],[82.317267,67.44591],[82.271942,67.433633],[82.290645,67.423842],[82.259384,67.422546],[82.231825,67.409169],[82.250594,67.405108],[82.285948,67.362518],[82.345855,67.354136],[82.288914,67.348964],[82.303994,67.333324],[82.366948,67.323128],[82.361536,67.31718],[82.27037,67.304129],[82.253418,67.294351],[82.2293,67.300235],[82.225925,67.285306],[82.278312,67.283058],[82.271919,67.27394],[82.227294,67.271557],[82.200453,67.284044],[82.196173,67.272089],[82.21349,67.25647],[82.197843,67.24558],[82.136118,67.246504],[82.117143,67.233997],[82.133208,67.2189],[82.488674,67.091716],[82.520082,67.078868],[82.730564,67.003301],[83.026209,66.882688],[83.046354,66.867114],[83.035754,66.861255],[83.071408,66.845654],[83.113129,66.843262],[83.144944,66.830278],[83.187981,66.782996],[83.201161,66.761555],[83.185789,66.754953],[83.20839,66.736153],[83.24019,66.72671],[83.22996,66.71815],[83.250573,66.698628],[83.26775,66.69833],[83.285059,66.67638],[83.277275,66.666761],[83.32771,66.658633],[83.323616,66.644533],[83.276548,66.645163],[83.253065,66.62303],[83.223195,66.613303],[83.202174,66.615499],[83.190509,66.603551],[83.162402,66.599785],[83.122368,66.603983],[83.09052,66.594674],[83.082868,66.576432],[83.076214,66.462893],[83.094962,66.425271],[83.119947,66.402522],[83.15444,66.400506],[83.238121,66.382911],[83.270533,66.366471],[83.307718,66.337277],[83.355001,66.315935],[83.484163,66.217641],[83.539154,66.187446],[83.545444,66.173299],[83.522981,66.167431],[83.513789,66.153953],[83.379892,66.122494],[83.351897,66.119241],[83.364974,66.081315],[83.327144,66.081155],[83.269447,66.049229],[83.294883,66.035719],[83.311026,65.986285],[83.328522,65.989962],[83.367649,65.95742],[83.395265,65.957719],[83.454818,65.925961],[83.502832,65.924771],[83.508987,65.916357],[83.551045,65.902985],[83.504384,65.881159],[83.502296,65.862725],[83.529222,65.855543],[83.515845,65.835187],[83.473505,65.814529],[83.563395,65.761979],[83.762194,65.789367],[83.966508,65.792251],[83.999658,65.787181],[84.018518,65.776739],[84.05659,65.741084],[84.117299,65.718203],[84.151455,65.694778],[84.2391,65.683762],[84.29285,65.687125],[84.292248,65.652353],[84.271657,65.637469],[84.282737,65.617595],[84.232378,65.603347],[84.175039,65.595555],[84.175125,65.584504],[84.251996,65.576431],[84.322646,65.558741],[84.333665,65.549023],[84.406546,65.549365],[84.438607,65.533728],[84.433876,65.514673],[84.473298,65.49993],[84.509418,65.477438],[84.527697,65.455532],[84.520354,65.428043],[84.485458,65.408738],[84.493406,65.390253],[84.514388,65.379842],[84.551225,65.349357],[84.549785,65.332901],[84.567119,65.317042],[84.554657,65.269471],[84.542418,65.244356],[84.504262,65.229712],[84.426055,65.221949],[84.38348,65.201851],[84.357794,65.172809],[84.288352,65.104061],[84.284425,65.086531],[84.300765,65.058692],[84.343988,65.073417],[84.335926,65.088867],[84.357616,65.078756],[84.350452,65.050932],[84.376725,65.061749],[84.393556,65.054653],[84.383055,65.03567],[84.362265,65.024672],[84.374455,65.011592],[84.358867,64.993762],[84.325554,64.995697],[84.354288,64.977971],[84.316776,64.974176],[84.318959,64.957283],[84.284623,64.94824],[84.27232,64.935291],[84.300791,64.932167],[84.321848,64.920113],[84.317647,64.910492],[84.35453,64.917806],[84.371262,64.901682],[84.401873,64.911383],[84.414101,64.926077],[84.430095,64.905507],[84.44585,64.917591],[84.490015,64.91163],[84.502268,64.925069],[84.518227,64.913284],[84.54777,64.916504],[84.549276,64.927878],[84.587194,64.90822],[84.618237,64.930824],[84.628287,64.921249],[84.659474,64.921971],[84.661303,64.931257],[84.686435,64.923],[84.701519,64.933858],[84.721354,64.929382],[84.755948,64.943312],[84.821049,64.94228],[84.862233,64.950847],[84.908119,64.935235],[84.89691,64.952588],[84.921258,64.954149],[84.942834,64.942583],[84.976894,64.940666],[85.025955,64.924338],[85.032215,64.910079],[85.002434,64.915996],[84.996115,64.900383],[85.012963,64.895114],[84.981293,64.878786],[84.959678,64.885843],[84.94803,64.870846],[84.923987,64.864172],[84.946845,64.834707],[85.100654,64.820103],[85.103347,64.829987],[85.133607,64.826115],[85.10929,64.800335],[85.131131,64.796339],[85.133283,64.763997],[85.167076,64.7772],[85.182537,64.772662],[85.204421,64.786133],[85.2545,64.791215],[85.25597,64.796108],[85.340311,64.791581],[85.364297,64.795039],[85.390201,64.811935],[85.416623,64.812221],[85.44143,64.832739],[85.455371,64.830894],[85.512885,64.843637],[85.527884,64.85222],[85.569651,64.853289],[85.596899,64.84424],[85.665141,64.838452],[85.694898,64.828829],[85.735818,64.823632],[85.833713,64.784334],[85.819617,64.705883],[85.819372,64.679925],[85.905753,64.598818],[85.907316,64.574106],[85.804287,64.496899],[85.865029,64.45754],[85.921623,64.431646],[85.931565,64.372174],[86.000129,64.277536],[86.007285,64.272084],[86.00086,64.2242],[85.978354,64.205842],[85.982966,64.178761],[85.933575,64.132014],[85.9492,64.110808],[85.967046,64.048501],[85.902069,64.043453],[85.75205,64.001927],[85.629777,63.950658],[85.585829,63.943315],[85.558226,63.932411],[85.506213,63.928271],[85.482025,63.914251],[85.476851,63.89602],[85.491013,63.876445],[85.462111,63.863603],[85.418798,63.867247],[85.402454,63.854804],[85.375304,63.859079],[85.366722,63.844078],[85.387177,63.834426],[85.346891,63.817754],[85.329072,63.796407],[85.37013,63.797836],[85.349183,63.783469],[85.378336,63.766248],[85.348794,63.762973],[85.330488,63.747194],[85.340582,63.733815],[85.319814,63.727772],[85.336979,63.710665],[85.322846,63.710094],[85.315816,63.667152],[85.299763,63.665512],[85.302541,63.647649],[85.242732,63.624336],[85.257042,63.62082],[85.229085,63.607644],[85.193304,63.613213],[85.154238,63.581321],[85.145257,63.562733],[85.114893,63.571338],[85.096347,63.584295],[85.04993,63.595275],[85.023957,63.580608],[85.085848,63.565094],[85.078386,63.533944],[85.123356,63.525224],[85.210887,63.523121],[85.231655,63.495216],[85.272764,63.510287],[85.28704,63.52422],[85.295183,63.511072],[85.317586,63.507781],[85.353103,63.491005],[85.360194,63.473395],[85.380802,63.475976],[85.397096,63.461738],[85.373757,63.452969],[85.417437,63.437233],[85.404698,63.418745],[85.387895,63.41736],[85.374222,63.393427],[85.411977,63.388874],[85.419417,63.365302],[85.455583,63.361023],[85.463305,63.351474],[85.496847,63.366953],[85.577508,63.379641],[85.645105,63.377929],[85.688428,63.372495],[85.704665,63.345816],[85.695214,63.332953],[85.652741,63.326496],[85.61974,63.298574],[85.598154,63.299987],[85.56673,63.26897],[85.576221,63.257632],[85.554254,63.252271],[85.546841,63.235379],[85.572605,63.225243],[85.564761,63.202299],[85.502517,63.177791],[85.517061,63.167664],[85.498995,63.153013],[85.502887,63.135314],[85.532168,63.119987],[85.522945,63.11475],[85.541052,63.09826],[85.559121,63.101308],[85.569114,63.087632],[85.595826,63.075644],[85.597853,63.059846],[85.572212,63.061867],[85.619849,63.034473],[85.59704,63.01196],[85.57119,63.014049],[85.536314,62.988855],[85.517406,62.990056],[85.502784,62.971997],[85.53983,62.938304],[85.522644,62.935229],[85.512826,62.919396],[85.523438,62.904483],[85.499268,62.898239],[85.471088,62.881443],[85.369446,62.879135],[85.343377,62.861001],[85.301374,62.843559],[85.28791,62.824852],[85.214249,62.798508],[85.20172,62.777625],[85.18572,62.770076],[85.170114,62.734982],[85.149451,62.717994],[85.153164,62.707092],[85.116793,62.701625],[85.12292,62.68661],[85.099052,62.683386],[85.064501,62.667328],[85.099163,62.641226],[85.090824,62.627616],[85.059571,62.630429],[85.011468,62.602773],[84.984253,62.592255],[84.962338,62.596207],[84.940968,62.587774],[84.946259,62.579064],[84.918939,62.558609],[84.89644,62.550588],[84.909911,62.526669],[84.94153,62.516178],[84.935707,62.482305],[84.848321,62.441852],[84.785774,62.416548],[84.722828,62.403652],[84.698142,62.390519],[84.573038,62.300468],[84.491794,62.215966],[84.440859,62.195657],[84.42533,62.230166],[84.386936,62.25079],[84.324728,62.260122],[84.298348,62.269345],[84.295021,62.282115],[84.305637,62.308297],[84.293099,62.334189],[84.260146,62.353253],[84.23908,62.381468],[84.216697,62.385866],[84.178694,62.380209],[84.102061,62.377306],[84.029004,62.400176],[83.999492,62.414854],[83.960389,62.490159],[83.814028,62.569876],[83.622688,62.503169],[83.56373,62.498239],[83.553267,62.527374],[83.324248,62.458029],[83.023482,62.526334],[83.049317,62.589347],[82.913857,62.626211],[82.758996,62.659955],[82.767236,62.667415],[82.761864,62.749446],[82.522789,62.768131],[82.460168,62.775159],[82.385112,62.761329],[82.28936,62.766298],[82.159325,62.813008],[82.057963,62.772393],[82.014015,62.760161],[81.945271,62.746047],[81.841287,62.695857],[81.741175,62.705005],[81.665461,62.730553],[81.638742,62.779396],[81.391306,62.816941],[81.291249,62.858547],[81.319859,62.909914],[81.221253,62.933246],[81.1503,62.968745],[81.146951,62.985953],[81.09632,63.011204],[81.04349,63.064524],[81.037018,63.147459],[80.921948,63.156636],[80.680919,63.115941],[80.588381,63.078139],[80.588787,63.010208],[80.550595,62.989025],[80.481344,62.988404],[80.463206,62.967335],[80.381905,62.932537],[80.304757,62.912402],[80.283708,62.893737],[80.186641,62.864102],[80.127285,62.83207],[80.093017,62.817933],[80.033394,62.80776],[79.971252,62.812941],[79.908321,62.785033],[79.891493,62.760082],[79.90381,62.73209],[79.888616,62.689899],[79.84344,62.608557],[79.549697,62.604292],[79.485684,62.613982],[79.436125,62.617529],[79.338717,62.610661],[79.251138,62.606674],[79.206321,62.607419],[79.033506,62.604514],[78.958785,62.604858],[78.739462,62.602213],[78.519467,62.561092],[78.405963,62.560355],[78.134596,62.492828],[78.092906,62.464098],[77.997859,62.513573],[77.870423,62.575948],[77.736092,62.613238],[77.378102,62.707897],[77.136819,62.811422],[77.076727,62.90101],[77.025323,62.97192],[76.891352,62.990745],[76.851631,62.988709],[76.666942,63.03481],[76.516902,62.999357],[76.34005,62.951344],[76.266714,63.013198],[76.034384,63.066713],[75.969968,63.070608],[75.893379,63.106482],[75.778408,63.117148],[75.604962,63.088084],[75.428676,63.09805],[75.312551,63.09707],[75.253558,63.072457],[75.177443,63.060908],[75.080264,63.068454],[75.019551,63.04672],[74.941549,63.025322],[74.787514,63.028981],[74.524322,63.036364],[74.457345,63.067122],[74.389952,63.11449],[74.253194,63.173027],[74.003924,63.16813],[73.865504,63.17119],[73.498183,63.187955],[73.363796,63.232242],[73.263269,63.334776],[73.106153,63.378196],[73.125184,63.397768],[73.054297,63.426791],[72.901202,63.3974],[72.872556,63.355793],[72.804964,63.335946],[72.66308,63.281521],[72.406384,63.299387],[72.128306,63.296786],[72.100081,63.276521],[72.033459,63.255622],[71.956087,63.257632],[71.881758,63.255933],[71.842448,63.248284],[71.785132,63.226995],[71.645484,63.192752],[71.600598,63.318983],[71.544898,63.448901],[71.536975,63.472687],[71.565238,63.556634],[71.563007,63.571948],[71.490714,63.64528],[71.461273,63.662355],[71.455856,63.683308],[71.247148,63.700463],[71.109507,63.70311],[71.049697,63.701495],[70.922692,63.702792],[70.876593,63.756679],[70.825653,63.821911],[70.706206,63.886808],[70.688871,63.94098],[70.608592,63.972069],[70.558903,64.015282],[70.666297,64.069209],[70.766496,64.112367],[70.770934,64.191113],[70.663629,64.238863],[70.451002,64.2487],[70.316141,64.328251],[70.293517,64.343852],[70.170085,64.341234],[70.086485,64.31878],[69.888528,64.321694],[69.832335,64.329812],[69.827757,64.357466],[69.782913,64.371672],[69.724948,64.395908],[69.50955,64.385918],[69.396756,64.386862],[69.279718,64.475579],[69.252204,64.480255],[69.139597,64.454516],[69.048018,64.456006],[68.989973,64.446344],[68.858472,64.438539],[68.910423,64.401757],[68.92665,64.381815],[68.972196,64.347165],[68.997339,64.33934],[69.031082,64.342582],[69.043761,64.329374],[68.99078,64.305535],[68.972276,64.292765],[68.92206,64.271613],[68.913064,64.25951],[68.922826,64.239546],[68.914756,64.225913],[68.88206,64.221717],[68.789036,64.224683],[68.659141,64.255333],[68.554679,64.286463],[68.479372,64.290085],[68.448825,64.287694],[68.361269,64.256915],[68.269044,64.219631],[68.22016,64.205661],[68.192319,64.189135],[68.17795,64.168602],[68.119994,64.148625],[68.051928,64.135809],[68.043567,64.126016],[68.003685,64.115227],[67.945155,64.111922],[67.94158,64.090174],[67.900104,64.080737],[67.836193,64.047912],[67.81876,64.025309],[67.783301,64.019195],[67.759279,64.039665],[67.708647,64.05776],[67.677623,64.076902],[67.637824,64.070199],[67.607542,64.074084],[67.584153,64.068562],[67.530714,64.088488],[67.468898,64.077359],[67.446589,64.079032],[67.410795,64.092342],[67.379995,64.094677],[67.284903,64.073888],[67.258515,64.082051],[67.285666,64.109779],[67.256246,64.119734],[67.173003,64.121351],[67.175596,64.137904],[67.199669,64.159666],[67.173981,64.155999],[67.129693,64.159425],[67.102171,64.175816],[67.064809,64.176893],[67.010781,64.189062],[66.988902,64.183432],[66.941885,64.185803],[66.926256,64.201495],[66.904247,64.206104],[66.866675,64.203068],[66.837673,64.212394],[66.842265,64.228073],[66.835255,64.264268],[66.844506,64.290075],[66.828735,64.291745],[66.855727,64.331243],[66.847343,64.340373],[66.914885,64.374168],[66.937285,64.405903],[66.977605,64.423956],[66.989855,64.452413],[66.982689,64.462163],[66.943863,64.47042],[66.978998,64.478729],[66.970269,64.508071],[66.933793,64.520322],[66.903612,64.515114],[66.805601,64.544364],[66.743926,64.545029],[66.708921,64.554487],[66.675258,64.55365],[66.639818,64.545674],[66.579397,64.544917],[66.527405,64.53995],[66.45493,64.527194],[66.197823,64.59119],[65.997001,64.582256],[65.933079,64.555248],[65.633317,64.558346],[65.376371,64.555241],[65.260676,64.506807],[65.178586,64.468122],[64.983107,64.470057],[64.724249,64.430431],[64.603817,64.442677],[64.482332,64.371083],[64.043311,64.359353],[63.974429,64.340842],[63.948638,64.327428],[63.913423,64.287707],[63.61126,64.270514],[63.59398,64.294836],[63.50434,64.291577],[63.410065,64.333669],[63.516973,64.363156],[63.477518,64.456145],[63.393418,64.464475],[63.247328,64.520418],[63.052354,64.515668],[62.984144,64.49865],[62.913436,64.467695],[62.834749,64.505259],[62.714807,64.496628],[62.557643,64.558547],[62.598902,64.622727],[62.589629,64.640373],[62.731729,64.682102],[62.811534,64.736448],[62.802971,64.775991],[62.822519,64.789863],[62.807012,64.840715],[62.695222,64.872818],[62.721849,64.930727],[62.750244,64.935124],[62.784569,65.007945],[62.823741,65.054607],[62.817293,65.19469],[62.872114,65.290589],[62.454152,65.339291],[62.366543,65.43211],[62.425405,65.503702],[62.31297,65.535157],[62.306307,65.586818],[62.265281,65.632344],[62.162845,65.641382],[62.155129,65.658611],[62.082812,65.687458],[62.057542,65.706138],[62.000444,65.717736]]],[[[66.60435,70.4743],[66.61786,70.48624],[66.65673,70.4576],[66.60435,70.4743]]],[[[66.5976,70.49582],[66.5661,70.5032],[66.50798,70.54001],[66.4498,70.59393],[66.42858,70.64274],[66.41831,70.70474],[66.4316,70.74892],[66.45661,70.80527],[66.476,70.80247],[66.44551,70.74323],[66.44678,70.721],[66.4654,70.71461],[66.43359,70.69115],[66.4495,70.66324],[66.43731,70.65591],[66.46604,70.61462],[66.4682,70.59139],[66.52503,70.6035],[66.54225,70.59265],[66.49383,70.59237],[66.49006,70.5794],[66.53728,70.55141],[66.55181,70.52961],[66.59192,70.51147],[66.61886,70.5103],[66.5976,70.49582]]],[[[76.88236,72.21042],[76.92541,72.21644],[76.9424,72.22678],[76.96344,72.20161],[76.91158,72.18824],[76.92458,72.16547],[76.88751,72.19491],[76.88236,72.21042]]],[[[77.01131,72.24137],[77.04381,72.22679],[76.99708,72.22201],[76.97866,72.22957],[77.01131,72.24137]]],[[[77.27911,72.23599],[77.3068,72.2296],[77.27729,72.22431],[77.19813,72.22625],[77.27911,72.23599]]],[[[77.06936,72.27966],[76.96539,72.27474],[77.02596,72.26663],[76.99458,72.26036],[76.94355,72.27084],[76.86583,72.3043],[76.9025,72.33784],[76.96631,72.36577],[77.12641,72.40711],[77.2062,72.42222],[77.22786,72.4321],[77.31702,72.5062],[77.37883,72.53318],[77.43135,72.54334],[77.5177,72.57736],[77.61406,72.60076],[77.77031,72.59733],[78.13099,72.56534],[78.20463,72.55257],[78.28341,72.52758],[78.32475,72.50716],[78.35449,72.47534],[78.35327,72.4518],[78.31139,72.45418],[78.29404,72.44538],[78.23892,72.44564],[78.20283,72.41598],[78.15514,72.40711],[78.1123,72.38937],[78.04964,72.39023],[78.00581,72.38446],[77.95938,72.3615],[77.8977,72.35466],[77.87965,72.3467],[77.88764,72.32713],[77.81782,72.30735],[77.80325,72.28727],[77.67138,72.2961],[77.62714,72.28525],[77.54503,72.28395],[77.4507,72.28931],[77.34285,72.2821],[77.27505,72.28902],[77.19746,72.28203],[77.13767,72.28254],[77.10159,72.27044],[77.06936,72.27966]]],[[[74.69984,72.86014],[74.72595,72.8535],[74.70557,72.84023],[74.6517,72.83481],[74.53929,72.8669],[74.32764,72.91499],[74.24191,72.94043],[74.12702,72.9836],[74.10929,72.99635],[74.15274,73.05013],[74.22804,73.08436],[74.29543,73.10032],[74.38552,73.10939],[74.4934,73.10743],[74.67969,73.08902],[74.75862,73.0745],[74.7205,73.06839],[74.71238,73.0504],[74.68263,73.03737],[74.70509,73.02007],[74.68893,72.98666],[74.64712,72.96166],[74.63134,72.93978],[74.65835,72.92466],[74.6491,72.91081],[74.68963,72.88377],[74.67171,72.86196],[74.69984,72.86014]]]]}},{"type":"Feature","properties":{"name":"Красноярский край","cartodb_id":69,"created_at":"2013-12-04T04:23:51+0100","updated_at":"2013-12-04T04:33:56+0100","name_latin":"Krasnoyarsk Krai"},"geometry":{"type":"MultiPolygon","coordinates":[[[[88.634506,55.31622],[88.646141,55.318868],[88.664144,55.303534],[88.651407,55.299072],[88.634506,55.31622]]],[[[81.01902,72.30113],[81.05006,72.28771],[80.97451,72.29526],[80.9577,72.30227],[81.01902,72.30113]]],[[[80.73622,72.42884],[80.7525,72.4447],[80.77877,72.4432],[80.80874,72.41027],[80.86625,72.4024],[80.85713,72.38067],[80.82576,72.39738],[80.77589,72.40155],[80.73622,72.42884]]],[[[104.706867,72.64228],[104.74462,72.64398],[104.695471,72.62097],[104.66445,72.619782],[104.595676,72.60563],[104.552023,72.611538],[104.637682,72.623841],[104.706867,72.64228]]],[[[105.643458,72.836527],[105.654942,72.842878],[105.731365,72.848877],[105.690223,72.837523],[105.643458,72.836527]]],[[[104.93099,72.70276],[104.88128,72.68728],[104.83372,72.68085],[104.82525,72.71381],[104.92396,72.73994],[104.92824,72.74632],[104.98936,72.7517],[105,72.73744],[105.037975,72.734836],[104.97563,72.71172],[104.93099,72.70276]]],[[[106.005519,72.95694],[105.977275,72.950434],[106.008381,72.984011],[106.021717,72.965803],[106.005519,72.95694]]],[[[78.82998,73.20736],[78.84296,73.19906],[78.78582,73.18618],[78.82963,73.2278],[78.88675,73.23849],[78.98554,73.24216],[78.89621,73.2336],[78.85189,73.22318],[78.82998,73.20736]]],[[[78.75,72.774583],[78.62464,72.79936],[78.60849,72.81655],[78.61928,72.8425],[78.67669,72.87692],[78.72692,72.89794],[78.96019,72.98425],[79.0119,73.00546],[79.10263,73.06358],[79.16983,73.08336],[79.24002,73.06633],[79.31795,73.03121],[79.38632,73.01106],[79.40325,72.98844],[79.47046,72.94858],[79.51031,72.93047],[79.53256,72.90891],[79.49682,72.9153],[79.47341,72.9095],[79.5214,72.89171],[79.50294,72.88416],[79.52092,72.8457],[79.50919,72.83591],[79.5396,72.81338],[79.50371,72.7983],[79.52891,72.78596],[79.53712,72.76507],[79.57405,72.75051],[79.5291,72.73154],[79.53835,72.71856],[79.42597,72.71567],[79.39628,72.70164],[79.35748,72.70324],[79.27885,72.71677],[79.21394,72.72106],[79.04273,72.72165],[78.95242,72.7366],[78.88829,72.733],[78.85044,72.76124],[78.80761,72.77292],[78.75,72.774583]]],[[[86.39514,73.19709],[86.36603,73.20041],[86.33608,73.21824],[86.36706,73.24077],[86.40639,73.21744],[86.41413,73.19826],[86.39514,73.19709]]],[[[80.28859,73.42343],[80.32114,73.42686],[80.33138,73.4168],[80.28859,73.42343]]],[[[80.45951,73.43902],[80.56568,73.42087],[80.47314,73.43267],[80.45951,73.43902]]],[[[80.15625,73.464581],[80.19843,73.46629],[80.18937,73.44939],[80.15625,73.464581]]],[[[111.32291,73.852293],[111.226024,73.838634],[111.234498,73.82194],[111.168105,73.827327],[111.132383,73.821506],[111.056944,73.823841],[110.991666,73.812938],[110.907194,73.768841],[110.883231,73.762895],[110.779815,73.770227],[110.705407,73.791348],[110.676628,73.793143],[110.598116,73.750976],[110.507758,73.749233],[110.456764,73.733367],[110.390487,73.722238],[110.332545,73.701139],[110.296092,73.679747],[110.25133,73.6824],[110.124516,73.703064],[109.949953,73.69004],[109.906115,73.696056],[109.780088,73.689199],[109.747484,73.677121],[109.766784,73.652091],[109.670218,73.674483],[109.580505,73.726137],[109.555573,73.765351],[109.543379,73.801216],[109.549666,73.817475],[109.724363,73.840581],[109.838412,73.868778],[109.879501,73.892445],[109.9285,73.968459],[109.971207,73.997718],[110.108569,74.009116],[110.321983,74.016133],[110.459952,74.005632],[110.585914,73.990349],[110.609058,73.981924],[110.667812,73.977178],[110.72673,73.957018],[110.78962,73.948534],[110.87513,73.925683],[110.875709,73.918226],[110.975616,73.906481],[110.983756,73.900865],[111.046332,73.90501],[111.095354,73.936221],[111.06553,73.960937],[111.101407,74.001249],[111.150139,74.02194],[111.219122,74.036649],[111.297687,74.044384],[111.464649,74.051004],[111.557579,74.047429],[111.600834,74.013483],[111.481412,73.99913],[111.422327,73.998076],[111.381739,73.982334],[111.258587,73.995967],[111.228047,73.987866],[111.215421,73.970516],[111.218011,73.944254],[111.249219,73.90432],[111.32291,73.852293]]],[[[84.64319,73.860038],[84.715837,73.867192],[84.726896,73.85813],[84.680499,73.840503],[84.646749,73.837177],[84.60067,73.847294],[84.64319,73.860038]]],[[[87.12603,73.77208],[87.16937,73.77879],[87.22366,73.82315],[87.26649,73.80856],[87.35828,73.79711],[87.34922,73.77824],[87.29899,73.78629],[87.24703,73.73981],[87.22347,73.73562],[87.20906,73.71537],[87.14626,73.68152],[87.15786,73.66591],[87.21374,73.67634],[87.21582,73.65985],[87.13929,73.62897],[87.02405,73.61856],[86.9745,73.62626],[86.99916,73.63544],[87.11264,73.64951],[87.11563,73.663905],[87.04502,73.65659],[86.89529,73.63259],[86.8633,73.64914],[86.89545,73.66672],[86.98074,73.68845],[86.98139,73.70049],[87.07986,73.71488],[87.13902,73.74013],[87.17605,73.76833],[87.12603,73.77208]]],[[[87.12523,73.7911],[87.12603,73.77208],[87.09939,73.7708],[87.12523,73.7911]]],[[[86.77373,73.97988],[86.90985,73.97592],[86.94632,73.96632],[86.9118,73.9633],[86.82313,73.96982],[86.75538,73.96728],[86.75514,73.956],[86.8727,73.95782],[86.89349,73.9511],[86.96101,73.94795],[86.96934,73.93386],[86.73677,73.92199],[86.752812,73.916107],[86.681008,73.911297],[86.637744,73.916296],[86.57456,73.93781],[86.56301,73.95709],[86.60352,73.97387],[86.58041,73.981],[86.60314,73.99452],[86.64276,74.00156],[86.6899,73.99802],[86.71403,73.97519],[86.77373,73.97988]]],[[[82.685383,74.051261],[82.678094,74.047038],[82.602832,74.055947],[82.489386,74.058264],[82.449362,74.071955],[82.437225,74.104593],[82.529279,74.134608],[82.636707,74.145523],[82.645505,74.135418],[82.724406,74.112352],[82.828008,74.088124],[82.77453,74.081112],[82.740514,74.061616],[82.685383,74.051261]]],[[[86.70227,74.10569],[86.78042,74.09374],[86.7399,74.08764],[86.71627,74.07492],[86.62698,74.08291],[86.59313,74.09866],[86.62711,74.11035],[86.5799,74.12285],[86.63124,74.12768],[86.62905,74.11055],[86.70227,74.10569]]],[[[86.54444,74.11504],[86.478376,74.11772],[86.5244,74.12222],[86.54444,74.11504]]],[[[86.36508,74.09084],[86.41557,74.08804],[86.40942,74.07794],[86.36645,74.0808],[86.36508,74.09084]]],[[[82.944706,74.075805],[83.022062,74.100745],[83.111723,74.120526],[83.275467,74.135812],[83.373374,74.134881],[83.463558,74.128189],[83.60793,74.099382],[83.630051,74.086647],[83.626648,74.067184],[83.558585,74.077601],[83.509631,74.090523],[83.405311,74.091491],[83.359107,74.059925],[83.373601,74.051739],[83.448113,74.062872],[83.432275,74.053165],[83.349813,74.051007],[83.277823,74.056365],[83.071801,74.090451],[83.015256,74.090702],[82.944706,74.075805]]],[[[86.65188,74.0307],[86.67526,74.0229],[86.56879,74.01657],[86.50349,74.02863],[86.57316,74.04852],[86.65874,74.05053],[86.67419,74.04396],[86.62694,74.03404],[86.65188,74.0307]]],[[[84.93,74.29872],[84.97744,74.30322],[85.00463,74.29659],[84.93,74.29872]]],[[[85.12107,74.31748],[85.19568,74.32042],[85.24877,74.31709],[85.29475,74.30493],[85.21833,74.31294],[85.17453,74.30828],[85.17042,74.29606],[85.12713,74.29317],[85.05318,74.2998],[85.13571,74.30082],[85.12107,74.31748]]],[[[85.14566,74.37795],[85.15499,74.38277],[85.26365,74.37314],[85.24535,74.36863],[85.14839,74.3683],[85.14566,74.37795]]],[[[85.21963,74.3503],[85.26692,74.34619],[85.24528,74.33969],[85.15574,74.34537],[85.17508,74.35409],[85.21963,74.3503]]],[[[85.54331,74.129575],[85.47773,74.125935],[85.44183,74.14194],[85.52986,74.141765],[85.54518,74.149635],[85.60467,74.151205],[85.58828,74.169484],[85.526,74.164905],[85.4768,74.180384],[85.37895,74.179685],[85.38911,74.189464],[85.287269,74.195229],[85.322009,74.198639],[85.43063,74.186704],[85.58686,74.187694],[85.63682,74.175114],[85.70144,74.171294],[85.764,74.17662],[85.73706,74.16158],[85.7631,74.151125],[85.7473,74.141985],[85.62148,74.137785],[85.58333,74.128735],[85.54331,74.129575]]],[[[85.493311,74.408639],[85.42791,74.40703],[85.39366,74.3985],[85.37075,74.40868],[85.30389,74.41678],[85.25836,74.41037],[85.19404,74.41927],[85.311155,74.437373],[85.3871,74.43179],[85.45649,74.43437],[85.48953,74.42973],[85.54514,74.43744],[85.55937,74.42715],[85.60858,74.42255],[85.57682,74.40822],[85.493311,74.408639]]],[[[79.523659,74.53125],[79.56046,74.51285],[79.50484,74.51439],[79.34578,74.53053],[79.2629,74.54854],[79.21356,74.57371],[79.22996,74.616],[79.28181,74.63941],[79.34052,74.642529],[79.32824,74.61983],[79.405003,74.608022],[79.561298,74.596893],[79.62013,74.57455],[79.58212,74.58082],[79.54424,74.56972],[79.51863,74.543763],[79.523659,74.53125]]],[[[85.032455,74.53125],[84.97974,74.53024],[85.00009,74.54626],[85.0443,74.54829],[85.032455,74.53125]]],[[[85.68262,74.55126],[85.63261,74.55936],[85.68916,74.58301],[85.71898,74.56035],[85.68262,74.55126]]],[[[84.88329,74.53125],[84.87285,74.52458],[84.81082,74.53577],[84.8583,74.56719],[84.92918,74.57389],[84.959,74.58923],[85.00124,74.59257],[85.01264,74.58059],[85.1009,74.58321],[85.13238,74.57111],[85.04975,74.57518],[84.97393,74.57207],[84.91237,74.55652],[84.88329,74.53125]]],[[[84.237591,74.46146],[84.305168,74.454493],[84.347801,74.437629],[84.237591,74.46146]]],[[[84.76374,74.41231],[84.73932,74.40965],[84.674209,74.423503],[84.59534,74.42113],[84.45359,74.44373],[84.44603,74.45727],[84.5036,74.47173],[84.58121,74.48123],[84.61881,74.49521],[84.74976,74.50276],[84.84961,74.5118],[84.89293,74.50093],[84.91987,74.51313],[84.95142,74.51283],[84.98284,74.4987],[84.95752,74.47971],[84.90874,74.47967],[84.88519,74.46933],[84.80487,74.46906],[84.75963,74.47572],[84.66264,74.47786],[84.590374,74.471879],[84.583657,74.46375],[84.738916,74.445917],[84.748063,74.430507],[84.814037,74.424925],[84.83244,74.411],[84.76374,74.41231]]],[[[85.46531,74.57814],[85.5221,74.56802],[85.56686,74.53983],[85.66706,74.53762],[85.65038,74.51517],[85.56532,74.50451],[85.47216,74.50039],[85.48668,74.48396],[85.47162,74.46788],[85.43553,74.45503],[85.36437,74.44978],[85.28754,74.4623],[85.27834,74.47784],[85.1787,74.48076],[85.15741,74.52187],[85.20245,74.5561],[85.28865,74.57622],[85.35454,74.56739],[85.39344,74.57239],[85.45102,74.56843],[85.46531,74.57814]]],[[[86.17806,74.61064],[86.18095,74.60622],[86.16604,74.5858],[86.056808,74.593129],[86.04297,74.58375],[86.09001,74.57422],[86.11624,74.55709],[86.17701,74.54286],[86.22654,74.5444],[86.26295,74.5238],[86.22168,74.52092],[86.18057,74.48625],[86.12532,74.48575],[86.1192,74.51126],[86.10022,74.51939],[85.973786,74.530946],[85.951914,74.518185],[86.000443,74.514575],[86.055209,74.492872],[86.031137,74.480068],[85.9453,74.484792],[85.90457,74.47023],[85.85707,74.46821],[85.86615,74.45725],[85.72926,74.4533],[85.77084,74.46291],[85.76343,74.47806],[85.68198,74.47442],[85.66429,74.4826],[85.75607,74.5078],[85.772569,74.525983],[85.75691,74.55058],[85.79634,74.56637],[85.79703,74.57662],[85.94553,74.58644],[85.97485,74.59387],[86.01807,74.58726],[86.067252,74.606286],[86.17806,74.61064]]],[[[85.724163,74.653963],[85.669936,74.658518],[85.699954,74.670612],[85.724163,74.653963]]],[[[85.594563,74.83324],[85.63804,74.844323],[85.692968,74.848427],[85.635114,74.829561],[85.594563,74.83324]]],[[[85.55422,74.71772],[85.5556,74.70745],[85.4884,74.7202],[85.45229,74.71618],[85.43748,74.72902],[85.36141,74.74895],[85.30448,74.74364],[85.28745,74.73475],[85.17444,74.7338],[85.15314,74.74507],[85.09594,74.75315],[85.18326,74.7522],[85.20935,74.76234],[85.28923,74.76954],[85.33493,74.76572],[85.40021,74.77611],[85.45919,74.79825],[85.51265,74.80078],[85.51679,74.78815],[85.57774,74.7864],[85.63014,74.792],[85.65918,74.76348],[85.65226,74.75337],[85.70808,74.72378],[85.67331,74.70503],[85.63491,74.713],[85.64059,74.74196],[85.57883,74.74207],[85.55422,74.71772]]],[[[85.238199,74.802365],[85.319216,74.806369],[85.296302,74.798467],[85.238199,74.802365]]],[[[81.728491,75.198004],[81.840703,75.174919],[81.927739,75.149463],[82.028231,75.111198],[82.089872,75.132486],[82.145002,75.122069],[82.143265,75.076191],[82.155854,75.066462],[82.096166,75.077979],[81.958559,75.130426],[81.854594,75.164919],[81.728491,75.198004]]],[[[85.11743,74.84929],[85.20772,74.86632],[85.22932,74.85747],[85.11743,74.84929]]],[[[86.67098,74.74552],[86.57659,74.74044],[86.53733,74.74782],[86.55872,74.75999],[86.53012,74.77967],[86.46809,74.78375],[86.45633,74.79198],[86.49812,74.79687],[86.50526,74.80875],[86.45673,74.82095],[86.5117,74.82962],[86.56045,74.82626],[86.5766,74.83303],[86.54585,74.84841],[86.49518,74.84656],[86.4182,74.83393],[86.343125,74.830085],[86.37288,74.83886],[86.280535,74.864805],[86.27549,74.88089],[86.22488,74.88667],[86.27649,74.90394],[86.264519,74.923298],[86.305955,74.918917],[86.32288,74.93286],[86.37662,74.92723],[86.31832,74.91681],[86.37542,74.90829],[86.421666,74.914082],[86.41611,74.9036],[86.45375,74.89873],[86.46238,74.88698],[86.51867,74.89318],[86.57613,74.888982],[86.64365,74.89331],[86.65955,74.90446],[86.591545,74.907362],[86.51993,74.9297],[86.56649,74.93985],[86.51778,74.97592],[86.56005,74.97798],[86.71501,74.97439],[86.7146,74.96529],[86.64532,74.95702],[86.63623,74.94839],[86.677966,74.941539],[86.69862,74.94889],[86.82256,74.96064],[86.80979,74.96865],[86.89302,74.97165],[86.9229,74.97986],[86.97513,74.97927],[87.010498,74.991037],[87.064724,74.97694],[87.091308,74.961864],[87.075119,74.955836],[87.180443,74.94633],[87.168761,74.917933],[87.088503,74.882325],[87.066702,74.888969],[86.99503,74.8707],[86.94122,74.87134],[86.875401,74.852415],[86.810694,74.850463],[86.834277,74.839518],[86.899464,74.835686],[86.960801,74.847754],[87.001934,74.835762],[86.969817,74.813731],[86.87557,74.8021],[86.86323,74.82513],[86.77793,74.82888],[86.73504,74.824687],[86.63769,74.83395],[86.58292,74.82608],[86.68853,74.80959],[86.68699,74.8027],[86.7824,74.80413],[86.81063,74.79853],[86.81102,74.78389],[86.75953,74.76623],[86.71844,74.7633],[86.62918,74.77953],[86.63101,74.76435],[86.67069,74.76079],[86.67098,74.74552]]],[[[85.656958,74.879565],[85.683406,74.874341],[85.628594,74.868208],[85.580395,74.87267],[85.513554,74.87017],[85.534152,74.880596],[85.589355,74.885861],[85.656958,74.879565]]],[[[86.349487,74.947169],[86.319207,74.943499],[86.300985,74.962422],[86.379493,74.953062],[86.349487,74.947169]]],[[[88.03073,75.63073],[87.9094,75.62791],[87.89257,75.63472],[88.03165,75.64177],[88.03073,75.63073]]],[[[92.7519,75.80118],[92.78822,75.80862],[92.83095,75.80597],[92.7519,75.80118]]],[[[92.8125,75.824932],[92.77763,75.81998],[92.65357,75.82149],[92.68866,75.83789],[92.79705,75.8472],[92.85116,75.86588],[92.88885,75.85875],[92.88789,75.84751],[92.99232,75.8409],[92.89841,75.83628],[92.89019,75.82095],[92.85257,75.83],[92.8125,75.824932]]],[[[93.35953,75.85417],[93.31292,75.84861],[93.31656,75.87211],[93.41481,75.86915],[93.35953,75.85417]]],[[[86.19663,75.28012],[86.22057,75.28865],[86.3469,75.29115],[86.2647,75.27824],[86.19663,75.28012]]],[[[84.21436,74.65209],[84.24338,74.66165],[84.28541,74.65464],[84.24612,74.64217],[84.23972,74.62512],[84.21436,74.65209]]],[[[92.64254,75.97256],[92.57402,75.97436],[92.57598,75.99684],[92.69143,76.00136],[92.69576,75.97123],[92.64254,75.97256]]],[[[96.45504,76.08041],[96.50644,76.07764],[96.47927,76.07086],[96.45504,76.08041]]],[[[93.84111,76.16715],[93.91372,76.18351],[93.90095,76.16772],[93.84111,76.16715]]],[[[94.69326,76.2724],[94.79066,76.27657],[94.74829,76.26487],[94.69326,76.2724]]],[[[99.35418,76.21581],[99.4147,76.22914],[99.48907,76.22437],[99.46806,76.20925],[99.40366,76.21915],[99.35418,76.21581]]],[[[95.19244,76.15374],[95.12139,76.14976],[95.01208,76.16524],[95.06279,76.17964],[95.09945,76.18164],[95.09822,76.19494],[95.16591,76.21045],[95.21431,76.20466],[95.23599,76.18606],[95.173539,76.176478],[95.2653,76.16202],[95.19244,76.15374]]],[[[94.921875,76.185734],[94.91269,76.17676],[94.84199,76.18803],[94.72645,76.19679],[94.66946,76.19003],[94.64131,76.19648],[94.572043,76.196187],[94.52257,76.18727],[94.44959,76.19525],[94.51439,76.22066],[94.57339,76.21135],[94.61915,76.22716],[94.74343,76.21711],[94.78945,76.2081],[94.85425,76.22014],[94.80829,76.22968],[94.83404,76.2461],[94.79027,76.25664],[94.88112,76.25265],[94.96587,76.26681],[94.95945,76.27862],[95.08796,76.27731],[95.08348,76.26892],[95.0075,76.26443],[94.99973,76.25147],[94.87669,76.23965],[94.93993,76.21156],[94.9009,76.20037],[94.921875,76.185734]]],[[[91.87358,76.05247],[91.9317,76.05439],[91.86511,76.03915],[91.71324,76.05641],[91.78449,76.05359],[91.81467,76.06011],[91.87358,76.05247]]],[[[96.8667,76.38905],[96.88594,76.37237],[96.85735,76.36718],[96.81337,76.38884],[96.8667,76.38905]]],[[[113.148717,76.463528],[113.154291,76.443942],[113.105639,76.467916],[113.148717,76.463528]]],[[[95.13024,76.39937],[95.19622,76.40442],[95.20877,76.3877],[95.13024,76.39937]]],[[[94.83599,76.4086],[94.97056,76.41473],[95.03487,76.43057],[95.03206,76.44107],[95.10008,76.45125],[95.15118,76.4503],[95.10995,76.43736],[95.11623,76.42147],[95.0183,76.41397],[94.98824,76.40156],[94.93563,76.41373],[94.83599,76.4086]]],[[[95.21562,76.46457],[95.27743,76.47527],[95.38246,76.45716],[95.4313,76.45567],[95.38691,76.43871],[95.44479,76.4333],[95.36714,76.4251],[95.32296,76.46668],[95.21562,76.46457]]],[[[111.796267,76.604439],[111.741242,76.613107],[111.741622,76.625047],[111.807405,76.618918],[111.85794,76.633234],[111.893026,76.621357],[111.839452,76.619725],[111.822389,76.600137],[111.796267,76.604439]]],[[[96.44612,76.56404],[96.51026,76.5652],[96.46354,76.55024],[96.44612,76.56404]]],[[[95.33808,76.51074],[95.327745,76.521306],[95.37837,76.54104],[95.43324,76.5533],[95.47,76.53786],[95.43443,76.51673],[95.36104,76.49775],[95.33808,76.51074]]],[[[96.04918,76.54061],[95.99835,76.53419],[96.03581,76.56456],[96.07934,76.55265],[96.04918,76.54061]]],[[[95.625,76.524242],[95.58074,76.51963],[95.55785,76.53213],[95.59387,76.54275],[95.64275,76.53714],[95.625,76.524242]]],[[[96.68162,76.30817],[96.64517,76.31549],[96.59858,76.31092],[96.53518,76.32513],[96.42821,76.32561],[96.36065,76.33254],[96.37657,76.34012],[96.45045,76.34115],[96.4836,76.34812],[96.54941,76.33427],[96.6033,76.3459],[96.67444,76.34039],[96.7291,76.34226],[96.73838,76.35262],[96.77197,76.32857],[96.73359,76.31865],[96.70521,76.29323],[96.65641,76.29652],[96.68162,76.30817]]],[[[96.08902,76.33234],[96.10123,76.34345],[96.23688,76.34939],[96.24542,76.33955],[96.20172,76.32606],[96.12908,76.31803],[96.08902,76.33234]]],[[[97.06059,76.23444],[97.07558,76.21755],[97.00795,76.21955],[96.85478,76.19959],[96.81925,76.17737],[96.7606,76.16624],[96.68055,76.17922],[96.70646,76.20648],[96.77601,76.24969],[96.77243,76.26638],[96.80667,76.26944],[96.86243,76.3113],[96.93501,76.31376],[96.84192,76.33889],[96.85599,76.35057],[96.93613,76.34266],[96.97562,76.32156],[97.06011,76.33299],[97.08113,76.32344],[97.05031,76.3105],[97.12445,76.29431],[97.10287,76.27969],[97.05929,76.27823],[97.07154,76.26472],[96.98534,76.261],[97.00505,76.24328],[97.06059,76.23444]]],[[[94.5466,76.3477],[94.61546,76.35365],[94.62746,76.34514],[94.58747,76.33607],[94.5466,76.3477]]],[[[95.06789,76.371],[95.09194,76.37593],[95.11096,76.35839],[95.07673,76.35765],[95.06789,76.371]]],[[[113.39915,76.370897],[113.409445,76.364365],[113.481504,76.366699],[113.4819,76.352786],[113.450621,76.34718],[113.329071,76.3526],[113.200789,76.351105],[113.161592,76.374722],[113.226921,76.421279],[113.257407,76.43085],[113.307295,76.426483],[113.333426,76.411608],[113.272849,76.397182],[113.295021,76.380037],[113.383709,76.380783],[113.39915,76.370897]]],[[[92.12529,75.9042],[92.15706,75.91656],[92.229,75.92524],[92.23903,75.91429],[92.18851,75.91719],[92.12529,75.9042]]],[[[93.724742,78.185655],[93.789538,78.181276],[93.783883,78.159401],[93.817241,78.146334],[93.76813,78.139795],[93.667337,78.158249],[93.65034,78.17376],[93.669108,78.195943],[93.724742,78.185655]]],[[[106.592142,78.320931],[106.687517,78.325391],[106.712335,78.313323],[106.785272,78.304477],[106.820658,78.270085],[106.812494,78.252141],[106.764338,78.246652],[106.725328,78.267075],[106.672541,78.259361],[106.558938,78.253755],[106.484538,78.235033],[106.603105,78.23013],[106.562639,78.216015],[106.29838,78.179115],[106.231157,78.18518],[106.152689,78.20206],[106.144664,78.238264],[106.182962,78.247056],[106.278299,78.244527],[106.365542,78.249851],[106.389634,78.238342],[106.473338,78.265868],[106.471841,78.293899],[106.564036,78.325239],[106.592142,78.320931]]],[[[106.85634,78.26447],[106.832881,78.265884],[106.83124,78.29603],[106.782824,78.321747],[106.845186,78.30832],[106.865739,78.28349],[106.85634,78.26447]]],[[[106.705714,78.347221],[106.645242,78.354668],[106.664439,78.362481],[106.705714,78.347221]]],[[[98.821138,78.548491],[98.759036,78.55069],[98.746537,78.561903],[98.827936,78.562904],[98.821138,78.548491]]],[[[98.753039,78.589537],[98.715541,78.607357],[98.762858,78.618953],[98.780435,78.64049],[98.822236,78.625574],[98.794413,78.602209],[98.753039,78.589537]]],[[[98.805712,78.479734],[98.739137,78.484514],[98.811641,78.489823],[98.805712,78.479734]]],[[[104.370809,79.043753],[104.337629,79.032638],[104.263808,79.024388],[104.14063,79.018102],[104.166311,79.032073],[104.284826,79.035243],[104.351126,79.051386],[104.370809,79.043753]]],[[[103.368826,79.214236],[103.38346,79.19174],[103.43511,79.20143],[103.435964,79.166774],[103.305295,79.170515],[103.279509,79.200631],[103.326306,79.19504],[103.345182,79.216317],[103.368826,79.214236]]],[[[103.438811,79.119548],[103.404462,79.117704],[103.412467,79.135151],[103.438811,79.119548]]],[[[103.369008,79.131325],[103.332808,79.142616],[103.38281,79.144407],[103.369008,79.131325]]],[[[77.34375,79.524259],[77.44114,79.514483],[77.577661,79.509593],[77.62034,79.486856],[77.60483,79.477286],[77.480745,79.466156],[77.07734,79.463728],[76.941141,79.465827],[76.843462,79.458594],[76.79104,79.46052],[76.711657,79.474527],[76.699801,79.515996],[76.646342,79.523694],[76.56634,79.51258],[76.501603,79.520271],[76.47194,79.508272],[76.394274,79.511679],[76.31685,79.526612],[76.133746,79.586907],[76.131517,79.625867],[76.187051,79.636852],[76.271905,79.634155],[76.410989,79.616275],[76.398187,79.606062],[76.318605,79.601702],[76.367105,79.590603],[76.424737,79.59087],[76.467439,79.605184],[76.53174,79.611493],[76.66974,79.606085],[76.753739,79.591872],[76.88038,79.584317],[77.082635,79.555926],[77.261775,79.537457],[77.34375,79.524259]]],[[[91.210839,79.495663],[91.160737,79.493662],[91.030961,79.516354],[91.058215,79.520112],[91.210839,79.495663]]],[[[91.40625,79.501909],[91.450739,79.493562],[91.394715,79.489521],[91.264636,79.510282],[90.995737,79.538909],[90.9033,79.538847],[90.841052,79.531591],[90.702241,79.536908],[90.644442,79.547921],[90.893137,79.549427],[90.934604,79.555873],[91.056239,79.540812],[91.315545,79.517577],[91.40625,79.501909]]],[[[100.170495,79.560067],[100.120439,79.566038],[100.189661,79.571692],[100.170495,79.560067]]],[[[100.218736,79.698789],[100.186242,79.673056],[100.281642,79.680275],[100.352541,79.675867],[100.393853,79.664609],[100.304734,79.653839],[100.180635,79.652342],[100.118212,79.636907],[100.051638,79.58476],[100.011836,79.581561],[99.999018,79.602818],[100.087038,79.656742],[100.073329,79.67042],[100.113139,79.693886],[100.077837,79.706403],[100.163134,79.710216],[100.218736,79.698789]]],[[[91.64844,79.429867],[91.56241,79.445579],[91.48424,79.449308],[91.543641,79.456814],[91.473047,79.479616],[91.492739,79.483351],[91.605241,79.464926],[91.659243,79.435391],[91.847842,79.417669],[91.64844,79.429867]]],[[[97.891825,79.839528],[97.820909,79.852543],[97.867135,79.853972],[97.891825,79.839528]]],[[[94.348131,79.917139],[94.329545,79.929878],[94.386933,79.925098],[94.348131,79.917139]]],[[[94.576341,79.977808],[94.515634,79.976097],[94.558215,79.987531],[94.576341,79.977808]]],[[[92.8125,79.044598],[92.861184,79.031077],[92.729035,79.039946],[92.566629,79.063311],[92.468241,79.071285],[92.301873,79.097995],[92.374468,79.099156],[92.42744,79.0853],[92.499743,79.083994],[92.493685,79.076745],[92.63624,79.058467],[92.697039,79.057864],[92.8125,79.044598]]],[[[97.935366,78.75],[97.85454,78.74611],[97.89554,78.765532],[97.937341,78.766733],[97.935366,78.75]]],[[[98.712642,78.774744],[98.676629,78.760974],[98.625795,78.76645],[98.565608,78.761637],[98.631236,78.78155],[98.712642,78.774744]]],[[[96.831995,78.952825],[96.858079,78.961977],[96.882769,78.949656],[96.831995,78.952825]]],[[[99.84375,79.226852],[99.879443,79.214742],[99.777162,79.228414],[99.803842,79.239574],[99.84375,79.226852]]],[[[92.8125,79.422849],[92.933023,79.427004],[93.055018,79.415632],[93.087443,79.403655],[93.070856,79.386622],[92.881838,79.373125],[92.815629,79.37945],[92.758539,79.39445],[92.738717,79.411262],[92.8125,79.422849]]],[[[100.088968,79.433007],[100.162142,79.43449],[100.15652,79.407449],[100.064661,79.389485],[100.007884,79.391792],[100.032441,79.427583],[100.064356,79.443526],[100.088968,79.433007]]],[[[92.524801,79.435054],[92.567841,79.429685],[92.558328,79.417968],[92.430993,79.414347],[92.381716,79.404449],[92.396662,79.388265],[92.371576,79.377807],[92.305041,79.376929],[92.15388,79.395107],[91.872796,79.416019],[92.081132,79.414714],[92.161738,79.41027],[92.360536,79.433091],[92.463767,79.432754],[92.514437,79.441997],[92.68333,79.440103],[92.800935,79.434207],[92.76784,79.43099],[92.524801,79.435054]]],[[[92.8125,80.475604],[92.709139,80.461063],[92.681657,80.466546],[92.726412,80.487903],[92.833841,80.495999],[92.8125,80.475604]]],[[[97.494439,80.236303],[97.443339,80.244613],[97.494439,80.259629],[97.494439,80.236303]]],[[[78.75,80.817655],[78.675441,80.821969],[78.619036,80.836887],[78.674073,80.87329],[78.799211,80.915865],[78.880137,80.932095],[79.058939,80.939901],[79.250635,80.957126],[79.439357,80.95491],[79.824519,80.930797],[79.946435,80.910067],[79.95324,80.881639],[79.825212,80.85599],[79.540842,80.826873],[79.294907,80.819028],[78.953294,80.814027],[78.75,80.817655]]],[[[93.343217,81.065143],[93.240519,81.064112],[93.200937,81.07262],[93.312341,81.073355],[93.343217,81.065143]]],[[[91.40625,81.181571],[91.614137,81.167967],[91.661639,81.158252],[91.666247,81.126378],[91.735941,81.102593],[91.69594,81.088371],[91.604075,81.072652],[91.562442,81.058339],[91.433741,81.035515],[91.354272,81.027625],[91.09652,81.019483],[90.823655,81.022203],[90.725634,81.025623],[90.604035,81.039517],[90.407335,81.046223],[90.219217,81.058941],[90.113855,81.079687],[90.091143,81.095185],[90.11004,81.12492],[90.179323,81.159338],[90.25174,81.172871],[90.708039,81.189592],[90.972711,81.190951],[91.06634,81.200904],[91.168336,81.190294],[91.312357,81.188928],[91.40625,81.181571]]],[[[98.05141,80.07407],[97.999657,80.081914],[97.991717,80.09487],[98.073442,80.09775],[98.086741,80.085031],[98.05141,80.07407]]],[[[91.40625,79.689206],[91.351106,79.697422],[91.291491,79.718419],[91.305635,79.738836],[91.432435,79.731931],[91.723939,79.724819],[91.956019,79.725928],[91.859103,79.711384],[91.905543,79.7026],[91.99563,79.700676],[92.04204,79.690082],[92.056214,79.707184],[92.160851,79.741111],[92.276103,79.741975],[92.305574,79.727959],[92.380412,79.72573],[92.418047,79.737857],[92.415841,79.75706],[92.367022,79.776651],[92.198908,79.804928],[92.026079,79.810772],[91.943139,79.797107],[91.892939,79.806913],[91.73714,79.815324],[91.622636,79.812421],[91.302743,79.827125],[91.235942,79.847953],[91.235041,79.861481],[91.309656,79.881629],[91.348939,79.87529],[91.436234,79.886708],[91.45604,79.908829],[91.391436,79.92515],[91.268939,79.939763],[91.259768,79.952152],[91.366839,79.964296],[91.374269,79.991754],[91.283074,79.994672],[91.253739,80.026988],[91.211908,80.033886],[91.014077,80.049324],[91.031884,80.056886],[91.336465,80.054052],[91.570574,80.060192],[91.686579,80.053295],[91.932824,80.065255],[91.986605,80.045261],[92.059236,80.036476],[92.186968,80.034384],[92.28377,80.027938],[92.32004,80.032168],[92.531938,80.029366],[92.564142,80.013049],[92.783938,80.012951],[93.020838,80.015349],[93.174716,79.999843],[93.374049,79.9885],[93.603465,79.950761],[93.670337,79.931154],[93.829835,79.92215],[93.910523,79.909187],[93.907039,79.892711],[93.82924,79.863284],[93.75004,79.852267],[93.767909,79.835189],[93.74444,79.822434],[93.680041,79.81753],[93.516839,79.7948],[93.435107,79.801652],[93.411662,79.793638],[93.509133,79.784076],[93.416995,79.760076],[93.318338,79.751255],[93.249535,79.719818],[93.145076,79.700761],[92.917162,79.687301],[92.747996,79.672643],[92.502298,79.66583],[92.324275,79.668191],[92.219537,79.678671],[92.119638,79.676967],[91.930941,79.650638],[91.787967,79.653762],[91.775942,79.637821],[91.649042,79.658147],[91.40625,79.689206]]],[[[94.21875,79.984355],[94.125635,79.967595],[94.001101,79.965252],[93.992907,79.970399],[94.064639,80.003343],[94.30083,80.037195],[94.370134,80.032275],[94.403535,80.016953],[94.334939,80.007245],[94.311838,79.984215],[94.21875,79.984355]]],[[[92.8125,80.024087],[92.672442,80.019153],[92.618639,80.024561],[92.70463,80.03811],[92.833773,80.034696],[92.8125,80.024087]]],[[[99.84375,79.087735],[99.944323,79.08161],[99.983775,79.060867],[99.968042,79.048057],[100.005137,79.03734],[99.948717,79.01348],[100.006853,78.980605],[100.012353,78.959524],[100.060937,78.93493],[100.045298,78.921098],[99.982339,78.898986],[99.749879,78.865225],[99.686633,78.842426],[99.606936,78.830304],[99.57599,78.801736],[99.430636,78.803174],[99.406839,78.81179],[99.312136,78.80458],[99.190043,78.788158],[98.948443,78.79407],[98.746042,78.791366],[98.667041,78.797773],[98.597741,78.787761],[98.573642,78.77324],[98.463213,78.758215],[98.404742,78.758858],[98.350571,78.788471],[98.295717,78.795704],[98.267435,78.788471],[98.1951,78.794481],[98.15584,78.813889],[98.113138,78.809483],[98.156138,78.796774],[98.072802,78.797429],[98.016268,78.813531],[97.941628,78.817617],[97.844186,78.810834],[97.807025,78.802348],[97.678042,78.795971],[97.591637,78.806083],[97.576638,78.816693],[97.468637,78.822],[97.418352,78.83711],[97.386385,78.86492],[97.403139,78.874658],[97.318636,78.867051],[97.240236,78.874658],[97.193536,78.872153],[97.175538,78.883671],[97.098642,78.903294],[96.995539,78.922211],[96.976214,78.974517],[96.890534,78.987685],[96.801438,78.981981],[96.708605,78.985586],[96.622736,78.977374],[96.589442,78.99349],[96.540735,78.984486],[96.520243,78.969468],[96.336335,79.000999],[96.277337,78.991391],[96.219048,78.972181],[96.044435,78.966865],[95.952296,78.988534],[95.750636,78.981575],[95.736856,79.022294],[95.780992,79.035889],[95.760995,79.051188],[95.695536,79.040044],[95.656435,79.05138],[95.650942,79.084896],[95.495462,79.082053],[95.416535,79.065373],[95.387773,79.050355],[95.316385,79.048598],[95.193538,79.01772],[95.117442,79.013617],[95.031642,79.023524],[95.08124,79.028138],[95.092836,79.04045],[95.020937,79.040044],[94.971536,79.029436],[94.891023,79.04045],[94.773767,79.086835],[94.691736,79.107619],[94.692041,79.135351],[94.74174,79.166889],[94.658716,79.185618],[94.517824,79.205003],[94.485139,79.219547],[94.417551,79.225222],[94.391047,79.243989],[94.478037,79.2663],[94.439714,79.281697],[94.413141,79.317657],[94.446138,79.335584],[94.412141,79.366312],[94.39174,79.406756],[94.448329,79.417799],[94.439837,79.461825],[94.394037,79.475643],[94.105241,79.477742],[94.058214,79.456036],[94.101137,79.44581],[94.038438,79.425683],[93.950137,79.436895],[93.919542,79.423581],[93.866443,79.423681],[93.913142,79.451813],[93.809327,79.465407],[93.871539,79.47714],[93.943842,79.475436],[93.964037,79.48435],[93.944635,79.508014],[94.042939,79.502666],[94.021937,79.511281],[93.873827,79.524557],[93.899545,79.530316],[93.772342,79.550427],[93.731935,79.54822],[93.727641,79.564443],[93.824443,79.565137],[93.851136,79.580461],[93.964129,79.597668],[93.924852,79.604513],[93.959101,79.62712],[93.799441,79.611096],[93.758936,79.589077],[93.801043,79.570844],[93.736101,79.571692],[93.636339,79.552122],[93.597101,79.535349],[93.510537,79.52219],[93.481326,79.505812],[93.573045,79.486511],[93.451036,79.458021],[93.451341,79.45111],[93.328143,79.441997],[93.244341,79.452415],[93.212602,79.473307],[93.33864,79.48435],[93.326037,79.496763],[93.40004,79.494762],[93.378047,79.510373],[93.396296,79.523808],[93.346337,79.5315],[93.246041,79.530599],[93.201883,79.518713],[93.121607,79.528315],[93.158044,79.544417],[93.076241,79.559937],[92.974938,79.558096],[92.978106,79.573586],[93.087739,79.571608],[93.101334,79.562235],[93.269542,79.551725],[93.332339,79.540008],[93.381037,79.540711],[93.404573,79.55996],[93.463343,79.575549],[93.592135,79.599418],[93.628107,79.613633],[93.671738,79.610591],[93.826075,79.653312],[93.871637,79.687378],[93.936107,79.702036],[94.116343,79.757861],[94.21074,79.766372],[94.397684,79.77501],[94.692041,79.770175],[94.627519,79.775759],[94.676737,79.790499],[94.750841,79.796908],[94.736102,79.816307],[94.606049,79.82846],[94.52514,79.852566],[94.361551,79.882377],[94.388078,79.896065],[94.35599,79.904932],[94.40616,79.910997],[94.472994,79.93266],[94.415735,79.939763],[94.39055,79.96723],[94.510966,79.954993],[94.63891,79.973455],[94.80974,79.961891],[94.750636,79.980658],[94.786493,80.030603],[94.979739,80.053196],[94.992518,80.089309],[95.065835,80.088232],[95.074075,80.074574],[95.156436,80.063781],[95.116412,80.048177],[95.232538,80.03798],[95.320643,80.008949],[95.435236,80.039677],[95.41974,80.061331],[95.437296,80.077102],[95.518107,80.09176],[95.60319,80.092066],[95.668635,80.084107],[95.737237,80.09244],[95.810434,80.089615],[95.845537,80.079929],[96.056742,80.09024],[96.170266,80.074574],[96.223643,80.078524],[96.250635,80.093045],[96.300035,80.097649],[96.364642,80.085428],[96.489573,80.082968],[96.572741,80.08834],[96.626139,80.100453],[96.628518,80.116423],[96.6868,80.11834],[96.781496,80.103851],[96.951036,80.114666],[97.108736,80.129685],[97.200907,80.148541],[97.352296,80.144372],[97.694942,80.146129],[97.742341,80.12688],[97.9023,80.104189],[97.95794,80.090035],[97.966744,80.07307],[98.125436,80.052592],[98.123041,80.030473],[97.92644,80.000034],[97.952035,79.973806],[98.010629,79.953213],[97.952737,79.935165],[98.034211,79.930795],[98.040552,79.917139],[97.986842,79.891109],[97.857768,79.877542],[97.736214,79.843804],[97.67644,79.839551],[97.557336,79.847663],[97.463235,79.84696],[97.422343,79.840056],[97.590272,79.8328],[97.607409,79.825176],[97.475436,79.811023],[97.246538,79.795601],[97.175105,79.783656],[97.03174,79.772879],[96.965905,79.756129],[96.80514,79.754256],[96.784541,79.746046],[96.633035,79.727523],[96.619736,79.720719],[96.511491,79.712103],[96.52608,79.698337],[96.617738,79.706602],[96.687639,79.703195],[96.831628,79.716135],[96.899186,79.729761],[96.979409,79.730457],[97.016962,79.709826],[97.035745,79.734603],[97.159684,79.759129],[97.281436,79.774009],[97.535242,79.785488],[97.620881,79.792669],[97.748843,79.794898],[97.758548,79.772144],[97.735537,79.759663],[97.623384,79.739577],[97.539637,79.731229],[97.445552,79.729654],[97.383523,79.722147],[97.317537,79.694488],[97.23034,79.687476],[97.194101,79.664769],[97.187036,79.637821],[97.217355,79.622783],[97.171335,79.604887],[97.215035,79.581461],[97.236742,79.585547],[97.202639,79.605987],[97.241243,79.618192],[97.226328,79.661599],[97.287462,79.666884],[97.309939,79.678671],[97.41234,79.686278],[97.533839,79.711407],[97.676638,79.723322],[97.76214,79.748047],[97.870936,79.735635],[97.855379,79.761827],[97.865656,79.781486],[97.942629,79.781235],[97.995142,79.7959],[98.051934,79.794204],[98.212335,79.81032],[98.287836,79.812718],[98.256967,79.837612],[98.202136,79.849664],[98.134539,79.891207],[98.158885,79.900708],[98.231637,79.891513],[98.330538,79.888809],[98.407823,79.910082],[98.387933,79.921844],[98.40941,79.944474],[98.472635,79.948378],[98.435237,79.936363],[98.530543,79.934759],[98.522936,79.922843],[98.449686,79.898173],[98.4293,79.868034],[98.460993,79.863138],[98.533442,79.872388],[98.512041,79.897318],[98.596139,79.939968],[98.604937,79.97421],[98.518838,79.994428],[98.499048,80.02201],[98.570535,80.042479],[98.654132,80.051736],[98.776239,80.057504],[98.711541,80.034276],[98.788943,80.021161],[98.858142,80.027867],[98.886836,80.044688],[98.951739,80.045085],[98.965341,80.030067],[99.086352,80.047597],[99.311341,80.050194],[99.33854,80.038477],[99.218042,80.026165],[99.219576,80.009971],[99.388772,80.022293],[99.476802,80.01014],[99.372636,79.995934],[99.361826,79.982109],[99.576639,79.980115],[99.503244,79.973653],[99.669138,79.966495],[99.69938,79.956047],[99.656496,79.951235],[99.621942,79.926855],[99.671036,79.941467],[99.751741,79.935058],[99.780542,79.925547],[99.763743,79.909432],[99.854539,79.911937],[99.932337,79.888907],[99.937342,79.853871],[100.033754,79.847877],[100.03444,79.834885],[100.085335,79.83645],[100.086329,79.814055],[100.127078,79.801818],[100.116548,79.790216],[100.167337,79.771978],[100.109271,79.749895],[100.008143,79.73714],[99.902239,79.742747],[99.900942,79.730425],[99.988839,79.714713],[100.001244,79.688462],[99.989541,79.656742],[99.946329,79.64155],[99.939936,79.62451],[99.893236,79.635423],[99.910799,79.593246],[99.883103,79.559319],[99.797907,79.541521],[99.866839,79.535105],[99.936738,79.492058],[99.873132,79.470694],[99.878137,79.445205],[99.831041,79.431686],[99.879381,79.399805],[99.879381,79.38181],[99.828912,79.355145],[99.873239,79.321362],[99.848741,79.30795],[99.869599,79.28793],[99.839136,79.257791],[99.734041,79.268301],[99.756212,79.252803],[99.722214,79.24026],[99.636476,79.233272],[99.654435,79.219752],[99.583338,79.238572],[99.606409,79.242177],[99.448237,79.267803],[99.370439,79.285019],[99.283342,79.289626],[99.23491,79.279972],[99.246942,79.261494],[99.326577,79.232731],[99.53644,79.180103],[99.642351,79.159031],[99.78892,79.135253],[99.67804,79.127142],[99.649638,79.104516],[99.715837,79.096008],[99.84375,79.087735]]],[[[96.060838,80.111559],[95.985102,80.111084],[95.999438,80.125979],[96.065043,80.132487],[96.118639,80.126978],[96.060838,80.111559]]],[[[92.8125,80.165195],[92.59884,80.181637],[92.364182,80.206056],[92.337496,80.223633],[92.175294,80.240207],[92.22304,80.246416],[92.500039,80.246614],[92.584436,80.253824],[92.854746,80.263481],[92.964883,80.261174],[93.216326,80.238366],[93.307024,80.222159],[93.423989,80.226886],[93.313768,80.261119],[93.008767,80.282278],[92.888017,80.280665],[92.671519,80.266458],[92.477578,80.258974],[92.012407,80.253749],[91.872773,80.24104],[91.76169,80.236143],[91.722742,80.240406],[91.773355,80.257277],[91.742938,80.272019],[91.675767,80.254329],[91.528216,80.242849],[91.480737,80.244209],[91.501238,80.258529],[91.657495,80.298797],[91.723435,80.301777],[91.74505,80.314564],[91.84414,80.318398],[91.925852,80.307139],[91.970218,80.324745],[92.083741,80.326005],[92.186159,80.313709],[92.072268,80.33601],[92.101412,80.339341],[92.236216,80.333843],[92.304941,80.318696],[92.431139,80.331116],[92.596688,80.316962],[92.695635,80.324325],[92.782189,80.322384],[92.759439,80.334018],[92.589037,80.354335],[92.415841,80.356039],[92.280878,80.363318],[92.165537,80.378266],[92.087076,80.382925],[92.000742,80.397245],[92.103745,80.413178],[92.231142,80.421612],[92.330538,80.422718],[92.446215,80.443633],[92.73874,80.447947],[92.841739,80.456853],[92.904337,80.475077],[92.898042,80.542354],[92.96563,80.610907],[93.054995,80.641274],[93.249857,80.684461],[93.353639,80.714447],[93.33777,80.725256],[93.39354,80.749492],[93.359141,80.758199],[93.25274,80.750186],[93.249879,80.735911],[93.292857,80.720307],[93.153353,80.715218],[92.947741,80.698927],[92.892108,80.719581],[92.799037,80.692419],[92.639406,80.691326],[92.598573,80.717083],[92.717539,80.736972],[92.750466,80.751845],[92.857219,80.779349],[92.843439,80.804348],[92.896037,80.819167],[93.075038,80.837392],[93.158837,80.852102],[93.260942,80.845998],[93.304139,80.850199],[93.228884,80.871816],[93.204135,80.892087],[93.21316,80.91116],[93.167712,80.917392],[93.205072,80.927712],[93.336434,80.932095],[93.573496,80.968393],[93.623881,80.972539],[93.801339,80.960731],[93.828714,80.966727],[93.782541,80.99647],[94.02299,81.019116],[94.072907,81.017008],[94.206736,81.029306],[94.286189,81.049655],[94.401659,81.052486],[94.484141,81.063548],[94.563035,81.061241],[94.664942,81.073958],[94.84424,81.08517],[94.923127,81.094146],[94.963541,81.110103],[95.228326,81.151966],[95.374162,81.179776],[95.655642,81.180579],[95.615335,81.195198],[95.309443,81.193096],[95.188241,81.198712],[95.163141,81.228529],[95.190965,81.233029],[95.580537,81.25366],[95.802142,81.252262],[95.894937,81.246359],[95.98804,81.225031],[96.014017,81.200774],[95.984339,81.181884],[95.909159,81.162697],[95.907908,81.15027],[96.130641,81.156351],[96.158738,81.132824],[96.266824,81.122428],[96.289576,81.096008],[96.369852,81.082918],[96.396538,81.067649],[96.525141,81.051334],[96.574158,81.033995],[96.570535,81.003475],[96.649691,80.985882],[96.788835,80.973144],[96.738466,80.941505],[96.74624,80.932095],[96.8743,80.890499],[96.956538,80.890346],[97.082743,80.868823],[97.162934,80.862215],[97.219712,80.836719],[97.479242,80.803752],[97.470736,80.791234],[97.625047,80.789943],[97.702073,80.782153],[97.885575,80.778959],[97.904039,80.769213],[97.83414,80.758695],[97.822642,80.746086],[97.918687,80.747674],[97.978343,80.729365],[97.96454,80.715449],[97.863208,80.698842],[97.986101,80.68983],[98.033519,80.658239],[97.985942,80.646668],[97.899439,80.646568],[97.798243,80.624745],[97.735408,80.631178],[97.57464,80.622646],[97.569101,80.608652],[97.443712,80.599587],[97.391436,80.602925],[97.390435,80.626044],[97.31534,80.615833],[97.195642,80.623242],[96.999842,80.660188],[96.958215,80.678984],[96.758142,80.709238],[96.779338,80.694322],[96.913538,80.678405],[96.974855,80.653037],[97.135377,80.625174],[97.240496,80.612349],[97.253961,80.594355],[97.205019,80.578506],[97.217882,80.560318],[97.16855,80.54091],[97.187136,80.523534],[97.132036,80.501803],[97.14084,80.480882],[97.194635,80.46857],[97.261796,80.419686],[97.284358,80.366738],[97.275736,80.323301],[97.439036,80.313394],[97.469774,80.307201],[97.481241,80.278855],[97.308434,80.235799],[97.315135,80.216842],[97.160243,80.21788],[96.999659,80.204827],[96.780824,80.20889],[96.655467,80.200573],[96.57419,80.2055],[96.392801,80.19596],[96.210855,80.197876],[96.020135,80.193354],[95.88234,80.19486],[95.687021,80.190506],[95.579539,80.181845],[95.415911,80.154416],[95.29658,80.147519],[95.236246,80.138421],[95.023608,80.129714],[94.816218,80.135672],[94.742235,80.118769],[94.688538,80.115469],[94.588297,80.130385],[94.571856,80.115698],[94.511935,80.111054],[94.503336,80.096442],[94.440835,80.073314],[94.36274,80.055526],[94.260637,80.043787],[94.094637,80.032373],[93.835604,79.997903],[93.734843,79.992023],[93.60274,80.000295],[93.427834,80.024659],[93.201341,80.046689],[92.983638,80.083427],[92.806437,80.108962],[92.750338,80.11246],[92.470338,80.11136],[92.301356,80.117035],[92.198542,80.126581],[92.20849,80.140979],[92.318636,80.149702],[92.289942,80.169928],[92.324038,80.171326],[92.480464,80.153552],[92.78164,80.134191],[92.888338,80.121571],[92.989543,80.127079],[92.968438,80.142394],[92.8125,80.165195]]],[[[106.982242,78.160455],[107.08349,78.154],[107.320185,78.144493],[107.390268,78.16015],[107.441544,78.163374],[107.502839,78.177167],[107.585877,78.168521],[107.661141,78.167155],[107.693842,78.153642],[107.696826,78.135815],[107.759714,78.122556],[107.731241,78.078661],[107.688967,78.061459],[107.544466,78.026026],[107.52244,78.027997],[107.526574,78.061039],[107.580241,78.073848],[107.479136,78.077454],[107.462686,78.061819],[107.410936,78.055433],[107.350183,78.062987],[107.135042,78.07245],[106.937037,78.085068],[106.870835,78.083961],[106.749537,78.089369],[106.645937,78.102888],[106.517542,78.110091],[106.444521,78.122999],[106.558336,78.14974],[106.5691,78.136876],[106.726443,78.143032],[106.853639,78.166153],[106.892717,78.156453],[106.969836,78.152741],[106.982242,78.160455]]],[[[99.84375,77.941477],[99.824561,77.955543],[99.761507,77.939216],[99.723675,77.961436],[99.654064,77.946698],[99.613709,77.924768],[99.560996,77.921285],[99.561501,77.948067],[99.506013,77.946171],[99.485332,77.960278],[99.518624,77.991488],[99.4248,78.013927],[99.387977,78.013613],[99.489872,78.068435],[99.535775,78.112261],[99.661126,78.174963],[99.730233,78.18891],[99.775631,78.20614],[99.887615,78.2662],[100.02482,78.297907],[100.040457,78.324886],[100.127724,78.33565],[100.144874,78.34829],[100.07375,78.365494],[100.103006,78.393943],[100.049537,78.405608],[100.168582,78.413918],[100.176653,78.428599],[100.25484,78.473741],[100.182202,78.488347],[100.276026,78.501125],[100.252318,78.541629],[100.298221,78.550344],[100.312345,78.566554],[100.421769,78.575575],[100.375745,78.586312],[100.408211,78.608777],[100.338997,78.614202],[100.386805,78.621243],[100.363614,78.655682],[100.393584,78.681969],[100.517206,78.740286],[100.625506,78.785199],[100.694555,78.802213],[100.787031,78.777283],[100.884439,78.763836],[101.063535,78.75302],[101.138441,78.743456],[101.204407,78.756446],[101.140907,78.766659],[100.931911,78.787897],[100.884439,78.813162],[100.880124,78.827625],[100.917114,78.831447],[100.820323,78.850418],[100.837585,78.871916],[100.907867,78.898301],[100.895537,78.904709],[100.944241,78.929478],[100.960886,78.958798],[100.995411,78.978911],[101.018838,79.008806],[101.076085,79.011671],[101.201793,79.007406],[101.32181,78.98376],[101.45259,78.96817],[101.486265,78.981337],[101.272298,79.024227],[101.085501,79.041026],[101.070557,79.053481],[101.099086,79.065212],[101.145276,79.103029],[101.302864,79.114452],[101.488303,79.10855],[101.541285,79.11535],[101.442792,79.116248],[101.33479,79.128553],[101.241731,79.131372],[101.305582,79.18771],[101.360262,79.220473],[101.520009,79.228788],[101.593611,79.218001],[101.577208,79.229687],[101.667806,79.226389],[101.700437,79.232819],[101.686507,79.258347],[101.615293,79.277669],[101.60671,79.315263],[101.67221,79.34103],[101.742109,79.340427],[101.759931,79.351201],[101.883809,79.356304],[101.918607,79.332742],[101.907606,79.320254],[101.94711,79.302678],[101.963795,79.275063],[102.010657,79.252901],[102.001005,79.234983],[102.192511,79.215204],[102.309935,79.21362],[102.248074,79.258256],[102.254376,79.281415],[102.21205,79.305825],[102.206808,79.349517],[102.237905,79.38482],[102.303487,79.413197],[102.454824,79.425646],[102.526266,79.404376],[102.632658,79.400271],[102.647848,79.392171],[102.778571,79.378245],[102.862005,79.376775],[102.911688,79.36083],[102.937848,79.336001],[102.983205,79.339924],[102.961508,79.324148],[103.051809,79.322555],[103.049154,79.3053],[103.112019,79.31489],[103.159375,79.309398],[103.155989,79.290092],[103.072508,79.268433],[103.024512,79.262735],[103.008688,79.245823],[102.864508,79.199632],[102.820905,79.168474],[102.820379,79.144088],[102.796904,79.123808],[102.833379,79.116182],[102.755209,79.088694],[102.716626,79.064925],[102.731406,79.052447],[102.723431,79.012273],[102.738914,78.988939],[102.688811,78.927223],[102.623633,78.922125],[102.532353,78.901328],[102.556906,78.89537],[102.50151,78.885686],[102.51399,78.868454],[102.493742,78.852227],[102.410711,78.822873],[102.388738,78.797809],[102.535811,78.801503],[102.654004,78.849241],[102.72891,78.843244],[102.703076,78.852616],[102.695959,78.885268],[102.774687,78.888841],[102.771131,78.907063],[102.896878,78.979187],[102.959044,79.032082],[102.954205,79.053346],[102.986571,79.045002],[103.078017,79.038596],[103.117628,79.04728],[103.339712,79.072633],[103.332211,79.094584],[103.464827,79.103337],[103.495794,79.113462],[103.516805,79.140515],[103.505307,79.157092],[103.554464,79.177456],[103.587965,79.179787],[103.595907,79.163979],[103.646436,79.17021],[103.625379,79.136956],[103.62702,79.102756],[103.68852,79.138007],[103.789686,79.144277],[103.78211,79.163681],[103.839811,79.176266],[103.860212,79.165479],[103.837575,79.136378],[104.006108,79.135021],[104.030012,79.128134],[104.031767,79.084809],[103.958547,79.065503],[104.04321,79.044957],[104.069022,79.024593],[104.03581,79.00611],[104.055905,78.996024],[104.172912,79.008807],[104.237975,78.99271],[104.274703,78.998884],[104.449026,78.981505],[104.460538,78.959692],[104.547699,78.941726],[104.574012,78.908873],[104.525224,78.888713],[104.541943,78.878989],[104.595117,78.881421],[104.669396,78.872009],[104.715443,78.878143],[104.763684,78.865341],[104.658706,78.861106],[104.553455,78.846906],[104.554003,78.838738],[104.703383,78.817815],[104.707769,78.791419],[104.735178,78.786623],[104.660077,78.777452],[104.657884,78.762826],[104.766973,78.774891],[104.817954,78.817336],[104.789996,78.834652],[104.844267,78.832741],[104.948422,78.853796],[105.020782,78.839375],[105.142597,78.825992],[105.286109,78.79223],[105.338666,78.741985],[105.368144,78.736607],[105.304921,78.725314],[105.318497,78.711807],[105.368144,78.709226],[105.394132,78.695396],[105.403441,78.66174],[105.389865,78.637771],[105.421283,78.633338],[105.418956,78.611684],[105.381332,78.595742],[105.453089,78.565562],[105.449792,78.527668],[105.422641,78.521881],[105.409065,78.490425],[105.206983,78.416475],[105.088294,78.362025],[105.02352,78.346836],[104.967666,78.325978],[104.824541,78.294622],[104.806699,78.309328],[104.708761,78.321268],[104.630799,78.307048],[104.534025,78.303196],[104.447529,78.314749],[104.364912,78.308935],[104.185521,78.288876],[104.109498,78.271385],[104.067608,78.27241],[103.876581,78.240793],[103.780776,78.24348],[103.760219,78.231541],[103.693311,78.23858],[103.660342,78.232727],[103.532732,78.235417],[103.363038,78.216857],[103.274991,78.198467],[103.240858,78.209647],[103.174144,78.216461],[103.05274,78.210519],[103.02714,78.199736],[102.937929,78.192357],[102.952669,78.169716],[102.874706,78.152328],[102.910778,78.133121],[102.847943,78.141493],[102.806441,78.135194],[102.771144,78.15607],[102.790631,78.164113],[102.75984,78.18199],[102.70183,78.196135],[102.548483,78.199436],[102.457182,78.189529],[102.319724,78.193761],[102.181006,78.18075],[102.143174,78.165035],[102.092983,78.165346],[102.046071,78.17579],[101.944176,78.183746],[101.746692,78.178425],[101.733577,78.173154],[101.578717,78.180595],[101.418812,78.177702],[101.267483,78.167052],[101.18627,78.152355],[101.103544,78.121505],[100.949692,78.098797],[100.901267,78.083079],[100.839222,78.076619],[100.776168,78.060716],[100.733292,78.066036],[100.673265,78.059359],[100.572379,78.03805],[100.47124,78.023666],[100.342611,77.998413],[100.245508,77.98624],[100.205154,77.971637],[100.009435,77.940903],[99.84375,77.941477]]],[[[110.914279,73.698611],[110.947657,73.70273],[111.015577,73.691043],[111.010336,73.681184],[111.061709,73.672093],[111.101221,73.673578],[111.109177,73.661831],[111.192815,73.660171],[111.156113,73.646706],[111.192979,73.644019],[111.197218,73.623456],[111.227305,73.617445],[111.28636,73.620639],[111.282728,73.609245],[111.221677,73.598841],[111.165888,73.604296],[111.182717,73.592124],[111.113794,73.576502],[111.09316,73.579424],[111.052562,73.564928],[111.001102,73.556337],[110.946944,73.556625],[110.923171,73.565576],[110.879011,73.563837],[110.872517,73.549427],[110.814072,73.546944],[110.839942,73.518475],[110.802711,73.502298],[110.743396,73.491785],[110.679469,73.473523],[110.64354,73.454194],[110.650285,73.4324],[110.635663,73.427318],[110.531354,73.434333],[110.429838,73.415689],[110.376366,73.413324],[110.207085,73.396613],[110.143616,73.414549],[110.121518,73.402718],[110.159445,73.396667],[110.137264,73.383828],[110.203449,73.381293],[110.214125,73.36996],[110.244841,73.377281],[110.260113,73.360056],[110.321897,73.361044],[110.321045,73.34964],[110.363407,73.354325],[110.374631,73.336874],[110.456182,73.346712],[110.456924,73.334729],[110.543538,73.333151],[110.530644,73.317006],[110.562694,73.309125],[110.540183,73.299727],[110.623502,73.268432],[110.624424,73.254833],[110.583074,73.240059],[110.552858,73.238491],[110.448026,73.212295],[110.384068,73.206652],[110.34862,73.196564],[110.36746,73.182387],[110.342491,73.16679],[110.378839,73.162808],[110.373798,73.151871],[110.417873,73.156964],[110.468167,73.150456],[110.542413,73.14966],[110.555196,73.156875],[110.65296,73.165108],[110.731348,73.153652],[110.80879,73.163509],[110.85016,73.16067],[110.838421,73.132597],[110.815013,73.112359],[110.745516,73.102943],[110.798904,73.086851],[110.801936,73.068365],[110.85986,73.055281],[110.811154,73.020106],[110.730581,73.021727],[110.703361,72.993518],[110.666563,72.99109],[110.711362,72.967572],[110.677426,72.964412],[110.657588,72.952045],[110.693503,72.940148],[110.687951,72.960546],[110.855904,72.94596],[110.890874,72.95037],[110.891484,72.931056],[110.818026,72.929062],[110.754645,72.900855],[110.700887,72.902967],[110.645702,72.893732],[110.626252,72.879091],[110.648535,72.87484],[110.660238,72.857189],[110.628665,72.846816],[110.665502,72.847813],[110.681791,72.835747],[110.730591,72.829548],[110.721088,72.811418],[110.735058,72.800483],[110.656684,72.791381],[110.687768,72.766692],[110.662144,72.75878],[110.70336,72.728384],[110.699496,72.705094],[110.719794,72.697254],[110.718647,72.678114],[110.763707,72.656219],[110.76136,72.647711],[110.908832,72.632042],[110.909361,72.623391],[110.863022,72.60242],[110.91465,72.591788],[110.870467,72.584455],[110.912348,72.570951],[110.957672,72.580563],[111.044843,72.566625],[111.137315,72.563326],[111.178717,72.557758],[111.245519,72.533927],[111.243823,72.52391],[111.30088,72.512994],[111.291058,72.486607],[111.253708,72.483913],[111.239722,72.473805],[111.161391,72.460998],[111.130945,72.446986],[111.008817,72.441847],[111.017054,72.425097],[111.074827,72.412194],[111.0102,72.39022],[111.056463,72.377908],[111.069036,72.363761],[111.174025,72.359852],[111.257798,72.337789],[111.304495,72.339997],[111.291282,72.331478],[111.33524,72.316017],[111.360258,72.32087],[111.438796,72.317262],[111.454667,72.326818],[111.483435,72.322515],[111.517859,72.329466],[111.574805,72.324402],[111.58684,72.309008],[111.639687,72.298523],[111.638422,72.281022],[111.667015,72.257532],[111.582311,72.226299],[111.592957,72.211758],[111.623857,72.20773],[111.691752,72.220915],[111.715856,72.211131],[111.690315,72.193588],[111.698145,72.172726],[111.743839,72.158337],[111.788606,72.161392],[111.823227,72.142014],[111.865668,72.140526],[111.895486,72.128646],[111.967885,72.135161],[112.000695,72.1244],[112.000186,72.001037],[112.000574,71.66755],[112.000514,71.402308],[112.16385,71.377365],[112.193474,71.382586],[112.251531,71.362361],[112.33522,71.341799],[112.349044,71.324085],[112.383887,71.307076],[112.443992,71.302192],[112.469258,71.276587],[112.50756,71.275652],[112.593699,71.293798],[112.634871,71.289676],[112.658249,71.26465],[112.724997,71.252169],[112.707824,71.227251],[112.675735,71.201036],[112.651449,71.192058],[112.614316,71.191786],[112.520897,71.176169],[112.509573,71.159787],[112.537486,71.1374],[112.599576,71.109193],[112.569875,71.095356],[112.509301,71.101637],[112.468867,71.072039],[112.434492,71.068225],[112.355982,71.071176],[112.277194,71.044259],[112.277215,71.0285],[112.249204,71.001368],[112.219628,71.001151],[112.184129,71.013275],[112.164337,71.032363],[112.101396,71.060682],[112.030505,71.05306],[111.988164,71.027639],[111.980531,71.000007],[111.946322,70.978864],[111.920763,70.973797],[111.867671,70.977268],[111.801059,70.957544],[111.749636,70.971118],[111.726046,70.97001],[111.637736,70.938977],[111.572607,70.942261],[111.511454,70.930001],[111.478798,70.928825],[111.43374,70.892373],[111.432135,70.881283],[111.378156,70.863313],[111.325938,70.856235],[111.194968,70.861285],[111.129412,70.849538],[111.034216,70.840829],[111.026053,70.830673],[110.974464,70.816452],[110.887823,70.799118],[110.858396,70.785825],[110.813493,70.780047],[110.794247,70.792803],[110.736653,70.799434],[110.652496,70.782753],[110.61927,70.784785],[110.558766,70.768113],[110.517212,70.764128],[110.492218,70.739581],[110.516327,70.716534],[110.505705,70.711318],[110.333428,70.695886],[110.308159,70.68335],[110.308611,70.670126],[110.20139,70.658641],[110.185375,70.645292],[110.123517,70.636983],[110.145001,70.608832],[110.105702,70.592266],[110.132049,70.558029],[110.153717,70.543554],[110.092425,70.537606],[110.084571,70.520573],[110.124565,70.499696],[110.113966,70.479588],[110.133608,70.465111],[110.180309,70.458605],[110.205965,70.445671],[110.284181,70.438346],[110.317634,70.429094],[110.313335,70.408571],[110.211261,70.408151],[110.15902,70.411911],[110.062605,70.39786],[110.013418,70.413271],[109.998206,70.400426],[109.959248,70.391803],[109.851532,70.390921],[109.822516,70.38355],[109.755786,70.379016],[109.726074,70.370697],[109.643766,70.372773],[109.558341,70.352237],[109.598842,70.332779],[109.586493,70.324948],[109.610124,70.306863],[109.616694,70.28517],[109.575575,70.252447],[109.456463,70.218879],[109.396676,70.212626],[109.346962,70.21568],[109.304333,70.209872],[109.307008,70.175688],[109.294619,70.166653],[109.303296,70.144451],[109.36197,70.131616],[109.361616,70.096789],[109.347926,70.088919],[109.365572,70.073329],[109.396613,70.064363],[109.417194,70.0481],[109.451802,70.039807],[109.50404,70.043963],[109.545224,70.030906],[109.545155,70.014676],[109.525572,69.9916],[109.463896,69.98656],[109.418592,69.97182],[109.400095,69.95813],[109.406992,69.931682],[109.374558,69.906566],[109.413702,69.893764],[109.390523,69.87716],[109.378434,69.837451],[109.38587,69.824367],[109.340219,69.823474],[109.325564,69.789058],[109.295729,69.774273],[109.263026,69.772274],[109.201107,69.754623],[109.120873,69.769119],[109.054495,69.766856],[108.995823,69.775269],[108.944624,69.770599],[108.917026,69.802293],[108.932733,69.824702],[108.901959,69.842557],[108.800199,69.830515],[108.77494,69.832721],[108.68523,69.828793],[108.637042,69.838822],[108.613956,69.832761],[108.549133,69.831224],[108.514629,69.84314],[108.443592,69.841628],[108.391078,69.850246],[108.248733,69.854403],[108.226446,69.848397],[108.221155,69.82848],[108.176466,69.821985],[108.140692,69.808194],[108.117876,69.786449],[108.069768,69.79335],[108.022611,69.787929],[108.05221,69.76343],[108.006886,69.749899],[108.030772,69.725203],[108.01942,69.69844],[107.976489,69.688458],[107.952931,69.669024],[107.929119,69.668473],[107.844267,69.686374],[107.785075,69.676754],[107.733843,69.675481],[107.691555,69.666576],[107.606481,69.660499],[107.507636,69.639916],[107.442207,69.622379],[107.393786,69.614381],[107.341379,69.613131],[107.30918,69.605071],[107.171761,69.585819],[107.069603,69.556196],[106.956394,69.545334],[106.857426,69.523271],[106.744472,69.53482],[106.681711,69.525942],[106.630677,69.527968],[106.615727,69.558962],[106.59088,69.569514],[106.543921,69.570706],[106.487412,69.581163],[106.452173,69.572737],[106.440504,69.555865],[106.372145,69.526467],[106.348603,69.507902],[106.344196,69.478153],[106.292662,69.459201],[106.178337,69.44168],[106.14286,69.409405],[106.308897,69.293111],[106.513032,69.150287],[106.675069,69.03248],[106.715348,69.000868],[106.905551,68.859042],[106.906583,68.685558],[106.912523,68.604069],[106.916949,68.486389],[106.916037,68.399264],[106.92067,68.334174],[106.920682,68.254164],[106.910232,68.175051],[106.900779,68.045418],[106.88762,68.000818],[106.8865,67.918525],[106.870384,67.835794],[106.868015,67.747208],[106.874489,67.667541],[106.838335,67.502118],[106.825863,67.416493],[106.822039,67.334093],[106.760047,67.301958],[106.737461,67.295615],[106.712254,67.276062],[106.715601,67.258458],[106.678428,67.251076],[106.590562,67.262535],[106.560112,67.273161],[106.555429,67.290893],[106.511791,67.283238],[106.505324,67.275583],[106.433573,67.264014],[106.38696,67.229825],[106.376191,67.215615],[106.342143,67.200771],[106.276234,67.198461],[106.259281,67.184353],[106.220558,67.171419],[106.184439,67.173352],[106.113717,67.167391],[106.076491,67.168536],[106.062034,67.142048],[106.066743,67.11733],[106.015868,67.085736],[105.962214,67.045478],[105.872565,67.029438],[105.764727,67.029696],[105.669799,67.013449],[105.640971,67.025436],[105.579905,67.018431],[105.544952,67.023716],[105.509063,67.013985],[105.555029,66.999472],[105.543609,66.984024],[105.579588,66.966926],[105.626986,66.954285],[105.637632,66.944452],[105.698989,66.925205],[105.737398,66.924972],[105.785105,66.936374],[105.858441,66.943471],[105.845134,66.930725],[105.855024,66.910733],[105.909857,66.909716],[105.976463,66.900774],[106.018052,66.886514],[106.033915,66.89739],[106.080664,66.895417],[106.103131,66.874373],[106.09415,66.859184],[105.985634,66.801503],[106.025462,66.78582],[106.051322,66.789151],[106.085487,66.779365],[106.123156,66.797558],[106.186698,66.801545],[106.213301,66.797782],[106.186863,66.770683],[106.14689,66.764451],[106.146376,66.730805],[106.170333,66.707544],[106.220205,66.697373],[106.258277,66.676895],[106.222287,66.663933],[106.219282,66.63636],[106.250231,66.603831],[106.231644,66.590328],[106.237461,66.563338],[106.290229,66.546116],[106.322893,66.518899],[106.300794,66.497481],[106.330961,66.474971],[106.316003,66.464533],[106.262919,66.445326],[106.253068,66.435256],[106.195564,66.429772],[106.182526,66.414263],[106.148658,66.409175],[106.146585,66.389783],[106.12695,66.384347],[106.108699,66.363172],[106.119552,66.357872],[106.095545,66.336202],[106.121396,66.314879],[106.112368,66.297614],[106.13221,66.282989],[106.120464,66.277377],[106.137001,66.24871],[106.108133,66.235398],[106.120406,66.213102],[106.106042,66.19724],[106.157688,66.163805],[106.17052,66.165311],[106.205446,66.147],[106.252266,66.153987],[106.288516,66.148764],[106.32207,66.15679],[106.338582,66.152849],[106.367106,66.118887],[106.353288,66.11242],[106.379069,66.101865],[106.37404,66.092769],[106.429789,66.082528],[106.413411,66.061489],[106.450987,66.054196],[106.44727,66.042775],[106.482648,66.025938],[106.478285,66.016127],[106.514476,65.995053],[106.489102,65.979808],[106.493774,65.95507],[106.464948,65.931961],[106.467775,65.907716],[106.493821,65.883603],[106.473245,65.879053],[106.484043,65.855028],[106.469854,65.83249],[106.448051,65.825931],[106.458572,65.812298],[106.491483,65.798387],[106.443504,65.786145],[106.42806,65.763081],[106.454803,65.745556],[106.435674,65.741582],[106.459869,65.733042],[106.436468,65.724716],[106.449195,65.712487],[106.412898,65.713006],[106.424278,65.702393],[106.400972,65.697742],[106.434117,65.687521],[106.415123,65.671969],[106.42805,65.664566],[106.467432,65.661283],[106.51585,65.647869],[106.551804,65.645548],[106.563533,65.632606],[106.59399,65.639472],[106.590382,65.625145],[106.651519,65.619566],[106.607198,65.611315],[106.698461,65.603734],[106.720365,65.587637],[106.693273,65.557131],[106.703752,65.539858],[106.777177,65.532961],[106.79765,65.52049],[106.821717,65.524952],[106.887487,65.518033],[106.904479,65.511646],[106.936139,65.514155],[106.967889,65.508284],[106.938868,65.471908],[106.915869,65.469944],[106.862204,65.442414],[106.872231,65.422995],[106.831985,65.399978],[106.817327,65.377536],[106.780135,65.374773],[106.776138,65.387228],[106.710033,65.386566],[106.694962,65.393503],[106.666106,65.387591],[106.615225,65.39598],[106.605457,65.382964],[106.544958,65.380508],[106.516178,65.342986],[106.474336,65.323562],[106.439462,65.319506],[106.427562,65.293797],[106.429257,65.24653],[106.46739,65.231975],[106.526121,65.219637],[106.477599,65.209495],[106.419395,65.228993],[106.351408,65.191747],[106.346887,65.180628],[106.314717,65.167082],[106.312529,65.145672],[106.26613,65.145893],[106.252735,65.137042],[106.189947,65.133042],[106.154905,65.089094],[106.099257,65.067432],[106.025802,65.066351],[106.008667,65.055783],[105.950465,65.039901],[105.952936,65.014658],[105.982286,64.998276],[106.01496,64.994318],[106.041725,64.982915],[106.070925,64.980394],[106.067029,64.9565],[106.101321,64.935535],[106.11633,64.9061],[106.157388,64.895398],[106.207529,64.873037],[106.190975,64.864978],[106.100655,64.878377],[106.062025,64.869101],[106.060232,64.883835],[106.03309,64.88266],[106.046102,64.911952],[106.03182,64.9187],[105.96893,64.908378],[105.954415,64.912983],[105.914801,64.903497],[105.941564,64.873473],[105.941366,64.851868],[105.960806,64.853228],[105.986937,64.83151],[105.976429,64.822378],[105.924011,64.82586],[105.895064,64.843904],[105.852876,64.832933],[105.862818,64.821242],[105.846682,64.791062],[105.826075,64.786311],[105.818335,64.760534],[105.838079,64.751579],[105.832102,64.733509],[105.815905,64.72606],[105.859898,64.703434],[105.876841,64.686773],[105.869535,64.675123],[105.823024,64.66791],[105.782152,64.668013],[105.735249,64.690987],[105.687202,64.682967],[105.719323,64.650038],[105.750906,64.640663],[105.709529,64.602223],[105.714886,64.580925],[105.752845,64.581327],[105.762625,64.562309],[105.785637,64.550311],[105.792656,64.527169],[105.749891,64.503934],[105.765799,64.48447],[105.807422,64.497484],[105.866378,64.502231],[105.902473,64.486768],[105.918855,64.501263],[105.98557,64.534101],[106.023849,64.540924],[106.061565,64.524808],[106.076682,64.499172],[106.116999,64.495013],[106.133812,64.485387],[106.117332,64.45595],[106.075299,64.446469],[106.092496,64.426158],[106.138632,64.415954],[106.166881,64.421609],[106.179124,64.415694],[106.234628,64.434828],[106.256347,64.447051],[106.311919,64.439264],[106.365503,64.455635],[106.441341,64.454437],[106.460507,64.4606],[106.500714,64.456455],[106.537184,64.46433],[106.554146,64.460234],[106.587233,64.478226],[106.554992,64.516329],[106.55534,64.534551],[106.578978,64.542671],[106.652537,64.529516],[106.665837,64.498908],[106.708144,64.479424],[106.704785,64.465273],[106.723825,64.435543],[106.741122,64.422277],[106.786969,64.426061],[106.827834,64.420867],[106.885759,64.440323],[106.915167,64.43828],[106.950481,64.420774],[106.959579,64.403908],[107.042761,64.379854],[107.099751,64.371804],[107.092467,64.358963],[107.133377,64.35101],[107.176165,64.353232],[107.209175,64.34282],[107.25651,64.345425],[107.268497,64.328176],[107.254706,64.320253],[107.295266,64.284644],[107.325227,64.270333],[107.369929,64.261064],[107.401014,64.274573],[107.459087,64.279131],[107.495908,64.300898],[107.551413,64.306474],[107.560744,64.312666],[107.641299,64.3107],[107.698538,64.295698],[107.724676,64.272285],[107.707701,64.258048],[107.751537,64.255209],[107.821949,64.229155],[107.860089,64.231146],[107.887879,64.209748],[107.892208,64.196355],[107.92246,64.191118],[107.923244,64.201142],[107.964583,64.203991],[107.971941,64.182336],[108.05893,64.187904],[108.053478,64.213862],[108.085664,64.246468],[108.171314,64.257581],[108.246822,64.250218],[108.268247,64.221161],[108.292582,64.214672],[108.283789,64.185398],[108.305068,64.171845],[108.299751,64.153486],[108.322968,64.14048],[108.326779,64.124587],[108.364787,64.103807],[108.354489,64.075879],[108.385109,64.046349],[108.323989,64.028449],[108.326631,64.016504],[108.291242,64.011606],[108.271083,64.018717],[108.214171,64.010304],[108.205426,64.003724],[108.161784,64.008068],[108.116279,64.005547],[108.101783,64.013997],[108.07628,64.006222],[108.028702,64.001936],[107.990233,64.009938],[107.977438,64.019468],[107.91115,63.998119],[107.86042,64.007564],[107.860372,64.021644],[107.834403,64.015322],[107.779813,64.011031],[107.769202,64.020085],[107.685321,64.001227],[107.685992,63.987078],[107.631215,63.981369],[107.610371,63.962323],[107.617468,63.947167],[107.586667,63.920754],[107.598287,63.90926],[107.565638,63.897369],[107.518391,63.896714],[107.502615,63.91938],[107.4521,63.921848],[107.41087,63.894269],[107.344739,63.906224],[107.372747,63.912123],[107.377132,63.936817],[107.32811,63.952877],[107.343939,63.95963],[107.307045,63.977563],[107.28307,63.980318],[107.272119,63.971997],[107.244995,63.980972],[107.20456,63.97399],[107.195923,63.982792],[107.165218,63.968644],[107.167008,63.953355],[107.124622,63.948341],[107.110581,63.953772],[107.089406,63.927],[107.030661,63.931933],[107.051822,63.938939],[107.013561,63.945651],[106.980515,63.959],[106.977949,63.970495],[106.927203,63.977354],[106.905615,63.973958],[106.878569,63.983811],[106.820713,63.988111],[106.807366,64.018026],[106.775544,64.019963],[106.791712,64.006107],[106.737843,64.018875],[106.730095,64.027102],[106.699577,64.019565],[106.695178,64.036301],[106.664368,64.044317],[106.660701,64.025953],[106.624071,64.008376],[106.623829,63.994901],[106.606458,63.986782],[106.645377,63.958855],[106.696232,63.948829],[106.730351,63.935006],[106.710779,63.915051],[106.721747,63.904767],[106.771227,63.896273],[106.792636,63.881165],[106.767916,63.84792],[106.69859,63.825001],[106.690652,63.802471],[106.672709,63.796624],[106.662936,63.762951],[106.624825,63.741654],[106.602442,63.722726],[106.609913,63.705721],[106.653057,63.692644],[106.657689,63.678043],[106.686944,63.667414],[106.658126,63.627194],[106.615467,63.618833],[106.579205,63.593051],[106.602837,63.574679],[106.59685,63.560554],[106.566476,63.567658],[106.510083,63.564285],[106.506713,63.548407],[106.471391,63.542362],[106.524963,63.51627],[106.583515,63.497881],[106.574595,63.478266],[106.592363,63.475398],[106.594643,63.454353],[106.63955,63.448441],[106.648121,63.424473],[106.676891,63.429126],[106.707287,63.418612],[106.704571,63.406353],[106.72663,63.40971],[106.737036,63.397767],[106.708343,63.391819],[106.719795,63.375233],[106.676789,63.354783],[106.657853,63.325542],[106.620901,63.316763],[106.575891,63.326768],[106.520189,63.322564],[106.501261,63.339509],[106.471253,63.341899],[106.44762,63.360785],[106.411826,63.353603],[106.408223,63.336717],[106.42041,63.329293],[106.407089,63.318915],[106.355847,63.301955],[106.353728,63.284935],[106.375135,63.274695],[106.349248,63.265265],[106.344485,63.245063],[106.421129,63.234046],[106.438764,63.215343],[106.39432,63.185919],[106.38743,63.168292],[106.408901,63.150564],[106.396808,63.125686],[106.353852,63.107458],[106.283663,63.103242],[106.259582,63.094968],[106.184922,63.085993],[106.114888,63.090599],[106.130644,63.037512],[106.170084,63.006851],[106.144528,62.992879],[106.137897,62.976082],[106.192009,62.968388],[106.199095,62.937283],[106.192995,62.920967],[106.28207,62.909676],[106.298498,62.885849],[106.318757,62.874305],[106.354472,62.882846],[106.382422,62.880641],[106.437116,62.862638],[106.455144,62.844815],[106.444204,62.831941],[106.446644,62.814399],[106.461298,62.803738],[106.512518,62.791116],[106.517775,62.757413],[106.503004,62.744223],[106.508711,62.727007],[106.482795,62.722088],[106.459864,62.708133],[106.472495,62.697612],[106.527918,62.688562],[106.575942,62.6893],[106.583433,62.676953],[106.651025,62.656777],[106.664068,62.661433],[106.70764,62.655683],[106.773111,62.638657],[106.8018,62.611745],[106.781993,62.603921],[106.717311,62.608649],[106.688781,62.569326],[106.672482,62.556457],[106.720555,62.537761],[106.738739,62.507782],[106.755899,62.498125],[106.728355,62.494846],[106.664699,62.477032],[106.626944,62.462393],[106.617101,62.448789],[106.575563,62.424441],[106.573039,62.405644],[106.543113,62.396299],[106.492811,62.398748],[106.466151,62.405801],[106.431921,62.396715],[106.460964,62.359773],[106.482329,62.354975],[106.483176,62.34107],[106.462653,62.330141],[106.409253,62.329623],[106.408707,62.301599],[106.387967,62.291713],[106.3487,62.28343],[106.402422,62.265261],[106.416793,62.253832],[106.464277,62.261178],[106.455594,62.234367],[106.428211,62.212501],[106.44957,62.199037],[106.424549,62.183381],[106.434062,62.177641],[106.424001,62.160939],[106.387729,62.145273],[106.387597,62.128528],[106.411518,62.100137],[106.393384,62.077754],[106.404861,62.057566],[106.3957,62.042693],[106.333364,62.03452],[106.320701,62.037017],[106.249382,62.012443],[106.247703,61.998921],[106.207779,61.989002],[106.208155,61.979379],[106.178883,61.966568],[106.111178,61.957391],[106.06028,61.933564],[106.048681,61.918748],[106.002677,61.898663],[105.934138,61.859537],[105.899614,61.844031],[105.893402,61.824892],[105.917216,61.798131],[105.937476,61.787721],[105.934789,61.773607],[105.949343,61.74144],[105.973387,61.713598],[105.964797,61.707008],[105.979911,61.690511],[105.968187,61.687447],[105.904092,61.688776],[105.8773,61.678677],[105.879955,61.67094],[105.841793,61.661362],[105.811364,61.629894],[105.775692,61.645481],[105.712403,61.662096],[105.673428,61.656237],[105.628138,61.639944],[105.609098,61.623819],[105.579028,61.616942],[105.593054,61.600374],[105.58489,61.590493],[105.550164,61.578879],[105.508074,61.579874],[105.452583,61.559107],[105.391587,61.549735],[105.359109,61.539433],[105.369996,61.534297],[105.347963,61.521766],[105.319176,61.515602],[105.313656,61.498335],[105.297168,61.489227],[105.295796,61.475572],[105.257449,61.462705],[105.291461,61.450107],[105.283294,61.425124],[105.225944,61.41389],[105.185177,61.413951],[105.156108,61.424142],[105.098302,61.410716],[105.062238,61.406284],[105.010333,61.41283],[104.994846,61.40226],[104.947158,61.402013],[104.910016,61.395402],[104.906616,61.372716],[104.884096,61.372045],[104.835414,61.357744],[104.788802,61.354829],[104.776858,61.347387],[104.82082,61.335813],[104.864946,61.336101],[104.950299,61.316054],[104.939594,61.294197],[104.990335,61.27301],[104.992932,61.242547],[105.030005,61.2198],[105.022354,61.197355],[105.037118,61.19462],[105.044477,61.177693],[104.988389,61.195099],[104.964278,61.188266],[104.906066,61.195008],[104.871888,61.187557],[104.856982,61.191937],[104.830195,61.162214],[104.760943,61.135624],[104.734801,61.11871],[104.711036,61.113198],[104.716797,61.100324],[104.690556,61.086311],[104.626259,61.079141],[104.615484,61.067828],[104.616096,61.047579],[104.64374,61.039994],[104.629029,61.030928],[104.624586,61.013219],[104.604374,61.005381],[104.623214,60.988873],[104.583249,60.959834],[104.581359,60.936311],[104.61924,60.922408],[104.633952,60.905524],[104.6092,60.885441],[104.554574,60.870246],[104.532673,60.868628],[104.468419,60.850633],[104.487466,60.816618],[104.481644,60.808162],[104.504313,60.796608],[104.50987,60.78285],[104.548906,60.77978],[104.57905,60.768832],[104.609339,60.724322],[104.590342,60.702114],[104.559328,60.68408],[104.564516,60.665747],[104.51591,60.639247],[104.503669,60.61562],[104.539427,60.613585],[104.519795,60.601689],[104.533225,60.592001],[104.571955,60.586772],[104.56568,60.569371],[104.548605,60.565655],[104.560996,60.552497],[104.602468,60.535899],[104.609924,60.522461],[104.644574,60.518049],[104.628356,60.51049],[104.652389,60.506177],[104.625882,60.495127],[104.664893,60.462951],[104.649103,60.454612],[104.677473,60.422012],[104.644667,60.424673],[104.656759,60.406016],[104.704567,60.39267],[104.724367,60.393497],[104.750592,60.383028],[104.795135,60.373956],[104.799699,60.361351],[104.845133,60.34965],[104.870535,60.328832],[104.853421,60.324698],[104.862965,60.311182],[104.903699,60.299521],[104.948328,60.303205],[104.977571,60.289098],[105.018436,60.298164],[105.050983,60.296374],[105.079236,60.301824],[105.111023,60.287666],[105.149195,60.289945],[105.180137,60.282007],[105.200851,60.285541],[105.216103,60.276489],[105.241929,60.275851],[105.256112,60.284971],[105.306181,60.292288],[105.324678,60.299431],[105.343879,60.293087],[105.374781,60.264614],[105.391979,60.273176],[105.464623,60.252154],[105.459082,60.23198],[105.477055,60.219563],[105.508445,60.226811],[105.502186,60.215728],[105.469211,60.205336],[105.471038,60.182998],[105.460109,60.16896],[105.422475,60.15293],[105.436971,60.096103],[105.452837,60.090941],[105.471144,60.048826],[105.495969,60.041132],[105.485104,60.02086],[105.504517,60.000523],[105.49359,59.991477],[105.433935,59.971849],[105.433446,59.961634],[105.409822,59.947871],[105.440569,59.927161],[105.425828,59.903451],[105.451023,59.886618],[105.483521,59.878247],[105.480915,59.869644],[105.509548,59.857241],[105.509932,59.843756],[105.477711,59.83568],[105.432799,59.857575],[105.416967,59.856854],[105.379827,59.840989],[105.342908,59.843228],[105.310073,59.853467],[105.25794,59.860291],[105.268315,59.872921],[105.179557,59.865826],[105.145734,59.883033],[105.104916,59.867689],[105.070091,59.876918],[105.051769,59.871403],[105.060717,59.855065],[105.02328,59.843555],[104.97972,59.854009],[104.978901,59.842011],[105.018908,59.834884],[105.006752,59.826926],[105.023023,59.812788],[105.014411,59.805246],[105.029727,59.793898],[105.025709,59.779466],[104.990019,59.763491],[104.953264,59.77554],[104.935379,59.765316],[104.918291,59.77095],[104.861704,59.755578],[104.862224,59.743759],[104.834162,59.730778],[104.794583,59.701142],[104.769354,59.695339],[104.762143,59.684813],[104.778188,59.674387],[104.807681,59.671523],[104.80803,59.663298],[104.78094,59.640744],[104.816573,59.625118],[104.842341,59.606501],[104.87328,59.607069],[104.88176,59.595197],[104.855917,59.583707],[104.849694,59.560951],[104.857115,59.549555],[104.908795,59.519307],[104.9261,59.517061],[104.94601,59.493133],[104.966461,59.482864],[104.967757,59.470628],[104.993789,59.460772],[105.071873,59.467761],[105.10969,59.467616],[105.148868,59.485218],[105.194948,59.476901],[105.198106,59.458067],[105.235691,59.443036],[105.242476,59.429599],[105.217376,59.424238],[105.197901,59.403063],[105.205738,59.389033],[105.229248,59.387152],[105.219528,59.342678],[105.177321,59.317438],[105.185544,59.291112],[105.211775,59.289349],[105.214896,59.26885],[105.246886,59.263745],[105.271766,59.270229],[105.304037,59.245387],[105.294901,59.234835],[105.311275,59.225292],[105.321492,59.202635],[105.33618,59.200578],[105.319947,59.17371],[105.293526,59.155833],[105.320945,59.144363],[105.341176,59.144133],[105.368066,59.118101],[105.301725,59.075561],[105.246366,59.063144],[105.225394,59.066272],[105.175629,59.057082],[105.135744,59.061288],[105.099561,59.032748],[105.112795,59.027094],[105.054788,58.996004],[105.017485,58.98746],[104.969497,58.966859],[104.920861,58.9587],[104.915176,58.93244],[104.893806,58.931533],[104.882694,58.921484],[104.89112,58.908601],[104.836726,58.901237],[104.767418,58.844875],[104.767295,58.829013],[104.754618,58.807188],[104.786016,58.802848],[104.780006,58.793689],[104.816148,58.776518],[104.817329,58.76951],[104.857511,58.760175],[104.894032,58.744527],[104.875431,58.736609],[104.877179,58.726927],[104.817273,58.692817],[104.804707,58.674798],[104.746754,58.676301],[104.709414,58.66749],[104.684687,58.652818],[104.653198,58.644182],[104.635804,58.651085],[104.618101,58.643905],[104.62047,58.625139],[104.590876,58.623504],[104.552973,58.639477],[104.525186,58.638368],[104.500545,58.624432],[104.493782,58.612579],[104.467538,58.608789],[104.431421,58.617487],[104.407994,58.629144],[104.409082,58.645664],[104.377632,58.664646],[104.34669,58.672869],[104.386335,58.707996],[104.382345,58.726987],[104.351727,58.727193],[104.33663,58.734186],[104.299829,58.729001],[104.292227,58.720821],[104.257158,58.715693],[104.232845,58.72559],[104.212756,58.755292],[104.199008,58.761505],[104.211024,58.786293],[104.191929,58.785699],[104.180736,58.765371],[104.149258,58.766533],[104.129952,58.774841],[104.07048,58.787199],[104.030155,58.784704],[104.01755,58.761023],[104.0022,58.757994],[103.991519,58.73978],[103.949987,58.722397],[103.930402,58.731564],[103.887545,58.739103],[103.886533,58.749313],[103.916827,58.760324],[103.942868,58.761312],[103.965114,58.770761],[103.9504,58.788346],[103.949644,58.809609],[103.958693,58.828634],[103.94918,58.832537],[103.977297,58.846605],[103.985972,58.875309],[103.95495,58.873042],[103.940493,58.891875],[103.946214,58.903804],[103.899953,58.921479],[103.861841,58.920615],[103.839003,58.913105],[103.781722,58.908954],[103.749557,58.918747],[103.724801,58.917198],[103.704766,58.933812],[103.665201,58.931628],[103.630515,58.922413],[103.593081,58.944529],[103.607961,58.963285],[103.588289,58.968954],[103.582219,58.985107],[103.56322,58.988047],[103.564626,58.998519],[103.529448,58.999907],[103.483839,59.015831],[103.459375,59.009007],[103.432781,59.026453],[103.392745,59.029943],[103.386206,59.051429],[103.358925,59.062435],[103.353436,59.085537],[103.316974,59.111092],[103.324786,59.121472],[103.284595,59.153328],[103.244019,59.16865],[103.234371,59.1807],[103.252646,59.192354],[103.230686,59.207208],[103.217734,59.237867],[103.285089,59.242813],[103.30022,59.23707],[103.329025,59.24083],[103.359801,59.235042],[103.352725,59.266382],[103.320186,59.274344],[103.303907,59.267894],[103.272023,59.285596],[103.232277,59.290707],[103.212599,59.278377],[103.217944,59.260507],[103.136945,59.258482],[103.05614,59.285761],[103.062651,59.29584],[103.04648,59.310453],[103.018591,59.31841],[102.989457,59.310337],[102.983235,59.295683],[102.939373,59.29874],[102.922113,59.278857],[102.897103,59.275841],[102.882485,59.255104],[102.84969,59.243395],[102.8668,59.218304],[102.831598,59.205006],[102.825359,59.19379],[102.787413,59.202063],[102.648689,59.197666],[102.630931,59.211547],[102.590279,59.202955],[102.567676,59.209606],[102.550634,59.188665],[102.497896,59.186055],[102.483397,59.16528],[102.458288,59.150553],[102.426481,59.144976],[102.437541,59.13642],[102.419657,59.127618],[102.438707,59.115759],[102.402553,59.083479],[102.426267,59.060678],[102.460247,59.051927],[102.440065,59.039385],[102.439856,59.021138],[102.472862,59.022575],[102.491842,59.010768],[102.479614,58.994882],[102.438545,58.993114],[102.455978,58.980757],[102.445717,58.970297],[102.449866,58.939753],[102.484602,58.936686],[102.481107,58.926595],[102.510531,58.908539],[102.56121,58.904955],[102.535998,58.883203],[102.558039,58.864971],[102.542404,58.847957],[102.565563,58.839695],[102.547094,58.827091],[102.581494,58.790032],[102.548648,58.762945],[102.565799,58.740148],[102.545936,58.734049],[102.51853,58.707781],[102.500195,58.710782],[102.455193,58.695531],[102.451638,58.680927],[102.43506,58.670759],[102.388363,58.675779],[102.393447,58.66424],[102.361201,58.660025],[102.338043,58.647934],[102.277669,58.590393],[102.298686,58.585039],[102.276334,58.572473],[102.27234,58.55896],[102.250317,58.563146],[102.254439,58.5524],[102.221994,58.538475],[102.206713,58.525541],[102.146518,58.51205],[102.137653,58.503112],[102.111543,58.499409],[102.103653,58.489791],[102.078054,58.491776],[102.06236,58.484958],[102.029999,58.491434],[102.006388,58.476891],[101.95293,58.479271],[101.922738,58.465577],[101.805524,58.455298],[101.760063,58.439583],[101.730349,58.420367],[101.699847,58.411146],[101.683149,58.397113],[101.683491,58.38076],[101.669009,58.368819],[101.68143,58.36107],[101.643061,58.33952],[101.640047,58.325694],[101.605191,58.308043],[101.585095,58.28955],[101.556074,58.275274],[101.552672,58.254658],[101.498147,58.229704],[101.436368,58.237435],[101.363814,58.232678],[101.31162,58.209801],[101.288757,58.190482],[101.273018,58.194269],[101.256267,58.17329],[101.260576,58.166736],[101.200103,58.129044],[101.149409,58.123016],[101.150903,58.108668],[101.106576,58.101445],[101.123244,58.060815],[101.166866,58.044212],[101.153013,58.009561],[101.137838,57.997745],[101.130978,57.978067],[101.13863,57.968196],[101.104061,57.962422],[101.084098,57.942279],[101.039497,57.930733],[101.045166,57.920345],[101.022095,57.911897],[101.039069,57.902746],[101.02328,57.88148],[100.973949,57.864191],[100.942755,57.869296],[100.921903,57.862338],[100.896562,57.875421],[100.868133,57.878432],[100.81856,57.875391],[100.852007,57.855177],[100.857583,57.835427],[100.849936,57.823824],[100.870399,57.819516],[100.852898,57.809476],[100.867261,57.785651],[100.908093,57.774067],[100.892875,57.756723],[100.891027,57.741212],[100.873023,57.736424],[100.856363,57.701524],[100.839447,57.694989],[100.855252,57.677555],[100.820849,57.675465],[100.813734,57.665043],[100.845827,57.646274],[100.813714,57.638003],[100.843303,57.61618],[100.847663,57.606073],[100.898465,57.590878],[100.948439,57.569257],[100.947622,57.547755],[100.959822,57.546437],[100.945524,57.531206],[100.961421,57.524779],[100.942974,57.518587],[100.956205,57.505783],[100.940483,57.500796],[100.9657,57.493451],[100.97034,57.483276],[100.940785,57.469054],[100.938226,57.451977],[100.912935,57.444816],[100.88165,57.447367],[100.888553,57.455109],[100.856577,57.463785],[100.843258,57.453342],[100.807931,57.441255],[100.807796,57.431807],[100.785697,57.407934],[100.763049,57.399517],[100.71931,57.412899],[100.718125,57.420523],[100.688484,57.444219],[100.681985,57.456311],[100.649441,57.468151],[100.622697,57.469449],[100.591108,57.483639],[100.577303,57.480782],[100.545317,57.491458],[100.515623,57.493958],[100.490238,57.518328],[100.472043,57.516283],[100.454775,57.529141],[100.431446,57.534281],[100.403319,57.552781],[100.408114,57.57103],[100.426355,57.576471],[100.413886,57.597231],[100.387441,57.606141],[100.381322,57.625758],[100.353229,57.635808],[100.359618,57.649644],[100.382227,57.655401],[100.378372,57.67076],[100.330276,57.675691],[100.322777,57.684373],[100.349046,57.705432],[100.350244,57.714596],[100.375006,57.728841],[100.37883,57.741991],[100.334834,57.747222],[100.323147,57.759103],[100.286118,57.767915],[100.290919,57.794192],[100.316027,57.80529],[100.270222,57.810403],[100.2191,57.836656],[100.19112,57.832735],[100.137241,57.859669],[100.147703,57.870586],[100.127362,57.901624],[100.129432,57.919499],[100.106256,57.926413],[100.103555,57.940258],[100.080626,57.945216],[100.074821,57.960291],[100.090482,57.9679],[100.063989,57.977071],[100.081665,57.990456],[100.064688,58.000636],[100.089296,58.013702],[100.080133,58.022005],[100.099231,58.034453],[100.091916,58.050721],[100.075183,58.052204],[100.090969,58.068641],[100.044293,58.076586],[100.021414,58.072751],[100.003762,58.082883],[99.988983,58.076662],[99.942573,58.082863],[99.908967,58.072933],[99.87976,58.077524],[99.826649,58.068316],[99.812033,58.057505],[99.757661,58.084158],[99.681723,58.082698],[99.641134,58.064024],[99.632899,58.053343],[99.648951,58.026031],[99.637198,58.017257],[99.63747,57.992361],[99.608068,57.993752],[99.588723,57.960334],[99.570528,57.954951],[99.561197,57.937168],[99.509926,57.937443],[99.511289,57.923357],[99.533668,57.911382],[99.483612,57.899699],[99.498903,57.883776],[99.479816,57.866085],[99.477749,57.836266],[99.441665,57.82796],[99.458462,57.808769],[99.433516,57.78925],[99.394282,57.782604],[99.346934,57.798072],[99.298169,57.781619],[99.255329,57.779277],[99.238358,57.769328],[99.204509,57.76101],[99.146732,57.768042],[99.135858,57.773995],[99.086604,57.778079],[99.039856,57.745543],[99.004298,57.742816],[98.978912,57.71777],[98.965691,57.726323],[98.926157,57.725117],[98.913085,57.711384],[98.885981,57.71677],[98.884167,57.72871],[98.848295,57.72796],[98.844412,57.752969],[98.809075,57.75191],[98.790008,57.762694],[98.794011,57.78201],[98.747524,57.797018],[98.729742,57.79401],[98.695171,57.776939],[98.644834,57.772471],[98.606649,57.776458],[98.591332,57.783599],[98.503782,57.792259],[98.451181,57.794896],[98.434624,57.800587],[98.39162,57.796704],[98.32675,57.808378],[98.246612,57.807987],[98.212939,57.815685],[98.142523,57.817784],[98.107961,57.828657],[98.049663,57.821935],[98.042383,57.827704],[97.990255,57.831815],[97.9532,57.828574],[97.828832,57.667319],[97.715826,57.521905],[97.572395,57.334005],[97.511138,57.248205],[97.34397,57.032281],[97.377274,57.035926],[97.383541,57.024655],[97.471899,56.997196],[97.485493,57.005682],[97.506464,57.00421],[97.501003,56.988336],[97.530581,56.969848],[97.584583,56.989131],[97.598219,56.988393],[97.589992,56.969878],[97.621356,56.963274],[97.654746,56.975583],[97.67146,56.9738],[97.676532,56.95965],[97.653767,56.93938],[97.63156,56.907463],[97.595403,56.892561],[97.579817,56.905519],[97.523555,56.899874],[97.47862,56.883111],[97.485069,56.873977],[97.469086,56.840144],[97.472194,56.822412],[97.495791,56.817765],[97.528941,56.790406],[97.562729,56.784737],[97.606165,56.793016],[97.619008,56.800112],[97.669615,56.805594],[97.785914,56.797093],[97.802869,56.774852],[97.764327,56.738818],[97.748529,56.732598],[97.76868,56.721448],[97.758067,56.702384],[97.767308,56.687381],[97.762106,56.674789],[97.775369,56.651324],[97.737344,56.646309],[97.736512,56.629244],[97.766105,56.621161],[97.779681,56.591282],[97.758451,56.575144],[97.741605,56.547458],[97.796848,56.535762],[97.879933,56.534101],[97.879988,56.375359],[97.557019,56.376301],[97.556301,56.280184],[97.570024,56.270358],[97.574179,56.187314],[97.527279,56.187359],[97.471782,56.194531],[97.456248,56.177814],[97.42783,56.176981],[97.409098,56.163546],[97.440408,56.142725],[97.437077,56.104107],[97.41236,56.097372],[97.359519,56.03207],[97.311312,56.039563],[97.301181,56.074375],[97.258207,56.086972],[97.131942,56.112529],[97.108216,56.084349],[97.08366,56.035048],[97.063652,56.004181],[96.990726,56.003892],[96.992523,55.893471],[96.990024,55.851758],[96.966233,55.85],[96.91657,55.861772],[96.889621,55.830459],[96.869905,55.829822],[96.844137,55.839301],[96.833579,55.827139],[96.833726,55.806123],[96.817401,55.805478],[96.786108,55.78958],[96.771603,55.76643],[96.775054,55.746576],[96.754383,55.733953],[96.780495,55.713858],[96.820508,55.708273],[96.82558,55.688982],[96.751024,55.662538],[96.743994,55.656761],[96.770664,55.644526],[96.784491,55.630508],[96.831486,55.61488],[96.854371,55.599766],[96.862385,55.577909],[96.810292,55.569201],[96.81105,55.546148],[96.839419,55.531729],[96.82844,55.51792],[96.836734,55.4928],[96.854558,55.482769],[96.854324,55.469745],[96.837476,55.465881],[96.847501,55.431695],[96.890849,55.397195],[96.885755,55.386941],[96.899538,55.361376],[96.925033,55.344868],[96.920596,55.333972],[96.943629,55.321854],[96.927883,55.301909],[96.909051,55.30135],[96.875425,55.29096],[96.83737,55.295286],[96.821281,55.284655],[96.781277,55.288453],[96.773878,55.271731],[96.744529,55.273273],[96.719938,55.268059],[96.731407,55.253171],[96.708441,55.247094],[96.678578,55.25414],[96.657122,55.234882],[96.684606,55.225656],[96.689476,55.179313],[96.667786,55.153987],[96.677974,55.118032],[96.651298,55.104142],[96.685306,55.082735],[96.658423,55.058557],[96.641432,55.060369],[96.61892,55.041736],[96.593417,55.030175],[96.614441,55.012573],[96.608013,55.005847],[96.647731,54.965086],[96.67899,54.957066],[96.691689,54.946426],[96.703631,54.912702],[96.716457,54.899447],[96.700208,54.891291],[96.710014,54.869358],[96.691239,54.835289],[96.668025,54.832348],[96.670805,54.803742],[96.661748,54.791259],[96.626487,54.771368],[96.629927,54.760019],[96.610419,54.73163],[96.587163,54.720109],[96.566126,54.690612],[96.583105,54.676086],[96.575293,54.645557],[96.580866,54.626644],[96.561772,54.596555],[96.530267,54.582593],[96.541091,54.570991],[96.538823,54.529775],[96.486433,54.515854],[96.458816,54.520378],[96.433191,54.530879],[96.409172,54.533728],[96.394652,54.542958],[96.374589,54.541924],[96.338091,54.55553],[96.290252,54.557529],[96.274977,54.548123],[96.243881,54.549939],[96.210108,54.5365],[96.178883,54.535775],[96.175712,54.541343],[96.126982,54.545837],[96.114081,54.557474],[96.088654,54.563586],[96.08131,54.575294],[96.064756,54.574173],[96.025287,54.554361],[96.036602,54.532191],[96.019719,54.521692],[95.99966,54.526478],[96.019513,54.511783],[95.979573,54.508195],[95.977474,54.475729],[95.95264,54.466362],[95.978091,54.446602],[95.955548,54.446452],[95.939504,54.423506],[95.904026,54.389473],[95.871519,54.393452],[95.846173,54.422233],[95.817549,54.424396],[95.752729,54.422432],[95.743264,54.411887],[95.711193,54.413813],[95.708534,54.404997],[95.681798,54.391417],[95.694924,54.372684],[95.687617,54.355889],[95.662508,54.337769],[95.655021,54.317159],[95.664051,54.306168],[95.647701,54.299588],[95.667915,54.278497],[95.66262,54.254737],[95.684428,54.237435],[95.704315,54.237624],[95.74029,54.226946],[95.745018,54.215891],[95.788824,54.218971],[95.802983,54.227496],[95.826432,54.211641],[95.847958,54.20614],[95.857406,54.188603],[95.847152,54.18209],[95.86043,54.170125],[95.877712,54.174857],[95.906078,54.147992],[95.912101,54.116089],[95.938262,54.111405],[95.936125,54.103321],[95.981227,54.08989],[95.997764,54.080847],[96.073598,54.08123],[96.098333,54.061608],[96.09246,54.045825],[96.057841,54.028031],[96.082975,54.015322],[96.061071,53.995375],[96.07278,53.985312],[96.117032,53.983111],[96.127536,53.959514],[96.144403,53.959143],[96.14831,53.94181],[96.187094,53.907754],[96.242285,53.877276],[96.277803,53.865063],[96.303382,53.845955],[96.340136,53.83732],[96.3665,53.809771],[96.385146,53.799177],[96.39889,53.758916],[96.432967,53.751444],[96.456532,53.751708],[96.456938,53.741666],[96.483,53.730263],[96.490946,53.704619],[96.483179,53.693692],[96.517754,53.681468],[96.524859,53.673051],[96.55448,53.676931],[96.591528,53.659603],[96.599065,53.673195],[96.616067,53.677162],[96.647152,53.656784],[96.647236,53.642692],[96.689007,53.645835],[96.687892,53.632349],[96.705965,53.623475],[96.674148,53.604158],[96.686377,53.590738],[96.659105,53.573477],[96.658672,53.56417],[96.62772,53.556919],[96.621443,53.56655],[96.589409,53.552427],[96.559323,53.551778],[96.556185,53.545068],[96.52361,53.5468],[96.482269,53.541713],[96.483567,53.530999],[96.46084,53.516822],[96.439737,53.513467],[96.440278,53.535761],[96.423395,53.539441],[96.384543,53.557946],[96.387249,53.566712],[96.35121,53.571366],[96.374695,53.593768],[96.333353,53.59788],[96.310085,53.587816],[96.272532,53.590846],[96.277077,53.608161],[96.240931,53.618767],[96.225455,53.597772],[96.222208,53.568877],[96.240715,53.557946],[96.232057,53.517146],[96.193097,53.509679],[96.187253,53.51509],[96.135739,53.511844],[96.103488,53.504484],[96.112795,53.485816],[96.110523,53.451726],[96.075567,53.451077],[96.033252,53.457029],[95.993534,53.48008],[95.976218,53.479323],[95.967127,53.491281],[95.93163,53.488467],[95.885743,53.501454],[95.860419,53.493229],[95.807498,53.491281],[95.757066,53.505025],[95.732224,53.52522],[95.708041,53.506702],[95.685206,53.506377],[95.656852,53.486356],[95.66064,53.47521],[95.65209,53.455621],[95.594624,53.447342],[95.577308,53.438143],[95.539214,53.431866],[95.531313,53.438468],[95.490838,53.415687],[95.495275,53.395017],[95.47309,53.400698],[95.423848,53.395071],[95.428394,53.375374],[95.405126,53.365634],[95.375472,53.381435],[95.336404,53.376456],[95.30253,53.391283],[95.284132,53.410059],[95.309673,53.421747],[95.304586,53.444907],[95.267249,53.448045],[95.248418,53.459841],[95.212813,53.468174],[95.152966,53.434192],[95.146148,53.4185],[95.112707,53.397992],[95.094634,53.401563],[95.061517,53.394529],[95.035869,53.366121],[94.995177,53.376835],[94.991064,53.400319],[94.954593,53.404864],[94.942147,53.388631],[94.925697,53.400427],[94.884681,53.393176],[94.812821,53.392797],[94.782735,53.381866],[94.771588,53.387223],[94.744424,53.377808],[94.72029,53.376293],[94.698538,53.358923],[94.677218,53.357516],[94.657413,53.338577],[94.618345,53.33111],[94.600813,53.305732],[94.606332,53.291501],[94.631764,53.286198],[94.677002,53.28728],[94.68685,53.257573],[94.716503,53.240799],[94.698322,53.21515],[94.65341,53.214285],[94.662609,53.200919],[94.657089,53.187175],[94.62538,53.183712],[94.602437,53.167803],[94.616614,53.159578],[94.607848,53.135228],[94.620943,53.126354],[94.590208,53.119969],[94.585879,53.090911],[94.575706,53.07457],[94.600489,53.046595],[94.581226,53.04021],[94.570187,53.02073],[94.583282,52.996542],[94.555577,52.977278],[94.542374,52.975222],[94.525383,52.958123],[94.51283,52.935072],[94.525925,52.910019],[94.51402,52.909477],[94.493231,52.891667],[94.449952,52.893027],[94.399196,52.914888],[94.378525,52.911966],[94.354283,52.895679],[94.331448,52.893298],[94.296925,52.898276],[94.279934,52.886263],[94.261753,52.883774],[94.244221,52.864402],[94.209265,52.859532],[94.191083,52.845788],[94.157642,52.830745],[94.141842,52.831178],[94.159374,52.813159],[94.131886,52.782208],[94.140002,52.77539],[94.13957,52.754449],[94.093575,52.73854],[94.09087,52.714461],[94.102883,52.68589],[94.093142,52.676258],[94.058078,52.660891],[94.030265,52.659159],[93.999205,52.649311],[93.97702,52.628153],[93.941523,52.613327],[93.965223,52.601747],[93.943363,52.566196],[93.919445,52.558404],[93.912627,52.543253],[93.88752,52.525992],[93.859707,52.519877],[93.860248,52.512193],[93.829404,52.495689],[93.832435,52.478482],[93.807977,52.450886],[93.767515,52.451383],[93.765878,52.434219],[93.754082,52.427726],[93.765445,52.381136],[93.752567,52.362035],[93.725403,52.344395],[93.716096,52.326538],[93.687092,52.316365],[93.678543,52.263932],[93.66653,52.257547],[93.656899,52.237039],[93.676812,52.212364],[93.642072,52.192992],[93.622917,52.196239],[93.59348,52.189637],[93.576273,52.166857],[93.546404,52.176488],[93.498893,52.169832],[93.472163,52.171023],[93.431796,52.149487],[93.420216,52.135418],[93.394784,52.127193],[93.363725,52.124487],[93.337751,52.128059],[93.309181,52.104683],[93.266325,52.084229],[93.24717,52.063234],[93.237214,52.037694],[93.204206,52.032283],[93.188514,52.035421],[93.146524,52.015617],[93.119036,51.966484],[93.091872,51.956311],[93.075964,51.935858],[93.01168,51.914159],[92.957677,51.915782],[92.947937,51.904636],[92.91006,51.884723],[92.898372,51.868922],[92.890612,51.84355],[92.873698,51.836023],[92.843287,51.835049],[92.81753,51.848685],[92.79502,51.846629],[92.769047,51.855503],[92.763095,51.848577],[92.719373,51.846196],[92.693833,51.850903],[92.662665,51.833047],[92.6447,51.81216],[92.625653,51.808156],[92.593295,51.813458],[92.568837,51.807939],[92.5565,51.798199],[92.529552,51.791057],[92.512129,51.799065],[92.480961,51.790732],[92.461589,51.802961],[92.438321,51.7969],[92.395465,51.805882],[92.364189,51.818328],[92.307481,51.814648],[92.284321,51.809129],[92.25521,51.822656],[92.230102,51.809778],[92.1919,51.798415],[92.130538,51.789757],[92.07567,51.773091],[92.026645,51.794302],[91.995586,51.794843],[91.95695,51.811942],[91.940068,51.80902],[91.914744,51.826876],[91.918315,51.835155],[91.897103,51.859396],[91.87784,51.867513],[91.839313,51.85918],[91.81942,51.869267],[91.804399,51.886579],[91.781656,51.876141],[91.739224,51.865703],[91.729635,51.872492],[91.635097,51.87945],[91.59275,51.891585],[91.585282,51.901514],[91.547942,51.908897],[91.509499,51.906988],[91.485652,51.894428],[91.428539,51.898671],[91.371087,51.897652],[91.355302,51.891457],[91.292334,51.896167],[91.266281,51.894045],[91.259746,51.876564],[91.232675,51.89447],[91.179211,51.902404],[91.164869,51.899264],[91.154855,51.914794],[91.128547,51.924214],[91.105294,51.939871],[91.072364,51.95189],[91.059129,51.944793],[91.017631,51.944793],[90.995736,51.935373],[90.959499,51.936094],[90.930221,51.925359],[90.913079,51.92748],[90.849343,51.900384],[90.83509,51.921582],[90.818201,51.968044],[90.76007,52.013615],[90.76584,52.047985],[90.751753,52.070303],[90.714413,52.090288],[90.666295,52.096992],[90.633029,52.093725],[90.59153,52.120923],[90.558348,52.12907],[90.531362,52.145915],[90.51651,52.174938],[90.486733,52.195871],[90.496156,52.209786],[90.512743,52.211769],[90.509606,52.227962],[90.531812,52.233167],[90.558904,52.261357],[90.568068,52.298085],[90.591224,52.303822],[90.589912,52.311008],[90.638078,52.327075],[90.654951,52.345888],[90.66857,52.350257],[90.688385,52.369668],[90.684521,52.377253],[90.706567,52.408439],[90.705793,52.430385],[90.693913,52.43867],[90.720166,52.470235],[90.73812,52.477165],[90.758913,52.498283],[90.803863,52.526558],[90.822664,52.552573],[90.831763,52.555171],[90.885794,52.589605],[90.894977,52.600995],[90.956857,52.599768],[91.011261,52.615372],[91.073766,52.623062],[91.118591,52.633616],[91.185164,52.625229],[91.190706,52.632722],[91.228259,52.615591],[91.233304,52.638615],[91.257868,52.636738],[91.256921,52.664536],[91.263077,52.673303],[91.258797,52.697665],[91.270632,52.715598],[91.287223,52.716196],[91.321925,52.733034],[91.314188,52.776589],[91.332282,52.787034],[91.34264,52.805121],[91.387412,52.83389],[91.419238,52.841608],[91.427931,52.854537],[91.42009,52.878011],[91.430373,52.885749],[91.458933,52.886229],[91.475536,52.894465],[91.465897,52.923675],[91.475508,52.943589],[91.493693,52.957787],[91.505196,52.993749],[91.496401,53.004598],[91.459194,53.022867],[91.444315,53.038623],[91.433847,53.073997],[91.419335,53.089087],[91.439671,53.111194],[91.449972,53.135703],[91.489048,53.159076],[91.527398,53.157364],[91.575916,53.139195],[91.629837,53.145196],[91.676469,53.166895],[91.738462,53.177746],[91.774662,53.228352],[91.807835,53.243766],[91.840148,53.292922],[91.864175,53.313412],[91.907072,53.334663],[91.923697,53.349601],[91.919645,53.367065],[91.905242,53.377863],[91.918126,53.390967],[91.906587,53.400345],[91.903467,53.426054],[91.879319,53.42512],[91.864219,53.436738],[91.863571,53.456917],[91.842762,53.457089],[91.761159,53.492379],[91.657052,53.519714],[91.625096,53.533874],[91.631648,53.564612],[91.623919,53.576365],[91.59253,53.584128],[91.567396,53.596858],[91.557796,53.630012],[91.538996,53.641577],[91.571485,53.659669],[91.577792,53.687712],[91.567944,53.708647],[91.524552,53.720482],[91.505855,53.735917],[91.487686,53.737015],[91.461967,53.770166],[91.44478,53.803129],[91.427376,53.861709],[91.480156,53.945136],[91.521131,53.964043],[91.564056,54.019147],[91.580759,54.063137],[91.573678,54.091245],[91.52951,54.124141],[91.458375,54.215508],[91.434076,54.259431],[91.416507,54.279602],[91.358511,54.318032],[91.310988,54.33155],[91.311651,54.351286],[91.276786,54.380733],[91.250915,54.414755],[91.249282,54.438577],[91.268225,54.461612],[91.260237,54.506586],[91.217608,54.52807],[91.170756,54.54556],[91.09651,54.586661],[91.030075,54.605106],[91.010093,54.616662],[90.942466,54.637361],[90.918748,54.653634],[90.914141,54.722113],[90.944518,54.779888],[90.940488,54.836551],[90.945677,54.848132],[90.780531,54.871266],[90.779157,54.912112],[90.741339,54.915973],[90.678864,54.915962],[90.637298,54.904927],[90.507234,54.904443],[90.52982,54.989815],[90.526867,55.023657],[90.499215,55.060849],[90.463409,55.072154],[90.439813,55.060747],[90.397906,55.073421],[90.367261,55.076371],[90.36589,55.066338],[90.295343,55.066437],[90.271273,55.076059],[90.24387,55.078872],[90.249609,55.112082],[90.216071,55.131556],[90.216932,55.153584],[90.126284,55.153501],[90.132867,55.131174],[90.120482,55.109682],[90.091258,55.110759],[90.076843,55.119825],[90.04576,55.116027],[90.036775,55.123109],[90.015134,55.118353],[89.995627,55.124243],[89.92036,55.108077],[89.90575,55.097058],[89.891708,55.102379],[89.882704,55.082825],[89.83429,55.085191],[89.724446,55.068499],[89.730913,55.04482],[89.683324,55.006839],[89.664379,55.000658],[89.607299,55.028163],[89.627189,55.047129],[89.624329,55.059897],[89.63597,55.070827],[89.661038,55.073468],[89.646806,55.079748],[89.627795,55.0698],[89.597068,55.067954],[89.580251,55.087853],[89.562187,55.088492],[89.540107,55.068627],[89.43036,55.062463],[89.438259,55.044098],[89.437054,55.02391],[89.453832,55.012713],[89.423039,55.011289],[89.38204,55.022877],[89.371978,55.04258],[89.329931,55.040314],[89.278195,55.042068],[89.270908,55.059318],[89.27278,55.094979],[89.24112,55.111902],[89.170443,55.124705],[89.124025,55.120452],[89.064119,55.120055],[89.061335,55.128288],[89.092232,55.166117],[89.115942,55.180122],[89.086482,55.189799],[89.009895,55.233704],[89.011422,55.323647],[88.99724,55.320614],[88.970614,55.330049],[88.968233,55.343534],[88.900361,55.340356],[88.869843,55.367371],[88.874789,55.391738],[88.84465,55.391199],[88.796978,55.398554],[88.792774,55.408678],[88.750821,55.392331],[88.742338,55.431879],[88.70922,55.429377],[88.668924,55.437878],[88.657559,55.431521],[88.621307,55.434932],[88.601258,55.427377],[88.617088,55.451539],[88.611406,55.455835],[88.632473,55.472022],[88.650615,55.470411],[88.660294,55.481575],[88.653079,55.499269],[88.675315,55.517335],[88.711924,55.537635],[88.734618,55.543557],[88.729674,55.550345],[88.757496,55.558152],[88.766489,55.571577],[88.820579,55.590937],[88.825879,55.605601],[88.862214,55.616706],[88.872089,55.627732],[88.89184,55.629866],[88.913599,55.660203],[88.94769,55.658478],[88.96722,55.670472],[89.023577,55.672052],[89.050681,55.693479],[89.084478,55.693683],[89.105201,55.699334],[89.140517,55.694502],[89.165656,55.726749],[89.236279,55.734648],[89.265302,55.746363],[89.274805,55.759326],[89.294845,55.757835],[89.349576,55.770889],[89.33202,55.774602],[89.332535,55.811453],[89.36326,55.829846],[89.399962,55.841301],[89.387679,55.85338],[89.402644,55.866562],[89.361557,55.881071],[89.320941,55.887192],[89.305735,55.896666],[89.275644,55.892811],[89.285061,55.914307],[89.262857,55.93301],[89.280624,55.942477],[89.262011,55.965129],[89.256115,55.983206],[89.241638,55.992782],[89.248512,56.00569],[89.235652,56.013021],[89.258663,56.033986],[89.260058,56.048763],[89.280863,56.053909],[89.255537,56.076846],[89.247083,56.070401],[89.194023,56.081165],[89.192927,56.134806],[89.201353,56.138817],[89.151761,56.139216],[89.136266,56.14971],[89.104815,56.151022],[89.099127,56.1639],[89.126689,56.184532],[89.097007,56.201208],[89.036652,56.201266],[89.039898,56.300484],[88.900879,56.301983],[88.892981,56.31524],[88.912883,56.32183],[88.920763,56.333893],[88.894965,56.348794],[88.866519,56.358142],[88.860922,56.372908],[88.695147,56.36643],[88.696483,56.418182],[88.593416,56.430664],[88.582962,56.460457],[88.609168,56.46327],[88.605597,56.531251],[88.546388,56.529922],[88.52623,56.552816],[88.500878,56.62189],[88.663149,56.619767],[88.674013,56.680068],[88.718487,56.682136],[88.736076,56.714701],[88.624413,56.719298],[88.648161,56.819786],[88.597557,56.802198],[88.697349,57.047894],[88.714554,57.092294],[88.694879,57.08222],[88.649939,57.079165],[88.516982,57.090443],[88.520819,57.098836],[88.506549,57.125246],[88.549875,57.121331],[88.556312,57.140655],[88.570971,57.140888],[88.622505,57.209349],[88.734155,57.208035],[88.789771,57.311617],[88.86505,57.44362],[88.869036,57.476367],[88.892182,57.459946],[88.90098,57.4361],[88.944947,57.438103],[88.974953,57.484618],[88.970841,57.498411],[89.023645,57.503043],[89.042849,57.50095],[89.024766,57.486414],[89.030142,57.46398],[89.063639,57.457552],[89.065828,57.481676],[89.090307,57.50261],[89.08392,57.489343],[89.137288,57.482803],[89.160477,57.492393],[89.098764,57.517209],[89.130337,57.615341],[89.2115,57.594065],[89.355248,57.615657],[89.369804,57.64867],[89.369805,57.679281],[89.3549,57.691536],[89.353726,57.7863],[89.362799,57.801674],[89.342479,57.825677],[89.370576,57.846373],[89.359155,57.85666],[89.372526,57.866694],[89.350168,57.906931],[89.353245,57.912996],[89.301527,57.932874],[89.29641,57.948954],[89.046761,57.953132],[88.858954,57.955186],[88.687253,58.036199],[88.499757,58.06183],[88.316451,58.084336],[88.106659,58.112772],[88.069853,58.220064],[88.016988,58.214258],[87.924013,58.511345],[88.214673,58.754299],[88.259621,58.795813],[88.336587,58.854956],[88.382657,58.893119],[88.43196,58.906989],[88.439381,58.914215],[88.484038,58.925682],[88.758918,59.000665],[88.82866,59.022604],[88.575826,59.212216],[88.626467,59.295126],[88.499308,59.286529],[87.902226,59.256238],[87.819717,59.339384],[87.737545,59.424316],[87.610136,59.563763],[87.514225,59.66441],[87.289785,59.675226],[87.174086,59.682528],[87.141509,59.742885],[87.100398,59.826583],[87.078047,59.879074],[86.636499,59.948654],[86.498852,59.948596],[86.187707,59.949625],[86.018937,59.948568],[85.998473,59.947149],[85.810271,59.922616],[85.499551,59.883032],[85.02993,59.890304],[84.875863,59.890405],[84.70755,59.89207],[84.681663,59.89955],[84.581069,59.962095],[84.575203,59.983973],[84.596798,60.016354],[84.633451,60.029796],[84.623418,60.142768],[84.616018,60.168548],[84.644489,60.183854],[84.695195,60.232382],[84.738281,60.251798],[84.744393,60.271115],[84.724749,60.291218],[84.720161,60.309016],[84.746543,60.312453],[84.752084,60.328742],[84.774695,60.327504],[84.791487,60.352366],[84.747627,60.40053],[84.659268,60.488676],[84.551635,60.600516],[84.483434,60.6648],[84.351305,60.796932],[84.293921,60.808916],[84.287673,60.827181],[84.268217,60.836548],[84.26311,60.862518],[84.641651,60.997945],[84.65392,61.003498],[84.735082,61.014263],[85.000187,61.091738],[85.251538,61.161459],[85.2797,61.17077],[85.619246,61.262323],[85.696583,61.283815],[85.700535,61.316369],[85.640731,61.36709],[85.798192,61.454098],[85.965282,61.459195],[85.976673,61.48261],[85.961137,61.54512],[85.842513,61.593921],[85.712839,61.572615],[85.492853,61.617215],[85.406556,61.687147],[85.340882,61.686691],[85.277798,61.673722],[85.229997,61.698402],[85.174212,61.708649],[85.096852,61.751986],[84.992454,61.769161],[84.91898,61.789921],[84.889225,61.780066],[84.840892,61.773046],[84.735405,61.792696],[84.677915,61.80813],[84.63959,61.831949],[84.630174,61.860226],[84.61101,61.875949],[84.554217,61.898145],[84.519392,61.927839],[84.514918,61.969531],[84.523857,61.990612],[84.490848,62.031781],[84.49506,62.065138],[84.491986,62.098471],[84.448072,62.165132],[84.440859,62.195657],[84.491794,62.215966],[84.573038,62.300468],[84.698142,62.390519],[84.722828,62.403652],[84.785774,62.416548],[84.848321,62.441852],[84.935707,62.482305],[84.94153,62.516178],[84.909911,62.526669],[84.89644,62.550588],[84.918939,62.558609],[84.946259,62.579064],[84.940968,62.587774],[84.962338,62.596207],[84.984253,62.592255],[85.011468,62.602773],[85.059571,62.630429],[85.090824,62.627616],[85.099163,62.641226],[85.064501,62.667328],[85.099052,62.683386],[85.12292,62.68661],[85.116793,62.701625],[85.153164,62.707092],[85.149451,62.717994],[85.170114,62.734982],[85.18572,62.770076],[85.20172,62.777625],[85.214249,62.798508],[85.28791,62.824852],[85.301374,62.843559],[85.343377,62.861001],[85.369446,62.879135],[85.471088,62.881443],[85.499268,62.898239],[85.523438,62.904483],[85.512826,62.919396],[85.522644,62.935229],[85.53983,62.938304],[85.502784,62.971997],[85.517406,62.990056],[85.536314,62.988855],[85.57119,63.014049],[85.59704,63.01196],[85.619849,63.034473],[85.572212,63.061867],[85.597853,63.059846],[85.595826,63.075644],[85.569114,63.087632],[85.559121,63.101308],[85.541052,63.09826],[85.522945,63.11475],[85.532168,63.119987],[85.502887,63.135314],[85.498995,63.153013],[85.517061,63.167664],[85.502517,63.177791],[85.564761,63.202299],[85.572605,63.225243],[85.546841,63.235379],[85.554254,63.252271],[85.576221,63.257632],[85.56673,63.26897],[85.598154,63.299987],[85.61974,63.298574],[85.652741,63.326496],[85.695214,63.332953],[85.704665,63.345816],[85.688428,63.372495],[85.645105,63.377929],[85.577508,63.379641],[85.496847,63.366953],[85.463305,63.351474],[85.455583,63.361023],[85.419417,63.365302],[85.411977,63.388874],[85.374222,63.393427],[85.387895,63.41736],[85.404698,63.418745],[85.417437,63.437233],[85.373757,63.452969],[85.397096,63.461738],[85.380802,63.475976],[85.360194,63.473395],[85.353103,63.491005],[85.317586,63.507781],[85.295183,63.511072],[85.28704,63.52422],[85.272764,63.510287],[85.231655,63.495216],[85.210887,63.523121],[85.123356,63.525224],[85.078386,63.533944],[85.085848,63.565094],[85.023957,63.580608],[85.04993,63.595275],[85.096347,63.584295],[85.114893,63.571338],[85.145257,63.562733],[85.154238,63.581321],[85.193304,63.613213],[85.229085,63.607644],[85.257042,63.62082],[85.242732,63.624336],[85.302541,63.647649],[85.299763,63.665512],[85.315816,63.667152],[85.322846,63.710094],[85.336979,63.710665],[85.319814,63.727772],[85.340582,63.733815],[85.330488,63.747194],[85.348794,63.762973],[85.378336,63.766248],[85.349183,63.783469],[85.37013,63.797836],[85.329072,63.796407],[85.346891,63.817754],[85.387177,63.834426],[85.366722,63.844078],[85.375304,63.859079],[85.402454,63.854804],[85.418798,63.867247],[85.462111,63.863603],[85.491013,63.876445],[85.476851,63.89602],[85.482025,63.914251],[85.506213,63.928271],[85.558226,63.932411],[85.585829,63.943315],[85.629777,63.950658],[85.75205,64.001927],[85.902069,64.043453],[85.967046,64.048501],[85.9492,64.110808],[85.933575,64.132014],[85.982966,64.178761],[85.978354,64.205842],[86.00086,64.2242],[86.007285,64.272084],[86.000129,64.277536],[85.931565,64.372174],[85.921623,64.431646],[85.865029,64.45754],[85.804287,64.496899],[85.907316,64.574106],[85.905753,64.598818],[85.819372,64.679925],[85.819617,64.705883],[85.833713,64.784334],[85.735818,64.823632],[85.694898,64.828829],[85.665141,64.838452],[85.596899,64.84424],[85.569651,64.853289],[85.527884,64.85222],[85.512885,64.843637],[85.455371,64.830894],[85.44143,64.832739],[85.416623,64.812221],[85.390201,64.811935],[85.364297,64.795039],[85.340311,64.791581],[85.25597,64.796108],[85.2545,64.791215],[85.204421,64.786133],[85.182537,64.772662],[85.167076,64.7772],[85.133283,64.763997],[85.131131,64.796339],[85.10929,64.800335],[85.133607,64.826115],[85.103347,64.829987],[85.100654,64.820103],[84.946845,64.834707],[84.923987,64.864172],[84.94803,64.870846],[84.959678,64.885843],[84.981293,64.878786],[85.012963,64.895114],[84.996115,64.900383],[85.002434,64.915996],[85.032215,64.910079],[85.025955,64.924338],[84.976894,64.940666],[84.942834,64.942583],[84.921258,64.954149],[84.89691,64.952588],[84.908119,64.935235],[84.862233,64.950847],[84.821049,64.94228],[84.755948,64.943312],[84.721354,64.929382],[84.701519,64.933858],[84.686435,64.923],[84.661303,64.931257],[84.659474,64.921971],[84.628287,64.921249],[84.618237,64.930824],[84.587194,64.90822],[84.549276,64.927878],[84.54777,64.916504],[84.518227,64.913284],[84.502268,64.925069],[84.490015,64.91163],[84.44585,64.917591],[84.430095,64.905507],[84.414101,64.926077],[84.401873,64.911383],[84.371262,64.901682],[84.35453,64.917806],[84.317647,64.910492],[84.321848,64.920113],[84.300791,64.932167],[84.27232,64.935291],[84.284623,64.94824],[84.318959,64.957283],[84.316776,64.974176],[84.354288,64.977971],[84.325554,64.995697],[84.358867,64.993762],[84.374455,65.011592],[84.362265,65.024672],[84.383055,65.03567],[84.393556,65.054653],[84.376725,65.061749],[84.350452,65.050932],[84.357616,65.078756],[84.335926,65.088867],[84.343988,65.073417],[84.300765,65.058692],[84.284425,65.086531],[84.288352,65.104061],[84.357794,65.172809],[84.38348,65.201851],[84.426055,65.221949],[84.504262,65.229712],[84.542418,65.244356],[84.554657,65.269471],[84.567119,65.317042],[84.549785,65.332901],[84.551225,65.349357],[84.514388,65.379842],[84.493406,65.390253],[84.485458,65.408738],[84.520354,65.428043],[84.527697,65.455532],[84.509418,65.477438],[84.473298,65.49993],[84.433876,65.514673],[84.438607,65.533728],[84.406546,65.549365],[84.333665,65.549023],[84.322646,65.558741],[84.251996,65.576431],[84.175125,65.584504],[84.175039,65.595555],[84.232378,65.603347],[84.282737,65.617595],[84.271657,65.637469],[84.292248,65.652353],[84.29285,65.687125],[84.2391,65.683762],[84.151455,65.694778],[84.117299,65.718203],[84.05659,65.741084],[84.018518,65.776739],[83.999658,65.787181],[83.966508,65.792251],[83.762194,65.789367],[83.563395,65.761979],[83.473505,65.814529],[83.515845,65.835187],[83.529222,65.855543],[83.502296,65.862725],[83.504384,65.881159],[83.551045,65.902985],[83.508987,65.916357],[83.502832,65.924771],[83.454818,65.925961],[83.395265,65.957719],[83.367649,65.95742],[83.328522,65.989962],[83.311026,65.986285],[83.294883,66.035719],[83.269447,66.049229],[83.327144,66.081155],[83.364974,66.081315],[83.351897,66.119241],[83.379892,66.122494],[83.513789,66.153953],[83.522981,66.167431],[83.545444,66.173299],[83.539154,66.187446],[83.484163,66.217641],[83.355001,66.315935],[83.307718,66.337277],[83.270533,66.366471],[83.238121,66.382911],[83.15444,66.400506],[83.119947,66.402522],[83.094962,66.425271],[83.076214,66.462893],[83.082868,66.576432],[83.09052,66.594674],[83.122368,66.603983],[83.162402,66.599785],[83.190509,66.603551],[83.202174,66.615499],[83.223195,66.613303],[83.253065,66.62303],[83.276548,66.645163],[83.323616,66.644533],[83.32771,66.658633],[83.277275,66.666761],[83.285059,66.67638],[83.26775,66.69833],[83.250573,66.698628],[83.22996,66.71815],[83.24019,66.72671],[83.20839,66.736153],[83.185789,66.754953],[83.201161,66.761555],[83.187981,66.782996],[83.144944,66.830278],[83.113129,66.843262],[83.071408,66.845654],[83.035754,66.861255],[83.046354,66.867114],[83.026209,66.882688],[82.730564,67.003301],[82.520082,67.078868],[82.488674,67.091716],[82.133208,67.2189],[82.117143,67.233997],[82.136118,67.246504],[82.197843,67.24558],[82.21349,67.25647],[82.196173,67.272089],[82.200453,67.284044],[82.227294,67.271557],[82.271919,67.27394],[82.278312,67.283058],[82.225925,67.285306],[82.2293,67.300235],[82.253418,67.294351],[82.27037,67.304129],[82.361536,67.31718],[82.366948,67.323128],[82.303994,67.333324],[82.288914,67.348964],[82.345855,67.354136],[82.285948,67.362518],[82.250594,67.405108],[82.231825,67.409169],[82.259384,67.422546],[82.290645,67.423842],[82.271942,67.433633],[82.317267,67.44591],[82.299863,67.456941],[82.344465,67.458119],[82.33056,67.47218],[82.358301,67.475628],[82.386048,67.465779],[82.376629,67.483455],[82.341602,67.490989],[82.396098,67.50127],[82.397382,67.521762],[82.351871,67.531287],[82.376661,67.552146],[82.323576,67.549621],[82.307857,67.534853],[82.286725,67.534251],[82.300135,67.553875],[82.260205,67.544636],[82.231579,67.558268],[82.240198,67.565679],[82.208187,67.570045],[82.183963,67.564111],[82.167995,67.574196],[82.167622,67.593395],[82.113949,67.596324],[82.115164,67.615483],[82.078833,67.617567],[82.055803,67.640415],[82.027625,67.644631],[82.042417,67.661923],[82.065729,67.653168],[82.079389,67.675686],[82.101719,67.675952],[82.079755,67.690459],[82.098844,67.719674],[82.061455,67.72096],[82.069957,67.732534],[81.963442,67.753996],[81.937585,67.775003],[81.90804,67.77695],[81.91561,67.786164],[81.872129,67.784859],[81.858145,67.816113],[81.81928,67.829277],[81.80235,67.848585],[81.773772,67.861449],[81.779235,67.883733],[81.724489,67.892795],[81.747112,67.932713],[81.767561,67.947541],[81.819986,67.929903],[81.860003,67.945482],[81.925067,67.955957],[81.973863,67.959532],[82.062589,67.942873],[82.203654,67.937124],[82.242385,67.938319],[82.335616,67.933346],[82.362037,67.939894],[82.396129,67.967409],[82.374997,67.992154],[82.364764,68.023897],[82.381642,68.05583],[82.367328,68.080665],[82.34465,68.089396],[82.337415,68.113932],[82.347783,68.123965],[82.478772,68.158007],[82.552208,68.167067],[82.531906,68.200874],[82.535222,68.232502],[82.557966,68.26484],[82.629405,68.275401],[82.649253,68.286303],[82.686904,68.333877],[82.714025,68.405172],[82.704353,68.412865],[82.691186,68.471412],[82.667387,68.503439],[82.62097,68.54776],[82.625036,68.582547],[82.648785,68.608826],[82.727938,68.627516],[82.824517,68.637134],[82.864283,68.656829],[82.872731,68.674322],[82.858743,68.710673],[82.836311,68.735302],[82.800677,68.759195],[82.68717,68.788657],[82.594519,68.807023],[82.566188,68.81906],[82.551408,68.8405],[82.546685,68.882811],[82.518253,68.938132],[82.493701,68.971615],[82.4287,69.012804],[82.345381,69.027492],[82.315583,69.053849],[82.370327,69.075634],[82.460954,69.077317],[82.461028,69.095961],[82.504474,69.112295],[82.453385,69.118583],[82.468054,69.14523],[82.442518,69.162003],[82.39592,69.173855],[82.323671,69.175565],[82.276559,69.160162],[82.244619,69.157358],[82.189619,69.165569],[82.138464,69.162346],[82.090297,69.1802],[82.001487,69.194029],[81.917518,69.188421],[81.844422,69.195059],[81.828985,69.216017],[81.797426,69.238756],[81.805257,69.253679],[81.896496,69.302854],[81.95246,69.323323],[81.961172,69.352549],[81.90612,69.373803],[81.89647,69.387787],[81.853177,69.404787],[81.821998,69.427072],[81.731076,69.445398],[81.708273,69.455059],[81.687942,69.448003],[81.640992,69.413596],[81.651931,69.400761],[81.653093,69.367954],[81.639582,69.344352],[81.61129,69.332608],[81.673828,69.321784],[81.67646,69.31661],[81.585507,69.269522],[81.528168,69.264923],[81.437938,69.248205],[81.385886,69.259035],[81.373666,69.270983],[81.335078,69.284426],[81.275437,69.266156],[81.244246,69.265178],[81.167313,69.23672],[81.133316,69.241534],[81.03203,69.213412],[80.949757,69.200576],[80.929878,69.203682],[80.919105,69.227823],[80.927304,69.238647],[80.872294,69.23983],[80.874165,69.249398],[80.835565,69.256959],[80.821636,69.270802],[80.795927,69.269559],[80.762196,69.30638],[80.71105,69.310098],[80.702343,69.318664],[80.593458,69.311571],[80.550795,69.318527],[80.542682,69.305977],[80.496754,69.32377],[80.443944,69.317724],[80.432638,69.331127],[80.35852,69.322592],[80.309274,69.334058],[80.313646,69.345314],[80.269265,69.347486],[80.236667,69.365988],[80.115068,69.3544],[80.139804,69.365459],[80.100091,69.367839],[80.086493,69.353341],[80.020968,69.365285],[79.964082,69.357285],[79.954077,69.341658],[79.917844,69.352295],[79.908253,69.363246],[79.877087,69.35401],[79.843914,69.358653],[79.869868,69.366531],[79.809118,69.390502],[79.766587,69.391648],[79.771019,69.410323],[79.79105,69.426335],[79.733248,69.428886],[79.734247,69.419249],[79.661787,69.428579],[79.695007,69.445197],[79.61801,69.459564],[79.647238,69.471071],[79.641837,69.481205],[79.585271,69.488729],[79.626555,69.505197],[79.600986,69.525044],[79.569015,69.532759],[79.587099,69.546462],[79.559154,69.561575],[79.544678,69.584276],[79.55472,69.593397],[79.511352,69.594249],[79.448908,69.610453],[79.481391,69.613092],[79.510766,69.629141],[79.495568,69.637517],[79.458558,69.633626],[79.469401,69.65567],[79.416822,69.661203],[79.400052,69.649052],[79.371382,69.661547],[79.324142,69.657002],[79.274866,69.677791],[79.270381,69.687241],[79.223269,69.682024],[79.180069,69.688798],[79.132922,69.685417],[79.095395,69.70651],[79.062402,69.693997],[79.044522,69.704091],[79.099668,69.723533],[79.144295,69.726591],[79.166983,69.737767],[79.146281,69.752703],[79.093897,69.747511],[79.087384,69.763771],[79.125156,69.779482],[79.11753,69.788667],[79.016828,69.798959],[78.995,69.806612],[79.010212,69.82133],[79.046211,69.824618],[79.039316,69.837227],[78.987285,69.840212],[78.948831,69.854013],[78.909773,69.856747],[78.913266,69.868182],[78.880529,69.8801],[78.892444,69.886699],[78.962518,69.878783],[79.045156,69.907096],[79.056374,69.930272],[79.109672,69.932747],[79.158702,69.951187],[79.14093,69.959356],[79.159844,69.974706],[79.197571,69.976687],[79.14276,69.989871],[79.176512,69.998754],[79.166111,70.006822],[79.116594,69.997191],[79.165125,70.021813],[79.182317,70.023356],[79.209804,70.00852],[79.242506,70.020846],[79.200147,70.032955],[79.220603,70.060161],[79.283963,70.052806],[79.324006,70.063819],[79.342589,70.04288],[79.369504,70.045558],[79.364617,70.068145],[79.32421,70.090289],[79.358067,70.110197],[79.325458,70.128691],[79.322573,70.142259],[79.348985,70.152833],[79.403641,70.155644],[79.441932,70.148842],[79.442857,70.139509],[79.397415,70.132122],[79.414425,70.122856],[79.507395,70.111808],[79.552797,70.118067],[79.570074,70.139317],[79.651349,70.18942],[79.666234,70.232815],[79.70702,70.240707],[79.785765,70.233662],[79.782522,70.246777],[79.737334,70.255122],[79.755067,70.27571],[79.811261,70.283682],[79.837473,70.281499],[79.878573,70.261865],[79.919093,70.268871],[79.945168,70.290666],[80.023538,70.331577],[80.124283,70.342495],[80.136716,70.365902],[80.0936,70.375866],[80.124854,70.389838],[80.177161,70.376417],[80.224153,70.397162],[80.208279,70.427463],[80.222912,70.435726],[80.311517,70.425037],[80.341113,70.427121],[80.358166,70.446542],[80.414205,70.460549],[80.497134,70.459621],[80.61768,70.453917],[80.674829,70.432125],[80.685447,70.411911],[80.641438,70.405301],[80.644504,70.398094],[80.730004,70.387803],[80.749746,70.381302],[80.790826,70.385454],[80.824533,70.38139],[80.822814,70.397179],[80.791129,70.400031],[80.793724,70.411725],[80.849402,70.409958],[80.889185,70.437963],[80.849976,70.439681],[80.834476,70.423041],[80.812044,70.424993],[80.823019,70.438821],[80.7449,70.434705],[80.720114,70.441577],[80.702053,70.460186],[80.701756,70.480456],[80.646883,70.482826],[80.648834,70.501354],[80.723535,70.506797],[80.722395,70.531962],[80.742221,70.557082],[80.715888,70.565926],[80.77313,70.574926],[80.764365,70.583266],[80.793954,70.590818],[80.778763,70.602112],[80.82179,70.631349],[80.800471,70.635958],[80.794794,70.654248],[80.736152,70.673077],[80.684978,70.676792],[80.647689,70.691794],[80.641232,70.706509],[80.674105,70.760624],[80.701131,70.777713],[80.715196,70.809468],[80.638733,70.833051],[80.608037,70.943661],[80.583982,71.043189],[80.367468,71.075853],[79.996963,71.116462],[79.433874,71.296142],[79.220234,71.307417],[79.175292,71.332855],[79.143139,71.38226],[79.12869,71.387636],[79.161258,71.404567],[79.213298,71.416812],[79.249602,71.434949],[79.313637,71.454336],[79.362777,71.505488],[79.371675,71.528345],[79.352386,71.548112],[79.314737,71.567241],[79.312296,71.586591],[79.394241,71.612286],[79.520297,71.595289],[79.542758,71.606218],[79.572985,71.600888],[79.651636,71.605087],[79.705195,71.601186],[79.724504,71.592669],[79.784924,71.590181],[79.841094,71.582324],[79.905025,71.596165],[79.915592,71.608444],[79.980134,71.609985],[79.980895,71.623868],[80.030842,71.639904],[80.138899,71.663788],[80.130702,71.678223],[80.174307,71.681381],[80.135581,71.687023],[80.152478,71.709932],[80.109841,71.725041],[80.142773,71.732426],[80.101663,71.734077],[80.072496,71.750427],[80.128742,71.745589],[80.148266,71.757419],[80.117063,71.768785],[80.120764,71.78695],[80.100051,71.783889],[80.101847,71.805901],[80.053254,71.798315],[80.074416,71.823327],[80.131336,71.83741],[80.163743,71.835537],[80.194109,71.854525],[80.251155,71.855703],[80.253045,71.846459],[80.317788,71.855119],[80.297444,71.869873],[80.322325,71.877079],[80.331172,71.864062],[80.378147,71.871454],[80.379051,71.878692],[80.330231,71.885112],[80.251176,71.907715],[80.277673,71.923354],[80.251741,71.931796],[80.225997,71.925883],[80.220522,71.938078],[80.17003,71.93004],[80.151362,71.945617],[80.089477,71.944032],[80.114021,71.950669],[80.089689,71.971078],[80.065868,71.964915],[80.062768,71.980913],[80.020164,71.974892],[80.00038,71.986653],[79.975134,71.978693],[79.91305,71.991997],[79.907604,71.973699],[79.878516,71.992395],[79.895474,72.003879],[79.881514,72.019102],[79.831558,72.019639],[79.839756,72.026746],[79.73776,72.040823],[79.720558,72.050556],[79.639712,72.048765],[79.645341,72.040144],[79.486142,72.040398],[79.435364,72.02926],[79.393911,72.028686],[79.410236,72.048989],[79.372573,72.03978],[79.359508,72.057111],[79.319376,72.04977],[79.275364,72.055556],[79.286178,72.063482],[79.233532,72.06242],[79.206873,72.075347],[79.128127,72.061557],[79.128228,72.072],[79.092652,72.073317],[79.070631,72.059099],[79.059655,72.083078],[79.016746,72.091428],[79.053889,72.093937],[79.04323,72.103561],[78.997891,72.089835],[78.992399,72.109691],[78.953751,72.120564],[78.926717,72.108473],[78.88643,72.109703],[78.9155,72.125797],[78.882471,72.137547],[78.783209,72.138289],[78.774602,72.155162],[78.72248,72.151004],[78.769734,72.163414],[78.71507,72.163972],[78.685192,72.176796],[78.660146,72.16653],[78.625833,72.17134],[78.630646,72.195669],[78.580285,72.192207],[78.552386,72.200763],[78.614171,72.203066],[78.653866,72.223482],[78.603707,72.226794],[78.603167,72.233909],[78.667055,72.243517],[78.602525,72.258172],[78.613903,72.287387],[78.570749,72.295288],[78.520242,72.29383],[78.485855,72.301407],[78.424233,72.334442],[78.48371,72.353842],[78.499157,72.366584],[78.52175,72.37879],[78.81254,72.36815],[78.98428,72.36345],[79.24316,72.3631],[79.49561,72.34819],[79.56579,72.33414],[79.73437,72.28188],[79.9154,72.21473],[79.95535,72.20344],[80.1113,72.17482],[80.26063,72.15398],[80.36288,72.1367],[80.5817,72.10535],[80.82299,72.0748],[80.82454,72.04236],[80.85302,72.0015],[80.84779,71.98437],[80.95026,71.94968],[80.96264,71.93921],[81.01617,71.92975],[81.11474,71.89471],[81.17816,71.86758],[81.2835,71.83424],[81.27502,71.81432],[81.29101,71.79002],[81.38046,71.74822],[81.49814,71.72789],[81.56065,71.72095],[81.671177,71.694802],[81.719413,71.68974],[81.87989,71.68755],[81.97104,71.68993],[82.17661,71.70143],[82.31609,71.70691],[82.48431,71.72485],[82.56761,71.73735],[82.70596,71.76199],[82.88069,71.77085],[82.95222,71.76758],[82.97346,71.73643],[83.06291,71.72693],[83.18378,71.7293],[83.2788,71.70621],[83.44423,71.73908],[83.45748,71.75642],[83.45253,71.7905],[83.41445,71.81885],[83.33484,71.84386],[83.23927,71.85726],[83.201,71.87023],[83.14841,71.87709],[83.03663,71.88392],[82.89495,71.88842],[82.85945,71.89503],[82.80898,71.89167],[82.77547,71.90234],[82.70898,71.89463],[82.70855,71.87188],[82.68003,71.88338],[82.65733,71.92396],[82.6234,71.94571],[82.59199,71.98815],[82.54316,72.01691],[82.44343,72.05371],[82.37682,72.07208],[82.29139,72.08442],[82.26561,72.09583],[82.27247,72.11112],[82.3208,72.11259],[82.36091,72.13225],[82.37243,72.15287],[82.36925,72.18867],[82.34637,72.2126],[82.24903,72.25643],[82.15293,72.27413],[81.90775,72.30276],[81.8923,72.3133],[81.81307,72.32719],[81.69363,72.32751],[81.59725,72.33805],[81.53314,72.33325],[81.45935,72.34327],[81.31549,72.34892],[81.19935,72.35584],[81.18435,72.37131],[81.11776,72.37507],[81.04362,72.40536],[80.9811,72.41764],[80.89823,72.42388],[80.83745,72.45884],[80.85088,72.47495],[80.79131,72.49278],[80.76735,72.50783],[80.78954,72.53621],[80.82192,72.531],[80.8571,72.54547],[80.81609,72.56076],[80.83169,72.5779],[80.88111,72.58457],[80.87668,72.60782],[80.81592,72.61838],[80.7801,72.61259],[80.71877,72.62708],[80.69458,72.69169],[80.70789,72.71777],[80.69268,72.72771],[80.7458,72.74107],[80.81003,72.77129],[80.84125,72.79839],[80.83111,72.82164],[80.83693,72.84617],[80.87789,72.87047],[80.86549,72.90418],[80.88318,72.92182],[80.88391,72.94277],[80.84233,72.96906],[80.82644,72.98923],[80.80059,72.99815],[80.81515,73.02525],[80.76155,73.0432],[80.70796,73.0545],[80.56172,73.06932],[80.51186,73.08096],[80.5485,73.08909],[80.60823,73.08704],[80.64686,73.10806],[80.6257,73.13178],[80.52417,73.14396],[80.51026,73.13793],[80.45978,73.14764],[80.39443,73.15244],[80.41501,73.16936],[80.38389,73.17642],[80.33582,73.16452],[80.34671,73.17963],[80.39316,73.18871],[80.47995,73.18001],[80.52757,73.18089],[80.52472,73.18829],[80.59637,73.18257],[80.58084,73.204],[80.67304,73.18819],[80.7048,73.18965],[80.68417,73.20725],[80.67843,73.231],[80.63401,73.25954],[80.49563,73.27764],[80.47717,73.27236],[80.35493,73.29079],[80.38267,73.29752],[80.42512,73.32958],[80.43892,73.35695],[80.46992,73.36342],[80.50586,73.35431],[80.57606,73.36315],[80.53039,73.36995],[80.53268,73.38427],[80.62902,73.3888],[80.65891,73.41261],[80.64634,73.45781],[80.71611,73.4689],[80.69696,73.48599],[80.61697,73.48778],[80.62097,73.46977],[80.58798,73.4609],[80.53475,73.47216],[80.56526,73.49036],[80.52435,73.49091],[80.53487,73.50064],[80.44464,73.51051],[80.38929,73.49861],[80.46154,73.48808],[80.46286,73.47479],[80.32181,73.47745],[80.23046,73.49221],[80.24153,73.50579],[80.15189,73.51797],[80.20777,73.51614],[80.27296,73.52813],[80.27612,73.5385],[80.37289,73.52896],[80.38118,73.52375],[80.51204,73.51298],[80.56405,73.51974],[80.57039,73.53585],[80.52464,73.54469],[80.53338,73.55479],[80.60807,73.56198],[80.65685,73.55951],[80.67023,73.56745],[80.70375,73.56009],[80.74604,73.56806],[80.8093,73.56174],[80.84466,73.54287],[80.89785,73.53945],[80.91126,73.56053],[80.95186,73.56131],[81.00239,73.57103],[81.03126,73.56272],[81.09444,73.56641],[81.10578,73.57534],[81.07058,73.58021],[81.30038,73.5749],[81.31112,73.57016],[81.38171,73.57758],[81.41317,73.59003],[81.40846,73.60078],[81.62607,73.6157],[81.64624,73.62241],[81.7676,73.62252],[81.81151,73.63181],[81.8951,73.63569],[81.95542,73.62878],[82.11182,73.63734],[82.12515,73.63331],[82.27427,73.63975],[82.3557,73.64895],[82.50744,73.64141],[82.61345,73.6405],[82.71442,73.64354],[82.911168,73.641845],[83.038313,73.637074],[83.266393,73.637966],[83.526792,73.643304],[83.83647,73.66882],[83.85703,73.67213],[84.095898,73.690113],[84.177008,73.699272],[84.355123,73.705062],[84.452602,73.711483],[84.564713,73.725484],[84.702458,73.748854],[84.756145,73.754117],[84.881257,73.754222],[85.051003,73.71243],[85.133218,73.707378],[85.174271,73.698417],[85.27405,73.699281],[85.393288,73.704785],[85.519722,73.718152],[85.524911,73.729081],[85.489293,73.73545],[85.493932,73.754399],[85.56218,73.79733],[85.589307,73.796937],[85.639235,73.809675],[85.746365,73.823041],[85.892691,73.81565],[86.007566,73.833577],[86.106008,73.859446],[86.185933,73.863534],[86.232598,73.860311],[86.366344,73.867859],[86.422169,73.875958],[86.544967,73.882168],[86.582288,73.867191],[86.662208,73.873302],[86.793995,73.892285],[86.799668,73.882248],[86.843852,73.879302],[86.879853,73.887594],[86.918201,73.885521],[86.924419,73.87112],[87.083262,73.859556],[87.138138,73.847665],[87.138714,73.807827],[87.108057,73.797525],[87.12523,73.7911],[87.08717,73.79758],[87.05641,73.78383],[87.0603,73.75549],[87.02526,73.73595],[86.88942,73.72475],[86.77786,73.71178],[86.79597,73.70077],[86.82926,73.70447],[86.79011,73.67989],[86.93324,73.7116],[86.93552,73.69742],[86.88438,73.67934],[86.82209,73.6472],[86.84983,73.62359],[86.81733,73.60987],[86.63998,73.59044],[86.62708,73.59258],[86.45062,73.59415],[86.47461,73.6093],[86.55102,73.61512],[86.6193,73.61549],[86.61345,73.62245],[86.49864,73.62444],[86.47895,73.63098],[86.52886,73.64443],[86.68008,73.66081],[86.78631,73.66229],[86.78353,73.67006],[86.71786,73.67005],[86.70354,73.68558],[86.62697,73.67095],[86.5163,73.66438],[86.45143,73.64426],[86.39964,73.60354],[86.25579,73.58769],[86.19997,73.58753],[86.12655,73.56677],[86.07311,73.53962],[85.97233,73.52281],[85.91836,73.50178],[85.85169,73.48629],[85.83554,73.41864],[85.82149,73.3959],[85.78514,73.39571],[85.74222,73.40732],[85.70465,73.40113],[85.75645,73.3587],[85.79708,73.36008],[85.8201,73.3434],[85.88053,73.32662],[85.9068,73.29679],[85.98793,73.29383],[86.0273,73.27917],[86.21415,73.26404],[86.31076,73.25992],[86.34137,73.24246],[86.27706,73.22693],[86.27796,73.21537],[86.31214,73.19527],[86.44578,73.17216],[86.596579,73.15619],[86.616149,73.164494],[86.51467,73.17713],[86.4604,73.19319],[86.42003,73.24811],[86.39099,73.26041],[86.31763,73.27064],[86.25972,73.2734],[86.14352,73.2867],[85.97053,73.32295],[85.87765,73.35411],[85.84782,73.37505],[85.89504,73.40546],[85.973965,73.414861],[85.95328,73.42997],[85.89886,73.43125],[85.88047,73.46577],[85.91439,73.48189],[85.99733,73.5035],[86.11204,73.51291],[86.18088,73.52545],[86.20636,73.54072],[86.17576,73.54711],[86.1851,73.56278],[86.33723,73.57423],[86.41168,73.5704],[86.31429,73.57045],[86.33058,73.56465],[86.43406,73.56251],[86.45217,73.5709],[86.63204,73.58027],[86.69576,73.5756],[86.78917,73.57563],[86.84967,73.5905],[86.8814,73.59038],[86.88467,73.60492],[86.96039,73.61344],[87.02439,73.6043],[87.13084,73.60958],[87.20456,73.62578],[87.27175,73.65332],[87.29644,73.67287],[87.27007,73.68418],[87.28283,73.72052],[87.29937,73.73158],[87.36232,73.73689],[87.44001,73.76948],[87.45221,73.78555],[87.44396,73.80454],[87.33592,73.82165],[87.18881,73.87655],[87.16484,73.90352],[87.15839,73.93493],[87.09009,73.97333],[87.048997,73.969707],[86.963187,73.988327],[86.911249,73.99242],[86.814531,74.010909],[86.81697,73.99436],[86.89313,73.98113],[86.77373,73.97988],[86.78505,73.9856],[86.75327,74.00364],[86.766911,74.012101],[86.724873,74.021136],[86.713041,74.038443],[86.7287,74.05048],[86.832146,74.052415],[86.91697,74.04206],[86.916111,74.026853],[86.97296,74.04206],[87.06134,74.05366],[87.11718,74.05416],[87.17799,74.04593],[87.17433,74.06405],[87.12691,74.07123],[86.99491,74.07392],[86.90696,74.06338],[86.83093,74.07802],[86.82453,74.09283],[86.87823,74.10548],[86.86003,74.11213],[86.78944,74.11646],[86.72142,74.13353],[86.77576,74.15313],[86.79716,74.1736],[86.77839,74.20925],[86.72682,74.22857],[86.63593,74.25198],[86.5225,74.25448],[86.4668,74.25178],[86.4233,74.26004],[86.37724,74.28054],[86.24912,74.28506],[86.1683,74.28083],[86.07677,74.28745],[85.956,74.30688],[85.90412,74.33546],[85.92039,74.37456],[85.95148,74.37822],[85.96472,74.39637],[86.02977,74.39426],[86.12498,74.40014],[86.12732,74.39111],[86.20291,74.37908],[86.20843,74.36973],[86.25491,74.36068],[86.30973,74.3368],[86.35048,74.3494],[86.3275,74.37458],[86.2861,74.3889],[86.29352,74.40411],[86.23327,74.40785],[86.14877,74.42368],[86.07049,74.42652],[86.07078,74.43343],[86.12661,74.43189],[86.15709,74.44348],[86.20848,74.43702],[86.24172,74.45098],[86.27904,74.43958],[86.33427,74.44902],[86.31167,74.4629],[86.43219,74.46279],[86.44156,74.47897],[86.56378,74.47786],[86.60048,74.46513],[86.64638,74.4623],[86.64823,74.44866],[86.72176,74.4324],[86.65303,74.41775],[86.65305,74.40839],[86.70139,74.40753],[86.73224,74.41904],[86.82649,74.40785],[86.8515,74.41359],[86.98353,74.41186],[86.96601,74.39565],[86.9844,74.38873],[86.96105,74.36961],[86.89993,74.36395],[86.8743,74.34859],[86.89531,74.3411],[87.00194,74.35986],[86.98447,74.32791],[87.03314,74.31197],[86.9977,74.30111],[86.97945,74.2839],[87,74.27808],[87.05955,74.28419],[87.08646,74.29596],[87.06986,74.32297],[87.09384,74.33131],[87.02043,74.37911],[87.03615,74.39314],[87.13061,74.38259],[87.13969,74.39028],[87.05313,74.41028],[87.04819,74.42221],[87.10931,74.43257],[87.08234,74.4434],[86.97869,74.43457],[86.81055,74.42957],[86.76539,74.44076],[86.80357,74.45759],[86.70125,74.45781],[86.73847,74.48405],[86.65472,74.50185],[86.6646,74.50801],[86.5729,74.51341],[86.59034,74.52605],[86.66969,74.5343],[86.68081,74.54248],[86.76311,74.55447],[86.7554,74.56237],[86.59772,74.56049],[86.58647,74.5559],[86.50945,74.56141],[86.50182,74.58097],[86.37862,74.58436],[86.36539,74.59365],[86.39084,74.61163],[86.3219,74.61623],[86.27351,74.6102],[86.24009,74.61714],[86.18095,74.60622],[86.17806,74.61064],[86.17316,74.62216],[86.03817,74.61999],[86.02161,74.63164],[85.97602,74.6342],[85.96072,74.61635],[85.88559,74.62159],[85.87423,74.63324],[85.77958,74.64297],[85.724163,74.653963],[85.75858,74.66303],[85.83056,74.66096],[85.89177,74.69115],[85.83521,74.69802],[85.83845,74.71793],[85.93054,74.73566],[85.96254,74.73534],[86.00366,74.72097],[86.04298,74.71779],[86.16352,74.77811],[86.11514,74.77934],[86.03735,74.79224],[85.9894,74.80868],[85.97122,74.79922],[85.928,74.80158],[85.88526,74.79302],[85.73704,74.79362],[85.73692,74.80605],[85.79717,74.81131],[85.79121,74.83475],[85.81179,74.85533],[85.79823,74.86535],[85.89121,74.874],[85.92765,74.86821],[85.91038,74.84783],[86.02768,74.8318],[86.12732,74.83405],[86.12846,74.80198],[86.19103,74.79619],[86.22884,74.81275],[86.32236,74.78595],[86.36776,74.78731],[86.40548,74.77782],[86.42254,74.75677],[86.34722,74.75601],[86.29268,74.76473],[86.26351,74.74914],[86.32819,74.73172],[86.33689,74.71023],[86.35851,74.701],[86.41249,74.71663],[86.4233,74.72816],[86.51353,74.73289],[86.56416,74.72472],[86.55313,74.71011],[86.62461,74.70885],[86.66445,74.68732],[86.61373,74.65961],[86.65717,74.65648],[86.70271,74.66711],[86.74405,74.65554],[86.70105,74.64253],[86.70342,74.61579],[86.8279,74.62823],[86.88405,74.62316],[86.90215,74.63011],[86.86886,74.64074],[86.87484,74.66061],[86.96186,74.67524],[86.92482,74.67995],[86.79311,74.67685],[86.80939,74.68541],[86.74558,74.69937],[86.80929,74.71389],[86.79887,74.72776],[86.86635,74.73114],[86.83157,74.74231],[86.8739,74.75634],[86.92021,74.74217],[86.99343,74.74498],[87.03135,74.7192],[87.06766,74.74661],[87.12147,74.76674],[87.09983,74.77234],[87.0313,74.76514],[87.04732,74.77686],[87.047,74.82869],[87.09369,74.85789],[87.15613,74.85117],[87.17692,74.8585],[87.13222,74.86761],[87.20939,74.88191],[87.30294,74.91481],[87.3072,74.92595],[87.36064,74.92805],[87.37833,74.9485],[87.2896,74.9468],[87.25108,74.95212],[87.23306,74.9659],[87.17819,74.97759],[87.25083,74.99765],[87.35729,74.99633],[87.40518,75.00353],[87.46566,74.99244],[87.47717,74.97425],[87.39546,74.95431],[87.41618,74.94891],[87.4986,74.9531],[87.51239,74.94074],[87.56068,74.93113],[87.59298,74.93882],[87.56077,74.95318],[87.62148,74.96591],[87.62077,74.97358],[87.69437,74.96941],[87.73783,74.97811],[87.74446,74.99339],[87.70643,75.0161],[87.70696,75.03175],[87.57916,75.02978],[87.51922,75.03643],[87.43488,75.03901],[87.3991,75.02827],[87.28621,75.04882],[87.18005,75.05872],[87.12955,75.07103],[86.99322,75.08598],[86.94622,75.08384],[86.93255,75.07436],[86.97704,75.05886],[86.94096,75.06201],[86.90454,75.08338],[86.89564,75.1006],[86.98141,75.1284],[87.06743,75.14103],[87.14985,75.14776],[87.21415,75.14707],[87.4342,75.1362],[87.58238,75.12422],[87.90692,75.106],[88.03511,75.11021],[88.1057,75.12005],[88.17014,75.14012],[88.2173,75.13624],[88.32674,75.15039],[88.31982,75.16473],[88.29213,75.16211],[88.31087,75.16941],[88.19863,75.17005],[88.14837,75.15823],[88.11202,75.16862],[88.16809,75.18261],[88.17122,75.20574],[88.22744,75.19922],[88.30283,75.20178],[88.37057,75.21953],[88.442123,75.245395],[88.498978,75.28074],[88.573965,75.276942],[88.56296,75.29522],[88.614532,75.323156],[88.720442,75.341501],[88.758664,75.361526],[88.811573,75.364104],[88.862606,75.376651],[88.85612,75.392153],[88.796752,75.39471],[88.768622,75.386501],[88.740001,75.395493],[88.808527,75.408066],[88.879016,75.407571],[88.964064,75.426282],[88.997893,75.425839],[89.062991,75.441651],[89.103034,75.433624],[89.170493,75.44088],[89.177888,75.469056],[89.210355,75.481858],[89.271141,75.490899],[89.304087,75.511816],[89.368012,75.50058],[89.413745,75.501065],[89.439484,75.513342],[89.495453,75.504941],[89.515044,75.484001],[89.432288,75.487981],[89.361992,75.496942],[89.309046,75.476587],[89.306113,75.461561],[89.465367,75.447562],[89.399568,75.441497],[89.411591,75.430234],[89.481529,75.425116],[89.53204,75.432182],[89.574216,75.448503],[89.624616,75.435498],[89.653065,75.440824],[89.758583,75.43233],[89.684085,75.460376],[89.679892,75.47616],[89.716682,75.487032],[89.802081,75.487629],[89.889006,75.50138],[89.982221,75.496416],[90.027208,75.512615],[90.008432,75.52982],[89.95277,75.536059],[89.948576,75.549812],[90.02466,75.56248],[90.1206,75.56468],[90.16713,75.57867],[90.19237,75.597],[90.24721,75.57847],[90.29628,75.59066],[90.42117,75.58706],[90.45317,75.58012],[90.5307,75.58899],[90.56454,75.60162],[90.63402,75.6041],[90.66263,75.59864],[90.69805,75.61189],[90.68533,75.63068],[90.75058,75.64153],[90.79175,75.63489],[90.88749,75.64943],[90.89389,75.66226],[90.95081,75.66097],[90.91537,75.6346],[90.94478,75.62309],[90.93491,75.61279],[91.01632,75.60377],[91.09542,75.62767],[91.14556,75.65439],[91.22154,75.6611],[91.21343,75.63037],[91.28635,75.62286],[91.36823,75.62663],[91.38936,75.64032],[91.43694,75.64804],[91.50878,75.6508],[91.55372,75.63383],[91.68065,75.63035],[91.66063,75.64672],[91.68745,75.6636],[91.63693,75.68555],[91.70046,75.69714],[91.69257,75.7275],[91.84202,75.72392],[91.79208,75.71423],[91.80721,75.70638],[91.99002,75.72511],[92.03182,75.7194],[92.02064,75.70863],[92.06077,75.70381],[92.09449,75.71863],[92.18181,75.73976],[92.31659,75.73929],[92.36869,75.73267],[92.46537,75.75218],[92.48847,75.77394],[92.54645,75.78045],[92.65166,75.77066],[92.70761,75.77789],[92.85403,75.78875],[93.01419,75.79594],[93.15072,75.81748],[93.19976,75.82191],[93.30907,75.81541],[93.41145,75.82471],[93.46442,75.83483],[93.46311,75.84275],[93.60747,75.84984],[93.73726,75.87579],[93.83968,75.87367],[93.92915,75.89837],[93.99324,75.9008],[94.03691,75.9102],[94.02068,75.91806],[93.9245,75.91576],[93.90441,75.90485],[93.82067,75.90732],[93.78933,75.89044],[93.6843,75.88425],[93.61565,75.89477],[93.62467,75.92157],[93.58256,75.94441],[93.55878,75.94114],[93.51481,75.90216],[93.56966,75.88441],[93.54868,75.86938],[93.46831,75.87441],[93.42815,75.89569],[93.36371,75.91674],[93.33159,75.93415],[93.28125,75.93881],[93.32107,75.95716],[93.31897,75.98091],[93.28049,75.98045],[93.27592,75.96206],[93.22386,75.96404],[93.20794,75.95562],[93.13428,75.95439],[93.11522,75.93869],[93.02797,75.92569],[93.1318,75.91391],[93.16942,75.90137],[93.09018,75.88481],[92.98496,75.89645],[92.90645,75.88467],[92.86821,75.8876],[92.94036,75.91215],[92.939532,75.922753],[92.89776,75.92874],[92.91181,75.95021],[92.83539,75.96523],[92.97011,75.98214],[92.99329,75.99274],[92.96794,76.0087],[92.98851,76.03552],[92.93394,76.05212],[92.98903,76.05034],[93.02294,76.06362],[93.09718,76.06692],[93.10239,76.05619],[93.06739,76.04701],[93.05356,76.03092],[93.12648,76.024],[93.15225,76.010632],[93.2131,76.0196],[93.29337,76.04301],[93.27096,76.06143],[93.32514,76.06697],[93.31916,76.08397],[93.18548,76.08999],[93.22294,76.10847],[93.27414,76.11672],[93.31025,76.11323],[93.28966,76.09512],[93.35658,76.09452],[93.36423,76.10243],[93.44648,76.11557],[93.50756,76.09783],[93.50509,76.08813],[93.42183,76.07347],[93.373993,76.071776],[93.369386,76.062027],[93.442925,76.059639],[93.47802,76.04093],[93.46697,76.02691],[93.42185,76.02086],[93.43321,76.0119],[93.51193,76.01277],[93.58002,76.03739],[93.55902,76.05532],[93.5984,76.05957],[93.62569,76.04137],[93.71689,76.05516],[93.70593,76.06924],[93.77796,76.06775],[93.79515,76.05262],[93.86847,76.05621],[94.01819,76.04592],[94.02517,76.05458],[93.98135,76.06446],[93.92112,76.06764],[93.87995,76.08784],[93.83412,76.08506],[93.78688,76.09467],[93.72,76.09577],[93.69316,76.11194],[93.72447,76.12091],[93.83101,76.12249],[93.86361,76.116],[93.95804,76.11181],[94.01275,76.11824],[94.0861,76.11716],[94.1112,76.1385],[94.17012,76.10349],[94.21875,76.10218],[94.33934,76.12766],[94.42899,76.12945],[94.399204,76.108152],[94.41958,76.09949],[94.493029,76.101232],[94.50716,76.09322],[94.48164,76.07779],[94.51209,76.06968],[94.559582,76.082619],[94.69018,76.07747],[94.69447,76.08229],[94.61938,76.09889],[94.63044,76.11185],[94.78944,76.11534],[94.78608,76.13939],[94.59354,76.13382],[94.54713,76.1479],[94.62699,76.15594],[94.6673,76.15377],[94.78545,76.1597],[94.90762,76.15508],[94.91159,76.13717],[95.00975,76.13766],[95.0341,76.12903],[94.96527,76.13214],[94.9753,76.11239],[95.04696,76.10745],[95.04871,76.09747],[95.11785,76.09765],[95.12347,76.1068],[95.20268,76.12349],[95.23487,76.12166],[95.28607,76.1056],[95.33625,76.10666],[95.3436,76.12858],[95.45664,76.16275],[95.52371,76.14941],[95.61587,76.15139],[95.66921,76.13983],[95.76628,76.13979],[95.78686,76.1467],[95.68553,76.16956],[95.74106,76.18301],[95.7333,76.18988],[95.59431,76.18511],[95.54666,76.20567],[95.51486,76.19565],[95.49695,76.20939],[95.4294,76.20621],[95.42779,76.2185],[95.36222,76.21773],[95.33283,76.23449],[95.37426,76.24458],[95.34975,76.25862],[95.34985,76.27842],[95.39791,76.27605],[95.52522,76.28322],[95.56563,76.28025],[95.51304,76.26341],[95.61,76.25243],[95.58673,76.23708],[95.65162,76.24509],[95.68972,76.28124],[95.72736,76.28083],[95.77653,76.30048],[95.89301,76.31577],[95.92757,76.3054],[95.89126,76.26824],[95.94965,76.26678],[95.99073,76.28777],[96.16422,76.28716],[96.1594,76.26343],[96.12875,76.23466],[96.16025,76.23145],[96.22849,76.24783],[96.25234,76.28116],[96.2788,76.29744],[96.37495,76.29999],[96.37866,76.30863],[96.47049,76.29996],[96.48547,76.28644],[96.70958,76.25683],[96.70511,76.23797],[96.65695,76.21616],[96.59727,76.20527],[96.63338,76.156055],[96.60491,76.140868],[96.55219,76.134988],[96.53414,76.152396],[96.56937,76.17778],[96.53974,76.18768],[96.57094,76.21563],[96.52886,76.22545],[96.49479,76.27198],[96.44117,76.27298],[96.40097,76.25614],[96.40786,76.22254],[96.49929,76.20591],[96.46427,76.2009],[96.43596,76.21229],[96.3644,76.21814],[96.31105,76.2149],[96.328125,76.19863],[96.40238,76.19767],[96.42967,76.17772],[96.47679,76.17348],[96.4655,76.13628],[96.40322,76.14356],[96.41893,76.12031],[96.46169,76.11639],[96.35897,76.10119],[96.37682,76.11578],[96.35643,76.13091],[96.30455,76.1371],[96.29277,76.15299],[96.24607,76.14734],[96.15877,76.15807],[96.10877,76.14208],[96.01517,76.15603],[95.9656,76.14895],[95.86474,76.15182],[95.83246,76.13992],[95.89949,76.13901],[96.03359,76.10761],[96.10521,76.10402],[96.13288,76.11364],[96.17307,76.09574],[96.27579,76.09592],[96.25695,76.08338],[96.16628,76.07485],[96.17578,76.08879],[96.12323,76.08435],[96.10105,76.07044],[96.04428,76.06821],[96.02846,76.05869],[96.06864,76.04822],[96.15762,76.04785],[96.09744,76.03686],[96.03306,76.01312],[96.05482,76.00363],[95.97804,75.9826],[95.93111,75.98278],[95.8965,75.95775],[95.84985,75.94041],[95.78307,75.92968],[95.75731,75.91872],[95.75946,75.90258],[95.70032,75.89494],[95.68236,75.87737],[95.61643,75.87477],[95.64902,75.8555],[95.71347,75.84788],[95.74319,75.82824],[95.77139,75.84467],[95.81451,75.85414],[95.8172,75.86792],[95.90184,75.90092],[95.97801,75.91406],[95.99306,75.93587],[96.07349,75.94305],[96.12296,75.96237],[96.17662,75.95246],[96.19648,75.93762],[96.23578,75.95092],[96.29854,75.94675],[96.37038,75.95446],[96.31469,75.96187],[96.35869,75.97201],[96.34933,75.9793],[96.28123,75.97691],[96.26955,75.98576],[96.35156,75.99334],[96.38318,75.98856],[96.42844,75.99892],[96.44313,76.01381],[96.44132,76.00194],[96.49131,75.9988],[96.53724,76.00504],[96.49133,75.97731],[96.5394,75.97111],[96.66246,75.98196],[96.70911,75.9705],[96.62891,75.92463],[96.58022,75.91922],[96.49969,75.87562],[96.65279,75.87796],[96.68371,75.89643],[96.74582,75.9052],[96.76115,75.89153],[96.8465,75.89671],[96.87876,75.91513],[96.92865,75.91689],[96.99028,75.94378],[96.97736,75.95986],[97.04585,75.96897],[97.06862,75.98037],[97.13346,75.98542],[97.18316,75.99635],[97.16067,76.00263],[97.04706,76.00121],[96.9685,75.99635],[96.86108,75.97838],[96.78426,75.97536],[96.72737,75.99198],[96.74406,76.00323],[96.89782,76.03179],[96.9216,76.04114],[97.03631,76.05667],[97.06346,76.06621],[97.15098,76.07114],[97.22664,76.08956],[97.2665,76.08759],[97.35441,76.10345],[97.36904,76.08527],[97.32856,76.07818],[97.29319,76.05972],[97.20795,76.0356],[97.20525,76.0121],[97.23474,76.00979],[97.36551,76.02541],[97.39993,76.02018],[97.32137,76.00571],[97.31242,75.99537],[97.27397,75.99938],[97.29708,75.9813],[97.22231,75.99285],[97.18266,75.9856],[97.1847,75.97456],[97.2664,75.96699],[97.27286,75.95331],[97.17902,75.92985],[97.20222,75.92459],[97.31576,75.92771],[97.32537,75.95955],[97.40191,75.98199],[97.4484,75.97858],[97.4714,75.98789],[97.53907,75.99458],[97.58596,75.98576],[97.63892,75.98604],[97.67603,75.97021],[97.72432,75.96927],[97.75646,75.98018],[97.85013,75.96962],[97.87284,75.98197],[97.84195,75.99848],[97.78645,76.0129],[97.77674,76.03128],[97.68739,76.02418],[97.60121,76.02979],[97.56238,76.03769],[97.64414,76.05407],[97.68752,76.06964],[97.85669,76.09145],[97.83624,76.07213],[97.90528,76.07485],[97.93847,76.0647],[97.89949,76.05498],[97.93403,76.04429],[97.9749,76.04577],[98.03555,76.064],[98.08066,76.05333],[98.0887,76.06982],[98.15425,76.07742],[98.19755,76.07061],[98.2704,76.08904],[98.20303,76.08843],[98.0798,76.10589],[98.05272,76.09427],[98.01922,76.10803],[97.95568,76.10638],[97.96502,76.1208],[98.05336,76.13488],[98.07584,76.12904],[98.14014,76.13539],[98.11541,76.14975],[98.18949,76.154589],[98.197865,76.163364],[98.278645,76.157777],[98.39233,76.16844],[98.450991,76.184009],[98.52666,76.18828],[98.56066,76.20906],[98.60949,76.21283],[98.66073,76.22782],[98.80344,76.25376],[98.86757,76.25609],[98.83207,76.22666],[98.77664,76.20588],[98.80203,76.19965],[98.90063,76.20655],[98.94958,76.19767],[98.97233,76.20688],[98.93913,76.21871],[99.07274,76.21636],[99.07908,76.20863],[99.33464,76.20476],[99.38093,76.19175],[99.38927,76.17818],[99.36048,76.18817],[99.26336,76.17654],[99.24656,76.16413],[99.28524,76.14979],[99.23898,76.15431],[99.19488,76.14183],[99.26159,76.12074],[99.36828,76.12004],[99.4082,76.13018],[99.48205,76.12772],[99.6075,76.15314],[99.63238,76.14219],[99.58013,76.14052],[99.60244,76.13092],[99.58844,76.11589],[99.62758,76.11149],[99.70569,76.11373],[99.79863,76.0978],[99.78806,76.07804],[99.7982,76.0536],[99.86252,76.05874],[99.89659,76.08674],[99.84567,76.09777],[99.84933,76.10641],[99.79626,76.12177],[99.77827,76.15336],[99.73203,76.1734],[99.62873,76.19136],[99.60795,76.2523],[99.52772,76.25636],[99.40712,76.27146],[99.40446,76.29747],[99.32231,76.33013],[99.28539,76.33736],[99.17935,76.33835],[99.10302,76.33279],[99.06457,76.35915],[99.03058,76.40104],[98.87223,76.45458],[98.8618,76.47126],[98.88212,76.48285],[98.968108,76.502324],[99.214512,76.471801],[99.350505,76.458176],[99.406119,76.44673],[99.648796,76.445569],[99.7047,76.44242],[99.85993,76.44824],[100.11459,76.46555],[100.31626,76.45845],[100.34815,76.45237],[100.43897,76.45381],[100.55925,76.46281],[100.72665,76.48087],[100.86385,76.49926],[100.95239,76.51875],[100.99419,76.53636],[101.05093,76.53416],[101.09327,76.54173],[101.12706,76.56605],[101.119208,76.57988],[101.156891,76.60212],[101.174175,76.632359],[101.183375,76.680136],[101.21947,76.673939],[101.288121,76.674428],[101.381542,76.661698],[101.436038,76.678995],[101.406313,76.693174],[101.337662,76.707827],[101.28529,76.73473],[101.205315,76.754366],[101.081461,76.750798],[101.067306,76.763282],[100.995117,76.792582],[100.927882,76.847287],[100.930713,76.858717],[101.026611,76.91163],[101.071906,76.944285],[101.059875,76.958347],[101.154004,76.964574],[101.190806,76.953555],[101.185852,76.921884],[101.239994,76.916277],[101.29449,76.923005],[101.27255,76.953395],[101.332708,76.993118],[101.307229,77.017705],[101.359037,77.037469],[101.280477,77.048768],[101.394314,77.109003],[101.528984,77.153001],[101.59747,77.180166],[101.795128,77.242669],[101.967735,77.288669],[102.041138,77.314516],[102.085203,77.339385],[102.146391,77.338985],[102.249133,77.320882],[102.323107,77.321683],[102.315345,77.336407],[102.268768,77.333404],[102.242969,77.348214],[102.343542,77.359061],[102.354273,77.372694],[102.403132,77.375988],[102.394684,77.392992],[102.428247,77.399867],[102.563295,77.465096],[102.622657,77.477676],[102.656448,77.493013],[102.905768,77.51966],[103.008967,77.538198],[103.038191,77.551444],[102.986021,77.570206],[103.122325,77.588499],[103.201665,77.614505],[103.284544,77.629138],[103.363997,77.632122],[103.352125,77.625176],[103.446191,77.605197],[103.592541,77.607794],[103.69026,77.620771],[103.753732,77.608063],[103.822911,77.622705],[103.778161,77.635422],[103.903392,77.667258],[103.890607,77.680223],[103.996088,77.689232],[104.092209,77.716852],[104.118237,77.70655],[104.179197,77.705821],[104.253971,77.723286],[104.345753,77.70232],[104.370754,77.686603],[104.474637,77.687528],[104.420755,77.674766],[104.30557,77.683121],[104.290273,77.67323],[104.36242,77.665258],[104.358311,77.655353],[104.424294,77.652864],[104.54336,77.661844],[104.637541,77.678566],[104.704437,77.684947],[104.839143,77.667599],[104.815398,77.639626],[104.859235,77.626423],[104.803297,77.620013],[104.849189,77.598604],[104.911747,77.593405],[104.938689,77.581578],[105.030243,77.575488],[105.067687,77.580792],[105.167232,77.559193],[105.270773,77.553388],[105.347031,77.538518],[105.425571,77.53906],[105.52877,77.533196],[105.633795,77.538617],[105.64521,77.548565],[105.747267,77.55137],[105.819415,77.547088],[105.901837,77.552158],[105.886311,77.535365],[105.949783,77.512331],[105.967135,77.482477],[105.935399,77.470942],[105.992592,77.436075],[106.039397,77.420272],[106.027525,77.408779],[106.085288,77.396082],[106.203327,77.380079],[106.201273,77.371696],[106.308124,77.365405],[106.25858,77.355363],[106.286434,77.326243],[106.248762,77.341712],[106.193053,77.334856],[106.079809,77.351164],[106.032091,77.351064],[105.918618,77.36071],[105.83711,77.360285],[105.836653,77.342887],[105.682426,77.290553],[105.566442,77.259976],[105.617014,77.258264],[105.608794,77.248491],[105.538815,77.231926],[105.584022,77.225415],[105.648521,77.241434],[105.68117,77.240829],[105.577629,77.217184],[105.512559,77.228545],[105.425571,77.219785],[105.428653,77.211373],[105.363355,77.194634],[105.209927,77.179089],[105.15125,77.180027],[104.955584,77.152083],[104.844394,77.165175],[104.699642,77.159899],[104.630234,77.151169],[104.580119,77.122298],[104.514136,77.116241],[104.432285,77.128149],[104.423609,77.116954],[104.377946,77.116038],[104.28525,77.103457],[104.242103,77.092448],[104.255885,77.084601],[104.324288,77.081905],[104.384069,77.072703],[104.577463,77.075781],[104.578352,77.086418],[104.640605,77.086816],[104.723312,77.080057],[104.769113,77.105881],[104.848707,77.076676],[104.918742,77.066429],[104.94053,77.053385],[105.030015,77.060276],[105.081386,77.055367],[105.158899,77.068479],[105.202964,77.090431],[105.303411,77.070961],[105.435276,77.06749],[105.523979,77.077454],[105.577025,77.091324],[105.652717,77.099706],[105.723904,77.085258],[105.817736,77.088501],[105.856145,77.096717],[105.903812,77.125852],[105.951854,77.126632],[105.885045,77.099985],[105.909567,77.072165],[105.892427,77.060236],[105.766316,77.04852],[105.776575,77.032078],[105.815109,77.027192],[105.71377,77.014266],[105.630447,77.024608],[105.509842,77.018314],[105.465106,77.005134],[105.494058,76.992882],[105.4958,76.969192],[105.527299,76.966949],[105.533599,76.98197],[105.572392,76.982717],[105.629028,76.970636],[105.688163,76.971311],[105.792217,76.987873],[105.887214,76.983991],[105.975964,76.996063],[106.112521,77.029],[106.140277,77.044952],[106.193126,77.056524],[106.286945,77.046963],[106.40331,77.045224],[106.46428,77.033725],[106.502462,77.003365],[106.555069,77.003146],[106.587796,77.020636],[106.651636,76.99284],[106.721852,77.000169],[106.681498,77.019029],[106.77204,77.033857],[106.741612,77.042513],[106.777606,77.048337],[106.867776,77.047422],[106.94074,77.035712],[106.978358,77.010652],[107.075393,77.02189],[107.071125,77.007357],[107.010882,76.990407],[107.070305,76.987894],[107.124474,77.00171],[107.216262,76.998425],[107.246082,77.008585],[107.314828,77.009387],[107.245725,76.985282],[107.305096,76.978786],[107.358203,76.964344],[107.311275,76.959092],[107.317412,76.94752],[107.417043,76.923163],[107.508371,76.922877],[107.531112,76.914175],[107.512522,76.90101],[107.450614,76.90146],[107.317592,76.885539],[107.259835,76.88947],[107.241425,76.882508],[107.284743,76.874396],[107.37914,76.8721],[107.361993,76.857416],[107.265701,76.848877],[107.210804,76.835954],[107.244932,76.832081],[107.311741,76.840379],[107.23574,76.797148],[107.087209,76.79865],[107.059831,76.787882],[107.035747,76.739521],[106.959808,76.738068],[106.932979,76.713321],[106.849603,76.722023],[106.7824,76.718411],[106.792101,76.684369],[106.845966,76.676916],[106.84178,76.664587],[106.768075,76.644598],[106.794282,76.631965],[106.769253,76.624459],[106.787026,76.611778],[106.733111,76.60174],[106.721955,76.584174],[106.746055,76.575875],[106.688801,76.565614],[106.658882,76.544324],[106.621635,76.536546],[106.608696,76.566522],[106.57769,76.588433],[106.539636,76.597609],[106.414008,76.576113],[106.46421,76.551814],[106.454081,76.513295],[106.622823,76.487814],[106.729736,76.488213],[106.775856,76.499652],[106.794302,76.472779],[106.858955,76.458256],[106.875,76.48231],[106.847389,76.485937],[106.890952,76.50069],[106.938476,76.504035],[107.005996,76.49418],[107.073711,76.493504],[107.099204,76.502877],[107.257668,76.51467],[107.329369,76.51108],[107.319737,76.522159],[107.4349,76.525547],[107.623804,76.492595],[107.724905,76.500342],[107.806083,76.517222],[107.890549,76.527902],[107.932044,76.539826],[107.98789,76.566789],[108.009877,76.619206],[108.040017,76.63547],[107.969014,76.652162],[107.985769,76.693136],[107.951894,76.721145],[107.999541,76.732842],[108.094293,76.73541],[108.221455,76.729466],[108.307357,76.742307],[108.358378,76.738008],[108.296164,76.718587],[108.306836,76.702011],[108.356035,76.695603],[108.38545,76.709314],[108.46094,76.708476],[108.465886,76.717271],[108.562461,76.700275],[108.661245,76.697393],[108.762275,76.69952],[109.126379,76.720508],[109.189629,76.711814],[109.426762,76.752446],[109.450962,76.733623],[109.514738,76.727066],[109.54978,76.733556],[109.624289,76.726328],[109.784575,76.697119],[109.84144,76.691178],[109.94733,76.688633],[110.054545,76.692681],[110.129985,76.706683],[110.275929,76.726524],[110.549016,76.747156],[110.644084,76.749822],[110.702698,76.745572],[110.664855,76.735383],[110.69138,76.721454],[110.796397,76.716397],[110.948403,76.729453],[111.06327,76.746259],[111.069652,76.76536],[111.133245,76.76962],[111.119702,76.75467],[111.23905,76.741516],[111.139505,76.703622],[111.207832,76.698116],[111.222755,76.68209],[111.302165,76.689894],[111.378543,76.67926],[111.492686,76.673289],[111.546857,76.674726],[111.581398,76.686166],[111.69708,76.669785],[111.609866,76.653183],[111.556005,76.626963],[111.610149,76.615022],[111.563165,76.601601],[111.582422,76.596733],[111.700813,76.603131],[111.853659,76.578599],[112.002522,76.549445],[111.982854,76.53585],[112.012685,76.51548],[112.114017,76.502602],[112.228669,76.456883],[112.243485,76.443336],[112.191809,76.438912],[112.170904,76.425109],[112.088867,76.40405],[112.08199,76.389588],[112.002289,76.363815],[112.062593,76.355938],[112.134029,76.390932],[112.179297,76.39709],[112.200583,76.409594],[112.245683,76.414205],[112.325587,76.44506],[112.400641,76.438732],[112.425972,76.451104],[112.380523,76.471748],[112.363658,76.490512],[112.292856,76.521909],[112.250387,76.527124],[112.066312,76.529663],[112.083645,76.540748],[112.052721,76.550359],[112.068585,76.568172],[111.971925,76.580375],[111.998816,76.602514],[112.180664,76.621204],[112.18932,76.610285],[112.268614,76.606989],[112.305147,76.625359],[112.277396,76.637864],[112.351425,76.636884],[112.449321,76.626689],[112.404492,76.613852],[112.475317,76.6113],[112.517009,76.594317],[112.48776,76.580516],[112.527617,76.57341],[112.514877,76.554358],[112.604463,76.538411],[112.524223,76.509166],[112.630716,76.502347],[112.706938,76.512375],[112.688396,76.52453],[112.735835,76.502989],[112.653711,76.49418],[112.616609,76.482953],[112.591909,76.459248],[112.602773,76.448106],[112.670146,76.44682],[112.73057,76.425389],[112.704686,76.376239],[112.625705,76.35885],[112.712992,76.331437],[112.808121,76.320476],[112.727034,76.288257],[112.734475,76.249916],[112.69953,76.237621],[112.728354,76.20273],[112.622157,76.214798],[112.561352,76.233148],[112.548374,76.215142],[112.600054,76.204928],[112.595855,76.193216],[112.691135,76.174289],[112.739313,76.177666],[112.750485,76.188128],[112.805932,76.188947],[112.77415,76.164719],[112.829979,76.137445],[112.880492,76.125006],[112.844496,76.10762],[112.888317,76.092042],[112.764652,76.060988],[112.83573,76.049439],[112.899598,76.050979],[112.913793,76.061079],[112.99862,76.071188],[113.050617,76.085449],[113.048267,76.109489],[112.991921,76.114174],[113.067645,76.145182],[113.193536,76.152596],[113.202612,76.169046],[113.167165,76.183117],[113.056709,76.189861],[113.023695,76.184331],[112.997334,76.225681],[112.95268,76.236531],[112.984125,76.240408],[113.169847,76.239471],[113.192887,76.259325],[113.106931,76.261651],[113.142646,76.270782],[113.221435,76.26817],[113.285057,76.254697],[113.351316,76.216879],[113.398087,76.202907],[113.478185,76.151409],[113.510406,76.101541],[113.53624,76.075101],[113.497337,76.067435],[113.537158,76.037667],[113.552582,76.015456],[113.536068,75.980958],[113.593559,75.951061],[113.545242,75.937815],[113.504276,75.940294],[113.520496,75.928373],[113.601207,75.926796],[113.584136,75.916054],[113.654211,75.912772],[113.719592,75.919186],[113.712667,75.933887],[113.618059,75.940641],[113.642771,75.951625],[113.72988,75.963716],[113.795097,75.929861],[113.849311,75.919744],[113.879146,75.926778],[113.921685,75.886222],[113.924253,75.84456],[113.904754,75.783374],[113.888602,75.763306],[113.804553,75.708623],[113.780923,75.684976],[113.726336,75.611057],[113.674514,75.581518],[113.593256,75.563084],[113.560815,75.535892],[113.524438,75.539019],[113.434407,75.535045],[113.400685,75.552755],[113.487141,75.570027],[113.581424,75.599372],[113.617101,75.622064],[113.612863,75.639503],[113.552329,75.657691],[113.316965,75.681021],[113.100719,75.678061],[113.16284,75.70338],[113.093373,75.709749],[113.081271,75.729228],[112.979574,75.738066],[112.883474,75.757362],[112.768402,75.795382],[112.659182,75.823746],[112.570372,75.830684],[112.515026,75.841432],[112.417516,75.839961],[112.413208,75.831603],[112.483718,75.821693],[112.503645,75.800482],[112.493242,75.779447],[112.580847,75.770765],[112.66262,75.770989],[112.734422,75.754513],[112.798574,75.749335],[112.845861,75.737226],[112.886602,75.713215],[112.884286,75.69552],[112.852128,75.684223],[112.791363,75.685451],[112.768001,75.678748],[112.837124,75.671841],[112.802768,75.648509],[112.884765,75.634977],[112.873977,75.61499],[112.802707,75.60087],[112.778672,75.57514],[112.796345,75.550093],[112.894922,75.536764],[112.973752,75.541447],[113.02556,75.550378],[113.036596,75.569583],[112.980992,75.585125],[112.996705,75.610098],[113.031439,75.614846],[113.256021,75.659949],[113.322804,75.647559],[113.332954,75.619874],[113.299371,75.611001],[113.358577,75.595764],[113.303357,75.594104],[113.294793,75.567337],[113.343077,75.545007],[113.3783,75.519905],[113.540971,75.501793],[113.640006,75.498551],[113.703468,75.504848],[113.737995,75.483178],[113.756904,75.44402],[113.740857,75.408236],[113.701898,75.415112],[113.634588,75.41297],[113.532165,75.390689],[113.542379,75.381803],[113.583067,75.388561],[113.692454,75.386824],[113.706642,75.374425],[113.673268,75.299817],[113.579212,75.243639],[113.510531,75.209723],[113.294512,75.141323],[113.171325,75.094363],[113.098179,75.059601],[112.992795,75.064344],[112.9724,75.057843],[113.055328,75.048492],[113.052248,75.042675],[112.93298,75.020579],[112.930442,75.008047],[112.883807,74.989062],[112.839964,74.961734],[112.754605,74.938144],[112.625632,74.923724],[112.575598,74.912533],[112.551832,74.918474],[112.42916,74.901942],[112.309866,74.89399],[112.244199,74.882339],[112.204342,74.881426],[112.132822,74.868519],[112.14432,74.854012],[112.039426,74.781456],[111.963982,74.752954],[111.983238,74.743615],[111.951002,74.726106],[111.843684,74.688283],[111.802342,74.649194],[111.768416,74.660505],[111.677874,74.678131],[111.601846,74.686811],[111.510065,74.688214],[111.44788,74.683592],[111.363147,74.668811],[111.25582,74.631013],[111.195415,74.617807],[111.158784,74.588716],[111.040783,74.552746],[111.012765,74.53862],[110.912167,74.541064],[110.819223,74.526455],[110.727558,74.506904],[110.563411,74.483639],[110.509404,74.486784],[110.455535,74.497349],[110.399987,74.500376],[110.405834,74.468309],[110.428811,74.458514],[110.403428,74.426057],[110.253945,74.388132],[110.22786,74.373883],[110.108586,74.384629],[109.983233,74.358027],[109.902107,74.325768],[109.947772,74.310906],[109.951561,74.258669],[109.929219,74.221119],[109.876055,74.186951],[109.789299,74.15736],[109.663014,74.132436],[109.609967,74.107183],[109.530755,74.077859],[109.439056,74.07694],[109.328433,74.067911],[109.250183,74.06818],[109.172912,74.060002],[109.036055,74.027522],[108.911288,73.984534],[108.866125,73.964888],[108.772151,73.934491],[108.656051,73.869854],[108.6191,73.842583],[108.483216,73.765207],[108.458362,73.763739],[108.369232,73.724205],[108.290974,73.707212],[108.225354,73.671003],[108.173028,73.659375],[108.107245,73.667877],[108.045534,73.668736],[107.992941,73.659503],[107.930238,73.638392],[107.784824,73.615038],[107.735782,73.62827],[107.595805,73.628949],[107.512562,73.617937],[107.391429,73.613461],[107.344138,73.605554],[107.317794,73.585137],[107.255189,73.569966],[107.251616,73.556711],[107.210404,73.552162],[107.205321,73.533938],[107.044488,73.486743],[107.015564,73.469722],[106.95234,73.458223],[106.897593,73.425881],[106.853615,73.385081],[106.863346,73.36651],[106.854832,73.345186],[106.796738,73.318534],[106.635234,73.295202],[106.559161,73.30882],[106.505593,73.306403],[106.407574,73.314628],[106.282585,73.320418],[106.240073,73.310839],[106.204274,73.288563],[106.12769,73.271872],[106.098585,73.25075],[106.075188,73.191152],[106.043535,73.178794],[106.063255,73.140622],[106.008286,73.134126],[105.972747,73.120372],[105.906538,73.107132],[105.896849,73.038443],[105.923208,73.007153],[105.88999,72.98967],[105.8113,72.968024],[105.796456,72.94828],[105.864818,72.939443],[105.843754,72.890473],[105.814194,72.879989],[105.766381,72.87762],[105.735775,72.902901],[105.724082,72.882502],[105.645884,72.879315],[105.615848,72.863696],[105.559247,72.855172],[105.518824,72.835478],[105.395096,72.816212],[105.403006,72.802911],[105.468774,72.807879],[105.483884,72.791747],[105.378446,72.785201],[105.350099,72.791512],[105.285339,72.789697],[105.22822,72.777123],[105.150228,72.783583],[105.161967,72.793538],[105.086064,72.805209],[105.016089,72.790663],[104.97382,72.77597],[104.87387,72.76469],[104.83088,72.75444],[104.77754,72.74979],[104.74162,72.73276],[104.69405,72.72286],[104.73066,72.71805],[104.73573,72.69481],[104.66518,72.68065],[104.64879,72.66376],[104.541733,72.630494],[104.476314,72.621881],[104.423956,72.608825],[104.757937,72.600252],[104.81839,72.62796],[104.96797,72.67492],[104.99369,72.67033],[105.049425,72.675049],[105.072632,72.688838],[104.96452,72.68502],[105.059858,72.717968],[105.141174,72.675261],[105.195763,72.688245],[105.201824,72.730907],[105.212212,72.736517],[105.149433,72.74015],[105.121519,72.748344],[105.153029,72.758032],[105.252178,72.763808],[105.271849,72.754074],[105.451538,72.741616],[105.535997,72.745371],[105.620294,72.768125],[105.701618,72.797498],[105.759473,72.807765],[105.789742,72.837544],[105.889718,72.863831],[105.922185,72.854872],[105.977157,72.869946],[105.976692,72.885024],[106.02071,72.925947],[106.058745,72.936485],[106.099508,72.934225],[106.158783,72.907652],[106.283638,72.893541],[106.308695,72.903604],[106.341374,72.887803],[106.36847,72.901422],[106.298602,72.919895],[106.23691,72.920534],[106.180588,72.927899],[106.169601,72.937321],[106.342113,72.931752],[106.36743,72.921617],[106.499398,72.898583],[106.5204,72.905456],[106.496781,72.91892],[106.448263,72.921059],[106.398561,72.93035],[106.403521,72.937983],[106.315035,72.953649],[106.261255,72.956926],[106.238733,72.94646],[106.223179,72.979517],[106.24072,73.005476],[106.214584,73.042344],[106.21474,73.095064],[106.229186,73.108781],[106.21819,73.127499],[106.314084,73.138921],[106.34679,73.185984],[106.431984,73.180557],[106.567139,73.162198],[106.688208,73.137731],[106.804481,73.12959],[106.894384,73.1307],[106.936583,73.138104],[107.018607,73.161856],[107.14679,73.164269],[107.316737,73.148755],[107.383586,73.147737],[107.482975,73.158582],[107.589737,73.152923],[107.800937,73.155661],[107.848754,73.164393],[107.96293,73.209151],[108.003756,73.221483],[108.099173,73.235039],[108.196995,73.232018],[108.243051,73.213011],[108.282043,73.208558],[108.355484,73.213008],[108.403738,73.224245],[108.407339,73.238002],[108.368943,73.257051],[108.296535,73.25668],[108.259168,73.265585],[108.20085,73.25997],[108.239724,73.284948],[108.274121,73.292851],[108.442459,73.298444],[108.659796,73.316098],[108.824553,73.339752],[108.926617,73.33734],[109.045551,73.364886],[109.096413,73.364533],[109.163242,73.371018],[109.205248,73.381825],[109.301519,73.391001],[109.287197,73.408837],[109.230792,73.427143],[109.21757,73.460698],[109.254494,73.47173],[109.334347,73.442692],[109.404568,73.429445],[109.433777,73.410643],[109.458742,73.432394],[109.394511,73.456547],[109.362482,73.484107],[109.297161,73.498131],[109.209433,73.489539],[109.191347,73.514738],[109.201118,73.54322],[109.241651,73.553545],[109.273339,73.535876],[109.45026,73.466895],[109.519425,73.452991],[109.598923,73.447802],[109.61118,73.439974],[109.66395,73.435859],[109.713632,73.440125],[109.768412,73.43363],[109.915368,73.454187],[110.012311,73.49315],[110.084946,73.488838],[110.132351,73.501012],[110.142149,73.531789],[110.166715,73.538235],[110.12635,73.545248],[110.087794,73.532856],[110.102875,73.557354],[110.144377,73.565827],[110.158572,73.558942],[110.225172,73.557684],[110.300128,73.568628],[110.351211,73.584002],[110.386857,73.587709],[110.36675,73.612838],[110.416633,73.61823],[110.473811,73.637527],[110.596204,73.630728],[110.654744,73.653281],[110.795432,73.657038],[110.837242,73.67372],[110.896765,73.678228],[110.914279,73.698611]]],[[[94.42559,76.64503],[94.42525,76.63123],[94.55065,76.61696],[94.59488,76.62716],[94.71961,76.64423],[94.7799,76.64023],[94.71002,76.62079],[94.66717,76.62235],[94.60968,76.61225],[94.58918,76.61622],[94.4742,76.60387],[94.4195,76.61313],[94.32564,76.61772],[94.37471,76.64479],[94.42559,76.64503]]],[[[94.40698,76.53988],[94.34517,76.53612],[94.30868,76.55599],[94.19175,76.55018],[94.141002,76.542952],[94.07973,76.56371],[93.97274,76.55801],[93.93851,76.57142],[93.94797,76.58109],[94.00443,76.58573],[94.1343,76.57241],[94.31309,76.56759],[94.4353,76.5484],[94.40698,76.53988]]],[[[95.50419,76.56871],[95.52106,76.57672],[95.57446,76.56801],[95.53895,76.56044],[95.50419,76.56871]]],[[[95.01558,76.56335],[95.04682,76.57742],[95.09675,76.57292],[95.01558,76.56335]]],[[[96.20633,76.5856],[96.16241,76.59817],[96.07505,76.5972],[96.01948,76.60852],[95.903212,76.574514],[95.888599,76.591835],[95.954796,76.609052],[95.897754,76.618101],[95.896346,76.628528],[95.9669,76.64247],[96.068879,76.643991],[96.069936,76.630319],[96.110428,76.631215],[96.16512,76.660803],[96.155569,76.674046],[96.19236,76.686258],[96.25741,76.67728],[96.35465,76.67116],[96.42332,76.68394],[96.46481,76.6725],[96.41927,76.6547],[96.37444,76.64814],[96.33003,76.65217],[96.27987,76.63709],[96.29778,76.61973],[96.33502,76.61387],[96.26968,76.59707],[96.23129,76.57697],[96.25965,76.55269],[96.16297,76.53397],[96.15502,76.56144],[96.21311,76.5699],[96.20633,76.5856]]],[[[95.625,76.62206],[95.59818,76.61761],[95.46576,76.62711],[95.48003,76.63873],[95.42576,76.65996],[95.4718,76.67563],[95.58491,76.67859],[95.55293,76.66484],[95.61491,76.65297],[95.64326,76.63939],[95.68651,76.64558],[95.69848,76.67243],[95.74933,76.66626],[95.85025,76.66656],[95.8412,76.64454],[95.77057,76.63727],[95.72653,76.62445],[95.625,76.62206]]],[[[95.290695,76.971926],[95.54606,77.03557],[95.57721,77.03757],[95.70497,77.06057],[95.7838,77.06089],[96.01338,77.08648],[96.17558,77.11385],[96.41694,77.17325],[96.48947,77.17742],[96.49719,77.16324],[96.57745,77.1243],[96.53524,77.09341],[96.4629,77.06009],[96.354519,77.026656],[96.34274,77.00512],[96.27623,77.0029],[96.23386,76.97376],[96.14269,76.98152],[96.11531,76.99054],[96.06421,76.97095],[96.07536,76.95547],[96.019,76.95664],[95.94375,76.94421],[95.88535,76.94103],[95.95468,76.92977],[95.93535,76.91132],[95.82506,76.90218],[95.81573,76.91674],[95.78348,76.91913],[95.7161,76.90987],[95.7183,76.94002],[95.792,76.94358],[95.80375,76.96442],[95.84902,76.97211],[95.92637,76.96806],[95.96154,76.98339],[96.02398,76.99341],[95.96121,77.0073],[95.7569,76.98703],[95.67507,76.97523],[95.67339,76.96694],[95.5175,76.98139],[95.47094,76.97507],[95.39264,76.97465],[95.29318,76.96328],[95.290695,76.971926]]],[[[100.16243,77.14679],[100.10955,77.1526],[100.16887,77.15742],[100.16243,77.14679]]],[[[102.15815,77.374391],[102.254727,77.375539],[102.208379,77.36001],[102.163173,77.36081],[102.091938,77.349189],[102.073216,77.359086],[102.15815,77.374391]]],[[[107.699271,77.267646],[107.731241,77.26405],[107.690733,77.253214],[107.583047,77.246046],[107.550828,77.231514],[107.493874,77.229481],[107.464566,77.213711],[107.365443,77.210144],[107.34977,77.219261],[107.279913,77.210987],[107.220131,77.216636],[107.349434,77.228273],[107.366451,77.241136],[107.415038,77.227382],[107.434517,77.242174],[107.487918,77.2569],[107.457915,77.267662],[107.403954,77.262875],[107.378206,77.275851],[107.29984,77.269241],[107.318872,77.301175],[107.377594,77.308276],[107.383166,77.329368],[107.427609,77.339496],[107.5669,77.320796],[107.580376,77.311379],[107.665311,77.314552],[107.69589,77.332692],[107.74503,77.321978],[107.752843,77.298816],[107.669893,77.280875],[107.699271,77.267646]]],[[[107.604215,77.340106],[107.632076,77.357843],[107.6708,77.347749],[107.604215,77.340106]]],[[[106.875,77.410014],[106.814635,77.413871],[106.770979,77.403249],[106.768573,77.377416],[106.69587,77.364094],[106.619301,77.375275],[106.531645,77.370277],[106.561207,77.387271],[106.615519,77.395788],[106.614832,77.418234],[106.706613,77.427179],[106.702488,77.438547],[106.76209,77.459067],[106.825588,77.463161],[106.835862,77.449962],[106.890088,77.440697],[106.93701,77.453136],[106.947838,77.438361],[106.875,77.410014]]],[[[97.50747,76.83726],[97.47328,76.84093],[97.40594,76.82596],[97.33959,76.82222],[97.30934,76.83117],[97.34147,76.84881],[97.37963,76.8451],[97.45076,76.85604],[97.50747,76.83726]]],[[[95.8138,76.87022],[95.867512,76.867422],[95.8604,76.85667],[95.75246,76.84557],[95.70297,76.85633],[95.74949,76.86938],[95.8138,76.87022]]],[[[96.903701,76.840396],[96.87079,76.83395],[96.84711,76.85256],[96.77127,76.84882],[96.73905,76.85824],[96.77941,76.86968],[96.80415,76.86164],[96.90717,76.85985],[96.903701,76.840396]]],[[[96.26689,76.87308],[96.1964,76.86552],[96.10358,76.86307],[96.02569,76.8668],[95.96205,76.88928],[95.85484,76.88333],[95.92433,76.89713],[95.96974,76.89341],[95.99427,76.90732],[96.09929,76.90762],[96.15804,76.9174],[96.21216,76.91699],[96.32995,76.90476],[96.36488,76.88666],[96.26689,76.87308]]],[[[94.42559,76.64503],[94.46169,76.65172],[94.40921,76.66836],[94.4532,76.68613],[94.5566,76.67875],[94.511,76.66242],[94.52162,76.65341],[94.42559,76.64503]]],[[[94.83208,76.63374],[94.96321,76.63889],[95.03463,76.65827],[95.12041,76.65092],[95.10714,76.66177],[95.14641,76.6755],[95.15181,76.69206],[95.228391,76.666349],[95.24557,76.64167],[95.29229,76.63678],[95.35147,76.64021],[95.41313,76.63247],[95.32544,76.6108],[95.22765,76.60656],[95.09669,76.6156],[94.95957,76.61362],[94.87508,76.60097],[94.82479,76.61233],[94.83208,76.63374]]],[[[97.47396,76.62605],[97.4839,76.61256],[97.54601,76.59327],[97.635,76.59191],[97.58266,76.57417],[97.4929,76.59293],[97.37106,76.59174],[97.32636,76.58303],[97.34321,76.60476],[97.40304,76.60527],[97.42748,76.61585],[97.41753,76.63293],[97.46248,76.64674],[97.42945,76.66268],[97.36336,76.66075],[97.30961,76.67319],[97.31325,76.68286],[97.36759,76.68424],[97.44419,76.69751],[97.38595,76.71004],[97.44886,76.7151],[97.44378,76.74028],[97.39624,76.73483],[97.20126,76.73554],[97.16085,76.74555],[97.19519,76.75549],[97.23455,76.74921],[97.27062,76.7573],[97.38291,76.76246],[97.44889,76.75915],[97.59207,76.77583],[97.64904,76.77224],[97.64942,76.74585],[97.62314,76.73275],[97.58866,76.74618],[97.55118,76.74762],[97.50593,76.73587],[97.46116,76.70848],[97.45481,76.66558],[97.49126,76.65161],[97.53323,76.65445],[97.555,76.64331],[97.4995,76.64634],[97.46241,76.6347],[97.47396,76.62605]]],[[[94.73815,76.69419],[94.799279,76.700645],[94.834645,76.695049],[94.79128,76.68053],[94.71345,76.68311],[94.73815,76.69419]]],[[[96.0689,76.685119],[96.044,76.6656],[95.90194,76.66471],[95.95313,76.6861],[95.97919,76.71878],[96.08889,76.707],[96.0689,76.685119]]],[[[95.81738,76.70042],[95.84121,76.69223],[95.82773,76.6755],[95.78809,76.6877],[95.70306,76.6899],[95.67038,76.7043],[95.69697,76.72063],[95.83975,76.72497],[95.81738,76.70042]]],[[[94.55681,76.69025],[94.48403,76.69425],[94.41322,76.72812],[94.43209,76.73824],[94.4945,76.71873],[94.556551,76.711841],[94.55681,76.69025]]],[[[98.00356,76.71432],[98.05582,76.72585],[98.06177,76.70753],[98.00356,76.71432]]],[[[95.47199,76.69492],[95.447892,76.684214],[95.411479,76.708058],[95.51754,76.70099],[95.47199,76.69492]]],[[[94.80832,76.73766],[94.91692,76.73405],[94.82953,76.72166],[94.80832,76.73766]]],[[[110.721721,76.769263],[110.74082,76.779867],[110.79836,76.78845],[110.837239,76.785767],[110.820684,76.775244],[110.721721,76.769263]]],[[[97.50747,76.83726],[97.55779,76.84636],[97.59532,76.86388],[97.62047,76.85191],[97.60507,76.82683],[97.67605,76.81454],[97.73445,76.8273],[97.81017,76.82846],[97.85764,76.8168],[97.92375,76.82862],[97.92873,76.81161],[97.88878,76.79443],[97.93944,76.79193],[97.942109,76.782879],[97.88029,76.74642],[97.85885,76.77989],[97.82856,76.79224],[97.78462,76.79472],[97.70622,76.81091],[97.64378,76.80564],[97.61043,76.81956],[97.5104,76.82927],[97.50747,76.83726]]]]}},{"type":"Feature","properties":{"name":"Республика Саха (Якутия)","cartodb_id":67,"created_at":"2013-12-04T04:23:51+0100","updated_at":"2013-12-04T04:34:21+0100","name_latin":"Sakha (Yakutia) Republic"},"geometry":{"type":"MultiPolygon","coordinates":[[[[161.07324,69.356931],[161.097253,69.357938],[161.093223,69.340408],[161.07324,69.356931]]],[[[161.813863,69.485954],[161.798071,69.478011],[161.758596,69.483239],[161.74263,69.506235],[161.77,69.510114],[161.75485,69.494244],[161.813863,69.485954]]],[[[161.159471,69.509375],[161.178467,69.515482],[161.21843,69.511591],[161.159471,69.509375]]],[[[161.186534,69.547048],[161.238572,69.544525],[161.214794,69.528769],[161.186534,69.547048]]],[[[161.060791,69.654765],[161.009939,69.653356],[160.973464,69.669958],[160.94873,69.660844],[160.984371,69.648582],[160.92839,69.657336],[160.951034,69.683992],[161.038902,69.6727],[161.084116,69.66054],[161.060791,69.654765]]],[[[162.461278,70.628572],[162.423414,70.633595],[162.38492,70.620146],[162.341614,70.621193],[162.239568,70.646212],[162.27099,70.650808],[162.283006,70.640106],[162.332204,70.63694],[162.380684,70.652564],[162.451759,70.641536],[162.49993,70.642762],[162.461278,70.628572]]],[[[161.71875,69.570028],[161.694559,69.58618],[161.66246,69.619803],[161.686319,69.633548],[161.753095,69.628888],[161.822447,69.644657],[161.889738,69.649852],[161.908403,69.638841],[161.929714,69.648312],[161.965208,69.643663],[161.931745,69.63228],[161.908581,69.636144],[161.87755,69.61795],[161.881841,69.589054],[161.914972,69.551064],[161.859697,69.534505],[161.762193,69.535825],[161.71875,69.570028]]],[[[161.700397,70.670123],[161.707935,70.659812],[161.666686,70.659921],[161.678448,70.686512],[161.700397,70.670123]]],[[[161.703858,70.729607],[161.683965,70.725618],[161.632797,70.750912],[161.558439,70.772313],[161.50315,70.770685],[161.50174,70.787363],[161.546582,70.817343],[161.571594,70.805471],[161.629727,70.802193],[161.657407,70.789663],[161.695226,70.790474],[161.658914,70.779922],[161.676316,70.748185],[161.706599,70.741588],[161.703858,70.729607]]],[[[160.58791,70.795582],[160.521913,70.804374],[160.50102,70.814865],[160.505896,70.835593],[160.529941,70.837594],[160.563932,70.863952],[160.547626,70.88657],[160.43296,70.899938],[160.440737,70.912462],[160.528275,70.909984],[160.591486,70.892172],[160.622593,70.892172],[160.67703,70.877741],[160.665465,70.867679],[160.677758,70.845969],[160.746286,70.822265],[160.757306,70.803919],[160.724547,70.796532],[160.664871,70.802018],[160.58791,70.795582]]],[[[161.506036,70.896109],[161.560505,70.893336],[161.571572,70.87995],[161.519831,70.888156],[161.46002,70.88358],[161.428699,70.889477],[161.447568,70.913966],[161.424275,70.924619],[161.487096,70.929578],[161.506036,70.896109]]],[[[151.02531,71.410473],[151.092277,71.418062],[151.092782,71.412954],[151.02531,71.410473]]],[[[137.932902,71.298203],[137.993457,71.290738],[137.93149,71.289482],[137.891652,71.301876],[137.935987,71.30644],[137.932902,71.298203]]],[[[137.617342,71.317619],[137.66721,71.315437],[137.659267,71.305957],[137.613082,71.298607],[137.617342,71.317619]]],[[[137.507251,71.436654],[137.530892,71.448092],[137.56659,71.437227],[137.557825,71.427856],[137.507251,71.436654]]],[[[150.432513,71.537366],[150.46875,71.533103],[150.48625,71.539872],[150.48218,71.558486],[150.529898,71.558088],[150.573164,71.548159],[150.508494,71.530192],[150.474088,71.528076],[150.432513,71.537366]]],[[[139.849286,71.466082],[139.819127,71.460019],[139.819925,71.473185],[139.849286,71.466082]]],[[[130.023619,71.572098],[130.021137,71.563423],[129.979968,71.595199],[129.995339,71.595248],[130.023619,71.572098]]],[[[139.037685,71.631221],[139.072999,71.626723],[139.107693,71.611987],[139.037685,71.631221]]],[[[136.398894,71.631483],[136.444464,71.631166],[136.554036,71.638486],[136.479632,71.626751],[136.398894,71.631483]]],[[[138.034603,71.490658],[138.008382,71.493572],[137.9672,71.478977],[137.944458,71.460067],[137.900839,71.438894],[137.86194,71.433649],[137.785556,71.410237],[137.74717,71.409581],[137.746038,71.418645],[137.70923,71.415706],[137.696955,71.428798],[137.636029,71.442054],[137.647376,71.450699],[137.610272,71.462834],[137.607352,71.474808],[137.559309,71.473432],[137.549729,71.464045],[137.494865,71.467134],[137.477726,71.455301],[137.470877,71.42037],[137.429564,71.42241],[137.362583,71.437003],[137.352934,71.44552],[137.292227,71.460211],[137.232052,71.467599],[137.212241,71.461958],[137.286744,71.436556],[137.18592,71.428409],[137.161128,71.43994],[137.125525,71.441134],[137.128298,71.451303],[137.078221,71.476002],[137.02558,71.491277],[137.023362,71.506142],[137.068546,71.505615],[137.04466,71.533292],[137.145772,71.54855],[137.203235,71.564423],[137.26433,71.574589],[137.376767,71.587635],[137.453042,71.591115],[137.63733,71.588438],[137.65777,71.582656],[137.687294,71.594429],[137.760462,71.592742],[137.774109,71.598218],[137.92483,71.587658],[137.983764,71.57325],[138.03343,71.532079],[138.019236,71.498859],[138.034603,71.490658]]],[[[129.02411,71.664337],[129.068673,71.655574],[129.04391,71.647916],[129.02411,71.664337]]],[[[138.34288,71.677177],[138.323153,71.684447],[138.367336,71.688384],[138.393873,71.678772],[138.34288,71.677177]]],[[[144.987466,71.697752],[145.055794,71.712449],[145.016991,71.698672],[144.987466,71.697752]]],[[[150.000442,71.770607],[150.000272,71.761395],[149.902451,71.750253],[149.961138,71.766026],[150.000442,71.770607]]],[[[132.920629,71.894201],[132.93227,71.906509],[133.022242,71.903508],[133.007292,71.895242],[132.920629,71.894201]]],[[[146.051184,72.078787],[146.03973,72.088695],[146.095507,72.091604],[146.081185,72.078905],[146.051184,72.078787]]],[[[129.271418,72.018484],[129.27531,72.029976],[129.336616,72.033202],[129.329636,72.013028],[129.303794,72.000295],[129.271418,72.018484]]],[[[129.535761,72.36518],[129.556121,72.369468],[129.57324,72.404424],[129.648099,72.371744],[129.606515,72.363699],[129.571304,72.36968],[129.535761,72.36518]]],[[[129.536687,72.553998],[129.59555,72.569673],[129.593373,72.555371],[129.564778,72.539867],[129.536687,72.553998]]],[[[129.39789,72.497472],[129.342736,72.499236],[129.286138,72.517721],[129.334104,72.537575],[129.356237,72.538048],[129.450121,72.515119],[129.474195,72.493346],[129.39789,72.497472]]],[[[129.502702,72.694228],[129.34641,72.713081],[129.326355,72.720524],[129.386985,72.741495],[129.471711,72.755878],[129.472227,72.742847],[129.545849,72.729759],[129.529723,72.708084],[129.538605,72.689281],[129.502702,72.694228]]],[[[111.119565,74.276303],[111.098971,74.283168],[111.084908,74.312309],[111.156856,74.319284],[111.213643,74.305358],[111.215355,74.269366],[111.119565,74.276303]]],[[[112.808583,74.081781],[112.618825,74.091266],[112.490901,74.115039],[112.36246,74.126008],[112.322955,74.123876],[112.207752,74.135329],[112.127085,74.157155],[112.000069,74.206281],[111.954569,74.217894],[111.831097,74.234138],[111.677728,74.240431],[111.595302,74.263107],[111.511237,74.297481],[111.508354,74.324281],[111.553999,74.347582],[111.633019,74.363706],[111.746064,74.365145],[111.800824,74.354975],[111.836867,74.334579],[111.936638,74.334272],[111.959432,74.353858],[112.036853,74.360902],[112.055994,74.371858],[112.019211,74.37715],[112.025376,74.390065],[112.084121,74.418007],[112.029431,74.4393],[112.014249,74.462408],[112.009378,74.498042],[112.019907,74.539102],[112.009803,74.544563],[112.110339,74.548306],[112.312208,74.531067],[112.511291,74.517843],[112.75684,74.507568],[113.086019,74.506718],[113.259613,74.486507],[113.340783,74.470564],[113.405104,74.450331],[113.446003,74.426075],[113.467419,74.381672],[113.455543,74.369238],[113.404799,74.365518],[113.390655,74.34956],[113.403216,74.325359],[113.333997,74.291403],[113.313627,74.28883],[113.276693,74.265232],[113.229944,74.218551],[113.164751,74.190861],[113.154672,74.198971],[113.077912,74.200552],[112.987776,74.184695],[112.870747,74.094846],[112.834292,74.078661],[112.808583,74.081781]]],[[[115.969117,74.316858],[115.973236,74.289284],[116.039492,74.277321],[115.986688,74.27785],[115.952587,74.295063],[115.965334,74.324249],[116.054892,74.368339],[116.110962,74.365506],[116.149897,74.350091],[116.073189,74.363307],[115.969117,74.316858]]],[[[112.972569,74.639302],[112.941085,74.633417],[112.943283,74.661672],[112.916675,74.674466],[112.951802,74.682233],[112.986512,74.671978],[112.994222,74.6547],[112.972569,74.639302]]],[[[149.259355,74.732794],[149.173584,74.727824],[148.979378,74.728517],[148.862482,74.738961],[148.736885,74.736122],[148.651499,74.74137],[148.592392,74.750457],[148.505898,74.753624],[148.447258,74.761882],[148.358985,74.763505],[148.261126,74.771834],[148.109482,74.795453],[148.081419,74.811251],[148.011208,74.82733],[147.943295,74.864134],[147.812249,74.903844],[147.776963,74.91107],[147.754455,74.929473],[147.686092,74.953979],[147.549719,74.970534],[147.405334,74.975669],[147.317664,74.981584],[147.121029,75.007485],[146.990683,75.049439],[146.82797,75.084172],[146.753073,75.104791],[146.62332,75.122535],[146.55739,75.137049],[146.44238,75.153515],[146.323519,75.165392],[146.249433,75.185548],[146.128677,75.225427],[146.121806,75.243649],[146.22752,75.25116],[146.256127,75.268203],[146.289924,75.269743],[146.298587,75.282878],[146.275429,75.305966],[146.291257,75.310734],[146.260053,75.328362],[146.229442,75.38263],[146.249087,75.405262],[146.360365,75.441716],[146.391596,75.478106],[146.416591,75.484017],[146.41633,75.505628],[146.391737,75.521288],[146.388662,75.547049],[146.436732,75.58258],[146.515544,75.586615],[146.630128,75.556951],[146.687141,75.545793],[146.749744,75.512691],[146.726024,75.484477],[146.65484,75.467078],[146.64491,75.436949],[146.670491,75.419077],[146.726914,75.400473],[146.736686,75.373039],[146.794877,75.350307],[146.923932,75.327946],[147.042504,75.318955],[147.116768,75.318981],[147.186862,75.326884],[147.31143,75.350759],[147.36187,75.354781],[147.35083,75.367023],[147.261078,75.36136],[147.208557,75.349087],[147.171954,75.361938],[147.28933,75.384994],[147.349357,75.406483],[147.340781,75.419812],[147.45303,75.427019],[147.513421,75.420466],[147.61932,75.440618],[147.820164,75.421877],[147.85292,75.411025],[147.9852,75.392969],[148.096744,75.391791],[148.193563,75.398086],[148.368901,75.402009],[148.565677,75.373579],[148.583351,75.348295],[148.51216,75.312],[148.520274,75.287803],[148.548324,75.258065],[148.520737,75.236316],[148.523829,75.223347],[148.625244,75.199554],[148.71711,75.194051],[148.927725,75.205701],[148.968444,75.219753],[149.101991,75.225922],[149.154801,75.241327],[149.33985,75.26127],[149.384097,75.262505],[149.448896,75.255246],[149.6163,75.243385],[149.683953,75.232592],[149.828311,75.216526],[150.142474,75.20426],[150.235531,75.187882],[150.29087,75.171181],[150.332356,75.137195],[150.38605,75.116211],[150.52916,75.09638],[150.635435,75.108599],[150.68036,75.125321],[150.770523,75.140112],[150.85034,75.144969],[150.922922,75.14028],[150.965158,75.124841],[150.849814,75.090214],[150.8094,75.063546],[150.794666,75.04232],[150.695384,75.007706],[150.666356,74.976168],[150.70107,74.9602],[150.670546,74.930967],[150.629724,74.861359],[150.527784,74.859751],[150.460466,74.846822],[150.340034,74.834025],[150.161577,74.821089],[150.06587,74.817611],[149.996311,74.803108],[149.928196,74.799373],[149.807524,74.777557],[149.78233,74.781641],[149.70774,74.765198],[149.744814,74.755239],[149.600337,74.756446],[149.558501,74.742831],[149.506306,74.751267],[149.517973,74.729676],[149.472642,74.734491],[149.46006,74.747345],[149.42495,74.742222],[149.2887,74.738283],[149.259355,74.732794]]],[[[135.4996,75.438083],[135.52166,75.44615],[135.607319,75.509621],[135.645821,75.592084],[135.64138,75.6171],[135.6202,75.638629],[135.60854,75.674563],[135.650422,75.735012],[135.680955,75.757348],[135.720527,75.801863],[135.72088,75.827774],[135.679373,75.835566],[135.722156,75.871323],[135.737436,75.848367],[135.779583,75.822754],[135.795499,75.79419],[135.830006,75.76222],[135.880047,75.737459],[135.898638,75.711429],[136.000249,75.670676],[136.133692,75.637801],[136.234284,75.623771],[136.157064,75.594194],[136.1076,75.581535],[136.039401,75.528145],[135.978067,75.500897],[135.958282,75.479698],[135.99157,75.455144],[136.05557,75.442513],[136.016498,75.431526],[135.965522,75.400036],[135.870431,75.382304],[135.872672,75.375517],[135.728146,75.364551],[135.579418,75.366037],[135.536424,75.370141],[135.514717,75.384778],[135.517331,75.430076],[135.4996,75.438083]]],[[[140.569761,75.695177],[140.618113,75.703432],[140.619519,75.689131],[140.569761,75.695177]]],[[[140.981062,75.670276],[141.027489,75.673596],[141.113082,75.66744],[141.072736,75.642808],[141.046999,75.643964],[140.981062,75.670276]]],[[[140.42839,75.663718],[140.399303,75.643723],[140.469957,75.626265],[140.565633,75.625437],[140.561122,75.638711],[140.614577,75.641485],[140.626034,75.656446],[140.651872,75.65342],[140.757382,75.659937],[140.788181,75.66865],[140.79865,75.657421],[140.764175,75.654069],[140.790602,75.643621],[140.691763,75.643003],[140.656612,75.649085],[140.599407,75.631499],[140.665336,75.627897],[140.700063,75.614661],[140.765366,75.611925],[140.80532,75.620645],[140.931827,75.609987],[140.951313,75.620337],[141.012989,75.611274],[141.041785,75.621232],[141.103471,75.620958],[141.186365,75.63138],[141.197458,75.652827],[141.182177,75.666887],[141.109577,75.681746],[141.090673,75.712915],[141.040544,75.731064],[140.977867,75.737196],[141.065577,75.769116],[141.001712,75.820464],[141.022623,75.862862],[140.982856,75.900154],[140.966017,75.930036],[141.003306,75.962476],[141.01651,75.999638],[141.144332,76.012494],[141.190759,76.008759],[141.243762,76.020589],[141.312444,76.019872],[141.348541,76.026592],[141.438395,76.025936],[141.572252,76.015442],[141.592936,76.004665],[141.675714,75.991423],[141.706886,76.003212],[141.582547,76.034702],[141.559967,76.079327],[141.45513,76.119645],[141.447488,76.147244],[141.383804,76.158206],[141.350557,76.154716],[141.357425,76.170123],[141.398087,76.172742],[141.47874,76.156891],[141.565326,76.133975],[141.646816,76.122025],[141.76025,76.113271],[141.82345,76.102339],[141.87996,76.079409],[142.029064,76.035147],[142.065788,76.016853],[142.127881,76.000224],[142.242036,75.9777],[142.361715,75.939505],[142.423029,75.900575],[142.451438,75.891209],[142.608908,75.856487],[142.688119,75.845598],[142.799696,75.835721],[143.016678,75.804743],[143.163615,75.798101],[143.269921,75.811619],[143.341477,75.829026],[143.434789,75.843951],[143.584593,75.851979],[143.700379,75.84496],[143.8732,75.825832],[144.067371,75.796331],[144.126678,75.776641],[144.192293,75.762734],[144.258775,75.739332],[144.346679,75.715353],[144.396455,75.706593],[144.510347,75.699279],[144.623753,75.700058],[144.69009,75.692134],[144.751298,75.674547],[144.76422,75.658477],[144.799428,75.646914],[144.891752,75.629299],[144.966315,75.622947],[145.148767,75.593976],[145.260909,75.5692],[145.349,75.519679],[145.379385,75.513763],[145.400026,75.495119],[145.294625,75.505217],[145.16055,75.495009],[145.088162,75.483164],[145.085207,75.472977],[144.94634,75.450169],[144.85661,75.428964],[144.790177,75.395805],[144.779196,75.371328],[144.803903,75.349126],[144.837761,75.29696],[144.954889,75.269878],[144.907306,75.265689],[144.79475,75.245661],[144.778281,75.236103],[144.731155,75.165397],[144.72841,75.147816],[144.631871,75.126809],[144.59115,75.112827],[144.466701,75.081056],[144.388005,75.048038],[144.271792,75.046149],[144.185775,75.035756],[144.059496,75.039536],[144.022893,75.051815],[143.921195,75.051716],[143.878507,75.059155],[143.779672,75.066253],[143.700812,75.063358],[143.595298,75.066746],[143.486963,75.050949],[143.377804,75.047201],[143.28597,75.078938],[143.231136,75.088689],[143.177466,75.105717],[143.084714,75.110664],[143.070817,75.132769],[143.03872,75.138422],[142.963707,75.136005],[142.926942,75.144493],[142.945365,75.156094],[142.902052,75.180477],[142.883642,75.217171],[142.816177,75.226397],[142.772694,75.222901],[142.78299,75.242243],[142.737456,75.264819],[142.742504,75.299789],[142.692939,75.315486],[142.615013,75.321659],[142.588162,75.334619],[142.524551,75.343985],[142.557598,75.365741],[142.549769,75.392622],[142.609544,75.435146],[142.610131,75.449962],[142.569689,75.456878],[142.619419,75.474555],[142.665443,75.471807],[142.69647,75.50276],[142.789834,75.536568],[142.909387,75.555567],[142.958237,75.572546],[143.020709,75.583267],[143.082677,75.618767],[143.094136,75.637834],[143.084919,75.67804],[143.0516,75.683439],[143.028487,75.710471],[142.920715,75.725159],[142.770011,75.721081],[142.766059,75.731204],[142.63852,75.730577],[142.601359,75.722396],[142.458915,75.711553],[142.467199,75.732198],[142.41952,75.737339],[142.379138,75.710493],[142.480424,75.694047],[142.420981,75.667326],[142.33236,75.657107],[142.258613,75.662617],[142.179695,75.655867],[142.287159,75.647136],[142.297604,75.637116],[142.23442,75.620334],[142.161446,75.607673],[142.188921,75.591698],[142.140815,75.553613],[142.086874,75.543904],[142.109108,75.526684],[142.10677,75.509068],[142.148862,75.49916],[142.147991,75.487923],[142.183989,75.472928],[142.184902,75.433325],[142.161947,75.418877],[142.174051,75.392248],[142.241504,75.351024],[142.279347,75.321184],[142.27023,75.308715],[142.32799,75.29755],[142.41557,75.258823],[142.448404,75.219273],[142.51831,75.182672],[142.563427,75.174706],[142.58945,75.146806],[142.633678,75.136532],[142.656403,75.102896],[142.729059,75.086519],[142.76855,75.071368],[142.838826,75.067546],[142.98804,75.065713],[143.059392,75.059757],[143.169027,75.037158],[143.274751,75.027087],[143.39464,74.996986],[143.423735,74.994977],[143.539159,75.00281],[143.598908,74.991561],[143.673012,74.966423],[143.699589,74.949557],[143.681354,74.930353],[143.602206,74.91683],[143.54905,74.89713],[143.47223,74.888029],[143.224314,74.887068],[143.162237,74.877658],[143.031365,74.874477],[143.02779,74.88831],[142.958228,74.892242],[142.929447,74.869743],[142.86513,74.863891],[142.813534,74.886925],[142.740509,74.890945],[142.700816,74.864159],[142.69684,74.850134],[142.657653,74.849273],[142.625967,74.829762],[142.653536,74.825779],[142.695861,74.841197],[142.76136,74.84172],[142.665558,74.824776],[142.560701,74.801534],[142.49708,74.79722],[142.430169,74.801821],[142.359418,74.813607],[142.26399,74.836291],[142.0982,74.879576],[141.909175,74.932572],[141.973682,74.930253],[142.011942,74.943667],[142.024989,74.960694],[142.127938,74.968896],[142.230984,74.952268],[142.314073,74.911564],[142.361707,74.912179],[142.371773,74.92055],[142.346886,74.939095],[142.221444,74.968415],[142.23333,75.000032],[142.20768,75.0063],[142.0853,74.992606],[141.895374,74.99943],[141.860759,74.997903],[141.761625,74.96811],[141.654964,74.960266],[141.603372,74.949424],[141.62948,74.938624],[141.771365,74.946364],[141.554455,74.928984],[140.974177,74.893512],[140.686654,74.868392],[140.189173,74.804701],[140.06113,74.795521],[139.91937,74.791554],[139.844026,74.802225],[139.937808,74.79539],[140.082215,74.801227],[140.096436,74.807927],[140.040119,74.836308],[140.026551,74.850301],[140.031225,74.877145],[139.965608,74.900252],[139.912923,74.900252],[139.905021,74.915513],[139.833238,74.922024],[139.777261,74.944791],[139.714699,74.956932],[139.642916,74.9624],[139.6034,74.947528],[139.601428,74.936407],[139.555329,74.931443],[139.524607,74.910251],[139.51216,74.870621],[139.525079,74.85642],[139.60452,74.835639],[139.642415,74.839652],[139.69408,74.862747],[139.683064,74.846851],[139.595997,74.824178],[139.54251,74.764795],[139.512491,74.739877],[139.455803,74.706155],[139.369364,74.675124],[139.24272,74.642007],[139.164054,74.634694],[139.090748,74.634339],[139.034194,74.640481],[138.8057,74.693884],[138.656542,74.717357],[138.549598,74.727774],[138.435686,74.734373],[138.230377,74.75546],[138.176369,74.756623],[138.100785,74.79013],[138.058034,74.81409],[137.997058,74.836752],[137.982584,74.856475],[137.941308,74.876068],[137.907402,74.91375],[137.871068,74.938115],[137.801812,74.95938],[137.738055,74.970484],[137.663753,74.997783],[137.570082,75.013563],[137.531061,75.015826],[137.388317,75.052281],[137.35833,75.055315],[137.31687,75.079935],[137.246147,75.106322],[137.148019,75.166161],[137.066246,75.208157],[137.00268,75.234537],[136.95296,75.26351],[136.966935,75.267099],[136.966798,75.29811],[136.931515,75.34398],[137.062286,75.366806],[137.196606,75.375117],[137.21745,75.390199],[137.17778,75.432501],[137.246354,75.443046],[137.297739,75.470513],[137.27847,75.493245],[137.187373,75.526662],[137.106567,75.543166],[137.043951,75.561386],[136.990709,75.585321],[137.1644,75.623131],[137.225877,75.651389],[137.217453,75.681737],[137.149479,75.697533],[137.154998,75.725924],[137.213829,75.751003],[137.26847,75.765249],[137.353927,75.767201],[137.426244,75.758314],[137.432556,75.750877],[137.498356,75.752855],[137.563774,75.765983],[137.610255,75.792673],[137.571043,75.822172],[137.49766,75.850723],[137.441492,75.880913],[137.441761,75.909077],[137.514059,75.948284],[137.6577,75.990807],[137.772213,75.998396],[137.830151,75.992622],[137.97062,76.001308],[138.005356,75.991893],[138.102617,75.999403],[138.164216,76.03432],[138.159585,76.043818],[138.198489,76.067367],[138.140018,76.06156],[138.204517,76.100918],[138.268345,76.119416],[138.42551,76.137199],[138.595907,76.173177],[138.718993,76.191849],[138.84264,76.200841],[139.06171,76.195867],[139.030277,76.179557],[139.039843,76.156929],[139.10555,76.119453],[139.176164,76.088244],[139.241397,76.070881],[139.320128,76.060708],[139.426384,76.052225],[139.544162,76.015302],[139.549923,76.001993],[139.60113,75.984796],[139.73491,75.973165],[139.880832,75.964055],[140.001317,75.947209],[139.93926,75.917486],[139.862197,75.912032],[139.83131,75.893946],[139.835826,75.871349],[139.914592,75.867114],[139.94857,75.846641],[139.99246,75.832559],[140.069773,75.822246],[140.173477,75.795291],[140.308368,75.803251],[140.430484,75.795397],[140.47555,75.786433],[140.495101,75.762464],[140.422771,75.753872],[140.467478,75.737117],[140.432514,75.73014],[140.389907,75.696318],[140.37851,75.672789],[140.42839,75.663718]]],[[[141.35611,76.075876],[141.40267,76.071462],[141.360113,76.066165],[141.35611,76.075876]]],[[[140.92852,76.078168],[140.934831,76.09094],[141.088852,76.093232],[141.071742,76.070761],[140.962511,76.066043],[140.92852,76.078168]]],[[[110.914279,73.698611],[110.843917,73.718953],[110.866858,73.733459],[110.883231,73.762895],[110.907194,73.768841],[110.991666,73.812938],[111.056944,73.823841],[111.132383,73.821506],[111.168105,73.827327],[111.234498,73.82194],[111.226024,73.838634],[111.32291,73.852293],[111.439663,73.810068],[111.551647,73.778909],[111.674971,73.75413],[111.896061,73.72714],[112.297986,73.701064],[112.481844,73.702626],[112.811923,73.71759],[112.89653,73.733578],[112.971961,73.765484],[112.997191,73.786184],[112.99718,73.807175],[112.895209,73.90611],[112.878112,73.909878],[112.829406,73.974739],[112.829928,74],[112.852119,73.993099],[112.959218,73.934972],[113.008183,73.914128],[113.162151,73.873423],[113.234034,73.81046],[113.24418,73.791956],[113.326817,73.726858],[113.370251,73.709691],[113.393008,73.684489],[113.43135,73.66262],[113.460881,73.630363],[113.465289,73.600754],[113.451575,73.584148],[113.361606,73.577497],[113.277322,73.526889],[113.260952,73.478484],[113.197133,73.448159],[113.247861,73.425784],[113.305272,73.411195],[113.327494,73.384971],[113.390243,73.363162],[113.449178,73.350357],[113.530822,73.348278],[113.554356,73.33997],[113.581329,73.314317],[113.563459,73.294577],[113.553448,73.255775],[113.481776,73.226425],[113.519991,73.206089],[113.534935,73.188941],[113.510388,73.170361],[113.517917,73.15488],[113.575211,73.135114],[113.610169,73.145671],[113.579599,73.162053],[113.627725,73.155169],[113.66677,73.158618],[113.598918,73.203053],[113.580553,73.226545],[113.590865,73.234902],[113.692707,73.258555],[113.7186,73.27406],[113.767853,73.321648],[113.832417,73.324176],[113.870709,73.346242],[113.842732,73.350424],[113.814675,73.37174],[113.76423,73.378639],[113.730605,73.393208],[113.68802,73.398293],[113.651476,73.420353],[113.620498,73.422924],[113.542677,73.464126],[113.557954,73.490731],[113.521718,73.507277],[113.630089,73.514927],[113.72537,73.530119],[113.88429,73.538799],[113.955034,73.54674],[114.009719,73.564148],[114.101113,73.58435],[114.19999,73.593484],[114.317755,73.598336],[114.448482,73.58372],[114.55472,73.580631],[114.83637,73.597637],[114.917869,73.59705],[114.979102,73.606974],[115.025365,73.625431],[114.984354,73.631179],[115.077653,73.647637],[115.102123,73.66396],[115.211727,73.683696],[115.257745,73.678329],[115.248748,73.694867],[115.339717,73.704158],[115.374925,73.697786],[115.435381,73.703223],[115.449214,73.711118],[115.656969,73.709338],[115.744464,73.695946],[115.79771,73.701876],[115.866418,73.695099],[115.916413,73.695615],[116.053374,73.686433],[116.165257,73.666846],[116.300132,73.655071],[116.397121,73.657796],[116.48478,73.669779],[116.622841,73.668537],[116.691036,73.663537],[116.725681,73.654388],[116.863678,73.643026],[117.004203,73.619949],[117.109196,73.614684],[117.194186,73.606704],[117.316706,73.578965],[117.466377,73.569362],[117.583929,73.575074],[117.744442,73.569842],[117.92593,73.570274],[117.970628,73.578249],[118.095293,73.578405],[118.233521,73.566272],[118.326618,73.567752],[118.519308,73.56198],[118.625811,73.561953],[118.794205,73.541164],[118.878181,73.517941],[119.005276,73.492485],[118.981309,73.475843],[118.909731,73.478296],[118.867356,73.489156],[118.837082,73.487634],[118.838767,73.469984],[118.862288,73.455208],[118.905275,73.454566],[118.837513,73.433446],[118.767825,73.426634],[118.72137,73.436605],[118.69596,73.451379],[118.576416,73.467774],[118.512673,73.437322],[118.473721,73.437599],[118.433757,73.4205],[118.397081,73.393405],[118.397776,73.369124],[118.4709,73.358145],[118.41333,73.314334],[118.402287,73.228036],[118.444307,73.211903],[118.487268,73.187066],[118.536434,73.173929],[118.594348,73.170423],[118.76236,73.139538],[118.815834,73.137158],[118.950355,73.119571],[119.105636,73.086855],[119.210348,73.074636],[119.290387,73.069286],[119.339358,73.074614],[119.355721,73.085292],[119.284428,73.097474],[119.269689,73.109141],[119.339217,73.119356],[119.38499,73.11947],[119.404015,73.110684],[119.367502,73.087969],[119.392603,73.059684],[119.506316,73.045414],[119.562927,73.060952],[119.560661,73.069418],[119.499288,73.06979],[119.428868,73.077666],[119.448756,73.097373],[119.565919,73.10515],[119.620598,73.10037],[119.657549,73.083274],[119.720399,73.069538],[119.780552,73.064257],[119.712512,73.03576],[119.730537,73.013784],[119.660944,73.022115],[119.638071,73.035835],[119.644779,73.05122],[119.615182,73.078959],[119.567856,73.070607],[119.630177,73.006659],[119.691207,72.994103],[119.708739,72.977505],[119.789046,72.960953],[119.833717,72.945888],[119.91838,72.930884],[119.908757,72.917466],[119.99012,72.907208],[120.031805,72.906848],[120.217921,72.916271],[120.306608,72.906536],[120.359728,72.895432],[120.480041,72.87729],[120.605874,72.863964],[120.728579,72.856215],[120.736046,72.871976],[120.683694,72.87498],[120.579598,72.888483],[120.533138,72.899531],[120.437261,72.905139],[120.378405,72.918021],[120.244198,72.936064],[120.16798,72.924089],[120.082152,72.926172],[120.003348,72.943974],[119.880718,72.965269],[119.827497,72.983058],[119.801865,73.000289],[119.855203,73.013745],[120.001944,73.007171],[120.081171,72.995122],[120.184514,72.991365],[120.197231,73.003574],[120.203968,72.992596],[120.288923,72.988817],[120.321911,72.99225],[120.459127,72.974366],[120.533346,72.978597],[120.6324,72.975965],[120.710087,72.967402],[120.802614,72.951111],[120.972657,72.931357],[121.0538,72.924126],[121.133055,72.923942],[121.283699,72.93773],[121.442398,72.961608],[121.51583,72.961788],[121.624952,72.968053],[121.730452,72.967044],[121.753376,72.95165],[121.883664,72.939601],[121.894897,72.932924],[122.020095,72.91296],[122.055939,72.910277],[122.110335,72.896485],[122.170227,72.892791],[122.233419,72.879764],[122.367491,72.871262],[122.423088,72.859654],[122.458803,72.85985],[122.486539,72.879105],[122.526107,72.880339],[122.558432,72.866888],[122.639642,72.848742],[122.744702,72.816285],[122.764139,72.822659],[122.700279,72.842683],[122.711811,72.848772],[122.65717,72.86544],[122.613076,72.871796],[122.581231,72.90589],[122.52502,72.912941],[122.533862,72.918856],[122.585587,72.914107],[122.714027,72.911947],[122.719146,72.919627],[122.67539,72.930089],[122.607744,72.93158],[122.469747,72.956751],[122.475203,72.963015],[122.572202,72.976416],[122.611081,72.969323],[122.622289,72.976966],[122.554556,72.992543],[122.530943,72.987158],[122.53719,73.001351],[122.595914,73.025913],[122.657289,73.028328],[122.634872,73.054085],[122.729522,73.039656],[122.78205,73.020475],[122.810774,73.022354],[122.806906,73.008095],[122.864104,72.998122],[122.900394,73.001694],[123.054579,72.990379],[123.020944,72.981055],[123,72.963564],[123.050541,72.95459],[122.982882,72.95053],[123.004731,72.94144],[123.105377,72.933346],[123.13199,72.926931],[123.134182,72.903387],[123.175793,72.894962],[123.240813,72.898742],[123.316733,72.920121],[123.383816,72.96418],[123.437314,72.966545],[123.42569,72.989312],[123.405115,72.993366],[123.378914,73.015539],[123.388433,73.046315],[123.429866,73.061966],[123.440744,73.08063],[123.469551,73.081006],[123.49051,73.113476],[123.630117,73.10413],[123.61896,73.125813],[123.555124,73.151109],[123.471792,73.146173],[123.469004,73.164754],[123.515702,73.166362],[123.531421,73.175111],[123.579711,73.176141],[123.607549,73.188608],[123.706549,73.179498],[123.719434,73.193209],[123.623142,73.203779],[123.570931,73.198514],[123.581231,73.213856],[123.556131,73.233151],[123.513502,73.231032],[123.48817,73.241719],[123.532547,73.241348],[123.568645,73.263579],[123.529045,73.266118],[123.496759,73.257374],[123.500844,73.275226],[123.42073,73.275673],[123.410267,73.290636],[123.472112,73.291281],[123.428809,73.311506],[123.388494,73.313651],[123.401701,73.325058],[123.369887,73.338107],[123.389588,73.357275],[123.447583,73.363703],[123.442938,73.370396],[123.34459,73.380866],[123.265723,73.396993],[123.305365,73.405811],[123.328653,73.391109],[123.368204,73.393627],[123.380286,73.4043],[123.340277,73.410272],[123.320696,73.432565],[123.350635,73.452456],[123.382329,73.457654],[123.348009,73.471924],[123.294234,73.465589],[123.365185,73.486425],[123.381196,73.504941],[123.336052,73.509906],[123.314122,73.534706],[123.33432,73.546294],[123.396087,73.544293],[123.396079,73.564582],[123.373595,73.580673],[123.420278,73.569751],[123.486935,73.576694],[123.41294,73.610039],[123.465245,73.601762],[123.427299,73.649923],[123.461293,73.643492],[123.499381,73.650028],[123.553646,73.648864],[123.581354,73.663672],[123.617929,73.668438],[123.595667,73.693026],[123.700867,73.695373],[123.716648,73.668663],[123.663521,73.665978],[123.662559,73.633763],[123.746349,73.613239],[123.786006,73.650513],[123.765116,73.669943],[123.772099,73.68154],[123.824341,73.672921],[123.857881,73.686742],[123.85215,73.716227],[123.870539,73.70972],[123.959863,73.703203],[123.990176,73.721998],[123.969781,73.74555],[123.911409,73.738721],[123.893038,73.729808],[123.790999,73.721281],[123.798716,73.702016],[123.762328,73.703696],[123.767744,73.718171],[123.736456,73.721224],[123.700363,73.712347],[123.615173,73.739946],[123.663178,73.738443],[123.715489,73.720348],[123.711322,73.74412],[123.858075,73.768467],[123.906749,73.761749],[123.917088,73.77555],[123.962282,73.775873],[123.969156,73.785673],[123.927385,73.791409],[123.987792,73.805885],[124.001229,73.796279],[124.043806,73.795095],[124.064406,73.80608],[124.098398,73.799816],[124.099134,73.761523],[124.010489,73.734859],[124.022468,73.711562],[124.044462,73.709771],[124.12489,73.72829],[124.088241,73.692851],[124.095752,73.681237],[124.041132,73.684065],[123.987679,73.65704],[124.023202,73.649303],[124.048664,73.664765],[124.126841,73.668373],[124.159762,73.67579],[124.127475,73.688119],[124.175736,73.71049],[124.252681,73.728879],[124.182703,73.738577],[124.164107,73.752248],[124.204661,73.765592],[124.252634,73.754755],[124.272616,73.75853],[124.27486,73.778051],[124.326392,73.774064],[124.355384,73.796601],[124.485706,73.796454],[124.472928,73.782736],[124.412819,73.774663],[124.421576,73.762812],[124.514032,73.774769],[124.495145,73.758234],[124.577196,73.759443],[124.589702,73.743311],[124.647397,73.742963],[124.632742,73.72909],[124.643023,73.714192],[124.684459,73.716318],[124.687002,73.731223],[124.751865,73.742003],[124.733233,73.720121],[124.753338,73.70388],[124.706105,73.696015],[124.733157,73.690031],[124.806394,73.695973],[124.866664,73.725063],[124.918452,73.718639],[124.896707,73.703115],[124.855797,73.691567],[124.939838,73.694472],[124.951532,73.676263],[124.911864,73.663469],[124.965406,73.64888],[124.989659,73.659581],[124.998028,73.691226],[125.024543,73.698508],[125.045931,73.675486],[125.018857,73.626597],[125.087653,73.62737],[125.11221,73.640877],[125.081454,73.66565],[125.127062,73.669049],[125.141795,73.703871],[125.164434,73.704538],[125.147028,73.687073],[125.15625,73.664731],[125.186487,73.643764],[125.150301,73.643109],[125.15625,73.63285],[125.228355,73.635301],[125.265784,73.605766],[125.215066,73.587459],[125.203585,73.527874],[125.233019,73.525332],[125.260175,73.555505],[125.240365,73.561294],[125.291613,73.570775],[125.2757,73.544519],[125.328882,73.528307],[125.370428,73.525957],[125.347204,73.543725],[125.369412,73.583262],[125.403512,73.584614],[125.388548,73.572075],[125.441362,73.566064],[125.503849,73.545873],[125.520231,73.532071],[125.608709,73.536202],[125.679941,73.527233],[125.691071,73.511802],[125.649938,73.496568],[125.673626,73.481339],[125.705041,73.490916],[125.792822,73.490613],[125.79655,73.51139],[125.748849,73.511169],[125.719494,73.551133],[125.668383,73.549307],[125.671324,73.56189],[125.721799,73.576495],[125.772973,73.583168],[125.828397,73.625192],[125.830114,73.649774],[125.883454,73.651077],[125.897338,73.634911],[125.832078,73.615271],[125.783442,73.582816],[125.794867,73.544108],[125.768769,73.543709],[125.755476,73.521248],[125.875885,73.515909],[125.888643,73.510215],[125.857396,73.489287],[125.749005,73.486869],[125.7292,73.477607],[125.679354,73.479639],[125.683438,73.467935],[125.736867,73.461099],[125.80776,73.461423],[125.831007,73.471623],[125.876735,73.472182],[125.922407,73.487948],[125.946392,73.524618],[125.96684,73.511102],[126.037912,73.485773],[126.046724,73.49715],[126.107508,73.49953],[126.112563,73.512131],[126.183753,73.506448],[126.194382,73.526537],[126.253447,73.543042],[126.302826,73.550202],[126.339978,73.543514],[126.336494,73.528384],[126.376766,73.512781],[126.437039,73.5102],[126.429742,73.454371],[126.472167,73.443637],[126.447909,73.431964],[126.490358,73.420589],[126.472099,73.407841],[126.508225,73.38718],[126.540809,73.387439],[126.527263,73.410034],[126.5625,73.420836],[126.535312,73.441065],[126.594605,73.440221],[126.688028,73.458656],[126.6668,73.440014],[126.679141,73.428392],[126.670439,73.390459],[126.712662,73.389143],[126.73848,73.423679],[126.763467,73.438007],[126.910164,73.454724],[126.94083,73.438542],[126.848686,73.430074],[126.822355,73.412043],[126.861782,73.383053],[126.903536,73.388326],[126.893855,73.412513],[126.922785,73.424816],[126.955499,73.41338],[127.010752,73.488293],[126.951535,73.498586],[126.898586,73.501259],[126.954196,73.513821],[127.046862,73.522114],[127.131406,73.523138],[127.279575,73.518523],[127.356102,73.504568],[127.370983,73.490117],[127.442257,73.477369],[127.459718,73.468042],[127.523794,73.47438],[127.573592,73.496189],[127.448769,73.50936],[127.519026,73.518811],[127.552082,73.516485],[127.603181,73.524497],[127.662484,73.52616],[127.812002,73.513003],[127.911118,73.496931],[127.956821,73.484643],[127.941611,73.469236],[128.033291,73.466868],[128.09198,73.443369],[128.135304,73.437164],[128.167336,73.423242],[128.250227,73.41078],[128.259823,73.395741],[128.15247,73.398144],[128.151357,73.384598],[128.232801,73.370605],[128.339524,73.368159],[128.483852,73.345061],[128.481016,73.321039],[128.500564,73.306524],[128.472223,73.288697],[128.440411,73.283888],[128.440917,73.268305],[128.376809,73.275148],[128.329921,73.271553],[128.36409,73.259141],[128.447719,73.2498],[128.444632,73.235612],[128.533578,73.242148],[128.574399,73.250482],[128.756096,73.245921],[128.84124,73.233485],[128.881244,73.208986],[128.975832,73.199566],[128.999684,73.173253],[128.921299,73.147434],[128.857844,73.15251],[128.886188,73.129279],[128.916145,73.120351],[128.916665,73.103234],[128.96107,73.087663],[129.034852,73.116277],[129.094696,73.1275],[129.1861,73.119007],[129.227268,73.106958],[129.242899,73.093655],[129.348601,73.066677],[129.34935,73.060288],[129.409445,73.044337],[129.41362,73.035642],[129.460131,73.040653],[129.498746,73.02881],[129.421386,72.994875],[129.463086,72.986993],[129.484483,72.971741],[129.533874,72.961527],[129.556656,72.93796],[129.471272,72.934343],[129.46415,72.928228],[129.384339,72.937847],[129.301579,72.932876],[129.318692,72.91701],[129.366636,72.923572],[129.420522,72.922446],[129.397495,72.903841],[129.34826,72.917728],[129.27788,72.919624],[129.246036,72.942659],[129.181634,72.944004],[129.246161,72.951601],[129.250745,72.967691],[129.32521,72.98777],[129.380959,72.982691],[129.421162,72.985551],[129.366559,73.003412],[129.272241,73.004709],[129.23782,72.979203],[129.17671,72.973772],[129.122665,72.976877],[129.108668,72.970115],[129.145116,72.949526],[129.061545,72.957616],[129.014499,72.957114],[128.927341,72.966299],[128.859466,72.951956],[128.78057,72.923272],[128.82156,72.911049],[128.848455,72.915925],[128.869191,72.932546],[128.964857,72.948552],[129.023437,72.935056],[129.085839,72.93704],[129.168453,72.931241],[129.28062,72.900714],[129.262614,72.886942],[129.36237,72.885256],[129.411491,72.870855],[129.412933,72.858333],[129.476571,72.84082],[129.523497,72.817965],[129.466586,72.823214],[129.412696,72.811067],[129.419457,72.804666],[129.337168,72.7923],[129.338775,72.786037],[129.491848,72.783297],[129.422911,72.768378],[129.344373,72.763289],[129.305358,72.749428],[129.318132,72.741488],[129.211275,72.730002],[129.152834,72.735293],[129.115321,72.722032],[129.152656,72.714598],[129.226573,72.715551],[129.23423,72.709666],[129.302116,72.710597],[129.309722,72.703304],[129.18613,72.710865],[129.18429,72.698858],[129.276097,72.694794],[129.307758,72.688999],[129.385831,72.688226],[129.4455,72.672263],[129.515091,72.632749],[129.486229,72.625156],[129.467938,72.645129],[129.37312,72.655036],[129.33616,72.647692],[129.342852,72.639632],[129.388253,72.641721],[129.443648,72.632153],[129.43168,72.597176],[129.315681,72.60314],[129.214854,72.598803],[129.220734,72.590876],[129.196209,72.611468],[129.143237,72.611641],[129.130511,72.624169],[129.092831,72.612693],[129.161733,72.578285],[129.0969,72.575005],[129.062806,72.578724],[129.003105,72.574773],[129.014184,72.567491],[129.07129,72.567479],[129.051643,72.552411],[129.136878,72.56208],[129.294398,72.555139],[129.300247,72.54836],[129.244869,72.545752],[129.15892,72.549416],[129.13836,72.533208],[129.191995,72.536996],[129.186786,72.527036],[129.108556,72.528371],[129.077858,72.509606],[129.024339,72.513581],[128.979283,72.529038],[128.86571,72.533466],[128.85432,72.521449],[128.782174,72.511802],[128.748359,72.499371],[128.69402,72.498912],[128.688227,72.490344],[128.793493,72.487926],[128.807831,72.496116],[128.863802,72.50421],[128.908826,72.502319],[128.93171,72.514593],[128.969107,72.511791],[128.964036,72.497865],[128.891051,72.492473],[128.94794,72.485471],[128.937829,72.465028],[128.830569,72.470331],[128.821861,72.450777],[128.933636,72.453018],[128.965807,72.459414],[129.092883,72.472008],[129.133764,72.486966],[129.18049,72.492805],[129.265356,72.491689],[129.242315,72.482392],[129.20418,72.485628],[129.179378,72.466106],[129.243803,72.466933],[129.225918,72.460055],[129.36795,72.444769],[129.450773,72.422114],[129.430806,72.400185],[129.3878,72.40334],[129.309542,72.42034],[129.265025,72.411206],[129.290167,72.398141],[129.350181,72.401365],[129.359258,72.390618],[129.429932,72.381024],[129.48311,72.382179],[129.486332,72.360709],[129.52853,72.348336],[129.521501,72.338134],[129.539321,72.31458],[129.523885,72.30389],[129.489424,72.303212],[129.40797,72.282693],[129.391443,72.271277],[129.469253,72.270044],[129.460195,72.243237],[129.42779,72.253913],[129.390074,72.253097],[129.401765,72.232378],[129.463894,72.223937],[129.504133,72.227288],[129.564054,72.21716],[129.45747,72.201084],[129.428665,72.183774],[129.392704,72.180272],[129.40744,72.167467],[129.355535,72.156708],[129.281791,72.129872],[129.281659,72.121185],[129.329128,72.12456],[129.421084,72.144186],[129.467672,72.142292],[129.532976,72.154518],[129.55368,72.150245],[129.53546,72.125255],[129.390576,72.07986],[129.266798,72.071126],[129.217661,72.054323],[129.168361,72.055649],[129.1761,72.041334],[129.070144,72.05392],[129.051049,72.041151],[128.983481,72.03773],[128.955262,72.045461],[128.95471,72.063729],[128.91268,72.055063],[128.897698,72.067193],[128.919228,72.074612],[128.866814,72.095024],[128.837769,72.092192],[128.8653,72.074583],[128.848784,72.065372],[128.740317,72.05376],[128.64164,72.05667],[128.550833,72.075902],[128.5988,72.083161],[128.543878,72.088789],[128.545253,72.100418],[128.485098,72.112534],[128.453047,72.099927],[128.431338,72.103442],[128.46398,72.123976],[128.46185,72.140067],[128.48825,72.148826],[128.500247,72.167253],[128.465114,72.171121],[128.431273,72.159656],[128.394141,72.173598],[128.440716,72.17808],[128.40097,72.194316],[128.442454,72.203381],[128.38951,72.212678],[128.349459,72.210633],[128.294496,72.22718],[128.310545,72.245379],[128.253542,72.246832],[128.189532,72.255012],[128.138688,72.26719],[128.053594,72.299508],[128.005098,72.326356],[127.969855,72.332309],[127.92763,72.356361],[127.885213,72.35421],[127.805524,72.368184],[127.757099,72.367376],[127.725655,72.35887],[127.618943,72.376939],[127.566684,72.408514],[127.616127,72.413976],[127.655238,72.410922],[127.666059,72.418918],[127.627199,72.435264],[127.559658,72.42252],[127.521456,72.424284],[127.437859,72.442302],[127.445357,72.453606],[127.304263,72.440313],[127.244763,72.442737],[127.227682,72.435557],[127.119939,72.429711],[127.034254,72.431694],[127.099446,72.423382],[127.003507,72.426531],[126.905372,72.433702],[126.798555,72.434978],[126.759545,72.428662],[126.707381,72.436249],[126.686141,72.463359],[126.719385,72.499024],[126.791385,72.507759],[126.874504,72.523744],[127.006248,72.540184],[126.942349,72.525604],[126.954086,72.504636],[127.038237,72.512254],[127.123999,72.505027],[127.191104,72.505262],[127.197195,72.512347],[127.139563,72.510668],[127.052009,72.522486],[127.065896,72.539747],[127.180466,72.560248],[127.199712,72.58087],[127.140063,72.58007],[127.081986,72.564569],[127.020094,72.56141],[126.989678,72.566603],[126.938918,72.548193],[126.876159,72.538589],[126.786385,72.534675],[126.704519,72.519051],[126.627657,72.508438],[126.5909,72.478083],[126.600454,72.444448],[126.628501,72.414614],[126.665194,72.395617],[126.637667,72.389667],[126.719367,72.368003],[126.773612,72.374553],[126.738593,72.385465],[126.732151,72.397288],[126.843821,72.408982],[126.948583,72.41089],[127.006213,72.405817],[127.058055,72.407006],[127.141584,72.400136],[127.204271,72.406975],[127.274603,72.396096],[127.314315,72.395926],[127.412722,72.371563],[127.43413,72.377612],[127.368453,72.394973],[127.367215,72.408765],[127.44687,72.416176],[127.476058,72.410907],[127.55203,72.380296],[127.569477,72.367644],[127.503464,72.365495],[127.553055,72.356791],[127.640437,72.360221],[127.797872,72.324439],[127.829979,72.309043],[127.871875,72.270189],[127.901267,72.255533],[127.857916,72.251965],[127.787037,72.259591],[127.798354,72.240367],[127.838964,72.233711],[127.915629,72.239385],[127.974141,72.226028],[128.003962,72.200627],[128.092012,72.193899],[128.122604,72.156475],[128.20718,72.137414],[128.309182,72.125791],[128.330255,72.1067],[128.339246,72.076068],[128.383596,72.064842],[128.454372,72.05496],[128.542088,72.026823],[128.592296,72.039199],[128.63693,72.043375],[128.666838,72.038318],[128.764528,72.039738],[128.794457,72.02904],[128.881181,72.015431],[128.970583,72.009773],[129.012007,71.997108],[128.975752,71.991459],[128.848334,72.006716],[128.788116,72.004505],[128.789009,71.998629],[128.894433,71.986015],[128.948194,71.951211],[128.879945,71.926907],[128.838224,71.923953],[128.820574,71.931504],[128.787674,71.926177],[128.775067,71.902377],[128.723889,71.907381],[128.641656,71.927125],[128.569272,71.960706],[128.577223,71.991896],[128.548724,71.992088],[128.518999,72.007603],[128.506397,71.968478],[128.553892,71.914167],[128.586444,71.892776],[128.660458,71.880015],[128.703814,71.84658],[128.706273,71.821961],[128.732715,71.804368],[128.726592,71.775486],[128.75001,71.764403],[128.809722,71.750162],[128.960595,71.73786],[128.9826,71.732369],[129.089378,71.745253],[129.178441,71.767421],[129.247357,71.794941],[129.270929,71.814328],[129.270734,71.829149],[129.18485,71.880097],[129.161258,71.90567],[129.157413,71.937357],[129.137787,71.956279],[129.127271,71.98567],[129.103037,72.007786],[129.129016,71.999211],[129.170347,71.955743],[129.311012,71.888112],[129.367671,71.845342],[129.349466,71.813947],[129.387007,71.789345],[129.41637,71.786984],[129.465744,71.768218],[129.47764,71.754391],[129.535595,71.727408],[129.562386,71.724521],[129.604131,71.705741],[129.45831,71.73093],[129.409498,71.733851],[129.434579,71.744016],[129.405926,71.757238],[129.377593,71.747714],[129.381021,71.735698],[129.274969,71.72668],[129.194981,71.709402],[129.118459,71.702948],[129.03794,71.705154],[128.985893,71.687142],[128.937937,71.689688],[128.89696,71.677534],[128.870731,71.652221],[128.894363,71.632816],[128.922761,71.624142],[128.92889,71.609324],[128.909529,71.595774],[128.952033,71.579563],[129.00698,71.583019],[129.061182,71.596807],[129.14121,71.591271],[129.198831,71.611023],[129.246389,71.595636],[129.257,71.572881],[129.297573,71.558513],[129.320771,71.521935],[129.299984,71.506381],[129.307583,71.478261],[129.364475,71.468706],[129.398191,71.42852],[129.413858,71.374059],[129.442549,71.335153],[129.443008,71.320331],[129.466084,71.301877],[129.534243,71.274864],[129.663793,71.248387],[129.709368,71.234676],[129.7576,71.209445],[129.776008,71.153915],[129.821953,71.118452],[129.829324,71.087498],[129.949206,71.089993],[130.009263,71.077922],[130.05264,71.079088],[130.104196,71.071507],[130.16867,71.070092],[130.163071,71.061948],[130.216382,71.026849],[130.233261,70.995301],[130.274102,70.984035],[130.271205,70.969487],[130.240125,70.961007],[130.274089,70.935218],[130.348822,70.918843],[130.357179,70.903957],[130.445583,70.895747],[130.482537,70.899417],[130.540712,70.91479],[130.55794,70.905444],[130.55426,70.888349],[130.56747,70.862932],[130.59026,70.850723],[130.643571,70.845655],[130.711469,70.847594],[130.764294,70.855022],[130.825251,70.87846],[130.833464,70.899853],[130.816598,70.950125],[130.849452,70.966673],[130.862253,70.944559],[130.834797,70.942609],[130.833791,70.928737],[130.87994,70.912425],[130.868233,70.891836],[130.887314,70.875025],[130.8727,70.860602],[130.931118,70.840315],[130.950601,70.812755],[130.955826,70.782787],[130.934363,70.773555],[130.965214,70.744082],[131.02843,70.725754],[131.0743,70.705299],[131.267569,70.71861],[131.325519,70.724534],[131.404248,70.761367],[131.517427,70.804095],[131.51797,70.814572],[131.607215,70.854763],[131.621376,70.867606],[131.612291,70.881545],[131.703595,70.933176],[131.742797,70.962013],[131.773902,71.002219],[131.807287,71.057477],[131.821213,71.066731],[131.788198,71.086666],[131.781939,71.109268],[131.79511,71.121348],[131.920918,71.138609],[131.954156,71.1519],[131.851768,71.157837],[131.856232,71.166721],[131.968748,71.219328],[132.027342,71.228498],[132.065515,71.218668],[132.113559,71.216214],[132.118846,71.224441],[132.063421,71.230598],[132.04949,71.243104],[132.004194,71.238079],[131.988292,71.263913],[132.040581,71.318331],[132.157856,71.50393],[132.185905,71.558723],[132.30429,71.684638],[132.362181,71.728921],[132.438745,71.775416],[132.512021,71.837741],[132.559198,71.872009],[132.612601,71.90173],[132.686043,71.931826],[132.733726,71.943456],[132.786088,71.949352],[132.905911,71.945953],[133.003822,71.963671],[133.057747,71.96844],[133.135342,71.966316],[133.185469,71.951901],[133.180775,71.942016],[133.099804,71.964228],[133.037967,71.966883],[132.90641,71.944407],[132.856777,71.943864],[132.86978,71.926966],[132.903982,71.928841],[132.906478,71.913175],[132.875067,71.918669],[132.883475,71.901606],[132.830644,71.921088],[132.797448,71.924045],[132.780913,71.915666],[132.795785,71.854967],[132.818476,71.833274],[132.77383,71.823402],[132.753319,71.800766],[132.771359,71.77021],[132.808683,71.752581],[132.84862,71.744106],[132.947271,71.739417],[132.985095,71.725195],[133.003767,71.699717],[133.065863,71.672038],[133.123321,71.63317],[133.166667,71.593821],[133.274574,71.547385],[133.340557,71.524635],[133.517393,71.473126],[133.665009,71.440728],[133.873638,71.406899],[134.070729,71.380322],[134.216799,71.369836],[134.39284,71.362737],[134.47898,71.366897],[134.542507,71.376277],[134.664308,71.399284],[134.727081,71.3992],[134.78329,71.374618],[134.840905,71.367781],[134.862574,71.372852],[134.84715,71.384671],[134.770643,71.412454],[134.792036,71.424711],[134.772252,71.441004],[134.821056,71.453388],[134.83515,71.468481],[134.94593,71.495926],[134.987458,71.510337],[135.085408,71.5283],[135.149413,71.533362],[135.152589,71.538848],[135.253937,71.5599],[135.373647,71.571687],[135.498419,71.600083],[135.541877,71.612745],[135.6492,71.63553],[135.78982,71.647622],[135.926775,71.648531],[135.998892,71.645094],[136.01473,71.636962],[136.139677,71.628394],[136.213658,71.628213],[136.31451,71.614572],[136.378639,71.584496],[136.471928,71.587503],[136.471106,71.601189],[136.401686,71.596454],[136.417022,71.603484],[136.51324,71.611662],[136.589953,71.606278],[136.59863,71.600331],[136.683228,71.581263],[136.760097,71.570696],[136.61536,71.540015],[136.603955,71.528098],[136.621891,71.513273],[136.602327,71.501808],[136.627473,71.490607],[136.660216,71.508006],[136.669371,71.524605],[136.76237,71.538608],[136.816541,71.5311],[136.912026,71.534073],[136.95483,71.518858],[136.93422,71.499983],[136.965417,71.468644],[136.990284,71.461363],[137.056728,71.455204],[137.092094,71.431616],[137.131871,71.417585],[137.180156,71.412934],[137.30107,71.414312],[137.391144,71.38969],[137.440536,71.402143],[137.466811,71.398797],[137.53758,71.406503],[137.569548,71.398129],[137.61532,71.397674],[137.617961,71.382624],[137.58851,71.381583],[137.587494,71.394104],[137.493748,71.391748],[137.50777,71.37627],[137.471406,71.351795],[137.508303,71.351201],[137.525479,71.366872],[137.554651,71.355892],[137.632612,71.362927],[137.638599,71.346914],[137.5794,71.333567],[137.617342,71.317619],[137.567445,71.324394],[137.55186,71.277408],[137.604621,71.267237],[137.647434,71.249838],[137.699588,71.261251],[137.726046,71.283718],[137.79471,71.287715],[137.760616,71.267557],[137.831569,71.242543],[137.858933,71.247863],[137.86864,71.264143],[137.905134,71.259887],[137.92523,71.268658],[137.970491,71.269393],[137.995932,71.259313],[138.026666,71.266452],[138.059839,71.262881],[138.03605,71.251891],[137.96891,71.254018],[137.967634,71.2673],[137.906445,71.259141],[137.954578,71.228717],[138.026341,71.216565],[138.094607,71.216611],[138.15473,71.239785],[138.223863,71.245424],[138.237,71.233172],[138.290018,71.238461],[138.30737,71.256613],[138.352916,71.272605],[138.31139,71.285059],[138.285201,71.267292],[138.199717,71.280618],[138.167364,71.273099],[138.039646,71.290958],[138.03394,71.299565],[138.123925,71.31375],[138.201571,71.317476],[138.200095,71.327685],[138.123851,71.330375],[138.122333,71.340583],[138.087809,71.341716],[138.094891,71.326477],[137.993211,71.333454],[138.040978,71.347511],[138.010793,71.354069],[137.978551,71.350615],[137.916167,71.358304],[137.939326,71.366099],[137.909414,71.373031],[137.883368,71.360835],[137.851065,71.377441],[137.863738,71.38814],[137.940204,71.385812],[138.003229,71.415727],[138.00567,71.443904],[138.043935,71.445783],[138.091612,71.473122],[138.130905,71.546617],[138.110261,71.54963],[138.10559,71.575138],[138.12888,71.597742],[138.188531,71.594026],[138.193998,71.584387],[138.29235,71.586831],[138.41485,71.602338],[138.471539,71.620613],[138.58577,71.620939],[138.623266,71.612715],[138.762856,71.631145],[138.759599,71.645042],[138.805378,71.659634],[138.78486,71.665023],[138.74019,71.651334],[138.649632,71.641934],[138.61132,71.65629],[138.542513,71.642123],[138.42746,71.664905],[138.422102,71.680433],[138.476819,71.678603],[138.556817,71.713904],[138.659146,71.703032],[138.696987,71.706431],[138.722444,71.724888],[138.757983,71.706897],[138.794773,71.705533],[138.84898,71.722766],[138.8903,71.724758],[138.93036,71.745901],[138.9779,71.758933],[138.92376,71.776253],[138.868581,71.78741],[138.817797,71.781218],[138.69304,71.792293],[138.635259,71.803099],[138.670197,71.811706],[138.70441,71.79294],[138.752772,71.791976],[138.738542,71.821979],[138.751633,71.832359],[138.692249,71.838818],[138.613979,71.822525],[138.60936,71.845992],[138.54977,71.850104],[138.483562,71.836084],[138.43902,71.832047],[138.355567,71.842686],[138.40311,71.872483],[138.466837,71.893274],[138.581604,71.876842],[138.605573,71.862821],[138.665785,71.860488],[138.71752,71.866986],[138.796166,71.868409],[138.868045,71.857199],[138.874417,71.851645],[138.966435,71.842664],[138.997433,71.813334],[138.932708,71.821343],[138.929158,71.831275],[138.799489,71.840069],[138.764593,71.823305],[138.850946,71.813036],[138.937282,71.794549],[139.00359,71.770705],[139.061273,71.765671],[138.948297,71.738424],[138.891177,71.694983],[138.782356,71.672536],[138.808675,71.66274],[138.845202,71.662898],[138.973008,71.698038],[139.00542,71.683806],[139.043372,71.646874],[139.037685,71.631221],[138.986734,71.645391],[138.943885,71.6365],[138.908978,71.651589],[138.878716,71.646399],[138.837818,71.656424],[138.801107,71.64041],[138.849049,71.636097],[138.874517,71.625899],[138.937377,71.62173],[138.956292,71.604038],[138.992493,71.606211],[139.017077,71.587805],[139.097171,71.587598],[139.105458,71.577455],[139.151917,71.577654],[139.134512,71.56138],[139.154988,71.542225],[139.17339,71.479956],[139.219365,71.430802],[139.180412,71.435544],[139.17834,71.42351],[139.237176,71.402721],[139.307471,71.404896],[139.40014,71.417588],[139.445466,71.432023],[139.459061,71.452582],[139.45495,71.473763],[139.476,71.492081],[139.504071,71.493326],[139.64866,71.485463],[139.736827,71.477891],[139.791154,71.457798],[139.819127,71.460019],[139.849286,71.466082],[139.876803,71.462669],[139.918099,71.485398],[139.905121,71.501424],[139.929303,71.500795],[140.02098,71.470878],[140.04573,71.47407],[139.990697,71.504197],[139.953086,71.536961],[139.971645,71.544217],[139.942354,71.570635],[139.87482,71.592483],[139.84688,71.626561],[139.852495,71.634262],[139.811192,71.653177],[139.809881,71.674125],[139.7889,71.684728],[139.782722,71.717656],[139.802963,71.77094],[139.781467,71.794062],[139.788958,71.836532],[139.856248,71.848186],[139.847443,71.858101],[139.771378,71.867344],[139.750884,71.904014],[139.721807,71.920436],[139.533554,71.935118],[139.407419,71.94942],[139.37388,71.955916],[139.420635,71.958857],[139.500149,71.954631],[139.553827,71.942897],[139.60435,71.939433],[139.665413,71.949574],[139.702505,71.94957],[139.729093,71.958563],[139.709429,71.968656],[139.755051,71.977386],[139.731792,72.015953],[139.740096,72.039902],[139.763778,72.057432],[139.806631,72.074309],[139.872917,72.089524],[139.9023,72.112179],[139.907175,72.135206],[139.951009,72.162277],[139.98566,72.168847],[140.067152,72.157113],[140.0588,72.141103],[140.120044,72.131549],[140.215957,72.146393],[140.307517,72.170246],[140.277036,72.18189],[140.255989,72.207108],[140.216328,72.216153],[140.12611,72.214495],[140.083909,72.222481],[140.080442,72.241629],[140.059265,72.262738],[139.94809,72.242756],[139.921408,72.226513],[139.812197,72.220518],[139.736402,72.228096],[139.614559,72.223827],[139.563858,72.208896],[139.467425,72.172387],[139.419417,72.148493],[139.34097,72.159091],[139.29531,72.175058],[139.192284,72.178994],[139.167228,72.204323],[139.152616,72.249941],[139.215678,72.273526],[139.268704,72.307226],[139.252782,72.315521],[139.310679,72.344139],[139.3171,72.356717],[139.434157,72.357677],[139.489527,72.370885],[139.452527,72.379545],[139.44984,72.39128],[139.389023,72.391563],[139.416954,72.419901],[139.497534,72.447617],[139.534073,72.467057],[139.601938,72.488501],[139.685899,72.489454],[139.779604,72.497077],[139.816098,72.510329],[139.912954,72.510625],[140.020196,72.491759],[140.105238,72.488581],[140.163303,72.480912],[140.30545,72.479414],[140.317538,72.485077],[140.276233,72.499495],[140.259515,72.513743],[140.279429,72.525825],[140.28552,72.500806],[140.325297,72.481782],[140.414746,72.470182],[140.517374,72.468413],[140.746401,72.495554],[140.859424,72.521069],[140.89689,72.510617],[140.930558,72.510817],[140.91849,72.524807],[140.959256,72.546537],[140.945191,72.552921],[140.986917,72.558421],[140.982644,72.572601],[141.040637,72.581029],[141.097741,72.572833],[141.176265,72.581722],[141.27858,72.57854],[141.28472,72.589645],[141.178982,72.59756],[141.206393,72.605454],[141.168934,72.61852],[141.179845,72.641249],[141.144946,72.664783],[141.072615,72.68475],[141.025432,72.685784],[141.024161,72.698814],[140.96705,72.7075],[140.936887,72.735341],[140.89209,72.74452],[140.84818,72.781785],[140.80866,72.794305],[140.767489,72.794236],[140.769196,72.820789],[140.73158,72.828683],[140.732796,72.84912],[140.716084,72.871867],[140.763781,72.878287],[140.94334,72.871888],[141.008353,72.85773],[141.17378,72.854335],[141.311335,72.844973],[141.376053,72.835154],[141.438837,72.819954],[141.470136,72.794079],[141.586588,72.765415],[141.756882,72.736871],[141.982036,72.715844],[142.2529,72.705145],[142.359353,72.7042],[142.79998,72.693043],[143.050031,72.688375],[143.501904,72.683358],[143.529531,72.676528],[143.602111,72.676249],[143.748664,72.659415],[143.87183,72.654833],[143.928489,72.658601],[144.038531,72.655251],[144.273598,72.642194],[144.444513,72.629197],[144.644929,72.607515],[144.661786,72.602335],[145.029387,72.570071],[145.141106,72.563784],[145.323473,72.549679],[145.503531,72.529051],[145.621298,72.519441],[145.664808,72.509718],[145.77684,72.501683],[145.989199,72.471873],[146.15462,72.446504],[146.294655,72.422821],[146.490069,72.3984],[146.554505,72.381855],[146.570223,72.386159],[146.685358,72.366979],[146.813309,72.356843],[146.856108,72.347881],[146.863063,72.335358],[146.778133,72.334014],[146.641194,72.341951],[146.550592,72.344134],[146.33818,72.337295],[146.099357,72.343861],[145.935065,72.339062],[145.723626,72.343973],[145.679263,72.338879],[145.535482,72.354526],[145.456197,72.354919],[145.387819,72.337495],[145.325126,72.398547],[145.26696,72.404929],[145.268935,72.41513],[145.22579,72.428088],[145.117472,72.395286],[145.045171,72.423912],[144.955039,72.430207],[144.781509,72.400696],[144.753699,72.382796],[144.679173,72.348619],[144.625363,72.315574],[144.51448,72.235947],[144.49418,72.228376],[144.437634,72.230651],[144.43833,72.247783],[144.388753,72.258621],[144.371679,72.272987],[144.318648,72.281562],[144.278334,72.272258],[144.240564,72.229646],[144.310291,72.179617],[144.395286,72.160255],[144.43605,72.155066],[144.49583,72.157848],[144.523136,72.152241],[144.617726,72.166514],[144.68392,72.180126],[144.740935,72.201571],[144.765588,72.219784],[144.863251,72.222113],[144.953664,72.229532],[145.208463,72.262142],[145.279626,72.257535],[145.410898,72.262066],[145.559985,72.272902],[145.704122,72.275006],[145.885984,72.281982],[146.118091,72.296339],[146.300847,72.301892],[146.324115,72.300752],[146.498354,72.3111],[146.563805,72.312727],[146.833294,72.3084],[146.880012,72.314582],[146.952666,72.309579],[146.949857,72.295805],[146.88152,72.25911],[146.758227,72.209652],[146.705255,72.179645],[146.649335,72.139453],[146.5601,72.093022],[146.549815,72.081004],[146.494281,72.065137],[146.50965,72.060856],[146.413277,72.032913],[146.40312,72.022297],[146.324332,72.00524],[146.254946,71.975465],[146.161111,71.956578],[145.96463,71.869443],[145.966764,71.891429],[145.99625,71.950899],[145.986319,71.960125],[146.002933,72.045046],[146.02651,72.038543],[146.005787,72.018701],[146.055423,72.01511],[146.107472,72.023363],[146.146632,72.043351],[146.19436,72.057979],[146.198434,72.072483],[146.278671,72.078018],[146.315986,72.11367],[146.323192,72.095269],[146.341043,72.095038],[146.347033,72.124361],[146.329259,72.136513],[146.290072,72.13386],[146.231164,72.152878],[146.259302,72.162123],[146.221463,72.17762],[146.18392,72.173618],[146.14624,72.154104],[146.059712,72.160628],[146.037785,72.154874],[146.018463,72.128458],[146.094508,72.12726],[146.096792,72.114384],[146.048874,72.106914],[145.997335,72.105932],[146.004235,72.069873],[145.95919,72.077175],[145.956388,72.093136],[146.015785,72.152363],[146.056947,72.178986],[146.071472,72.210395],[146.01519,72.191593],[145.966377,72.165924],[145.927603,72.152296],[145.87574,72.145778],[145.88365,72.178767],[145.85139,72.202374],[145.89014,72.193725],[145.91446,72.203239],[145.857778,72.223357],[145.762576,72.242727],[145.730877,72.254893],[145.644587,72.240937],[145.646993,72.218975],[145.693069,72.222108],[145.66228,72.216436],[145.712758,72.204086],[145.742415,72.208624],[145.766766,72.224945],[145.810885,72.215671],[145.779041,72.18032],[145.798036,72.166531],[145.783273,72.159589],[145.719851,72.159975],[145.668425,72.130208],[145.660997,72.10246],[145.629171,72.093481],[145.648788,72.073801],[145.642658,72.052683],[145.659044,72.03359],[145.706874,72.027443],[145.778736,72.035813],[145.802299,72.030621],[145.821682,72.009386],[145.818702,71.985117],[145.842916,71.944539],[145.830588,71.932035],[145.79125,71.923531],[145.749896,71.900464],[145.705475,71.917179],[145.600237,71.915224],[145.496991,71.88371],[145.427885,71.883895],[145.33785,71.863015],[145.333618,71.880269],[145.292443,71.899882],[145.24219,71.907136],[145.194734,71.92699],[145.16286,71.928318],[145.14048,71.918556],[145.112931,71.937578],[145.069278,71.945539],[145.028916,71.938317],[145.027327,71.906091],[145.092667,71.88091],[145.109174,71.868013],[145.153758,71.854001],[145.218369,71.849016],[145.228238,71.832667],[145.19178,71.80171],[145.115771,71.796948],[145.042058,71.758824],[144.989222,71.775672],[144.92764,71.770667],[144.908283,71.762102],[144.913851,71.745605],[144.9957,71.729071],[144.94432,71.725269],[144.949126,71.697522],[144.987466,71.697752],[145.007397,71.687992],[145.070876,71.687806],[145.0392,71.663386],[145.075688,71.653395],[145.1082,71.666526],[145.108726,71.685846],[145.146464,71.668518],[145.189056,71.658756],[145.259455,71.671671],[145.33136,71.680046],[145.335193,71.654092],[145.379388,71.651805],[145.381094,71.659193],[145.391301,71.654093],[145.473234,71.660134],[145.468142,71.666145],[145.522163,71.677684],[145.550219,71.699562],[145.680716,71.722808],[145.714915,71.706085],[145.796755,71.707129],[145.955057,71.750771],[145.98558,71.751775],[146.060169,71.773662],[146.151159,71.806878],[146.230481,71.844221],[146.253567,71.862053],[146.316038,71.884957],[146.346296,71.907199],[146.345025,71.920055],[146.420667,71.940261],[146.447004,71.958243],[146.49053,71.973942],[146.55337,72.012421],[146.640388,72.050188],[146.68163,72.081568],[146.71907,72.094839],[146.774254,72.13529],[146.793218,72.157051],[146.829419,72.177529],[146.899046,72.206493],[147.0522,72.258549],[147.098813,72.292275],[147.141165,72.305334],[147.190614,72.304299],[147.287858,72.31457],[147.362123,72.314368],[147.488377,72.32489],[147.554818,72.319224],[147.614279,72.326999],[147.786902,72.32267],[147.937327,72.313444],[148.009455,72.314103],[148.111698,72.322519],[148.31274,72.317339],[148.385355,72.319],[148.583341,72.294354],[148.773337,72.261956],[148.953473,72.243142],[148.980304,72.234067],[149.030451,72.23588],[149.199477,72.213928],[149.316735,72.195573],[149.46255,72.168426],[149.55853,72.145155],[149.795966,72.070593],[149.889388,72.035111],[149.95695,72.002061],[150.029203,71.96149],[150.099626,71.901423],[150.113569,71.875031],[150.105801,71.8455],[150.049365,71.8183],[149.982397,71.811893],[149.82654,71.779331],[149.70138,71.746909],[149.6712,71.774534],[149.635713,71.790165],[149.588735,71.792026],[149.574776,71.835022],[149.548342,71.84274],[149.527378,71.871792],[149.46957,71.890706],[149.418195,71.884003],[149.400231,71.861917],[149.34002,71.83788],[149.298275,71.83734],[149.212194,71.796252],[149.18936,71.773532],[149.087661,71.757155],[149.050588,71.735149],[148.99579,71.686161],[148.953639,71.702731],[148.880782,71.700989],[148.871426,71.686442],[148.935011,71.683807],[148.973785,71.668026],[149.034104,71.669783],[149.072685,71.664178],[149.134478,71.696154],[149.235255,71.67269],[149.331633,71.687485],[149.36956,71.667989],[149.483346,71.646312],[149.550834,71.641399],[149.613105,71.642768],[149.744066,71.655531],[149.753791,71.648532],[149.900608,71.661966],[149.958136,71.67312],[150.014158,71.637422],[150.09462,71.631243],[150.144337,71.635061],[150.179109,71.608466],[150.186531,71.588369],[150.27174,71.606486],[150.27904,71.592268],[150.2476,71.577366],[150.17106,71.580851],[150.150961,71.56917],[150.201051,71.569401],[150.262911,71.560835],[150.28605,71.568583],[150.361893,71.563765],[150.407592,71.566437],[150.391657,71.552922],[150.347241,71.547066],[150.29878,71.55572],[150.265674,71.552818],[150.298055,71.540876],[150.295874,71.522047],[150.25979,71.53189],[150.13764,71.517815],[150.097479,71.500837],[150.11769,71.495006],[150.19927,71.515408],[150.239368,71.511262],[150.3706,71.512226],[150.608711,71.50923],[150.617126,71.499875],[150.725996,71.491748],[150.746917,71.481514],[150.703824,71.465145],[150.72025,71.452048],[150.6713,71.425117],[150.677859,71.397327],[150.637566,71.379696],[150.66299,71.367994],[150.699217,71.379434],[150.723392,71.411943],[150.763267,71.427503],[150.833132,71.441098],[150.777728,71.441224],[150.787442,71.468439],[150.8208,71.457831],[150.834621,71.442138],[150.901615,71.4388],[150.95019,71.427315],[150.978046,71.429404],[150.942205,71.404476],[150.912902,71.393928],[150.829396,71.37458],[150.760054,71.372365],[150.712433,71.355686],[150.686532,71.338368],[150.673867,71.317501],[150.718774,71.301941],[150.730568,71.327141],[150.757736,71.350989],[150.81368,71.350877],[150.998738,71.37696],[151.128519,71.391582],[151.204539,71.391934],[151.33679,71.380746],[151.384941,71.369405],[151.449242,71.345277],[151.372452,71.346804],[151.310111,71.356481],[151.298742,71.349478],[151.376619,71.335209],[151.479346,71.328014],[151.596905,71.302087],[151.668979,71.273473],[151.695339,71.271869],[151.733496,71.247849],[151.72928,71.239387],[151.774836,71.209531],[151.76229,71.194881],[151.869673,71.139588],[151.846722,71.13357],[151.860127,71.120362],[151.88675,71.124101],[151.923031,71.095945],[151.958859,71.089248],[151.989374,71.062836],[151.974972,71.05228],[152.030655,71.039544],[152.055787,71.023572],[152.07138,70.992727],[152.095889,70.988248],[152.025499,70.976903],[152.01382,70.967641],[151.92077,70.964951],[151.84196,70.973549],[151.693611,70.977804],[151.682103,70.97091],[151.765373,70.945453],[151.811113,70.939362],[151.991984,70.935066],[152.070821,70.921167],[152.11454,70.904513],[152.145008,70.885745],[152.266177,70.856876],[152.395345,70.8346],[152.512289,70.823701],[152.566245,70.80927],[152.587108,70.814684],[152.799003,70.818567],[152.916177,70.810357],[153.00038,70.818273],[153.119473,70.822658],[153.360744,70.846584],[153.405109,70.84846],[153.51818,70.860558],[153.595925,70.864763],[153.65713,70.863407],[153.686947,70.84826],[153.75886,70.861208],[153.802556,70.874279],[153.855548,70.879028],[153.908849,70.889648],[153.953303,70.88927],[154.08788,70.908713],[154.341452,70.941415],[154.442896,70.952759],[154.77342,70.981119],[154.82152,70.987137],[155.11073,71.010703],[155.206138,71.014893],[155.502603,71.035782],[155.555765,71.036984],[155.687386,71.05518],[155.860908,71.069909],[155.949047,71.07391],[156.11275,71.076707],[156.406625,71.066723],[156.525062,71.069299],[156.57394,71.060667],[156.566534,71.038927],[156.593798,71.038158],[156.614845,71.064066],[156.655025,71.074246],[156.728405,71.075598],[157.01823,71.07582],[157.145742,71.070268],[157.420723,71.051638],[157.485842,71.041695],[157.58788,71.039262],[157.81889,71.024474],[158.053534,70.999025],[158.121128,70.993248],[158.435622,70.958433],[158.563211,70.934123],[158.625608,70.928256],[158.707208,70.909374],[158.825024,70.890023],[158.97,70.861862],[159.05826,70.842215],[159.194624,70.807867],[159.344221,70.767307],[159.575228,70.694068],[159.63626,70.666051],[159.723958,70.616126],[159.792003,70.58349],[159.865328,70.533751],[159.939132,70.471476],[159.996289,70.409292],[160.041289,70.35412],[160.095588,70.252874],[160.06245,70.218934],[159.984071,70.173337],[159.939428,70.131043],[159.926375,70.106638],[159.879337,70.115495],[159.734987,70.117066],[159.796273,70.093647],[159.880871,70.0816],[159.93179,70.084703],[159.949729,70.077287],[159.87987,70.032111],[159.86056,70.003352],[159.859832,69.976237],[159.74964,69.918016],[159.719658,69.895359],[159.708406,69.851092],[159.761494,69.824923],[159.756689,69.819673],[159.818164,69.790835],[159.802197,69.779652],[159.867603,69.772035],[159.915466,69.76002],[159.98142,69.75033],[160.028089,69.730505],[160.058477,69.738197],[160.158519,69.721688],[160.179776,69.711028],[160.256156,69.705719],[160.368694,69.676927],[160.366272,69.662261],[160.33765,69.654734],[160.325183,69.6405],[160.418891,69.555239],[160.44539,69.560429],[160.418856,69.572793],[160.41282,69.596349],[160.37433,69.637758],[160.434303,69.668215],[160.517621,69.674741],[160.587098,69.670878],[160.786077,69.642237],[160.852309,69.640973],[160.901038,69.630843],[160.93873,69.63001],[160.969312,69.613567],[161.028974,69.608613],[161.040323,69.617966],[160.999553,69.633495],[161.036504,69.642068],[161.101393,69.643948],[161.140637,69.633052],[161.12835,69.622875],[161.083852,69.635191],[161.056192,69.621926],[161.106688,69.604912],[161.097982,69.598728],[161.007736,69.59445],[161.019871,69.583587],[161.095105,69.577848],[161.110226,69.569278],[161.095347,69.537839],[161.02892,69.511431],[161.047419,69.497192],[161.011799,69.47904],[161.003334,69.486734],[160.969046,69.478114],[160.951191,69.44332],[161.027826,69.427522],[160.995106,69.408479],[160.99561,69.381433],[161.033175,69.356423],[161.038705,69.335729],[161.064638,69.330049],[161.09442,69.30262],[161.072849,69.277717],[161.087736,69.263735],[161.087908,69.226202],[161.051344,69.206161],[161.09306,69.154972],[161.081899,69.138962],[161.02748,69.113211],[161.044089,69.108814],[161.135095,69.12684],[161.112527,69.174788],[161.112923,69.206884],[161.141794,69.266368],[161.118662,69.287826],[161.115843,69.333386],[161.166445,69.310627],[161.123591,69.28777],[161.174734,69.280057],[161.190291,69.304502],[161.173878,69.328304],[161.149733,69.334264],[161.142473,69.358923],[161.104215,69.382053],[161.090311,69.41123],[161.095461,69.447238],[161.127046,69.459589],[161.164812,69.45977],[161.188501,69.473317],[161.265577,69.490525],[161.32171,69.516551],[161.362222,69.528982],[161.395181,69.531744],[161.371815,69.544357],[161.42088,69.547478],[161.377802,69.557818],[161.417716,69.568705],[161.441913,69.588275],[161.39338,69.606742],[161.337896,69.578186],[161.351768,69.610258],[161.453397,69.618494],[161.525129,69.617113],[161.581949,69.611073],[161.657137,69.582168],[161.663316,69.554722],[161.624864,69.51547],[161.62933,69.50243],[161.664346,69.490585],[161.666406,69.475604],[161.63276,69.460251],[161.646494,69.431986],[161.600488,69.413463],[161.519464,69.407124],[161.45217,69.383625],[161.459039,69.40483],[161.38511,69.387682],[161.370916,69.376799],[161.40236,69.336294],[161.358688,69.314708],[161.356941,69.302933],[161.424397,69.290772],[161.417947,69.26543],[161.36173,69.240651],[161.35859,69.22341],[161.383935,69.199232],[161.44016,69.186222],[161.466249,69.239349],[161.507105,69.260574],[161.484445,69.264282],[161.44943,69.24525],[161.465563,69.270116],[161.4908,69.277346],[161.452688,69.295135],[161.440328,69.311759],[161.448568,69.328127],[161.50384,69.324005],[161.492513,69.338789],[161.463331,69.347994],[161.4932,69.353442],[161.511396,69.378124],[161.553625,69.386707],[161.608213,69.384773],[161.631216,69.391662],[161.70812,69.441994],[161.699194,69.449106],[161.798071,69.478011],[161.813863,69.485954],[161.854638,69.504182],[161.942499,69.513114],[162.035212,69.53777],[162.017795,69.547419],[161.96918,69.540403],[161.956748,69.562142],[161.985182,69.581811],[162.04468,69.578298],[162.045097,69.594405],[162.09413,69.596794],[162.084041,69.576473],[162.043729,69.572364],[162.063116,69.561137],[162.112579,69.571033],[162.142235,69.590195],[162.21255,69.590561],[162.236993,69.602716],[162.212302,69.620487],[162.21929,69.634411],[162.277117,69.624447],[162.349764,69.630549],[162.383665,69.65638],[162.36009,69.677513],[162.401114,69.660987],[162.469443,69.654961],[162.488798,69.632718],[162.378298,69.616001],[162.348009,69.59612],[162.32411,69.590994],[162.36618,69.584414],[162.394562,69.571793],[162.412578,69.549421],[162.342288,69.54897],[162.342853,69.531982],[162.32461,69.52943],[162.357457,69.497936],[162.417086,69.470847],[162.43208,69.454206],[162.406185,69.424936],[162.359094,69.417791],[162.3495,69.406387],[162.460298,69.3802],[162.489371,69.383634],[162.543629,69.372961],[162.545741,69.355219],[162.513718,69.327776],[162.562997,69.28877],[162.584566,69.285107],[162.636688,69.26048],[162.69896,69.244011],[162.724771,69.223296],[162.72572,69.208189],[162.772473,69.181351],[162.82646,69.183649],[162.764771,69.154624],[162.714982,69.153991],[162.686757,69.145103],[162.685317,69.123839],[162.62488,69.124027],[162.531907,69.105638],[162.512406,69.084911],[162.510844,69.067557],[162.529824,69.046234],[162.560909,69.045326],[162.577096,69.035302],[162.551378,69.021705],[162.558471,69.004701],[162.539667,68.982584],[162.57955,68.961211],[162.616054,68.957342],[162.66426,68.941105],[162.726529,68.928539],[162.773897,68.903257],[162.761457,68.882807],[162.802471,68.85326],[162.846724,68.843782],[162.855209,68.831229],[162.79937,68.822854],[162.772709,68.806893],[162.770738,68.794234],[162.733122,68.769073],[162.66112,68.770112],[162.591608,68.777632],[162.588524,68.741601],[162.600451,68.72875],[162.591219,68.713933],[162.603191,68.68753],[162.652767,68.666866],[162.709587,68.658241],[162.727942,68.598712],[162.751685,68.583955],[162.723938,68.573763],[162.722343,68.561084],[162.664538,68.535849],[162.64623,68.509754],[162.590326,68.499859],[162.563824,68.483344],[162.600113,68.463629],[162.616563,68.43732],[162.59491,68.416396],[162.556008,68.39305],[162.5452,68.364126],[162.532366,68.355276],[162.54795,68.333041],[162.509277,68.316693],[162.464571,68.306676],[162.447526,68.284103],[162.39375,68.274591],[162.35531,68.28684],[162.312949,68.293189],[162.293248,68.305501],[162.256169,68.305486],[162.206016,68.315894],[162.194525,68.33462],[162.054609,68.338086],[161.984553,68.359083],[161.952261,68.356581],[161.893656,68.340347],[161.832294,68.354943],[161.795702,68.347973],[161.74553,68.351468],[161.710646,68.345468],[161.680545,68.365356],[161.648387,68.374933],[161.604907,68.377016],[161.53387,68.373988],[161.44974,68.377936],[161.327292,68.368581],[161.314502,68.36157],[161.199905,68.341693],[161.136985,68.314666],[161.068762,68.302327],[161.028757,68.284424],[160.955187,68.272423],[160.862201,68.270017],[160.753468,68.257634],[160.73171,68.247989],[160.687007,68.25067],[160.521456,68.244884],[160.492392,68.24924],[160.424518,68.248848],[160.397983,68.23932],[160.339679,68.251563],[160.315998,68.248802],[160.22938,68.262074],[160.18506,68.264599],[160.107415,68.259679],[160.072613,68.267002],[160.026359,68.263318],[159.996778,68.25186],[159.944142,68.259624],[159.827464,68.248196],[159.791751,68.221162],[159.811305,68.204376],[159.790401,68.203685],[159.80139,68.186179],[159.743854,68.17864],[159.723907,68.182196],[159.71826,68.197332],[159.684328,68.203597],[159.656572,68.222842],[159.610554,68.210857],[159.571052,68.20796],[159.562946,68.214363],[159.519636,68.211605],[159.479905,68.2022],[159.421084,68.196032],[159.41762,68.186571],[159.251936,68.190598],[159.211853,68.168098],[159.149323,68.169485],[159.050112,68.148367],[159.032074,68.149087],[158.980483,68.123932],[158.937036,68.120201],[158.893296,68.10158],[158.880165,68.108243],[158.806252,68.121998],[158.770846,68.108175],[158.726653,68.116504],[158.705533,68.113723],[158.646984,68.127407],[158.52692,68.096885],[158.372391,68.076162],[158.373762,68.063619],[158.325145,68.060556],[158.32669,68.050031],[158.300103,68.047854],[158.291787,68.034494],[158.30916,68.018818],[158.298679,68.002909],[158.273534,67.998201],[158.276,67.984673],[158.253323,67.966535],[158.235019,67.964085],[158.215908,67.934821],[158.150225,67.916965],[158.103566,67.914021],[158.09895,67.889414],[158.079696,67.875019],[158.081936,67.836157],[158.106031,67.821721],[158.148686,67.825202],[158.181783,67.819633],[158.212334,67.830204],[158.249488,67.824492],[158.285982,67.805521],[158.293781,67.785093],[158.318766,67.77327],[158.314675,67.758049],[158.36058,67.734226],[158.362234,67.723638],[158.316615,67.723052],[158.239228,67.708721],[158.18225,67.714712],[158.169867,67.694815],[158.15075,67.701194],[158.1168,67.697089],[158.115615,67.710335],[158.0833,67.718131],[157.991944,67.711679],[157.942039,67.72397],[157.810091,67.674568],[157.84812,67.659477],[157.809631,67.6448],[157.777557,67.622253],[157.773519,67.602328],[157.758624,67.594201],[157.78304,67.574687],[157.744088,67.557574],[157.74368,67.523743],[157.730565,67.518002],[157.762218,67.500002],[157.79945,67.489086],[157.788038,67.476399],[157.793054,67.449008],[157.907708,67.420455],[157.89918,67.399359],[157.86616,67.381504],[157.849176,67.364113],[157.807727,67.351499],[157.84261,67.333261],[157.811372,67.308325],[157.839066,67.286079],[157.879196,67.284386],[157.924251,67.259511],[158.002632,67.247197],[158.016554,67.233673],[158.051201,67.227525],[158.093155,67.227682],[158.110039,67.213935],[158.171108,67.19888],[158.160574,67.189819],[158.184807,67.185583],[158.199036,67.171969],[158.238178,67.167357],[158.242582,67.144659],[158.277883,67.150695],[158.311666,67.139337],[158.378919,67.101907],[158.43693,67.103686],[158.479141,67.08831],[158.540513,67.080172],[158.574056,67.064713],[158.618001,67.05745],[158.643645,67.062734],[158.663363,67.049827],[158.71176,67.038389],[158.746824,67.021642],[158.740084,67.002832],[158.781459,66.989897],[158.782125,66.979273],[158.811792,66.962764],[158.815415,66.94042],[158.783817,66.930799],[158.785948,66.916132],[158.809047,66.908021],[158.787335,66.89387],[158.841209,66.871343],[158.8632,66.869575],[158.860867,66.854178],[158.88054,66.844751],[158.847127,66.837239],[158.85824,66.817353],[158.893509,66.803769],[158.934868,66.768745],[158.960036,66.760587],[158.9202,66.751728],[158.88028,66.751201],[158.843127,66.741986],[158.841305,66.731155],[158.811654,66.71975],[158.77551,66.726084],[158.71122,66.689077],[158.723779,66.673912],[158.713382,66.659665],[158.72259,66.641765],[158.666922,66.615566],[158.669226,66.601431],[158.644722,66.592493],[158.63624,66.566424],[158.606415,66.558864],[158.57364,66.560691],[158.535021,66.548431],[158.544228,66.530127],[158.490742,66.502967],[158.504391,66.4629],[158.417477,66.44803],[158.397622,66.434672],[158.368873,66.430309],[158.370252,66.411157],[158.390142,66.404874],[158.40425,66.415158],[158.466687,66.386071],[158.465944,66.375204],[158.498739,66.369821],[158.507455,66.356178],[158.551015,66.342661],[158.543444,66.335235],[158.498243,66.322115],[158.493151,66.284674],[158.448307,66.272865],[158.429979,66.257794],[158.441348,66.248228],[158.437993,66.222454],[158.403346,66.21974],[158.41131,66.204641],[158.432257,66.20337],[158.47245,66.169927],[158.455504,66.160289],[158.47511,66.146916],[158.496465,66.115262],[158.517708,66.104918],[158.500697,66.093502],[158.449504,66.085382],[158.378094,66.102058],[158.283133,66.101296],[158.285921,66.115365],[158.26616,66.112828],[158.228532,66.122559],[158.188291,66.142603],[158.163165,66.133985],[158.092131,66.134323],[158.04098,66.117201],[157.92769,66.107823],[157.897153,66.101658],[157.840617,66.104395],[157.744936,66.099459],[157.699656,66.07985],[157.68936,66.064581],[157.662667,66.053972],[157.660763,66.037198],[157.621411,66.022685],[157.56808,66.021185],[157.502266,66.004453],[157.444713,66.000241],[157.408144,65.96865],[157.42048,65.953133],[157.458704,65.936626],[157.449326,65.912874],[157.381484,65.907634],[157.335158,65.891827],[157.303631,65.906688],[157.213991,65.895921],[157.19149,65.903256],[157.147028,65.900839],[157.110698,65.914599],[157.083926,65.914601],[157.023725,65.942584],[156.961833,65.956736],[157.002377,65.965314],[157.019134,65.9773],[157.013504,65.993437],[157.034383,66.007334],[157.00252,66.012557],[156.921275,66.039791],[156.904384,66.064054],[156.841225,66.082817],[156.817836,66.103545],[156.766567,66.122456],[156.767952,66.152493],[156.722754,66.174626],[156.674004,66.189043],[156.63143,66.177213],[156.644273,66.148031],[156.577662,66.138892],[156.538553,66.119412],[156.533871,66.087908],[156.49589,66.083248],[156.455227,66.06521],[156.47141,66.050884],[156.42702,66.038272],[156.382725,66.054639],[156.346148,66.061141],[156.29862,66.057828],[156.266742,66.064626],[156.246524,66.058638],[156.201065,66.068083],[156.087741,66.069622],[156.06531,66.046131],[156.006589,66.073601],[155.948471,66.067757],[155.94107,66.087261],[155.906952,66.088383],[155.859257,66.105488],[155.81293,66.147378],[155.747972,66.161196],[155.69157,66.140096],[155.659016,66.121953],[155.622894,66.119839],[155.560239,66.142208],[155.528176,66.14422],[155.498419,66.133956],[155.453615,66.129983],[155.4212,66.132869],[155.402757,66.125378],[155.372376,66.129588],[155.362241,66.143519],[155.316642,66.159646],[155.290528,66.158076],[155.26268,66.181404],[155.210873,66.181796],[155.200893,66.175111],[155.170693,66.182483],[155.138609,66.157341],[155.102205,66.169477],[155.057722,66.160338],[155.079598,66.130124],[154.979514,66.119423],[154.946317,66.110584],[154.894973,66.109322],[154.887025,66.150144],[154.859214,66.154873],[154.843025,66.168246],[154.801674,66.174906],[154.724973,66.175958],[154.663521,66.18126],[154.610278,66.19595],[154.585952,66.217985],[154.521153,66.218694],[154.463077,66.183165],[154.394493,66.182848],[154.379887,66.168081],[154.392951,66.141492],[154.364956,66.103399],[154.302583,66.102929],[154.265203,66.087036],[154.228944,66.047978],[154.236796,66.038241],[154.277612,66.039986],[154.374991,66.029176],[154.393085,65.997841],[154.430058,65.994357],[154.378689,65.97417],[154.415657,65.950151],[154.411806,65.922526],[154.387702,65.901437],[154.32548,65.877533],[154.337794,65.85493],[154.312849,65.846124],[154.300839,65.826402],[154.27328,65.819511],[154.266841,65.806328],[154.19775,65.795132],[154.159725,65.769547],[154.136718,65.778504],[154.089677,65.783536],[154.087705,65.80189],[154.099285,65.839377],[154.087433,65.850263],[154.03414,65.854609],[154.026468,65.865818],[153.956673,65.873049],[153.928861,65.865979],[153.89418,65.869331],[153.836342,65.8566],[153.788468,65.855133],[153.754727,65.870852],[153.731446,65.857908],[153.68031,65.842535],[153.635921,65.845812],[153.593077,65.834886],[153.577152,65.822128],[153.532184,65.810303],[153.53367,65.79825],[153.495287,65.764848],[153.483706,65.747972],[153.523676,65.733418],[153.54799,65.73725],[153.556768,65.71615],[153.57278,65.710275],[153.577082,65.689843],[153.514928,65.667004],[153.510087,65.654913],[153.540637,65.6373],[153.500336,65.589247],[153.490216,65.585007],[153.487275,65.550535],[153.46947,65.540324],[153.467599,65.515581],[153.442342,65.48533],[153.461894,65.45987],[153.50034,65.462715],[153.549962,65.44646],[153.557892,65.430287],[153.582315,65.419394],[153.585837,65.398429],[153.530787,65.36605],[153.514828,65.364502],[153.500533,65.345736],[153.458385,65.357266],[153.42793,65.355396],[153.3842,65.33384],[153.339097,65.327895],[153.28299,65.313529],[153.243637,65.309622],[153.190035,65.295752],[153.18347,65.27024],[153.148186,65.244046],[153.119256,65.264191],[153.045009,65.256635],[152.973499,65.242989],[152.94148,65.255444],[152.908782,65.25068],[152.876438,65.233208],[152.876473,65.225611],[152.797821,65.206831],[152.765397,65.228625],[152.733014,65.227087],[152.71279,65.213399],[152.727381,65.197046],[152.710476,65.179268],[152.67615,65.180385],[152.66147,65.168483],[152.656316,65.130427],[152.645634,65.117523],[152.6468,65.082805],[152.630224,65.060508],[152.60715,65.052021],[152.590011,65.033339],[152.568656,65.025088],[152.578109,65.013245],[152.567701,65.000459],[152.525736,64.993862],[152.519314,64.976629],[152.529664,64.945858],[152.541042,64.935388],[152.518397,64.91846],[152.550146,64.884787],[152.550923,64.863363],[152.584843,64.835743],[152.585915,64.811292],[152.629897,64.803574],[152.65378,64.808854],[152.714918,64.782868],[152.746164,64.774556],[152.759392,64.757366],[152.78814,64.742334],[152.808007,64.743132],[152.83183,64.709804],[152.847283,64.701393],[152.83076,64.681016],[152.783722,64.66464],[152.75415,64.641326],[152.737272,64.640229],[152.72706,64.623176],[152.671481,64.621045],[152.623773,64.610306],[152.601485,64.583835],[152.535019,64.561144],[152.487935,64.562294],[152.480712,64.55022],[152.39884,64.528184],[152.376811,64.5329],[152.358914,64.50825],[152.40307,64.492112],[152.43551,64.467784],[152.423284,64.453966],[152.44429,64.44176],[152.44504,64.418435],[152.427814,64.408159],[152.4448,64.389408],[152.416385,64.384074],[152.365649,64.384042],[152.332168,64.368045],[152.285359,64.376253],[152.255496,64.355151],[152.216195,64.359517],[152.150417,64.351137],[152.131617,64.356607],[152.12471,64.371347],[152.143024,64.386236],[152.115163,64.395449],[152.101848,64.416679],[152.082717,64.4222],[152.071538,64.452285],[152.047762,64.467923],[152.017576,64.477341],[151.991473,64.475287],[151.974573,64.489108],[151.929879,64.476437],[151.879244,64.471568],[151.813634,64.470063],[151.611105,64.43678],[151.496874,64.425812],[151.481479,64.41951],[151.481078,64.390834],[151.446157,64.382078],[151.418398,64.357932],[151.410216,64.330624],[151.38906,64.330327],[151.371697,64.366406],[151.313895,64.371303],[151.304334,64.358111],[151.273165,64.35669],[151.2517,64.344147],[151.225879,64.354606],[151.167177,64.359236],[151.083735,64.346474],[151.049068,64.351699],[150.993956,64.332985],[150.916772,64.334283],[150.886288,64.330046],[150.795892,64.327052],[150.740348,64.333272],[150.71832,64.331387],[150.663659,64.33979],[150.63959,64.337741],[150.58689,64.304575],[150.595208,64.292299],[150.628188,64.290402],[150.675331,64.267998],[150.681119,64.254371],[150.645018,64.224515],[150.648306,64.209899],[150.668293,64.1927],[150.65081,64.167535],[150.59338,64.176755],[150.54882,64.166332],[150.51863,64.182748],[150.480691,64.185068],[150.432291,64.204656],[150.375155,64.214925],[150.336531,64.216661],[150.312512,64.20838],[150.233632,64.213203],[150.196246,64.226865],[150.209798,64.258904],[150.17951,64.271926],[150.162749,64.270117],[150.109845,64.282031],[150.083688,64.292798],[150.091281,64.302514],[150.078898,64.318663],[150.04578,64.324949],[150.042052,64.345263],[150.016771,64.350929],[150.077697,64.386433],[150.070378,64.408742],[150.134722,64.430507],[150.11969,64.437519],[150.14022,64.447603],[150.143723,64.469472],[150.127874,64.468331],[150.097893,64.483663],[150.028071,64.497536],[149.994193,64.496075],[149.998889,64.50728],[149.975083,64.526813],[149.97822,64.542086],[149.92443,64.552736],[149.914301,64.549494],[149.871263,64.56237],[149.839375,64.560976],[149.80483,64.548111],[149.772787,64.546997],[149.743301,64.531435],[149.73678,64.519051],[149.699192,64.512746],[149.679967,64.500727],[149.580637,64.470464],[149.560621,64.450031],[149.55923,64.433716],[149.511681,64.425879],[149.502287,64.405748],[149.474748,64.404078],[149.447375,64.416017],[149.42266,64.412683],[149.360938,64.42002],[149.345641,64.402761],[149.370432,64.389826],[149.366622,64.380223],[149.339492,64.376755],[149.261488,64.377044],[149.195211,64.381817],[149.193644,64.399073],[149.178988,64.408618],[149.192364,64.41919],[149.164267,64.426423],[149.119454,64.419479],[149.041135,64.431475],[148.98424,64.422725],[148.934726,64.432145],[148.923544,64.42125],[148.863373,64.411548],[148.85167,64.41876],[148.813001,64.409058],[148.776467,64.413502],[148.758717,64.405719],[148.708723,64.402203],[148.681748,64.416161],[148.6635,64.416219],[148.612289,64.437041],[148.555713,64.450364],[148.551888,64.472444],[148.511888,64.485097],[148.525032,64.496054],[148.501199,64.50981],[148.459538,64.509653],[148.444865,64.523554],[148.406878,64.520425],[148.385405,64.52954],[148.327615,64.528079],[148.274567,64.48303],[148.239746,64.481226],[148.224911,64.44223],[148.179806,64.424865],[148.147623,64.421806],[148.130736,64.429482],[148.094725,64.427704],[148.055195,64.418476],[148.04783,64.407899],[148.088686,64.393328],[148.073,64.385231],[148.092208,64.362501],[148.069663,64.350655],[148.09495,64.330418],[148.11488,64.326225],[148.128378,64.306964],[148.1235,64.295166],[148.202361,64.280952],[148.212463,64.269326],[148.249508,64.259703],[148.314505,64.220696],[148.28952,64.218607],[148.26089,64.200037],[148.25709,64.181866],[148.278921,64.166849],[148.263517,64.152785],[148.229795,64.153254],[148.224318,64.131761],[148.1857,64.117023],[148.187992,64.106027],[148.159692,64.102504],[148.176411,64.07742],[148.176123,64.061811],[148.16009,64.052392],[148.176595,64.023366],[148.137044,64.012923],[148.1109,64.016339],[148.069504,63.996305],[148.071839,63.972242],[148.032397,63.964504],[148.01834,63.936136],[147.975677,63.936786],[147.905539,63.947495],[147.922182,63.960472],[147.880922,63.969182],[147.862753,63.95049],[147.819278,63.947363],[147.788405,63.953647],[147.777639,63.981339],[147.804644,63.995213],[147.75111,64.009646],[147.701462,64.015055],[147.670816,64.011346],[147.669515,64.031434],[147.653248,64.035045],[147.680403,64.052988],[147.651769,64.066943],[147.691719,64.08698],[147.71923,64.093695],[147.73276,64.115184],[147.700153,64.133743],[147.672395,64.160118],[147.65099,64.164259],[147.643774,64.178001],[147.585092,64.163447],[147.569347,64.146041],[147.511452,64.145372],[147.460183,64.139736],[147.460623,64.135187],[147.401753,64.129572],[147.342367,64.111444],[147.371342,64.101712],[147.38328,64.081941],[147.361506,64.076641],[147.358948,64.055362],[147.346773,64.045528],[147.318879,64.045437],[147.298862,64.036299],[147.294615,64.018729],[147.254844,64.026709],[147.21371,64.042064],[147.10563,64.099557],[147.10512,64.106548],[147.066709,64.113401],[147.012052,64.133424],[146.951481,64.134016],[146.884999,64.13875],[146.834568,64.151145],[146.767089,64.146753],[146.718527,64.155281],[146.685668,64.1527],[146.646569,64.169644],[146.612855,64.16827],[146.574287,64.17529],[146.542709,64.189356],[146.496719,64.189493],[146.433786,64.199296],[146.368627,64.185881],[146.364923,64.140723],[146.329119,64.101924],[146.338551,64.091519],[146.33349,64.0701],[146.29613,64.049507],[146.279241,64.030661],[146.230759,64.019683],[146.220312,64.004468],[146.230093,63.978811],[146.176961,63.953823],[146.181984,63.942217],[146.165684,63.927209],[146.112125,63.918997],[146.0755,63.920526],[145.998187,63.909952],[145.995674,63.903434],[145.930847,63.884302],[145.884917,63.877891],[145.83098,63.881252],[145.81653,63.8718],[145.75762,63.865663],[145.710067,63.848307],[145.6558,63.83722],[145.586,63.828036],[145.567507,63.807865],[145.601472,63.805714],[145.668741,63.774762],[145.65335,63.768658],[145.659141,63.728856],[145.649345,63.719893],[145.66653,63.709403],[145.672851,63.691651],[145.659314,63.682692],[145.675889,63.673529],[145.665851,63.658704],[145.637149,63.643739],[145.60117,63.644897],[145.576826,63.629661],[145.583953,63.619099],[145.554987,63.603644],[145.557949,63.590799],[145.532194,63.569678],[145.498318,63.55866],[145.4683,63.526303],[145.489762,63.513848],[145.458739,63.463393],[145.464405,63.438259],[145.448674,63.412584],[145.440458,63.378698],[145.397199,63.356534],[145.405285,63.340815],[145.38456,63.317996],[145.393119,63.308217],[145.34363,63.297427],[145.311364,63.269032],[145.25786,63.242875],[145.27331,63.178784],[145.24951,63.161006],[145.30296,63.087796],[145.28934,63.086188],[145.316205,63.050642],[145.280643,63.036917],[145.288057,63.011657],[145.309704,63.006716],[145.340331,63.01119],[145.353298,62.979215],[145.36918,62.974442],[145.378116,62.950317],[145.354949,62.942947],[145.37191,62.938497],[145.395014,62.914168],[145.39294,62.891634],[145.409515,62.866673],[145.401412,62.836953],[145.379009,62.831527],[145.37628,62.810559],[145.36137,62.782774],[145.3657,62.774314],[145.353052,62.746696],[145.400193,62.728871],[145.439708,62.73048],[145.45657,62.707403],[145.40855,62.702381],[145.39044,62.680707],[145.418847,62.657247],[145.425613,62.642819],[145.450265,62.632283],[145.413601,62.628984],[145.39705,62.599234],[145.436306,62.587348],[145.444813,62.556269],[145.484044,62.539551],[145.43741,62.530871],[145.384511,62.499477],[145.349283,62.503078],[145.327619,62.513327],[145.280202,62.524484],[145.268837,62.509846],[145.227252,62.503263],[145.217012,62.473603],[145.17304,62.489912],[145.137654,62.478539],[145.157866,62.457601],[145.189874,62.436781],[145.184358,62.413875],[145.14923,62.397267],[145.1665,62.389675],[145.176425,62.365294],[145.170176,62.352578],[145.1976,62.345568],[145.207517,62.333696],[145.196303,62.322083],[145.210096,62.310129],[145.202017,62.298957],[145.16684,62.300434],[145.171262,62.289954],[145.19959,62.278872],[145.16828,62.276724],[145.120337,62.264956],[145.130434,62.247412],[145.098984,62.23461],[145.057278,62.229654],[145.01118,62.249071],[144.990204,62.238915],[144.98746,62.225914],[145.0171,62.205437],[145.009646,62.193405],[144.976977,62.182099],[144.991661,62.168061],[144.98684,62.156606],[144.956614,62.14802],[144.934388,62.161794],[144.87762,62.158284],[144.876847,62.133395],[144.83817,62.124844],[144.825926,62.112342],[144.810162,62.114145],[144.736525,62.095409],[144.728624,62.085814],[144.744278,62.061611],[144.73642,62.045483],[144.719519,62.044336],[144.697123,62.019886],[144.672131,62.019022],[144.655509,61.990844],[144.633074,61.991529],[144.61343,61.978189],[144.582979,61.973206],[144.586321,61.94963],[144.609365,61.935741],[144.587926,61.91696],[144.617804,61.907496],[144.584004,61.904548],[144.547548,61.892323],[144.52626,61.875799],[144.548564,61.870947],[144.537783,61.862845],[144.549473,61.848024],[144.515905,61.845166],[144.500138,61.832384],[144.48298,61.832981],[144.454055,61.820931],[144.411954,61.8333],[144.371148,61.806798],[144.372251,61.791467],[144.354194,61.784095],[144.336371,61.792736],[144.297148,61.776817],[144.24661,61.766743],[144.25561,61.746034],[144.223743,61.727803],[144.209109,61.737826],[144.18888,61.732616],[144.187931,61.747094],[144.13549,61.756068],[144.122208,61.735251],[144.060494,61.750378],[144.001115,61.745286],[143.98853,61.756103],[143.944683,61.754986],[143.949971,61.777356],[143.933097,61.785698],[143.959431,61.812187],[143.94774,61.823597],[143.951274,61.839507],[143.983995,61.859956],[143.97975,61.875601],[143.998537,61.891583],[143.983579,61.903569],[143.964942,61.902701],[143.941437,61.917156],[143.959103,61.92975],[143.944928,61.948375],[143.920001,61.949944],[143.93577,61.973307],[143.919316,61.982571],[143.922257,61.994276],[143.901706,61.997886],[143.86515,61.980292],[143.85607,61.962707],[143.823748,61.956367],[143.777093,61.954826],[143.768335,61.945167],[143.78401,61.920851],[143.753372,61.902973],[143.731818,61.90734],[143.698927,61.904],[143.71445,61.885679],[143.687047,61.877504],[143.697407,61.871227],[143.681857,61.859308],[143.642355,61.85787],[143.635303,61.870926],[143.649507,61.878154],[143.623527,61.882964],[143.639553,61.903285],[143.615074,61.927776],[143.6179,61.940864],[143.602775,61.953289],[143.63134,61.965832],[143.63625,61.977713],[143.617208,61.984889],[143.611058,62.00392],[143.645788,62.018704],[143.60635,62.023577],[143.609126,62.036011],[143.56373,62.03252],[143.547992,62.049755],[143.47987,62.052848],[143.441032,62.045505],[143.413333,62.021878],[143.37231,62.034006],[143.334967,62.033713],[143.285479,62.049911],[143.27977,62.075521],[143.296127,62.087315],[143.276342,62.090898],[143.229693,62.117471],[143.197541,62.103805],[143.135909,62.104004],[143.115075,62.071557],[143.153417,62.059373],[143.126801,62.048889],[143.104672,62.014728],[143.086812,62.011602],[143.07884,61.992666],[143.055557,61.98723],[143.052154,61.975846],[143.014314,61.973431],[143.02309,61.945692],[143.000232,61.932521],[143.006472,61.914842],[142.973968,61.911128],[142.957602,61.89841],[142.940479,61.898748],[142.926701,61.913874],[142.896399,61.905418],[142.883119,61.92451],[142.866266,61.926435],[142.844346,61.94751],[142.78729,61.944438],[142.793588,61.952197],[142.767657,61.965786],[142.742518,61.959688],[142.723366,61.970616],[142.68618,61.965485],[142.673781,61.947024],[142.617375,61.939848],[142.569167,61.927841],[142.555523,61.912663],[142.518457,61.907066],[142.467313,61.891966],[142.471657,61.884928],[142.44244,61.873455],[142.421049,61.88267],[142.42107,61.895734],[142.393293,61.90529],[142.424474,61.920605],[142.41709,61.943794],[142.397509,61.958573],[142.375686,61.954798],[142.329519,61.967712],[142.318117,61.956153],[142.292738,61.968122],[142.265991,61.9665],[142.28246,61.990797],[142.255451,62.005627],[142.266965,62.017924],[142.181468,62.044696],[142.16952,62.060032],[142.181286,62.069774],[142.14532,62.07551],[142.108654,62.067137],[142.081733,62.053158],[142.061563,62.033485],[142.045886,62.043576],[142.022489,62.037788],[142.00171,62.020176],[141.957493,62.039296],[141.903894,62.035321],[141.897412,62.021338],[141.84925,62.0154],[141.833325,62.017922],[141.84241,62.041912],[141.83174,62.054842],[141.852298,62.060914],[141.85493,62.082662],[141.823296,62.083877],[141.778878,62.076295],[141.729374,62.078307],[141.708222,62.103302],[141.647994,62.115758],[141.626925,62.131674],[141.632858,62.141878],[141.607506,62.151737],[141.572829,62.149282],[141.559283,62.155529],[141.54525,62.18069],[141.53986,62.235773],[141.5269,62.255515],[141.50437,62.26778],[141.492869,62.286735],[141.456588,62.285214],[141.421017,62.302541],[141.420903,62.318754],[141.391841,62.323614],[141.391133,62.340882],[141.363378,62.345377],[141.322277,62.387475],[141.327896,62.397646],[141.314379,62.416314],[141.279787,62.400903],[141.21822,62.399386],[141.17455,62.416705],[141.161606,62.403162],[141.12933,62.396668],[141.128164,62.404761],[141.07591,62.433207],[141.08102,62.44442],[141.068185,62.460944],[141.07842,62.465083],[141.061325,62.489834],[141.03792,62.49252],[140.994842,62.475898],[140.973947,62.483573],[140.95661,62.500818],[140.889114,62.496533],[140.879461,62.516447],[140.845978,62.53015],[140.81124,62.522479],[140.790861,62.526497],[140.74471,62.513493],[140.737663,62.489801],[140.705446,62.483149],[140.73082,62.467138],[140.72409,62.453594],[140.693738,62.448448],[140.69751,62.43857],[140.666065,62.416365],[140.628272,62.403972],[140.610694,62.413204],[140.579632,62.415275],[140.54565,62.408606],[140.535839,62.414131],[140.48202,62.416702],[140.46521,62.409171],[140.422095,62.416213],[140.395049,62.404049],[140.391467,62.378302],[140.359918,62.378813],[140.337705,62.353838],[140.312081,62.341879],[140.319696,62.320276],[140.30686,62.29327],[140.318535,62.284846],[140.291707,62.268197],[140.28359,62.244521],[140.289673,62.234111],[140.33532,62.219561],[140.31687,62.214022],[140.312693,62.196089],[140.333334,62.187437],[140.320568,62.171382],[140.32718,62.151843],[140.311191,62.123116],[140.313853,62.109324],[140.256402,62.090872],[140.24132,62.068294],[140.265695,62.063973],[140.275988,62.037808],[140.237099,62.018818],[140.193451,62.012437],[140.175297,62.015144],[140.116334,61.968794],[140.096414,61.977448],[140.062635,61.977386],[140.030227,61.987143],[139.99022,61.977711],[139.980514,61.957772],[139.952546,61.936529],[139.967351,61.916537],[139.958918,61.901133],[139.980066,61.876091],[139.977237,61.860247],[139.927104,61.795297],[139.882064,61.776085],[139.8521,61.735086],[139.824067,61.720311],[139.802106,61.716978],[139.780897,61.694221],[139.787808,61.683865],[139.769855,61.656403],[139.775756,61.639539],[139.731738,61.634646],[139.732754,61.65924],[139.692293,61.662242],[139.672261,61.639014],[139.664966,61.605594],[139.64859,61.562251],[139.60984,61.533169],[139.58998,61.507548],[139.565293,61.493745],[139.55376,61.473609],[139.49708,61.465204],[139.489168,61.4776],[139.452056,61.485956],[139.450048,61.494528],[139.421749,61.48629],[139.389311,61.486507],[139.396751,61.465213],[139.381519,61.470046],[139.342592,61.448575],[139.325365,61.449778],[139.316815,61.435597],[139.280331,61.427652],[139.22169,61.434719],[139.199463,61.421789],[139.13744,61.425831],[139.126827,61.432874],[139.091365,61.435135],[139.055351,61.431278],[139.058469,61.405616],[139.076006,61.393615],[139.060415,61.363339],[139.039404,61.364679],[139.039548,61.345647],[138.982414,61.326873],[138.97238,61.316048],[138.941172,61.327542],[138.913598,61.318768],[138.902048,61.3323],[138.831063,61.330637],[138.809022,61.319307],[138.770495,61.313665],[138.734927,61.336884],[138.688467,61.307003],[138.649138,61.297307],[138.636763,61.282242],[138.63744,61.263558],[138.657732,61.2491],[138.651092,61.226987],[138.671659,61.224647],[138.702808,61.20852],[138.659701,61.20452],[138.574067,61.163295],[138.555849,61.151232],[138.521881,61.142254],[138.481323,61.141343],[138.45702,61.119319],[138.397131,61.099381],[138.336459,61.107432],[138.325686,61.080891],[138.326384,61.057158],[138.36053,61.044959],[138.34714,61.022645],[138.359881,61.005269],[138.34398,60.977802],[138.319109,60.965698],[138.269092,60.954915],[138.249141,60.927106],[138.26168,60.92074],[138.22958,60.895601],[138.234533,60.885437],[138.206922,60.857035],[138.23419,60.826663],[138.270196,60.827573],[138.283249,60.81715],[138.27044,60.808488],[138.271806,60.793298],[138.305303,60.776131],[138.316269,60.759931],[138.314729,60.736787],[138.352726,60.735604],[138.397526,60.723003],[138.397671,60.712894],[138.428956,60.703656],[138.409833,60.693742],[138.391856,60.670421],[138.404109,60.652866],[138.396839,60.620654],[138.383449,60.611781],[138.346549,60.61164],[138.331997,60.604217],[138.342413,60.585708],[138.3283,60.571854],[138.35997,60.562798],[138.338562,60.541402],[138.331848,60.512503],[138.316538,60.491307],[138.268057,60.482459],[138.316753,60.426214],[138.30414,60.412142],[138.33563,60.401549],[138.313925,60.387825],[138.308435,60.370427],[138.322441,60.333853],[138.306788,60.313082],[138.24477,60.295472],[138.243668,60.281947],[138.21322,60.277813],[138.218639,60.256284],[138.178408,60.20899],[138.183612,60.196145],[138.210739,60.195193],[138.239475,60.173035],[138.21689,60.156824],[138.227166,60.149738],[138.211654,60.101969],[138.241172,60.092213],[138.26242,60.068805],[138.236042,60.036286],[138.230908,60.015369],[138.233283,59.984511],[138.22523,59.972463],[138.246993,59.970681],[138.268721,59.945713],[138.262393,59.930771],[138.231852,59.93093],[138.21251,59.91464],[138.194355,59.91419],[138.186291,59.883179],[138.19466,59.866927],[138.17898,59.838894],[138.17691,59.822122],[138.21974,59.814601],[138.232334,59.748429],[138.22002,59.730602],[138.267109,59.722185],[138.272096,59.705773],[138.232169,59.688217],[138.210209,59.683585],[138.21759,59.653979],[138.16908,59.635249],[138.144453,59.644283],[138.12539,59.638795],[138.105984,59.646032],[138.072804,59.640158],[138.047467,59.645564],[138.022098,59.667668],[138.028721,59.699374],[138.05174,59.709361],[138.050514,59.724308],[138.080477,59.74679],[138.061788,59.770348],[138.034008,59.782405],[138.046915,59.803682],[138.031175,59.824763],[137.988064,59.81245],[137.968194,59.792038],[137.97434,59.772345],[137.95199,59.762151],[137.920366,59.76161],[137.89877,59.740811],[137.860995,59.7562],[137.818526,59.758248],[137.727178,59.746032],[137.721515,59.754589],[137.650391,59.747367],[137.631978,59.751303],[137.557797,59.729889],[137.555677,59.703664],[137.5266,59.686103],[137.491184,59.680838],[137.48843,59.66298],[137.449811,59.645583],[137.457479,59.638071],[137.449793,59.613138],[137.463238,59.599753],[137.448996,59.592532],[137.484382,59.586042],[137.501406,59.558085],[137.464461,59.550823],[137.445322,59.537099],[137.412171,59.536585],[137.359772,59.541879],[137.332057,59.530313],[137.326398,59.509319],[137.294906,59.494901],[137.258171,59.490787],[137.218749,59.4794],[137.178614,59.440205],[137.154117,59.436571],[137.117116,59.451139],[137.083397,59.445562],[137.064595,59.431897],[137.026074,59.425489],[137.00541,59.435164],[136.959364,59.425584],[136.90915,59.405651],[136.861098,59.398562],[136.821174,59.388431],[136.801104,59.372371],[136.795411,59.35718],[136.768574,59.337881],[136.72633,59.351102],[136.6729,59.345857],[136.654064,59.350732],[136.612259,59.379357],[136.586397,59.381576],[136.55692,59.368504],[136.520344,59.373094],[136.49855,59.384844],[136.444841,59.39246],[136.399989,59.3838],[136.346825,59.393925],[136.33782,59.413681],[136.317351,59.42381],[136.2745,59.419008],[136.26194,59.425962],[136.23986,59.412094],[136.21046,59.420925],[136.15826,59.421636],[136.12014,59.414602],[136.111533,59.425725],[136.08988,59.419551],[136.070977,59.429925],[136.059743,59.447244],[136.022941,59.453181],[135.98686,59.473552],[135.971292,59.472243],[135.965809,59.456007],[135.947567,59.458813],[135.909163,59.480115],[135.889517,59.496764],[135.890556,59.514043],[135.826448,59.526107],[135.769162,59.521347],[135.73732,59.503295],[135.701028,59.49993],[135.689987,59.508543],[135.66232,59.498231],[135.613066,59.487839],[135.594593,59.466778],[135.551849,59.450927],[135.50804,59.439284],[135.476391,59.414049],[135.437829,59.396957],[135.43587,59.380391],[135.420443,59.366186],[135.374108,59.343398],[135.349139,59.335389],[135.362486,59.311354],[135.327001,59.294163],[135.305126,59.276336],[135.29629,59.24826],[135.26093,59.23396],[135.264922,59.225636],[135.30238,59.202744],[135.28806,59.193331],[135.2383,59.180245],[135.25053,59.159491],[135.24807,59.139061],[135.228102,59.14379],[135.203196,59.135634],[135.193251,59.114383],[135.14393,59.114982],[135.129173,59.123017],[135.10225,59.122982],[135.070293,59.146526],[135.052726,59.151643],[135.02601,59.145711],[134.988606,59.164912],[134.932373,59.169826],[134.92199,59.156692],[134.890082,59.152452],[134.842509,59.136602],[134.80816,59.140001],[134.79873,59.152045],[134.733111,59.157808],[134.7221,59.175071],[134.736352,59.187575],[134.716415,59.2047],[134.722557,59.218614],[134.66857,59.205716],[134.65486,59.198671],[134.619074,59.209323],[134.597844,59.202131],[134.562509,59.203086],[134.527989,59.186748],[134.499186,59.157457],[134.499409,59.142191],[134.483379,59.139514],[134.43971,59.166065],[134.38892,59.172668],[134.377232,59.185384],[134.38773,59.193869],[134.365691,59.202258],[134.303705,59.203486],[134.241695,59.210743],[134.213563,59.220021],[134.183703,59.21853],[134.184975,59.22834],[134.153547,59.22903],[134.122666,59.239994],[134.102972,59.234929],[134.077362,59.256017],[134.044984,59.256496],[134.00117,59.26333],[133.993286,59.255428],[133.957765,59.256217],[133.938569,59.250537],[133.869044,59.259041],[133.813366,59.245417],[133.78608,59.242967],[133.747541,59.228344],[133.718346,59.234119],[133.67724,59.229846],[133.629472,59.232917],[133.626456,59.241618],[133.572488,59.251018],[133.573378,59.293565],[133.51856,59.312262],[133.464108,59.304017],[133.465973,59.296137],[133.413022,59.275897],[133.376802,59.27349],[133.3689,59.249389],[133.337031,59.25356],[133.305743,59.234144],[133.271917,59.226689],[133.23506,59.233383],[133.218423,59.229948],[133.209436,59.244381],[133.170973,59.24141],[133.172857,59.225692],[133.159038,59.204642],[133.10398,59.215674],[133.081235,59.197575],[133.051638,59.19458],[133.041852,59.1794],[133.017638,59.165723],[132.988955,59.158992],[132.961538,59.13753],[132.959967,59.121165],[132.929453,59.103984],[132.896474,59.101137],[132.8647,59.117909],[132.829636,59.118754],[132.816881,59.092156],[132.83699,59.06807],[132.822336,59.060754],[132.81975,59.04324],[132.79922,59.041526],[132.756228,59.025339],[132.765002,59.007366],[132.80827,58.997135],[132.844908,58.993174],[132.843873,58.976578],[132.820145,58.964118],[132.789074,58.928292],[132.777245,58.887027],[132.74635,58.880192],[132.703116,58.886562],[132.668123,58.910123],[132.635521,58.891286],[132.588076,58.891657],[132.558718,58.871613],[132.554992,58.846344],[132.52548,58.834074],[132.534671,58.820878],[132.520134,58.807822],[132.48851,58.795264],[132.53667,58.781395],[132.527413,58.752215],[132.544862,58.730203],[132.518315,58.704971],[132.504695,58.676655],[132.546511,58.659689],[132.511525,58.641663],[132.505111,58.6309],[132.443672,58.60246],[132.447914,58.591133],[132.430068,58.578355],[132.386507,58.561251],[132.387727,58.544871],[132.427658,58.538308],[132.430917,58.510854],[132.36222,58.519684],[132.319044,58.516768],[132.30206,58.53674],[132.282621,58.527949],[132.243122,58.527345],[132.20998,58.519674],[132.18708,58.528982],[132.139929,58.514862],[132.175477,58.489555],[132.185,58.469852],[132.186351,58.443014],[132.170937,58.430252],[132.196828,58.396821],[132.226305,58.386228],[132.212643,58.362869],[132.229369,58.342844],[132.22858,58.331669],[132.205794,58.306802],[132.210888,58.288011],[132.196821,58.274626],[132.198077,58.254443],[132.131227,58.279292],[132.111436,58.27843],[132.073062,58.245695],[132.047651,58.229951],[132.014457,58.20118],[132.034414,58.186011],[132.005107,58.178489],[131.985865,58.158537],[131.99847,58.150393],[132.029399,58.146302],[132.104785,58.122059],[132.1228,58.102078],[132.144236,58.102204],[132.137239,58.08023],[132.090796,58.069012],[132.066274,58.049308],[132.021543,58.057305],[131.984823,58.05169],[131.979986,58.079754],[131.886851,58.119543],[131.899933,58.129314],[131.876158,58.135154],[131.863,58.149277],[131.828724,58.16674],[131.798024,58.162822],[131.769774,58.151824],[131.750023,58.158754],[131.740003,58.180971],[131.70549,58.201191],[131.674061,58.201267],[131.66815,58.209021],[131.593139,58.198359],[131.556726,58.211532],[131.50224,58.198514],[131.477286,58.203714],[131.453301,58.196866],[131.444274,58.182403],[131.460153,58.166493],[131.495204,58.170494],[131.52336,58.1322],[131.528286,58.110512],[131.565695,58.110516],[131.583217,58.087085],[131.62013,58.088486],[131.644071,58.079844],[131.632881,58.046134],[131.580677,58.038557],[131.569036,58.031347],[131.584748,58.019402],[131.61859,58.011091],[131.641358,57.993719],[131.65645,57.992809],[131.69544,57.97183],[131.70772,57.950209],[131.777842,57.940176],[131.799213,57.932452],[131.790738,57.910954],[131.796466,57.901824],[131.747755,57.888456],[131.760145,57.871115],[131.815722,57.868479],[131.8415,57.848018],[131.877758,57.847845],[131.879332,57.815483],[131.902646,57.811239],[131.916428,57.797247],[131.958236,57.789994],[132.010458,57.754854],[132.023597,57.751953],[132.050971,57.731251],[132.047152,57.711306],[132.061857,57.70392],[132.068427,57.68172],[132.028038,57.666687],[131.990664,57.665197],[131.96994,57.63569],[131.942162,57.616709],[131.849116,57.622865],[131.782979,57.600091],[131.760622,57.580018],[131.724049,57.578063],[131.72291,57.56858],[131.780773,57.538616],[131.749743,57.529496],[131.729471,57.501621],[131.703289,57.496777],[131.68317,57.479958],[131.659488,57.475764],[131.637851,57.461394],[131.625617,57.44091],[131.60628,57.4282],[131.602788,57.380298],[131.605674,57.356235],[131.62714,57.340519],[131.6117,57.329838],[131.608751,57.309362],[131.588436,57.30685],[131.557366,57.315993],[131.51019,57.294236],[131.508821,57.268152],[131.487912,57.26412],[131.465957,57.276765],[131.420455,57.27952],[131.370607,57.275056],[131.325463,57.285161],[131.319267,57.302107],[131.305023,57.30609],[131.292271,57.334498],[131.279232,57.336195],[131.255328,57.29879],[131.232327,57.276633],[131.200708,57.259563],[131.141993,57.270024],[131.12295,57.251713],[131.143447,57.232004],[131.193769,57.213022],[131.202333,57.20329],[131.18971,57.184351],[131.19229,57.167836],[131.232651,57.163881],[131.23455,57.179639],[131.248833,57.193211],[131.313257,57.192029],[131.333482,57.186913],[131.332037,57.157313],[131.350222,57.15047],[131.389647,57.148995],[131.406821,57.134384],[131.4323,57.137788],[131.465111,57.111482],[131.494191,57.111407],[131.506517,57.08963],[131.487935,57.095532],[131.469062,57.083762],[131.473271,57.060153],[131.507657,57.04964],[131.4989,57.030247],[131.510433,57.018914],[131.53427,57.026356],[131.587089,56.977716],[131.608717,56.978186],[131.614759,56.966813],[131.607381,56.949785],[131.638126,56.952756],[131.634783,56.940357],[131.661892,56.930381],[131.66088,56.907639],[131.679719,56.892562],[131.707992,56.895986],[131.720687,56.862724],[131.734877,56.85935],[131.759408,56.868136],[131.777026,56.85771],[131.773785,56.834853],[131.811644,56.819534],[131.79451,56.813208],[131.809684,56.77245],[131.835872,56.771393],[131.831681,56.742746],[131.804928,56.73796],[131.776829,56.74895],[131.774384,56.740859],[131.802934,56.723221],[131.784409,56.714717],[131.75214,56.72274],[131.76587,56.711561],[131.736786,56.700277],[131.722274,56.686933],[131.700781,56.690527],[131.68148,56.683889],[131.681289,56.672586],[131.720395,56.665584],[131.71905,56.658784],[131.671966,56.647742],[131.690424,56.627643],[131.667007,56.617286],[131.69494,56.617854],[131.709222,56.603398],[131.69962,56.565521],[131.646368,56.536917],[131.69251,56.526286],[131.710913,56.501021],[131.751685,56.492245],[131.725008,56.470715],[131.695326,56.473014],[131.695851,56.489168],[131.682475,56.49617],[131.665751,56.478928],[131.66254,56.459318],[131.648413,56.455436],[131.635363,56.472114],[131.617775,56.476977],[131.63506,56.523971],[131.62874,56.529793],[131.591261,56.527464],[131.56642,56.532595],[131.564234,56.551999],[131.541156,56.548214],[131.501157,56.564587],[131.48688,56.552468],[131.45285,56.546743],[131.435655,56.538401],[131.437323,56.521797],[131.408278,56.509243],[131.41754,56.490896],[131.437601,56.487905],[131.450872,56.464378],[131.422284,56.45309],[131.403556,56.461469],[131.383884,56.46048],[131.387256,56.476993],[131.374186,56.478812],[131.389722,56.495145],[131.350384,56.516237],[131.339013,56.528154],[131.332727,56.51304],[131.288813,56.522084],[131.273297,56.515731],[131.222116,56.520844],[131.2156,56.506312],[131.22548,56.495728],[131.191349,56.480053],[131.187366,56.458697],[131.168599,56.450922],[131.167571,56.435544],[131.134938,56.41859],[131.103629,56.409936],[131.100653,56.379269],[131.114135,56.370057],[131.119877,56.335738],[131.137156,56.329351],[131.124973,56.314347],[131.140401,56.290778],[131.120136,56.248448],[131.073342,56.209382],[131.0431,56.191435],[131.02717,56.188264],[130.991287,56.167585],[130.971793,56.137579],[130.98006,56.107148],[130.971521,56.080218],[130.94703,56.069564],[130.934076,56.04176],[130.896693,56.018642],[130.900451,56.000446],[130.92738,55.982601],[130.919627,55.972647],[130.93553,55.963596],[130.91676,55.951553],[130.896825,55.948569],[130.86022,55.915099],[130.88634,55.90152],[130.885771,55.881929],[130.89742,55.853822],[130.891943,55.842574],[130.931467,55.831635],[130.94079,55.819272],[130.957815,55.816086],[130.964553,55.800008],[130.953358,55.78679],[130.95825,55.775232],[130.943203,55.753498],[130.943834,55.736267],[130.9625,55.724033],[130.952768,55.712176],[130.902987,55.715595],[130.89182,55.706792],[130.85008,55.712481],[130.83825,55.7296],[130.809393,55.727473],[130.809451,55.735556],[130.736202,55.753972],[130.711726,55.753483],[130.680542,55.744046],[130.652523,55.75679],[130.624824,55.76245],[130.549048,55.739176],[130.524125,55.737705],[130.504554,55.727425],[130.483496,55.733953],[130.467143,55.730523],[130.438768,55.743758],[130.38085,55.747751],[130.35538,55.745717],[130.353182,55.73094],[130.29919,55.732237],[130.287782,55.740975],[130.239298,55.730478],[130.231634,55.724611],[130.126605,55.712721],[130.121201,55.726204],[130.091433,55.731346],[130.067504,55.711407],[130.04866,55.719237],[130.00109,55.71328],[129.998493,55.72293],[129.972114,55.737823],[129.964304,55.754349],[129.903307,55.77829],[129.871608,55.751951],[129.870931,55.740484],[129.840021,55.743493],[129.80005,55.757133],[129.788367,55.773613],[129.72958,55.770945],[129.711057,55.761009],[129.685133,55.767456],[129.659195,55.786023],[129.640571,55.769539],[129.617794,55.762642],[129.584685,55.762091],[129.525931,55.743516],[129.488847,55.760802],[129.467555,55.754544],[129.455177,55.729946],[129.421298,55.723966],[129.383014,55.732466],[129.375248,55.718552],[129.351993,55.713298],[129.341944,55.727383],[129.285711,55.719631],[129.262471,55.730629],[129.234483,55.712442],[129.174343,55.698186],[129.151389,55.705813],[129.105932,55.701614],[129.097336,55.695221],[129.05084,55.69489],[129.043729,55.67958],[129.06835,55.651575],[129.071706,55.637336],[129.09908,55.631036],[129.095209,55.561352],[129.100958,55.539514],[129.07264,55.513753],[129.022033,55.503364],[129.011492,55.497503],[128.95687,55.494389],[128.94607,55.505558],[128.90301,55.513615],[128.873512,55.50075],[128.852259,55.499776],[128.830079,55.520015],[128.821253,55.502528],[128.785939,55.487671],[128.769486,55.490851],[128.76119,55.511876],[128.718942,55.517492],[128.703037,55.515137],[128.687501,55.532573],[128.703782,55.541469],[128.70163,55.562326],[128.682784,55.571789],[128.634208,55.54984],[128.581716,55.556448],[128.55547,55.549877],[128.54085,55.554281],[128.512443,55.544781],[128.48832,55.5562],[128.491531,55.583673],[128.475602,55.597812],[128.45012,55.603465],[128.422718,55.624975],[128.381239,55.630716],[128.329241,55.673356],[128.290426,55.696913],[128.285067,55.6907],[128.237514,55.690296],[128.225972,55.699317],[128.200153,55.700994],[128.19113,55.689404],[128.15987,55.685034],[128.11394,55.687564],[128.063898,55.668232],[128.044954,55.677478],[127.924375,55.662004],[127.879384,55.668912],[127.85497,55.662208],[127.80183,55.666932],[127.787496,55.674756],[127.803144,55.692801],[127.784796,55.714376],[127.789476,55.723041],[127.764406,55.723207],[127.733709,55.731276],[127.706955,55.728025],[127.677468,55.715407],[127.667205,55.701387],[127.641861,55.69463],[127.637135,55.679242],[127.542464,55.66484],[127.569845,55.643584],[127.573759,55.631325],[127.599909,55.602203],[127.589912,55.594064],[127.565807,55.595864],[127.541243,55.607166],[127.513818,55.604875],[127.495818,55.588953],[127.458775,55.57803],[127.423289,55.57853],[127.420998,55.591162],[127.378081,55.608614],[127.34013,55.61952],[127.348407,55.635027],[127.338702,55.645834],[127.315427,55.649321],[127.327396,55.659531],[127.321454,55.687805],[127.274393,55.688341],[127.260636,55.680598],[127.231959,55.700578],[127.186956,55.717696],[127.161185,55.696863],[127.134852,55.69284],[127.089252,55.702066],[127.061432,55.69414],[126.966224,55.699928],[126.950983,55.689832],[126.934872,55.690885],[126.906903,55.676552],[126.923687,55.661263],[126.926225,55.629892],[126.86906,55.620647],[126.857229,55.611502],[126.813424,55.617097],[126.787303,55.627425],[126.758137,55.619282],[126.72505,55.599593],[126.682276,55.633006],[126.699115,55.655458],[126.692811,55.666712],[126.635537,55.660751],[126.608274,55.653765],[126.582764,55.654335],[126.562135,55.641494],[126.543767,55.640718],[126.537325,55.625262],[126.51104,55.612279],[126.533219,55.593679],[126.529871,55.579799],[126.503095,55.583304],[126.492168,55.569373],[126.414418,55.560028],[126.387446,55.573386],[126.385915,55.5946],[126.361743,55.596872],[126.336377,55.583887],[126.317651,55.584693],[126.2966,55.609109],[126.261561,55.595834],[126.235033,55.607837],[126.201788,55.602109],[126.182955,55.59136],[126.096092,55.58978],[126.077209,55.59537],[126.070296,55.611719],[126.080632,55.617584],[126.065303,55.632538],[126.06703,55.64522],[126.115326,55.650901],[126.133551,55.638127],[126.141116,55.651194],[126.131362,55.667145],[126.087762,55.667953],[126.080725,55.690846],[126.067587,55.707231],[126.091726,55.711501],[126.04385,55.731073],[126.004957,55.72002],[125.98538,55.72026],[125.995309,55.746717],[125.993836,55.767387],[125.931157,55.774072],[125.87371,55.794755],[125.838889,55.803592],[125.803634,55.806601],[125.781357,55.799199],[125.764081,55.804167],[125.735754,55.797666],[125.697082,55.800126],[125.683073,55.786758],[125.666438,55.793482],[125.651055,55.784539],[125.616844,55.779446],[125.601067,55.761171],[125.581877,55.758009],[125.565884,55.739259],[125.531076,55.746937],[125.502518,55.773386],[125.509813,55.785128],[125.488188,55.79836],[125.466168,55.798982],[125.444881,55.816352],[125.448967,55.851111],[125.420122,55.869934],[125.391106,55.876089],[125.329996,55.874587],[125.295861,55.885692],[125.291324,55.896656],[125.253349,55.907761],[125.221944,55.895312],[125.207932,55.905671],[125.200173,55.897606],[125.159567,55.896125],[125.139843,55.88571],[125.084625,55.879702],[125.052581,55.859672],[125.010704,55.869518],[124.977072,55.860028],[124.977974,55.842417],[124.964315,55.837642],[124.941639,55.84472],[124.91107,55.84187],[124.869766,55.861765],[124.839558,55.864479],[124.834786,55.882086],[124.784233,55.882057],[124.779326,55.869585],[124.761685,55.869899],[124.724984,55.907689],[124.702015,55.924475],[124.660585,55.92611],[124.639793,55.937683],[124.559345,55.89908],[124.549615,55.888563],[124.531373,55.892655],[124.505887,55.884648],[124.485281,55.891622],[124.450518,55.91813],[124.41842,55.920287],[124.414149,55.930917],[124.42344,55.953278],[124.388335,55.993621],[124.396501,56.020098],[124.394278,56.052636],[124.371259,56.05646],[124.348449,56.072462],[124.315882,56.071031],[124.301896,56.078549],[124.214495,56.084136],[124.203328,56.101006],[124.224998,56.110303],[124.204821,56.131779],[124.212179,56.155897],[124.193543,56.166242],[124.200088,56.174559],[124.177105,56.18952],[124.176827,56.197843],[124.143874,56.201065],[124.121072,56.230813],[124.080354,56.232304],[124.063521,56.248675],[124.032761,56.256009],[124.016243,56.289428],[123.999553,56.293768],[123.992505,56.318727],[123.969214,56.336503],[123.980676,56.353708],[123.946256,56.359978],[123.935276,56.379376],[123.920806,56.387865],[123.829691,56.410319],[123.808748,56.418599],[123.753002,56.424536],[123.709061,56.40869],[123.683353,56.403783],[123.661978,56.413467],[123.603114,56.413054],[123.572502,56.409158],[123.551251,56.42215],[123.491953,56.422317],[123.434332,56.419026],[123.383251,56.425375],[123.372997,56.418631],[123.348247,56.420605],[123.33599,56.428959],[123.284629,56.430454],[123.232583,56.443518],[123.194051,56.440672],[123.17423,56.446347],[123.166458,56.460264],[123.108703,56.457535],[123.100708,56.478222],[123.058842,56.487461],[123.025769,56.504112],[123.020298,56.521465],[122.99672,56.525293],[122.96832,56.538372],[122.90191,56.556641],[122.894241,56.566618],[122.903993,56.583978],[122.884679,56.596382],[122.834532,56.5845],[122.794468,56.585153],[122.787082,56.577118],[122.800418,56.559491],[122.78839,56.5357],[122.799947,56.526449],[122.790152,56.508723],[122.761357,56.490427],[122.715024,56.494906],[122.689181,56.502034],[122.653487,56.492313],[122.640219,56.475338],[122.610659,56.488739],[122.571597,56.485402],[122.558339,56.507878],[122.544551,56.510562],[122.550283,56.525678],[122.506772,56.564319],[122.46697,56.571713],[122.46076,56.599617],[122.435298,56.616501],[122.386535,56.625956],[122.378095,56.634413],[122.295484,56.640747],[122.278935,56.660204],[122.24674,56.678377],[122.233819,56.69262],[122.179695,56.70327],[122.203664,56.724403],[122.163943,56.74619],[122.134951,56.746468],[122.111409,56.754088],[122.048465,56.753445],[121.989547,56.762514],[121.957703,56.744126],[121.91149,56.748961],[121.885619,56.73863],[121.858054,56.745453],[121.835604,56.740431],[121.761611,56.754279],[121.750533,56.749057],[121.7234,56.758113],[121.683531,56.7596],[121.64543,56.741957],[121.61031,56.738243],[121.60523,56.761543],[121.634175,56.789855],[121.616745,56.804461],[121.609072,56.821492],[121.585622,56.848448],[121.534915,56.849884],[121.511433,56.870348],[121.506818,56.901732],[121.518671,56.920594],[121.486135,56.953604],[121.459334,56.970512],[121.40559,56.985529],[121.345001,56.984021],[121.300256,56.990032],[121.271793,56.98607],[121.233985,56.995686],[121.18389,56.99315],[121.13937,57.001474],[121.095533,56.981504],[121.049646,57.004354],[121.009368,57.043304],[120.965271,57.042628],[120.927393,57.057979],[120.9055,57.060508],[120.897639,57.048025],[120.879772,57.05667],[120.842924,57.046566],[120.806927,57.042433],[120.797514,57.023984],[120.777134,57.029479],[120.738392,57.026004],[120.717652,57.034532],[120.696528,57.03272],[120.666643,57.044899],[120.646918,57.035128],[120.60775,57.027165],[120.564077,57.035732],[120.543639,57.044459],[120.51802,57.037749],[120.498733,57.041442],[120.470286,57.032363],[120.4529,57.035401],[120.425089,57.028316],[120.391607,57.030655],[120.329354,57.021089],[120.291281,57.026973],[120.274705,57.020748],[120.267611,57.005771],[120.243318,56.999494],[120.24095,56.991053],[120.175704,56.961689],[120.125415,56.952552],[120.121285,56.944807],[120.081591,56.926528],[120.051691,56.926548],[120.035444,56.909939],[120.002964,56.916908],[119.907848,56.908417],[119.85614,56.896079],[119.834795,56.902237],[119.805443,56.932447],[119.804702,56.948635],[119.791058,56.980033],[119.767692,56.989411],[119.709825,56.990381],[119.69011,56.985813],[119.645616,56.997165],[119.621578,57.017655],[119.597018,57.028036],[119.592735,57.057313],[119.572568,57.076454],[119.576359,57.091773],[119.592954,57.09797],[119.60854,57.136346],[119.638123,57.151064],[119.659859,57.168914],[119.691375,57.177932],[119.661951,57.19039],[119.626156,57.22598],[119.602753,57.236038],[119.590954,57.250667],[119.60138,57.275657],[119.579385,57.285978],[119.586803,57.304075],[119.5643,57.318446],[119.538448,57.351368],[119.509504,57.370754],[119.477319,57.370509],[119.44365,57.380061],[119.419936,57.395929],[119.421799,57.418431],[119.400462,57.432688],[119.41859,57.463229],[119.392819,57.485241],[119.420623,57.51872],[119.445125,57.5323],[119.467154,57.533297],[119.486432,57.549482],[119.502115,57.599544],[119.480369,57.608866],[119.438155,57.603646],[119.420717,57.620952],[119.33814,57.619588],[119.270363,57.595776],[119.27314,57.579503],[119.246429,57.541832],[119.223145,57.524324],[119.222136,57.505674],[119.174523,57.519333],[119.142199,57.557559],[119.164821,57.570613],[119.179843,57.589429],[119.164033,57.612644],[119.168982,57.62566],[119.141664,57.649476],[119.168664,57.658518],[119.174363,57.686365],[119.166955,57.718408],[119.09677,57.732012],[119.058217,57.726167],[119.043871,57.747557],[119.04583,57.764522],[119.062909,57.781243],[119.08378,57.815193],[119.103373,57.832283],[119.087889,57.859283],[119.091565,57.913008],[119.116039,57.924726],[119.120055,57.962517],[119.110081,57.969755],[119.135,57.973142],[119.137163,57.988796],[119.152364,58.005861],[119.163985,58.031456],[119.184517,58.044775],[119.148284,58.085329],[119.14373,58.099193],[119.159515,58.109624],[119.152198,58.139107],[119.191361,58.152822],[119.187902,58.16239],[119.162911,58.169353],[119.15313,58.191746],[119.133544,58.206694],[119.128751,58.23007],[119.116842,58.238128],[119.133159,58.273635],[119.123641,58.284831],[119.138674,58.292535],[119.1178,58.325076],[119.076844,58.339019],[119.08043,58.34898],[119.063283,58.363496],[119.105559,58.422259],[119.131251,58.487889],[119.120441,58.516282],[119.084596,58.518191],[119.038428,58.530943],[119.016512,58.52748],[118.992228,58.547655],[118.991886,58.56155],[118.962044,58.566428],[118.950581,58.579385],[118.920096,58.56848],[118.887996,58.569793],[118.863517,58.577428],[118.866504,58.596555],[118.850878,58.603875],[118.820862,58.600121],[118.776802,58.611387],[118.754963,58.629187],[118.765925,58.645577],[118.799202,58.638691],[118.81002,58.644614],[118.833945,58.676304],[118.831637,58.693784],[118.861725,58.731207],[118.853443,58.756212],[118.838993,58.774902],[118.87273,58.820487],[118.86805,58.835519],[118.8448,58.849208],[118.833914,58.870459],[118.816317,58.872379],[118.766741,58.895001],[118.748988,58.934514],[118.763634,58.950214],[118.799529,58.958486],[118.827697,58.946925],[118.861275,58.952058],[118.873087,58.967517],[118.872731,58.991417],[118.839269,59.018397],[118.840954,59.03677],[118.819188,59.050707],[118.75967,59.053004],[118.713828,59.049824],[118.696272,59.057558],[118.71524,59.080634],[118.711372,59.117735],[118.689244,59.150897],[118.689436,59.172683],[118.670814,59.186608],[118.698895,59.213715],[118.713848,59.236206],[118.734139,59.243543],[118.733112,59.255702],[118.755055,59.262437],[118.76521,59.274538],[118.801678,59.270481],[118.802725,59.291277],[118.792598,59.302133],[118.836142,59.317371],[118.817384,59.329585],[118.7488,59.345128],[118.763448,59.370909],[118.747832,59.392291],[118.761284,59.428266],[118.737944,59.435893],[118.6773,59.437983],[118.62646,59.448701],[118.614056,59.461164],[118.589584,59.450808],[118.58667,59.460755],[118.553514,59.471432],[118.539956,59.485821],[118.508431,59.490409],[118.496482,59.498592],[118.46811,59.496393],[118.437345,59.507868],[118.405667,59.510095],[118.361812,59.525624],[118.356952,59.573275],[118.346144,59.615041],[118.319667,59.633078],[118.275653,59.634492],[118.244631,59.650811],[118.239862,59.640404],[118.159317,59.630118],[118.121665,59.640941],[118.106235,59.62572],[118.070093,59.625059],[118.052115,59.642408],[118.033995,59.629318],[118.021936,59.598405],[118.03129,59.575435],[117.980631,59.557683],[117.954052,59.555488],[117.938673,59.54007],[117.956534,59.527564],[117.968651,59.497344],[117.930158,59.482032],[117.910902,59.450702],[117.873709,59.463277],[117.826314,59.445463],[117.808439,59.466853],[117.796426,59.495233],[117.783308,59.558303],[117.77047,59.565891],[117.717561,59.557717],[117.645175,59.540614],[117.646238,59.530348],[117.611619,59.523644],[117.583062,59.508223],[117.596393,59.48191],[117.569694,59.477549],[117.497941,59.492639],[117.460532,59.52151],[117.438608,59.525192],[117.382657,59.520427],[117.346171,59.512934],[117.297984,59.526496],[117.24934,59.513227],[117.211949,59.542428],[117.218229,59.561117],[117.193248,59.582705],[117.162368,59.589584],[117.112064,59.609812],[117.160091,59.634432],[117.145768,59.65392],[117.170165,59.658293],[117.205544,59.681404],[117.199169,59.696965],[117.175226,59.715202],[117.209486,59.729696],[117.228182,59.750281],[117.222096,59.767258],[117.232207,59.773634],[117.208511,59.786204],[117.229302,59.809118],[117.210268,59.846182],[117.223793,59.874169],[117.204236,59.87589],[117.147443,59.8671],[117.096402,59.869285],[117.077015,59.888991],[117.046649,59.905568],[117.008568,59.916842],[117.02769,59.947088],[117.056816,59.951718],[117.077473,59.972628],[117.105949,59.972504],[117.132947,59.980982],[117.154029,59.973846],[117.238857,59.993891],[117.246186,60.001987],[117.292275,60.00819],[117.338736,60.006315],[117.35563,60.011623],[117.34719,60.024205],[117.300025,60.048145],[117.264106,60.057423],[117.254433,60.051843],[117.21826,60.054401],[117.181297,60.049392],[117.178079,60.039178],[117.130037,60.02756],[117.103804,60.027719],[117.019565,60.049938],[116.988643,60.048908],[117.00022,60.091751],[117.012285,60.100972],[117.0036,60.118831],[116.972894,60.139372],[116.941196,60.146179],[116.925493,60.170317],[116.937166,60.19646],[116.921234,60.20398],[116.879451,60.205201],[116.829859,60.226992],[116.822579,60.236478],[116.791288,60.240082],[116.770875,60.249365],[116.774809,60.269127],[116.759277,60.27959],[116.688805,60.289319],[116.648943,60.283744],[116.608546,60.295133],[116.6284,60.319366],[116.623588,60.349739],[116.602968,60.36447],[116.594034,60.382068],[116.559706,60.382033],[116.540974,60.389983],[116.464281,60.386435],[116.369779,60.377006],[116.355831,60.371132],[116.324623,60.374726],[116.316204,60.398011],[116.291066,60.409652],[116.1839,60.394096],[116.173857,60.39729],[116.17791,60.41734],[116.167005,60.429603],[116.138555,60.433993],[116.088981,60.449995],[116.084679,60.456175],[116.042146,60.461727],[116.019852,60.459397],[116.005434,60.469058],[115.937639,60.45355],[115.904058,60.491589],[115.863649,60.496064],[115.867206,60.507642],[115.885956,60.508793],[115.872447,60.523097],[115.812823,60.520504],[115.805734,60.529058],[115.758977,60.521309],[115.767473,60.541896],[115.749481,60.546659],[115.696606,60.549035],[115.679674,60.539498],[115.639685,60.533377],[115.594673,60.535918],[115.496886,60.512871],[115.456402,60.515425],[115.417318,60.496469],[115.369457,60.491911],[115.340499,60.496998],[115.332884,60.507298],[115.300825,60.513756],[115.259912,60.499393],[115.212785,60.490171],[115.22385,60.470391],[115.211848,60.460481],[115.146563,60.44456],[115.112914,60.430798],[115.096025,60.413232],[115.117581,60.37775],[115.145207,60.365985],[115.107652,60.340613],[115.117234,60.326021],[115.073852,60.305342],[115.077809,60.283546],[115.032908,60.263513],[115.023475,60.236097],[114.986751,60.214531],[114.939869,60.2048],[114.911595,60.194489],[114.906236,60.184778],[114.84814,60.192142],[114.825752,60.185261],[114.821046,60.200335],[114.774705,60.202535],[114.719238,60.195522],[114.651151,60.179064],[114.656844,60.155313],[114.621711,60.144433],[114.599837,60.1443],[114.565087,60.130926],[114.547111,60.107172],[114.555543,60.101175],[114.546082,60.082723],[114.496649,60.069566],[114.49177,60.034572],[114.53565,60.020618],[114.559409,60.022594],[114.556467,60.008393],[114.573376,59.989086],[114.529526,59.983615],[114.497457,59.97219],[114.449414,59.945349],[114.426677,59.949203],[114.35555,59.914127],[114.334394,59.913428],[114.297153,59.890731],[114.30032,59.875797],[114.288854,59.854491],[114.227656,59.837069],[114.230564,59.819407],[114.216725,59.784636],[114.196052,59.781074],[114.156466,59.758813],[114.150321,59.745556],[114.096977,59.76525],[114.06274,59.755741],[114.04531,59.741771],[114.000474,59.730389],[114.006912,59.719191],[113.983193,59.709355],[113.99071,59.701724],[113.969705,59.690922],[113.925864,59.682163],[113.913864,59.694279],[113.874841,59.686248],[113.883414,59.678075],[113.856518,59.650689],[113.814375,59.643095],[113.795431,59.627648],[113.761156,59.617057],[113.736447,59.62762],[113.706531,59.630044],[113.684235,59.615525],[113.652561,59.614768],[113.5913,59.594758],[113.596278,59.577466],[113.626506,59.562263],[113.607031,59.545576],[113.614501,59.515156],[113.584552,59.496414],[113.561228,59.494312],[113.529518,59.47675],[113.523024,59.45717],[113.503324,59.45906],[113.463385,59.432292],[113.451648,59.409828],[113.431376,59.40231],[113.432036,59.37874],[113.513904,59.360903],[113.532065,59.349913],[113.500317,59.327844],[113.461359,59.308064],[113.485608,59.284619],[113.465212,59.265593],[113.456647,59.276604],[113.436636,59.270746],[113.429053,59.247773],[113.39303,59.241639],[113.374692,59.223066],[113.356255,59.227663],[113.32757,59.218052],[113.33897,59.205674],[113.332701,59.191033],[113.277556,59.158104],[113.239238,59.161153],[113.201358,59.187265],[113.161002,59.183913],[113.109606,59.150801],[113.078061,59.165254],[113.058007,59.167939],[113.02739,59.145079],[112.964304,59.141975],[112.962675,59.153892],[112.931538,59.156883],[112.891904,59.142783],[112.886195,59.13066],[112.851254,59.121095],[112.844225,59.127371],[112.805138,59.126996],[112.749709,59.091973],[112.751869,59.051929],[112.730105,59.047867],[112.706568,59.054407],[112.650495,59.051722],[112.627223,59.042901],[112.608183,59.048381],[112.614909,59.056752],[112.594487,59.076389],[112.619391,59.090908],[112.605654,59.107824],[112.531626,59.075065],[112.514623,59.060429],[112.51428,59.044106],[112.555207,59.01189],[112.599206,58.992301],[112.578243,58.962816],[112.589706,58.944663],[112.568271,58.943242],[112.543017,58.922834],[112.524731,58.894082],[112.479134,58.891077],[112.441539,58.918129],[112.446791,58.979136],[112.461634,58.995335],[112.434783,59.010194],[112.460588,59.030472],[112.435639,59.055174],[112.438764,59.070083],[112.468122,59.082522],[112.459172,59.094074],[112.464359,59.113039],[112.447849,59.136239],[112.448434,59.153263],[112.462859,59.158156],[112.465957,59.186606],[112.486702,59.214334],[112.50087,59.220552],[112.505704,59.238225],[112.525441,59.23851],[112.539127,59.254534],[112.56316,59.255757],[112.601928,59.274901],[112.628966,59.270745],[112.643807,59.281264],[112.651461,59.313623],[112.635479,59.323992],[112.590147,59.325879],[112.569536,59.316706],[112.566509,59.335847],[112.521975,59.348222],[112.504409,59.334328],[112.455825,59.341127],[112.429447,59.330534],[112.419849,59.335736],[112.368609,59.310569],[112.313654,59.315351],[112.279031,59.299172],[112.268992,59.305639],[112.280752,59.318039],[112.322275,59.334186],[112.305718,59.345079],[112.302841,59.364742],[112.275442,59.373139],[112.340591,59.425588],[112.336859,59.439098],[112.286398,59.482966],[112.281919,59.502896],[112.301088,59.524185],[112.273681,59.531504],[112.251292,59.5284],[112.199298,59.504334],[112.201259,59.491584],[112.178247,59.470555],[112.148501,59.464562],[112.093749,59.428747],[112.097631,59.416611],[112.078895,59.392533],[112.040207,59.383011],[112.000682,59.357486],[111.959563,59.338655],[111.975872,59.319657],[111.941094,59.278543],[111.898915,59.303685],[111.871352,59.301691],[111.844647,59.290646],[111.790191,59.29798],[111.718216,59.257567],[111.649821,59.223848],[111.616265,59.226461],[111.587306,59.239021],[111.560631,59.23519],[111.507296,59.255457],[111.494803,59.285527],[111.467346,59.282609],[111.451149,59.292353],[111.41472,59.290645],[111.39968,59.283761],[111.381514,59.288708],[111.3344,59.277732],[111.297237,59.277575],[111.267917,59.258086],[111.285046,59.244389],[111.250744,59.241878],[111.234806,59.229778],[111.217729,59.203733],[111.180048,59.203451],[111.172184,59.211331],[111.134678,59.213351],[111.102422,59.236257],[111.10927,59.243321],[111.093641,59.256028],[111.064697,59.254169],[111.071206,59.240463],[111.042328,59.222514],[110.983064,59.216713],[110.983503,59.23045],[110.949402,59.247444],[110.856772,59.261129],[110.859243,59.272094],[110.826164,59.273226],[110.809481,59.266828],[110.720542,59.280902],[110.673439,59.264988],[110.634577,59.246616],[110.641581,59.218745],[110.574622,59.204138],[110.574234,59.190401],[110.548603,59.183345],[110.587617,59.159461],[110.603614,59.140373],[110.579649,59.127],[110.545461,59.127576],[110.526121,59.106793],[110.541325,59.092033],[110.498522,59.058927],[110.474673,59.046366],[110.399319,59.057215],[110.348347,59.041594],[110.317668,59.025479],[110.309698,59.009021],[110.263097,58.991048],[110.239422,58.999926],[110.158248,58.980934],[110.141044,58.995427],[110.108643,58.990821],[110.086257,59.002417],[110.023501,59.001598],[110.002585,59.018775],[109.982887,59.024971],[109.910673,59.019581],[109.851127,59.003205],[109.847911,58.991841],[109.821884,58.988769],[109.811944,59.004253],[109.757196,59.037041],[109.752613,59.058986],[109.727389,59.090552],[109.699021,59.091942],[109.6556,59.072746],[109.642656,59.060777],[109.617505,59.083333],[109.613595,59.100666],[109.634199,59.122181],[109.621544,59.14417],[109.630401,59.16426],[109.600108,59.172478],[109.579928,59.170634],[109.580476,59.184238],[109.509493,59.192734],[109.523843,59.225786],[109.536504,59.235458],[109.524361,59.247185],[109.479278,59.252317],[109.491523,59.268551],[109.48516,59.293458],[109.506285,59.308076],[109.4526,59.313018],[109.400094,59.304693],[109.379609,59.315437],[109.329543,59.316102],[109.313819,59.322394],[109.291664,59.316525],[109.245004,59.333282],[109.274728,59.351495],[109.239804,59.381485],[109.240394,59.390863],[109.282681,59.387755],[109.282946,59.398155],[109.342886,59.417168],[109.351645,59.42901],[109.342513,59.44246],[109.299961,59.442145],[109.252271,59.466906],[109.301102,59.500696],[109.33398,59.510732],[109.327877,59.531574],[109.339252,59.546245],[109.362492,59.548386],[109.400384,59.567578],[109.401759,59.584365],[109.469828,59.624351],[109.488318,59.629131],[109.543439,59.667295],[109.541292,59.677482],[109.508243,59.689748],[109.488587,59.6862],[109.490698,59.704568],[109.475642,59.721383],[109.473381,59.742339],[109.484454,59.751955],[109.474766,59.767633],[109.489046,59.772083],[109.508123,59.801529],[109.544459,59.816041],[109.567703,59.834807],[109.563324,59.844239],[109.625284,59.853674],[109.635339,59.865575],[109.662596,59.876033],[109.644325,59.896015],[109.649978,59.905096],[109.621352,59.918122],[109.621253,59.937818],[109.666365,59.939082],[109.67474,59.986677],[109.699774,59.994889],[109.755081,60.026996],[109.752078,60.05239],[109.705972,60.052794],[109.713836,60.07286],[109.692598,60.076711],[109.699399,60.107703],[109.714113,60.123064],[109.692776,60.125608],[109.694643,60.161238],[109.714598,60.170523],[109.718438,60.183118],[109.707514,60.206889],[109.733636,60.215595],[109.722853,60.232044],[109.740317,60.248555],[109.765509,60.247294],[109.791317,60.254336],[109.815246,60.273757],[109.813265,60.306672],[109.790777,60.318494],[109.804651,60.336441],[109.833218,60.339688],[109.881641,60.358443],[109.870997,60.370794],[109.847149,60.372024],[109.849731,60.390969],[109.894707,60.389439],[109.92554,60.398534],[109.927097,60.409603],[109.948778,60.41689],[109.953373,60.439926],[109.907127,60.461395],[109.9248,60.473833],[109.949669,60.504864],[110.022251,60.533268],[110.057321,60.569849],[110.040121,60.581271],[110.073888,60.589096],[110.098306,60.585129],[110.138172,60.59693],[110.122694,60.62139],[110.134587,60.632181],[110.126216,60.648095],[110.094435,60.654072],[110.089865,60.666565],[110.104821,60.672408],[110.056796,60.683279],[110.099332,60.694398],[110.153486,60.687679],[110.189047,60.695944],[110.233532,60.681354],[110.261457,60.686626],[110.288624,60.701981],[110.298469,60.725578],[110.285677,60.734238],[110.286167,60.761539],[110.274962,60.768111],[110.299794,60.78213],[110.28296,60.804044],[110.257592,60.821647],[110.261865,60.844633],[110.282638,60.866969],[110.306785,60.87417],[110.32481,60.890717],[110.337218,60.913736],[110.367768,60.937577],[110.41589,60.955051],[110.405495,60.963744],[110.418913,60.975645],[110.457916,60.981627],[110.483167,61.000681],[110.500269,61.031415],[110.484787,61.049727],[110.50083,61.069968],[110.542292,61.087795],[110.545392,61.11666],[110.522813,61.137411],[110.543107,61.148485],[110.541449,61.16427],[110.523942,61.179692],[110.479851,61.184227],[110.480688,61.191158],[110.433001,61.198562],[110.426312,61.208414],[110.381295,61.201345],[110.345216,61.177064],[110.281989,61.170505],[110.222093,61.168251],[110.18179,61.18617],[110.182385,61.202514],[110.141577,61.22151],[110.14079,61.237072],[110.124805,61.245059],[110.111251,61.277886],[110.017394,61.3002],[109.997213,61.314717],[109.962238,61.308802],[109.951507,61.318418],[109.881907,61.322966],[109.850701,61.313317],[109.820886,61.32866],[109.791678,61.326304],[109.761796,61.3317],[109.778996,61.353524],[109.813556,61.371162],[109.801233,61.386175],[109.839155,61.425168],[109.843192,61.439957],[109.859936,61.448522],[109.841329,61.452756],[109.808911,61.477883],[109.859293,61.513695],[109.852766,61.538084],[109.87049,61.549351],[109.819822,61.590004],[109.81912,61.600738],[109.791757,61.611161],[109.791498,61.627234],[109.744946,61.645636],[109.750185,61.654497],[109.698127,61.65606],[109.692799,61.664631],[109.725983,61.683838],[109.731829,61.698271],[109.686193,61.698058],[109.661904,61.707276],[109.64819,61.733501],[109.621593,61.734282],[109.600187,61.745473],[109.596726,61.767658],[109.619117,61.799681],[109.595105,61.808043],[109.574538,61.831156],[109.587859,61.851233],[109.610922,61.856408],[109.598866,61.875907],[109.579281,61.887328],[109.575309,61.914704],[109.642256,61.927687],[109.684185,61.968145],[109.725438,61.976609],[109.713407,61.988741],[109.724054,62.001212],[109.776145,62.010131],[109.759877,62.023455],[109.788918,62.017958],[109.815796,62.022757],[109.825956,62.043834],[109.847397,62.045839],[109.8721,62.066979],[109.872613,62.089061],[109.888904,62.097735],[109.860159,62.1096],[109.913799,62.135983],[109.955671,62.161926],[109.983661,62.16212],[110.00455,62.186047],[109.986581,62.196525],[109.973639,62.216203],[109.959688,62.21826],[109.953945,62.238388],[109.928832,62.247467],[109.918588,62.26006],[109.942542,62.275217],[109.940637,62.283957],[109.96541,62.287118],[109.99532,62.309658],[109.976218,62.328178],[109.940476,62.336908],[109.952515,62.360993],[109.918012,62.373167],[109.889907,62.37053],[109.886796,62.388369],[109.901879,62.390456],[109.903973,62.407934],[109.927115,62.41604],[109.91093,62.437021],[109.826772,62.44538],[109.766392,62.439608],[109.708819,62.44252],[109.667902,62.435392],[109.63906,62.443911],[109.597643,62.445939],[109.553325,62.455069],[109.511885,62.440061],[109.510465,62.43065],[109.445182,62.424841],[109.446225,62.439617],[109.429148,62.449974],[109.430854,62.473591],[109.396881,62.487216],[109.364208,62.485329],[109.337635,62.493533],[109.331384,62.504491],[109.298355,62.521629],[109.315182,62.534728],[109.269589,62.556171],[109.283197,62.570145],[109.251916,62.57675],[109.254805,62.598724],[109.321039,62.607872],[109.378151,62.607404],[109.371361,62.618261],[109.384026,62.634933],[109.379037,62.661495],[109.387625,62.671617],[109.441231,62.675398],[109.472373,62.68541],[109.485329,62.704266],[109.466491,62.711588],[109.485845,62.734106],[109.465187,62.746661],[109.490232,62.760373],[109.507987,62.795014],[109.557787,62.798641],[109.566645,62.807156],[109.637146,62.822334],[109.63627,62.829144],[109.675732,62.829442],[109.681311,62.839964],[109.669882,62.860569],[109.645487,62.863578],[109.626582,62.886566],[109.63932,62.898698],[109.595097,62.906037],[109.601607,62.913438],[109.571428,62.921499],[109.526804,62.918123],[109.528362,62.936629],[109.494455,62.95639],[109.483979,62.970701],[109.493619,62.983241],[109.522663,62.992972],[109.514489,63.006081],[109.534118,63.013659],[109.523396,63.021319],[109.500371,63.012955],[109.469752,63.024098],[109.515371,63.026988],[109.500157,63.039547],[109.511788,63.050358],[109.4881,63.059914],[109.499467,63.083403],[109.484731,63.095885],[109.515634,63.105548],[109.458555,63.109201],[109.496928,63.140758],[109.461507,63.148064],[109.460137,63.158812],[109.485233,63.169677],[109.454443,63.172254],[109.443339,63.184794],[109.445411,63.225706],[109.476166,63.228486],[109.474685,63.250419],[109.449538,63.268754],[109.452144,63.276225],[109.41587,63.279973],[109.42835,63.313726],[109.405326,63.332638],[109.417675,63.345739],[109.411673,63.367869],[109.387816,63.377348],[109.361415,63.367573],[109.314958,63.363457],[109.285972,63.372478],[109.294618,63.391306],[109.319332,63.393414],[109.280412,63.430266],[109.257791,63.438851],[109.257929,63.462989],[109.225679,63.467811],[109.205101,63.477932],[109.191372,63.497659],[109.177315,63.496168],[109.188828,63.530199],[109.17121,63.542724],[109.152264,63.541669],[109.141663,63.557673],[109.101878,63.563812],[109.081238,63.577065],[109.024534,63.578966],[109.000071,63.585065],[108.948255,63.581924],[108.925639,63.575649],[108.85561,63.589498],[108.827793,63.590065],[108.809476,63.601787],[108.776065,63.602552],[108.726957,63.620063],[108.680051,63.611704],[108.628232,63.615876],[108.612839,63.63243],[108.581849,63.626194],[108.565959,63.633721],[108.495058,63.636415],[108.452815,63.628641],[108.436178,63.632487],[108.398593,63.626607],[108.370605,63.614787],[108.324941,63.609137],[108.26406,63.612614],[108.224163,63.603415],[108.168998,63.600662],[108.144004,63.603945],[108.131411,63.618065],[108.141358,63.627116],[108.121532,63.644839],[108.124333,63.658146],[108.175527,63.678133],[108.227865,63.670016],[108.238237,63.688203],[108.27279,63.692947],[108.299315,63.716051],[108.290108,63.735989],[108.304045,63.74393],[108.293075,63.759155],[108.288525,63.801924],[108.299295,63.821584],[108.287333,63.836652],[108.306324,63.847093],[108.334732,63.848223],[108.360629,63.860993],[108.397535,63.860962],[108.39144,63.849517],[108.417107,63.839107],[108.45756,63.835292],[108.496466,63.82235],[108.519852,63.836164],[108.571351,63.835731],[108.57553,63.845315],[108.617179,63.847725],[108.64789,63.821812],[108.681176,63.822215],[108.731835,63.842014],[108.755276,63.866311],[108.802638,63.870719],[108.798344,63.890804],[108.750462,63.913036],[108.726626,63.913474],[108.73945,63.930677],[108.710601,63.932133],[108.734659,63.949464],[108.726077,63.962167],[108.75017,63.971412],[108.758917,63.989195],[108.742761,63.993893],[108.762471,64.01662],[108.738807,64.036193],[108.660205,64.055075],[108.64482,64.065031],[108.613007,64.068797],[108.59588,64.087527],[108.609358,64.106627],[108.575507,64.11608],[108.561741,64.129611],[108.522791,64.1346],[108.524723,64.148757],[108.563997,64.165214],[108.565096,64.175885],[108.596893,64.194121],[108.519782,64.211751],[108.520916,64.232464],[108.564356,64.243236],[108.583116,64.255198],[108.515734,64.267948],[108.528984,64.280703],[108.502827,64.306291],[108.460006,64.305409],[108.42834,64.321545],[108.394859,64.311035],[108.408728,64.290331],[108.398389,64.279697],[108.360864,64.26464],[108.325514,64.274124],[108.285489,64.2698],[108.263828,64.277356],[108.236827,64.272134],[108.189293,64.284289],[108.177868,64.271764],[108.119211,64.260729],[108.085664,64.246468],[108.053478,64.213862],[108.05893,64.187904],[107.971941,64.182336],[107.964583,64.203991],[107.923244,64.201142],[107.92246,64.191118],[107.892208,64.196355],[107.887879,64.209748],[107.860089,64.231146],[107.821949,64.229155],[107.751537,64.255209],[107.707701,64.258048],[107.724676,64.272285],[107.698538,64.295698],[107.641299,64.3107],[107.560744,64.312666],[107.551413,64.306474],[107.495908,64.300898],[107.459087,64.279131],[107.401014,64.274573],[107.369929,64.261064],[107.325227,64.270333],[107.295266,64.284644],[107.254706,64.320253],[107.268497,64.328176],[107.25651,64.345425],[107.209175,64.34282],[107.176165,64.353232],[107.133377,64.35101],[107.092467,64.358963],[107.099751,64.371804],[107.042761,64.379854],[106.959579,64.403908],[106.950481,64.420774],[106.915167,64.43828],[106.885759,64.440323],[106.827834,64.420867],[106.786969,64.426061],[106.741122,64.422277],[106.723825,64.435543],[106.704785,64.465273],[106.708144,64.479424],[106.665837,64.498908],[106.652537,64.529516],[106.578978,64.542671],[106.55534,64.534551],[106.554992,64.516329],[106.587233,64.478226],[106.554146,64.460234],[106.537184,64.46433],[106.500714,64.456455],[106.460507,64.4606],[106.441341,64.454437],[106.365503,64.455635],[106.311919,64.439264],[106.256347,64.447051],[106.234628,64.434828],[106.179124,64.415694],[106.166881,64.421609],[106.138632,64.415954],[106.092496,64.426158],[106.075299,64.446469],[106.117332,64.45595],[106.133812,64.485387],[106.116999,64.495013],[106.076682,64.499172],[106.061565,64.524808],[106.023849,64.540924],[105.98557,64.534101],[105.918855,64.501263],[105.902473,64.486768],[105.866378,64.502231],[105.807422,64.497484],[105.765799,64.48447],[105.749891,64.503934],[105.792656,64.527169],[105.785637,64.550311],[105.762625,64.562309],[105.752845,64.581327],[105.714886,64.580925],[105.709529,64.602223],[105.750906,64.640663],[105.719323,64.650038],[105.687202,64.682967],[105.735249,64.690987],[105.782152,64.668013],[105.823024,64.66791],[105.869535,64.675123],[105.876841,64.686773],[105.859898,64.703434],[105.815905,64.72606],[105.832102,64.733509],[105.838079,64.751579],[105.818335,64.760534],[105.826075,64.786311],[105.846682,64.791062],[105.862818,64.821242],[105.852876,64.832933],[105.895064,64.843904],[105.924011,64.82586],[105.976429,64.822378],[105.986937,64.83151],[105.960806,64.853228],[105.941366,64.851868],[105.941564,64.873473],[105.914801,64.903497],[105.954415,64.912983],[105.96893,64.908378],[106.03182,64.9187],[106.046102,64.911952],[106.03309,64.88266],[106.060232,64.883835],[106.062025,64.869101],[106.100655,64.878377],[106.190975,64.864978],[106.207529,64.873037],[106.157388,64.895398],[106.11633,64.9061],[106.101321,64.935535],[106.067029,64.9565],[106.070925,64.980394],[106.041725,64.982915],[106.01496,64.994318],[105.982286,64.998276],[105.952936,65.014658],[105.950465,65.039901],[106.008667,65.055783],[106.025802,65.066351],[106.099257,65.067432],[106.154905,65.089094],[106.189947,65.133042],[106.252735,65.137042],[106.26613,65.145893],[106.312529,65.145672],[106.314717,65.167082],[106.346887,65.180628],[106.351408,65.191747],[106.419395,65.228993],[106.477599,65.209495],[106.526121,65.219637],[106.46739,65.231975],[106.429257,65.24653],[106.427562,65.293797],[106.439462,65.319506],[106.474336,65.323562],[106.516178,65.342986],[106.544958,65.380508],[106.605457,65.382964],[106.615225,65.39598],[106.666106,65.387591],[106.694962,65.393503],[106.710033,65.386566],[106.776138,65.387228],[106.780135,65.374773],[106.817327,65.377536],[106.831985,65.399978],[106.872231,65.422995],[106.862204,65.442414],[106.915869,65.469944],[106.938868,65.471908],[106.967889,65.508284],[106.936139,65.514155],[106.904479,65.511646],[106.887487,65.518033],[106.821717,65.524952],[106.79765,65.52049],[106.777177,65.532961],[106.703752,65.539858],[106.693273,65.557131],[106.720365,65.587637],[106.698461,65.603734],[106.607198,65.611315],[106.651519,65.619566],[106.590382,65.625145],[106.59399,65.639472],[106.563533,65.632606],[106.551804,65.645548],[106.51585,65.647869],[106.467432,65.661283],[106.42805,65.664566],[106.415123,65.671969],[106.434117,65.687521],[106.400972,65.697742],[106.424278,65.702393],[106.412898,65.713006],[106.449195,65.712487],[106.436468,65.724716],[106.459869,65.733042],[106.435674,65.741582],[106.454803,65.745556],[106.42806,65.763081],[106.443504,65.786145],[106.491483,65.798387],[106.458572,65.812298],[106.448051,65.825931],[106.469854,65.83249],[106.484043,65.855028],[106.473245,65.879053],[106.493821,65.883603],[106.467775,65.907716],[106.464948,65.931961],[106.493774,65.95507],[106.489102,65.979808],[106.514476,65.995053],[106.478285,66.016127],[106.482648,66.025938],[106.44727,66.042775],[106.450987,66.054196],[106.413411,66.061489],[106.429789,66.082528],[106.37404,66.092769],[106.379069,66.101865],[106.353288,66.11242],[106.367106,66.118887],[106.338582,66.152849],[106.32207,66.15679],[106.288516,66.148764],[106.252266,66.153987],[106.205446,66.147],[106.17052,66.165311],[106.157688,66.163805],[106.106042,66.19724],[106.120406,66.213102],[106.108133,66.235398],[106.137001,66.24871],[106.120464,66.277377],[106.13221,66.282989],[106.112368,66.297614],[106.121396,66.314879],[106.095545,66.336202],[106.119552,66.357872],[106.108699,66.363172],[106.12695,66.384347],[106.146585,66.389783],[106.148658,66.409175],[106.182526,66.414263],[106.195564,66.429772],[106.253068,66.435256],[106.262919,66.445326],[106.316003,66.464533],[106.330961,66.474971],[106.300794,66.497481],[106.322893,66.518899],[106.290229,66.546116],[106.237461,66.563338],[106.231644,66.590328],[106.250231,66.603831],[106.219282,66.63636],[106.222287,66.663933],[106.258277,66.676895],[106.220205,66.697373],[106.170333,66.707544],[106.146376,66.730805],[106.14689,66.764451],[106.186863,66.770683],[106.213301,66.797782],[106.186698,66.801545],[106.123156,66.797558],[106.085487,66.779365],[106.051322,66.789151],[106.025462,66.78582],[105.985634,66.801503],[106.09415,66.859184],[106.103131,66.874373],[106.080664,66.895417],[106.033915,66.89739],[106.018052,66.886514],[105.976463,66.900774],[105.909857,66.909716],[105.855024,66.910733],[105.845134,66.930725],[105.858441,66.943471],[105.785105,66.936374],[105.737398,66.924972],[105.698989,66.925205],[105.637632,66.944452],[105.626986,66.954285],[105.579588,66.966926],[105.543609,66.984024],[105.555029,66.999472],[105.509063,67.013985],[105.544952,67.023716],[105.579905,67.018431],[105.640971,67.025436],[105.669799,67.013449],[105.764727,67.029696],[105.872565,67.029438],[105.962214,67.045478],[106.015868,67.085736],[106.066743,67.11733],[106.062034,67.142048],[106.076491,67.168536],[106.113717,67.167391],[106.184439,67.173352],[106.220558,67.171419],[106.259281,67.184353],[106.276234,67.198461],[106.342143,67.200771],[106.376191,67.215615],[106.38696,67.229825],[106.433573,67.264014],[106.505324,67.275583],[106.511791,67.283238],[106.555429,67.290893],[106.560112,67.273161],[106.590562,67.262535],[106.678428,67.251076],[106.715601,67.258458],[106.712254,67.276062],[106.737461,67.295615],[106.760047,67.301958],[106.822039,67.334093],[106.825863,67.416493],[106.838335,67.502118],[106.874489,67.667541],[106.868015,67.747208],[106.870384,67.835794],[106.8865,67.918525],[106.88762,68.000818],[106.900779,68.045418],[106.910232,68.175051],[106.920682,68.254164],[106.92067,68.334174],[106.916037,68.399264],[106.916949,68.486389],[106.912523,68.604069],[106.906583,68.685558],[106.905551,68.859042],[106.715348,69.000868],[106.675069,69.03248],[106.513032,69.150287],[106.308897,69.293111],[106.14286,69.409405],[106.178337,69.44168],[106.292662,69.459201],[106.344196,69.478153],[106.348603,69.507902],[106.372145,69.526467],[106.440504,69.555865],[106.452173,69.572737],[106.487412,69.581163],[106.543921,69.570706],[106.59088,69.569514],[106.615727,69.558962],[106.630677,69.527968],[106.681711,69.525942],[106.744472,69.53482],[106.857426,69.523271],[106.956394,69.545334],[107.069603,69.556196],[107.171761,69.585819],[107.30918,69.605071],[107.341379,69.613131],[107.393786,69.614381],[107.442207,69.622379],[107.507636,69.639916],[107.606481,69.660499],[107.691555,69.666576],[107.733843,69.675481],[107.785075,69.676754],[107.844267,69.686374],[107.929119,69.668473],[107.952931,69.669024],[107.976489,69.688458],[108.01942,69.69844],[108.030772,69.725203],[108.006886,69.749899],[108.05221,69.76343],[108.022611,69.787929],[108.069768,69.79335],[108.117876,69.786449],[108.140692,69.808194],[108.176466,69.821985],[108.221155,69.82848],[108.226446,69.848397],[108.248733,69.854403],[108.391078,69.850246],[108.443592,69.841628],[108.514629,69.84314],[108.549133,69.831224],[108.613956,69.832761],[108.637042,69.838822],[108.68523,69.828793],[108.77494,69.832721],[108.800199,69.830515],[108.901959,69.842557],[108.932733,69.824702],[108.917026,69.802293],[108.944624,69.770599],[108.995823,69.775269],[109.054495,69.766856],[109.120873,69.769119],[109.201107,69.754623],[109.263026,69.772274],[109.295729,69.774273],[109.325564,69.789058],[109.340219,69.823474],[109.38587,69.824367],[109.378434,69.837451],[109.390523,69.87716],[109.413702,69.893764],[109.374558,69.906566],[109.406992,69.931682],[109.400095,69.95813],[109.418592,69.97182],[109.463896,69.98656],[109.525572,69.9916],[109.545155,70.014676],[109.545224,70.030906],[109.50404,70.043963],[109.451802,70.039807],[109.417194,70.0481],[109.396613,70.064363],[109.365572,70.073329],[109.347926,70.088919],[109.361616,70.096789],[109.36197,70.131616],[109.303296,70.144451],[109.294619,70.166653],[109.307008,70.175688],[109.304333,70.209872],[109.346962,70.21568],[109.396676,70.212626],[109.456463,70.218879],[109.575575,70.252447],[109.616694,70.28517],[109.610124,70.306863],[109.586493,70.324948],[109.598842,70.332779],[109.558341,70.352237],[109.643766,70.372773],[109.726074,70.370697],[109.755786,70.379016],[109.822516,70.38355],[109.851532,70.390921],[109.959248,70.391803],[109.998206,70.400426],[110.013418,70.413271],[110.062605,70.39786],[110.15902,70.411911],[110.211261,70.408151],[110.313335,70.408571],[110.317634,70.429094],[110.284181,70.438346],[110.205965,70.445671],[110.180309,70.458605],[110.133608,70.465111],[110.113966,70.479588],[110.124565,70.499696],[110.084571,70.520573],[110.092425,70.537606],[110.153717,70.543554],[110.132049,70.558029],[110.105702,70.592266],[110.145001,70.608832],[110.123517,70.636983],[110.185375,70.645292],[110.20139,70.658641],[110.308611,70.670126],[110.308159,70.68335],[110.333428,70.695886],[110.505705,70.711318],[110.516327,70.716534],[110.492218,70.739581],[110.517212,70.764128],[110.558766,70.768113],[110.61927,70.784785],[110.652496,70.782753],[110.736653,70.799434],[110.794247,70.792803],[110.813493,70.780047],[110.858396,70.785825],[110.887823,70.799118],[110.974464,70.816452],[111.026053,70.830673],[111.034216,70.840829],[111.129412,70.849538],[111.194968,70.861285],[111.325938,70.856235],[111.378156,70.863313],[111.432135,70.881283],[111.43374,70.892373],[111.478798,70.928825],[111.511454,70.930001],[111.572607,70.942261],[111.637736,70.938977],[111.726046,70.97001],[111.749636,70.971118],[111.801059,70.957544],[111.867671,70.977268],[111.920763,70.973797],[111.946322,70.978864],[111.980531,71.000007],[111.988164,71.027639],[112.030505,71.05306],[112.101396,71.060682],[112.164337,71.032363],[112.184129,71.013275],[112.219628,71.001151],[112.249204,71.001368],[112.277215,71.0285],[112.277194,71.044259],[112.355982,71.071176],[112.434492,71.068225],[112.468867,71.072039],[112.509301,71.101637],[112.569875,71.095356],[112.599576,71.109193],[112.537486,71.1374],[112.509573,71.159787],[112.520897,71.176169],[112.614316,71.191786],[112.651449,71.192058],[112.675735,71.201036],[112.707824,71.227251],[112.724997,71.252169],[112.658249,71.26465],[112.634871,71.289676],[112.593699,71.293798],[112.50756,71.275652],[112.469258,71.276587],[112.443992,71.302192],[112.383887,71.307076],[112.349044,71.324085],[112.33522,71.341799],[112.251531,71.362361],[112.193474,71.382586],[112.16385,71.377365],[112.000514,71.402308],[112.000574,71.66755],[112.000186,72.001037],[112.000695,72.1244],[111.967885,72.135161],[111.895486,72.128646],[111.865668,72.140526],[111.823227,72.142014],[111.788606,72.161392],[111.743839,72.158337],[111.698145,72.172726],[111.690315,72.193588],[111.715856,72.211131],[111.691752,72.220915],[111.623857,72.20773],[111.592957,72.211758],[111.582311,72.226299],[111.667015,72.257532],[111.638422,72.281022],[111.639687,72.298523],[111.58684,72.309008],[111.574805,72.324402],[111.517859,72.329466],[111.483435,72.322515],[111.454667,72.326818],[111.438796,72.317262],[111.360258,72.32087],[111.33524,72.316017],[111.291282,72.331478],[111.304495,72.339997],[111.257798,72.337789],[111.174025,72.359852],[111.069036,72.363761],[111.056463,72.377908],[111.0102,72.39022],[111.074827,72.412194],[111.017054,72.425097],[111.008817,72.441847],[111.130945,72.446986],[111.161391,72.460998],[111.239722,72.473805],[111.253708,72.483913],[111.291058,72.486607],[111.30088,72.512994],[111.243823,72.52391],[111.245519,72.533927],[111.178717,72.557758],[111.137315,72.563326],[111.044843,72.566625],[110.957672,72.580563],[110.912348,72.570951],[110.870467,72.584455],[110.91465,72.591788],[110.863022,72.60242],[110.909361,72.623391],[110.908832,72.632042],[110.76136,72.647711],[110.763707,72.656219],[110.718647,72.678114],[110.719794,72.697254],[110.699496,72.705094],[110.70336,72.728384],[110.662144,72.75878],[110.687768,72.766692],[110.656684,72.791381],[110.735058,72.800483],[110.721088,72.811418],[110.730591,72.829548],[110.681791,72.835747],[110.665502,72.847813],[110.628665,72.846816],[110.660238,72.857189],[110.648535,72.87484],[110.626252,72.879091],[110.645702,72.893732],[110.700887,72.902967],[110.754645,72.900855],[110.818026,72.929062],[110.891484,72.931056],[110.890874,72.95037],[110.855904,72.94596],[110.687951,72.960546],[110.693503,72.940148],[110.657588,72.952045],[110.677426,72.964412],[110.711362,72.967572],[110.666563,72.99109],[110.703361,72.993518],[110.730581,73.021727],[110.811154,73.020106],[110.85986,73.055281],[110.801936,73.068365],[110.798904,73.086851],[110.745516,73.102943],[110.815013,73.112359],[110.838421,73.132597],[110.85016,73.16067],[110.80879,73.163509],[110.731348,73.153652],[110.65296,73.165108],[110.555196,73.156875],[110.542413,73.14966],[110.468167,73.150456],[110.417873,73.156964],[110.373798,73.151871],[110.378839,73.162808],[110.342491,73.16679],[110.36746,73.182387],[110.34862,73.196564],[110.384068,73.206652],[110.448026,73.212295],[110.552858,73.238491],[110.583074,73.240059],[110.624424,73.254833],[110.623502,73.268432],[110.540183,73.299727],[110.562694,73.309125],[110.530644,73.317006],[110.543538,73.333151],[110.456924,73.334729],[110.456182,73.346712],[110.374631,73.336874],[110.363407,73.354325],[110.321045,73.34964],[110.321897,73.361044],[110.260113,73.360056],[110.244841,73.377281],[110.214125,73.36996],[110.203449,73.381293],[110.137264,73.383828],[110.159445,73.396667],[110.121518,73.402718],[110.143616,73.414549],[110.207085,73.396613],[110.376366,73.413324],[110.429838,73.415689],[110.531354,73.434333],[110.635663,73.427318],[110.650285,73.4324],[110.64354,73.454194],[110.679469,73.473523],[110.743396,73.491785],[110.802711,73.502298],[110.839942,73.518475],[110.814072,73.546944],[110.872517,73.549427],[110.879011,73.563837],[110.923171,73.565576],[110.946944,73.556625],[111.001102,73.556337],[111.052562,73.564928],[111.09316,73.579424],[111.113794,73.576502],[111.182717,73.592124],[111.165888,73.604296],[111.221677,73.598841],[111.282728,73.609245],[111.28636,73.620639],[111.227305,73.617445],[111.197218,73.623456],[111.192979,73.644019],[111.156113,73.646706],[111.192815,73.660171],[111.109177,73.661831],[111.101221,73.673578],[111.061709,73.672093],[111.010336,73.681184],[111.015577,73.691043],[110.947657,73.70273],[110.914279,73.698611]]],[[[129.511395,72.997609],[129.536086,73.005466],[129.5723,72.990805],[129.532976,72.989378],[129.511395,72.997609]]],[[[122.891958,73.042996],[122.886671,73.028649],[122.792009,73.050468],[122.734221,73.059279],[122.736096,73.075646],[122.770439,73.078273],[122.835144,73.071566],[122.891958,73.042996]]],[[[122.468945,73.057815],[122.535447,73.078854],[122.55285,73.06992],[122.511266,73.052576],[122.468945,73.057815]]],[[[122.139032,73.030468],[122.181609,73.031958],[122.221062,73.017111],[122.206898,73.00491],[122.149382,73.019441],[122.139032,73.030468]]],[[[122.530943,72.987158],[122.467097,72.991699],[122.446474,72.985967],[122.404808,73.01695],[122.375253,73.019268],[122.345965,73.038241],[122.321207,73.026194],[122.290485,73.052246],[122.332185,73.073599],[122.3739,73.071869],[122.41249,73.051621],[122.526446,73.024212],[122.50365,72.995077],[122.530943,72.987158]]],[[[122.695797,73.069587],[122.656731,73.064513],[122.63168,73.079568],[122.683312,73.083914],[122.695797,73.069587]]],[[[128.980886,73.125],[128.947789,73.12496],[128.956548,73.13978],[129.006727,73.13723],[128.980886,73.125]]],[[[120.197231,73.003574],[120.080897,73.005998],[120.1181,73.011062],[120.111721,73.019472],[120.016364,73.024863],[119.933361,73.033742],[119.919571,73.040332],[119.833917,73.038976],[119.844945,73.05289],[119.796851,73.050993],[119.822656,73.076263],[119.732136,73.088434],[119.673194,73.10225],[119.701486,73.128731],[119.635634,73.141602],[119.574112,73.136754],[119.575504,73.152078],[119.625358,73.149404],[119.624629,73.16207],[119.662491,73.155832],[119.692765,73.163367],[119.735188,73.158206],[119.799203,73.161311],[119.855943,73.157593],[119.948982,73.159992],[120.101365,73.153537],[120.24096,73.135786],[120.309269,73.115001],[120.401346,73.077168],[120.409922,73.060395],[120.45403,73.050446],[120.40941,73.035329],[120.420729,73.028232],[120.483611,73.03165],[120.505169,73.021175],[120.41836,73.020596],[120.391338,73.030256],[120.331562,73.033795],[120.359671,73.038709],[120.338346,73.050954],[120.28881,73.044079],[120.301192,73.0261],[120.269876,73.003833],[120.197231,73.003574]]],[[[113.676407,73.363699],[113.706586,73.366992],[113.795274,73.341769],[113.726972,73.349149],[113.676407,73.363699]]],[[[118.717078,73.376198],[118.677542,73.391853],[118.674178,73.403125],[118.701257,73.423608],[118.722727,73.423432],[118.788838,73.404987],[118.752735,73.375646],[118.717078,73.376198]]],[[[128.671875,73.282338],[128.688352,73.269462],[128.47388,73.263537],[128.486647,73.281452],[128.603636,73.289118],[128.638449,73.280495],[128.671875,73.282338]]],[[[118.823876,73.352035],[118.791883,73.323176],[118.674404,73.314186],[118.657215,73.329658],[118.768312,73.362225],[118.814769,73.362849],[118.823876,73.352035]]],[[[120.12274,73.177643],[120.053192,73.181644],[120.055633,73.187057],[120.12274,73.177643]]],[[[123.220284,73.572425],[123.329984,73.570948],[123.289916,73.560853],[123.220284,73.572425]]],[[[125.595999,73.563501],[125.596081,73.57655],[125.643175,73.571677],[125.595999,73.563501]]],[[[125.298334,73.604035],[125.329817,73.588462],[125.309705,73.579026],[125.298334,73.604035]]],[[[123.41294,73.610039],[123.340253,73.595804],[123.289841,73.601938],[123.358914,73.616299],[123.41294,73.610039]]],[[[123.507147,73.682924],[123.441802,73.676963],[123.401316,73.666636],[123.391534,73.65178],[123.368578,73.653758],[123.400782,73.673586],[123.507147,73.682924]]],[[[123.525728,73.710607],[123.573591,73.718246],[123.572766,73.702217],[123.525728,73.710607]]],[[[124.774939,73.714041],[124.80819,73.725198],[124.791335,73.708733],[124.774939,73.714041]]],[[[123.151393,73.96209],[123.195724,73.987259],[123.241004,73.986464],[123.182306,73.976349],[123.178808,73.957195],[123.151393,73.96209]]],[[[140.067896,73.354443],[139.985523,73.342225],[139.864969,73.345207],[139.835783,73.359531],[139.81624,73.390319],[139.779693,73.409244],[139.809134,73.413301],[139.83426,73.430898],[139.890095,73.434878],[140.054069,73.432086],[140.255005,73.444778],[140.301121,73.434717],[140.366627,73.443356],[140.560189,73.494948],[140.64552,73.52535],[140.74407,73.578792],[140.795544,73.616657],[140.846059,73.685932],[140.87053,73.695145],[140.859518,73.70689],[140.932942,73.7805],[140.974956,73.804012],[141.017987,73.810399],[141.02808,73.821638],[141.068893,73.830315],[141.079496,73.842318],[141.146604,73.856844],[141.206244,73.852707],[141.274756,73.83181],[141.393229,73.839673],[141.554847,73.87176],[141.704358,73.885884],[141.842219,73.901227],[142.065523,73.908157],[142.137983,73.890956],[142.15079,73.882422],[142.284928,73.850488],[142.416553,73.843526],[142.512233,73.832557],[142.62419,73.808064],[142.700243,73.781405],[142.719692,73.767176],[142.814753,73.732773],[142.925227,73.707466],[143.052449,73.662874],[143.194809,73.62928],[143.285683,73.597711],[143.40973,73.547171],[143.429055,73.530691],[143.527974,73.476107],[143.478736,73.449593],[143.495438,73.410532],[143.47812,73.403038],[143.4706,73.355057],[143.480557,73.309816],[143.504033,73.270263],[143.54316,73.230857],[143.607925,73.209693],[143.549341,73.206084],[143.484528,73.212512],[143.35226,73.18977],[143.23629,73.181086],[143.016072,73.200734],[142.90204,73.208714],[142.734227,73.228206],[142.641415,73.229602],[142.497961,73.218805],[142.326748,73.247059],[142.10664,73.254993],[141.90884,73.268985],[141.821498,73.27893],[141.735563,73.282573],[141.407962,73.31822],[141.234928,73.348889],[141.065755,73.383756],[141.004146,73.390153],[140.93978,73.405728],[140.795647,73.421604],[140.642504,73.427147],[140.543081,73.423985],[140.388501,73.410583],[140.31248,73.398571],[140.248758,73.375786],[140.126205,73.36383],[140.067896,73.354443]]],[[[124.772536,73.87505],[124.8317,73.887091],[124.782606,73.868079],[124.785815,73.853675],[124.753276,73.851368],[124.772536,73.87505]]],[[[123.743159,73.823798],[123.764768,73.834933],[123.830473,73.846587],[123.791305,73.827665],[123.776988,73.803964],[123.743159,73.823798]]],[[[140.625,73.89618],[140.526016,73.899462],[140.386292,73.929337],[140.337379,73.952951],[140.2968,73.994721],[140.21561,74.027143],[140.173116,74.078592],[140.174063,74.115129],[140.190187,74.14738],[140.20109,74.201326],[140.238076,74.222662],[140.286272,74.237131],[140.419051,74.256428],[140.53225,74.264132],[140.69565,74.270076],[140.871665,74.268121],[140.981657,74.254049],[141.072509,74.224739],[141.104965,74.191067],[141.099695,74.162551],[141.071571,74.132268],[141.03978,74.1167],[141.062898,74.099012],[141.073542,74.064788],[141.04051,74.007252],[140.98069,73.980535],[140.841221,73.97015],[140.753163,73.945143],[140.672853,73.944525],[140.64998,73.934526],[140.528764,73.914495],[140.515178,73.906418],[140.564242,73.897071],[140.625,73.89618]]],[[[136.069398,73.920178],[136.074986,73.930988],[136.017129,73.961133],[135.909383,73.994112],[135.879616,73.998273],[135.756777,74.0336],[135.719883,74.071268],[135.713175,74.089092],[135.615071,74.123995],[135.589078,74.164658],[135.558054,74.163743],[135.549669,74.133855],[135.502294,74.132136],[135.449469,74.158708],[135.470012,74.207274],[135.439826,74.242607],[135.529545,74.225292],[135.600817,74.222898],[135.659931,74.197915],[135.757196,74.163972],[136.074986,74.065974],[136.09972,74.037867],[136.171412,74.003473],[136.272032,73.980003],[136.25358,73.961943],[136.289221,73.942589],[136.299283,73.91485],[136.22591,73.895324],[136.219626,73.884389],[136.179378,73.878103],[136.098463,73.905439],[136.069398,73.920178]]],[[[124.876171,73.904721],[124.951846,73.891569],[124.900694,73.882149],[124.868691,73.895872],[124.876171,73.904721]]],[[[123.143233,73.899429],[123.208137,73.907056],[123.152361,73.894032],[123.143233,73.899429]]],[[[124.720572,73.935219],[124.751331,73.930708],[124.799167,73.909884],[124.829864,73.919956],[124.826553,73.900177],[124.795082,73.904171],[124.728114,73.89363],[124.698886,73.867695],[124.660699,73.860522],[124.66653,73.845275],[124.711363,73.849764],[124.719555,73.837637],[124.668634,73.842501],[124.649985,73.824196],[124.613816,73.83242],[124.538449,73.818694],[124.51486,73.827805],[124.430016,73.825494],[124.381562,73.837773],[124.345028,73.85978],[124.28271,73.858671],[124.264236,73.868511],[124.343644,73.884343],[124.444574,73.882926],[124.453384,73.899507],[124.415685,73.89896],[124.406818,73.909273],[124.553628,73.930037],[124.675774,73.936754],[124.720572,73.935219]]]]}},{"type":"Feature","properties":{"name":"Республика Карелия","cartodb_id":83,"created_at":"2013-12-04T04:23:51+0100","updated_at":"2013-12-04T08:11:49+0100","name_latin":"Republic of Karelia"},"geometry":{"type":"MultiPolygon","coordinates":[[[[36.66163,64.09065],[36.68317,64.11853],[36.69323,64.10163],[36.66163,64.09065]]],[[[36.647,64.2001],[36.67682,64.19449],[36.62336,64.19006],[36.61175,64.22043],[36.55538,64.21875],[36.55051,64.23116],[36.5831,64.23984],[36.5846,64.25363],[36.60106,64.23991],[36.63942,64.24075],[36.66452,64.21695],[36.72016,64.21976],[36.74873,64.20059],[36.75542,64.1784],[36.73928,64.17843],[36.73609,64.19836],[36.71443,64.21428],[36.6631,64.21071],[36.647,64.2001]]],[[[36.45351,64.22222],[36.50288,64.21976],[36.49585,64.21289],[36.4556,64.20836],[36.45351,64.22222]]],[[[36.41514,64.33527],[36.42408,64.34069],[36.45886,64.33552],[36.4648,64.32642],[36.49896,64.32585],[36.47977,64.31877],[36.41514,64.33527]]],[[[36.50387,64.28094],[36.42762,64.28377],[36.39439,64.29146],[36.38018,64.31022],[36.40182,64.31586],[36.40403,64.30275],[36.44378,64.29517],[36.43757,64.30683],[36.46016,64.30361],[36.45049,64.28758],[36.48877,64.29666],[36.50387,64.28094]]],[[[36.10506,64.38108],[36.12746,64.38572],[36.14905,64.37297],[36.10506,64.38108]]],[[[35.43646,64.39448],[35.46575,64.40474],[35.46102,64.39151],[35.43646,64.39448]]],[[[35.72999,64.37869],[35.71064,64.39223],[35.74099,64.39422],[35.76306,64.38127],[35.75726,64.37357],[35.72999,64.37869]]],[[[35.52888,64.40289],[35.58413,64.41166],[35.5671,64.39404],[35.54596,64.38929],[35.52888,64.40289]]],[[[36.12996,64.33498],[36.09618,64.33903],[36.09309,64.34831],[36.12019,64.34774],[36.12996,64.33498]]],[[[36,64.335937],[36.02128,64.32357],[35.99039,64.31077],[35.94977,64.31146],[35.92816,64.31894],[35.92256,64.33569],[35.90321,64.35092],[35.83599,64.38064],[35.8658,64.37725],[35.92471,64.39759],[35.95135,64.38681],[35.96466,64.3676],[36.0028,64.35429],[36,64.335937]]],[[[29.305928,61.329293],[29.334571,61.355201],[29.502772,61.461093],[29.49646,61.491569],[29.591427,61.495399],[29.645422,61.5199],[29.64295,61.525793],[29.688347,61.551821],[29.740299,61.573704],[29.754611,61.603139],[29.804,61.63425],[29.818549,61.654928],[29.867902,61.681714],[30.038728,61.765001],[30.070922,61.817965],[30.156421,61.858226],[30.273228,61.933052],[30.300987,61.934996],[30.31302,61.945009],[30.304448,61.963221],[30.351857,61.980152],[30.376499,61.999088],[30.423175,62.022371],[30.540525,62.102845],[30.602068,62.141349],[30.636704,62.173217],[30.628358,62.187784],[30.656406,62.208588],[30.720412,62.208906],[30.743802,62.226223],[30.83449,62.275338],[30.90435,62.310261],[30.943272,62.305969],[30.96225,62.32725],[30.942442,62.332999],[31.138311,62.442084],[31.163415,62.44549],[31.173402,62.481886],[31.185833,62.493574],[31.221835,62.498295],[31.254319,62.533626],[31.347378,62.643784],[31.377337,62.655675],[31.38623,62.675207],[31.380135,62.689855],[31.439061,62.785375],[31.467492,62.783279],[31.454699,62.79627],[31.586855,62.908527],[31.56406,62.927285],[31.502025,62.996249],[31.448791,63.006126],[31.462523,63.024219],[31.425429,63.043149],[31.390525,63.048091],[31.361219,63.072034],[31.294229,63.093861],[31.265855,63.115467],[31.255958,63.142009],[31.254729,63.179136],[31.239037,63.195214],[31.241646,63.216642],[31.165326,63.244231],[31.148312,63.261519],[31.10288,63.270759],[31.08691,63.281591],[31.01852,63.304024],[30.979874,63.307818],[30.945056,63.336349],[30.933044,63.355921],[30.849989,63.368565],[30.843856,63.377128],[30.789711,63.405088],[30.683796,63.424371],[30.484325,63.467039],[30.38562,63.54578],[30.255672,63.585976],[30.245716,63.606968],[30.124351,63.667873],[30.079376,63.692457],[30.065128,63.708125],[29.971745,63.75705],[30.154965,63.802332],[30.260859,63.822138],[30.32251,63.909877],[30.361705,63.936558],[30.44776,63.982998],[30.528247,64.04911],[30.553653,64.101777],[30.553811,64.131983],[30.516935,64.154595],[30.466911,64.204338],[30.509293,64.222645],[30.483432,64.261639],[30.386828,64.268827],[30.360509,64.280485],[30.367528,64.300027],[30.302729,64.319616],[30.286868,64.329348],[30.207032,64.351058],[30.139254,64.357634],[30.109635,64.365268],[30.045383,64.401775],[30.059068,64.451039],[30.046683,64.471353],[30.024542,64.482838],[30.029227,64.498861],[30.015313,64.504059],[29.987039,64.533619],[29.997738,64.577179],[29.989621,64.587631],[30.051627,64.614975],[30.118088,64.626065],[30.136573,64.648883],[30.054709,64.712355],[30.041973,64.739699],[30.086482,64.765894],[30.086896,64.774192],[30.043385,64.79223],[29.898374,64.793405],[29.869989,64.789957],[29.739663,64.789755],[29.687673,64.818756],[29.698495,64.837028],[29.647035,64.867447],[29.610097,64.927446],[29.618854,64.959338],[29.599663,64.994514],[29.615123,65.012198],[29.625074,65.06191],[29.735422,65.091646],[29.826864,65.092036],[29.896753,65.104839],[29.819345,65.144459],[29.893525,65.192955],[29.886701,65.205263],[29.859988,65.214908],[29.764769,65.228628],[29.634791,65.231302],[29.602179,65.259977],[29.604971,65.273652],[29.646826,65.289023],[29.74717,65.347239],[29.731936,65.37371],[29.727942,65.4001],[29.733681,65.472201],[29.755185,65.496927],[29.797972,65.52542],[29.864331,65.560209],[29.754492,65.609293],[29.722582,65.636831],[29.976238,65.687447],[30.017092,65.696527],[30.040137,65.687125],[30.138463,65.668687],[30.123276,65.740178],[30.087578,65.850597],[30.068611,65.895381],[30.025043,65.958258],[29.997496,65.978578],[29.989474,66.019576],[29.923935,66.126249],[29.709818,66.268139],[29.663318,66.317707],[29.631093,66.366578],[29.524286,66.490698],[29.472675,66.543448],[29.411463,66.585478],[29.416594,66.5925],[29.382805,66.598461],[29.386821,66.608083],[29.360196,66.625603],[29.350718,66.643917],[29.322073,66.662859],[30.169505,66.660657],[30.159515,66.652838],[30.639788,66.658435],[31.086424,66.667324],[31.093639,66.6588],[31.377101,66.657621],[31.497476,66.658709],[31.575857,66.654003],[31.606008,66.562249],[31.621161,66.502378],[31.791938,66.495233],[31.803098,66.452053],[31.83003,66.371375],[31.853877,66.36348],[31.936984,66.351047],[32.135482,66.347773],[32.342661,66.345393],[32.353833,66.466637],[32.360389,66.475171],[32.548149,66.479487],[32.557279,66.576101],[32.587114,66.582213],[32.865577,66.583263],[33.000331,66.573173],[33.055272,66.561726],[33.146063,66.554993],[33.14352,66.54851],[33.19607,66.53848],[33.14218,66.53726],[33.12542,66.52168],[33.19141,66.51637],[33.2523,66.51705],[33.25857,66.50311],[33.31167,66.49816],[33.32865,66.47434],[33.3548,66.46815],[33.38395,66.47166],[33.35063,66.49015],[33.36616,66.50162],[33.40134,66.49821],[33.44712,66.47942],[33.49943,66.47082],[33.49075,66.48517],[33.54687,66.47552],[33.6089,66.47401],[33.62854,66.46627],[33.58877,66.46118],[33.560908,66.445312],[33.65483,66.41988],[33.69174,66.41537],[33.78934,66.43332],[33.82707,66.4344],[33.85845,66.41812],[33.82962,66.41496],[33.74418,66.41833],[33.66332,66.40271],[33.61419,66.40291],[33.563,66.3962],[33.54076,66.40024],[33.4997,66.38849],[33.50642,66.37351],[33.53838,66.37826],[33.62284,66.36555],[33.63585,66.37649],[33.6553,66.36439],[33.60679,66.3605],[33.60086,66.35259],[33.65234,66.34881],[33.67807,66.35841],[33.68338,66.34279],[33.6666,66.33417],[33.62975,66.3365],[33.56534,66.33023],[33.45459,66.32765],[33.49189,66.31539],[33.46499,66.30525],[33.49987,66.30117],[33.52746,66.31387],[33.59801,66.31298],[33.60392,66.32062],[33.64332,66.31944],[33.70199,66.32558],[33.73758,66.32439],[33.75765,66.33606],[33.80492,66.3417],[33.78427,66.35306],[33.79791,66.36143],[33.87236,66.35924],[33.85901,66.34141],[33.8754,66.31856],[33.92406,66.3101],[33.839,66.31403],[33.79709,66.31553],[33.78521,66.30166],[33.75,66.299619],[33.648975,66.303889],[33.66894,66.2907],[33.71212,66.27887],[33.77218,66.27053],[33.79979,66.28035],[33.91289,66.28255],[33.93854,66.27217],[33.99034,66.26571],[33.93622,66.26106],[33.91053,66.25252],[33.85229,66.25579],[33.813,66.26674],[33.80296,66.2604],[33.86251,66.23911],[33.90173,66.23684],[33.92867,66.2285],[33.94483,66.23672],[33.95323,66.22426],[34.02596,66.22099],[34.05039,66.22952],[34.10982,66.22655],[34.1208,66.21688],[34.16581,66.20389],[34.18598,66.17509],[34.22236,66.18197],[34.26881,66.16216],[34.26269,66.15352],[34.31843,66.1441],[34.38552,66.1118],[34.45997,66.09015],[34.51168,66.07993],[34.55791,66.05287],[34.5853,66.04799],[34.60744,66.03497],[34.60392,66.02401],[34.63742,65.99732],[34.69867,65.98335],[34.71659,65.96986],[34.71206,65.9584],[34.6816,65.94339],[34.71824,65.93838],[34.70769,65.90218],[34.73135,65.90984],[34.77717,65.90267],[34.78045,65.88677],[34.818,65.89605],[34.83973,65.89374],[34.83196,65.8813],[34.85122,65.87954],[34.8596,65.85284],[34.88906,65.84148],[34.91895,65.81553],[34.93264,65.8151],[34.90423,65.79346],[35.00643,65.79343],[34.99873,65.78253],[35.0531,65.74574],[35.00129,65.72724],[35.02106,65.71777],[34.97736,65.71502],[34.97535,65.70507],[35.02425,65.68703],[35.00973,65.6839],[34.96878,65.69211],[34.92777,65.67485],[34.89171,65.68643],[34.85575,65.68253],[34.85013,65.67339],[34.82045,65.68346],[34.74421,65.6754],[34.72514,65.66386],[34.75823,65.6535],[34.73357,65.6369],[34.75243,65.63183],[34.75871,65.61487],[34.78429,65.60895],[34.76842,65.60298],[34.79617,65.57939],[34.74509,65.55032],[34.76446,65.5263],[34.73349,65.50569],[34.67918,65.50451],[34.67892,65.49083],[34.6477,65.48387],[34.68356,65.45765],[34.69361,65.42761],[34.67423,65.4176],[34.58044,65.4204],[34.5485,65.43083],[34.51091,65.42891],[34.49098,65.41875],[34.55874,65.40144],[34.60075,65.38078],[34.5884,65.37939],[34.55657,65.40108],[34.54139,65.3832],[34.48215,65.38737],[34.45356,65.38075],[34.44778,65.36469],[34.41702,65.36268],[34.39725,65.37105],[34.31283,65.37462],[34.30622,65.36508],[34.37714,65.36177],[34.42303,65.3492],[34.4869,65.34129],[34.50091,65.32938],[34.52934,65.33396],[34.46792,65.28649],[34.47217,65.27494],[34.4984,65.27442],[34.52158,65.26319],[34.53781,65.26942],[34.53163,65.24698],[34.55211,65.2373],[34.58457,65.24463],[34.58074,65.23163],[34.61757,65.22561],[34.60753,65.21088],[34.65952,65.19446],[34.73791,65.19204],[34.73233,65.1811],[34.68685,65.16487],[34.70376,65.15329],[34.67985,65.14052],[34.72746,65.11568],[34.71031,65.09439],[34.79648,65.07675],[34.8365,65.07678],[34.80268,65.04751],[34.78303,65.05695],[34.77723,65.0427],[34.80465,65.01833],[34.83089,65.02159],[34.80359,64.99814],[34.86262,64.99076],[34.86095,64.97543],[34.93673,64.99594],[34.92157,64.9785],[34.90194,64.97427],[34.88298,64.95379],[34.84833,64.94156],[34.83398,64.96975],[34.80013,64.96927],[34.8002,64.97924],[34.75992,64.97768],[34.71145,64.9611],[34.71127,64.94883],[34.7582,64.947],[34.76826,64.95302],[34.78774,64.93744],[34.81142,64.93076],[34.82984,64.93565],[34.8439,64.9209],[34.88079,64.92248],[34.90304,64.91325],[34.92514,64.91885],[34.94128,64.90866],[34.9014,64.89856],[34.9315,64.88167],[34.92197,64.87463],[34.95936,64.86749],[34.94947,64.83897],[34.96066,64.83575],[34.94119,64.8158],[34.99677,64.78794],[34.98343,64.79414],[34.96008,64.77001],[34.98954,64.76298],[35.05028,64.77365],[35.02174,64.74488],[35.0465,64.73967],[35.03223,64.7171],[34.980469,64.729492],[34.90463,64.71471],[34.89892,64.70148],[34.8739,64.70282],[34.89041,64.69084],[34.84345,64.68146],[34.86053,64.67356],[34.91297,64.68032],[34.89647,64.66646],[34.9207,64.66282],[34.91672,64.64881],[34.94221,64.64643],[34.92859,64.631],[34.95767,64.62908],[34.99199,64.64167],[35.00051,64.66023],[35.02558,64.66015],[34.99103,64.63682],[34.97133,64.63248],[34.99689,64.61909],[34.91906,64.58047],[34.85904,64.56461],[34.82207,64.54537],[34.82346,64.53947],[34.86796,64.5384],[34.82918,64.51842],[34.84029,64.50703],[34.86792,64.5031],[34.86435,64.49445],[34.90728,64.49722],[34.9323,64.51532],[34.93815,64.50577],[34.98022,64.5047],[34.97169,64.51403],[34.98803,64.52225],[35.019,64.51518],[35.05597,64.49778],[35.07551,64.49699],[35.05931,64.49466],[35.0648,64.47693],[35.02644,64.47951],[35.04634,64.46798],[35.00918,64.47054],[34.9897,64.45955],[35.00201,64.44556],[34.9784,64.44256],[34.98847,64.42221],[35.05126,64.40702],[35.07252,64.4144],[35.1391,64.42598],[35.16503,64.41716],[35.14544,64.41616],[35.13218,64.3941],[35.1698,64.38753],[35.14278,64.37833],[35.17327,64.36407],[35.1526,64.34902],[35.16642,64.3446],[35.2024,64.35903],[35.25698,64.35487],[35.21541,64.38877],[35.25206,64.40305],[35.32849,64.39751],[35.3025,64.36952],[35.31317,64.35604],[35.36295,64.36497],[35.3611,64.3366],[35.33673,64.33443],[35.32185,64.30499],[35.34991,64.29533],[35.37644,64.30232],[35.41118,64.28843],[35.45901,64.29635],[35.457,64.31353],[35.48798,64.31045],[35.51922,64.32974],[35.54875,64.33013],[35.5854,64.31823],[35.61179,64.32288],[35.62674,64.34666],[35.5821,64.37433],[35.58768,64.38651],[35.62014,64.39208],[35.6294,64.37758],[35.66512,64.38026],[35.65803,64.36811],[35.69647,64.36242],[35.74508,64.34629],[35.75497,64.32128],[35.7928,64.32197],[35.80052,64.32835],[35.83836,64.31764],[35.85305,64.31991],[35.83894,64.3404],[35.86217,64.34813],[35.88636,64.33103],[35.90797,64.30091],[35.89846,64.2778],[35.92381,64.26399],[35.90107,64.23527],[35.92942,64.23086],[35.96011,64.20721],[35.95458,64.19119],[35.99075,64.18355],[36.01777,64.18914],[36.04144,64.21219],[36.09896,64.19844],[36.10094,64.18726],[36.14022,64.17631],[36.164,64.14815],[36.21153,64.14327],[36.24349,64.12592],[36.21437,64.10711],[36.18455,64.10751],[36.17209,64.09319],[36.20692,64.06785],[36.26191,64.05305],[36.26217,64.03538],[36.24853,64.00599],[36.28819,63.98359],[36.31276,63.98431],[36.324,63.99558],[36.37005,63.98082],[36.41509,63.97259],[36.46387,63.98053],[36.45453,63.96871],[36.48251,63.95704],[36.553041,63.952169],[36.548577,63.929546],[36.562558,63.867346],[36.548059,63.840643],[36.558627,63.794795],[36.581887,63.79105],[36.590395,63.748201],[36.515384,63.683595],[36.493082,63.66895],[36.455216,63.626485],[36.297807,63.618278],[36.290921,63.621152],[35.93535,63.605399],[35.892773,63.576226],[36.029888,63.465428],[36.086364,63.453163],[36.129176,63.448328],[36.192072,63.425609],[36.261894,63.280401],[36.245765,63.211511],[36.319439,63.224076],[36.391114,63.225946],[36.405032,63.195385],[36.355601,63.162905],[36.324087,63.161687],[36.307068,63.15076],[36.313263,63.113118],[36.274818,63.082101],[36.246958,63.051403],[36.258139,63.01153],[36.487951,62.838889],[36.528467,62.793114],[36.550694,62.785014],[36.821712,62.69601],[36.989723,62.677207],[37.070641,62.648683],[37.180938,62.652793],[37.251577,62.677459],[37.275063,62.671998],[37.323919,62.677799],[37.368941,62.677886],[37.477835,62.652333],[37.513465,62.651627],[37.521747,62.637806],[37.548008,62.622088],[37.540224,62.590972],[37.564136,62.562297],[37.577011,62.499195],[37.610519,62.492409],[37.635381,62.477396],[37.617792,62.46693],[37.600394,62.438478],[37.610498,62.430184],[37.584912,62.401603],[37.594132,62.379606],[37.58465,62.370779],[37.596416,62.357571],[37.545591,62.324572],[37.533014,62.297447],[37.514496,62.28328],[37.476446,62.26954],[37.455512,62.241794],[37.480277,62.235266],[37.452738,62.215169],[37.452374,62.198557],[37.473523,62.198026],[37.525947,62.21592],[37.555035,62.21356],[37.588205,62.219968],[37.636642,62.209914],[37.701812,62.212684],[37.716298,62.189902],[37.758347,62.173495],[37.737213,62.166381],[37.773086,62.138087],[37.755097,62.120218],[37.772494,62.118749],[37.784443,62.093181],[37.776886,62.081197],[37.798371,62.058315],[37.802248,62.036106],[37.823979,62.03764],[37.81185,62.007389],[37.836783,61.98254],[37.888506,61.98217],[37.943999,61.972526],[37.924367,61.925729],[37.934746,61.909282],[37.921814,61.890951],[37.911951,61.859653],[37.895128,61.840494],[37.901366,61.831015],[37.895455,61.804343],[37.868969,61.781578],[37.876712,61.771531],[37.85945,61.755579],[37.876698,61.745274],[37.884509,61.722298],[37.869322,61.703208],[37.841031,61.684955],[37.800406,61.68142],[37.775588,61.643666],[37.784646,61.631154],[37.759843,61.615429],[37.775057,61.574018],[37.763686,61.564233],[37.785939,61.537388],[37.81674,61.529811],[37.758623,61.531392],[37.705644,61.539714],[37.569782,61.524226],[37.52285,61.529969],[37.467147,61.511015],[37.30461,61.510119],[37.291399,61.528535],[37.29236,61.550556],[37.170795,61.557221],[37.057142,61.599671],[37.032279,61.599363],[37.029972,61.614232],[36.883783,61.56252],[36.873933,61.539284],[36.721623,61.550363],[36.695913,61.560066],[36.584329,61.53946],[36.576504,61.515389],[36.495489,61.44098],[36.516838,61.427001],[36.499441,61.416318],[36.459932,61.407254],[35.829805,61.243138],[35.697879,61.207401],[35.600599,61.178962],[35.524781,61.181714],[35.515101,61.172497],[35.462934,61.157846],[35.451457,61.160976],[35.416332,61.142716],[35.393668,61.141498],[35.402273,61.175727],[35.350481,61.177392],[35.358332,61.225778],[35.393194,61.282483],[35.374877,61.276802],[35.352676,61.284975],[35.297757,61.252311],[35.224606,61.247556],[35.19855,61.260192],[35.169801,61.236789],[35.084506,61.23741],[35.078941,61.248481],[35.050276,61.263523],[34.949866,61.264969],[34.905015,61.282678],[34.87441,61.287068],[34.794331,61.289675],[34.770245,61.312745],[34.73851,61.311932],[34.749234,61.296818],[34.731961,61.295485],[34.658173,61.274254],[34.545519,61.274948],[34.541144,61.260703],[34.513003,61.243328],[34.478428,61.235342],[34.478255,61.219315],[34.463011,61.208084],[34.490487,61.20039],[34.470345,61.18458],[34.467362,61.163857],[34.442786,61.145134],[34.421774,61.145192],[34.373283,61.194736],[34.358154,61.1952],[34.333923,61.220559],[34.304854,61.222877],[34.241961,61.237309],[34.236106,61.244265],[34.186169,61.244032],[34.186692,61.235685],[33.976599,61.233624],[33.667677,61.23243],[33.6682,61.214171],[33.608844,61.219011],[33.550967,61.21201],[33.51277,61.184332],[33.501003,61.183694],[33.483847,61.164391],[33.450692,61.153015],[33.471532,61.130554],[33.507095,61.109659],[33.523383,61.109659],[33.543903,61.094443],[33.544948,61.078634],[33.59135,61.063795],[33.63633,61.065883],[33.66108,61.07381],[33.660789,61.096112],[33.685683,61.112502],[33.725157,61.113473],[33.738691,61.130023],[33.835001,61.104795],[33.843841,61.09426],[33.881054,61.101564],[33.920413,61.089233],[33.9194,61.073669],[33.884942,61.045368],[33.863497,61.016023],[33.861353,61.002531],[33.838545,60.991416],[33.819795,60.971447],[33.812841,60.947058],[33.783858,60.946884],[33.785424,60.93703],[33.719547,60.939753],[33.691027,60.95649],[33.607877,60.958575],[33.587965,60.973805],[33.545476,60.984093],[33.542432,61.004323],[33.449051,61.003278],[33.421693,60.983135],[33.466386,60.951414],[33.466504,60.927591],[33.426219,60.913896],[33.385615,60.909794],[33.350403,60.897911],[33.330695,60.899418],[33.249372,60.873072],[33.26111,60.867652],[33.220189,60.843379],[33.2059,60.854681],[33.1977,60.833843],[33.204424,60.825627],[33.179558,60.820888],[33.211091,60.80618],[33.244682,60.806702],[33.264762,60.794883],[33.173097,60.786138],[33.154203,60.754431],[33.157684,60.739337],[33.073887,60.721259],[33.026625,60.720911],[32.923099,60.710952],[32.915654,60.679797],[32.419333,60.763544],[32.09427,60.817666],[31.517454,60.921182],[30.939044,61.026161],[30.384933,61.120144],[29.996847,61.147145],[29.902393,61.162069],[29.854803,61.172328],[29.812496,61.162331],[29.795129,61.17107],[29.720548,61.172914],[29.707642,61.177481],[29.650015,61.175744],[29.629958,61.18241],[29.582921,61.177989],[29.564198,61.183669],[29.558341,61.212478],[29.563615,61.224882],[29.551238,61.240634],[29.517735,61.240619],[29.5153,61.249371],[29.48907,61.255501],[29.424469,61.256427],[29.367141,61.277887],[29.335026,61.308869],[29.305928,61.329293]]],[[[35.08159,64.44036],[35.11856,64.436],[35.08651,64.42725],[35.08159,64.44036]]],[[[35.02344,64.43887],[35.00201,64.44556],[35.02612,64.43909],[35.02344,64.43887]]],[[[35.66279,64.61229],[35.62586,64.62498],[35.64771,64.63496],[35.7098,64.60543],[35.66279,64.61229]]],[[[35.561498,64.6875],[35.59983,64.67087],[35.5892,64.65954],[35.6139,64.64951],[35.5687,64.65759],[35.50415,64.67968],[35.50997,64.68752],[35.55344,64.69215],[35.561498,64.6875]]],[[[34.980469,64.708868],[34.99982,64.69951],[34.97235,64.69988],[34.980469,64.708868]]],[[[35.0465,64.73967],[35.09993,64.75684],[35.09766,64.74306],[35.0465,64.73967]]],[[[35.09451,64.826],[35.12983,64.82447],[35.10217,64.81642],[35.09451,64.826]]],[[[35.00032,64.81962],[34.99206,64.82971],[35.04517,64.82105],[35.00032,64.81962]]],[[[35.21121,64.93407],[35.23939,64.94285],[35.21643,64.92055],[35.21121,64.93407]]],[[[35.0327,64.97012],[35.01994,64.95315],[34.9566,64.9288],[34.93532,64.94302],[35.00163,64.97463],[35.0327,64.97012]]],[[[35.10098,64.92823],[35.10429,64.94354],[35.17289,64.95612],[35.191424,64.931391],[35.16277,64.92429],[35.17122,64.91316],[35.1333,64.92138],[35.06584,64.89087],[35.06434,64.90266],[35.10377,64.91387],[35.10098,64.92823]]],[[[35.02168,65.03218],[35.04729,65.03464],[35.0271,65.01982],[35.02168,65.03218]]],[[[34.86234,65.04755],[34.88946,65.05412],[34.91446,65.04792],[34.86234,65.04755]]],[[[35.0327,64.97012],[35.02526,64.99145],[35.06676,64.98884],[35.08242,64.98043],[35.05084,64.96258],[35.0327,64.97012]]]]}},{"type":"Feature","properties":{"name":"Удмуртская республика","cartodb_id":59,"created_at":"2013-12-04T04:23:51+0100","updated_at":"2013-12-04T08:13:59+0100","name_latin":"Udmurt Republic"},"geometry":{"type":"MultiPolygon","coordinates":[[[[53.842667,56.617525],[53.882409,56.625908],[53.889345,56.645707],[53.923308,56.649609],[53.945975,56.646311],[53.962474,56.628799],[53.981117,56.633568],[53.987186,56.64831],[54.013632,56.674432],[54.022272,56.656415],[54.095682,56.654968],[54.076377,56.640808],[54.044127,56.642096],[53.992823,56.616226],[53.957127,56.602785],[53.853217,56.599894],[53.842667,56.617525]]],[[[53.785599,58.455538],[53.772575,58.420644],[53.791731,58.401598],[53.812801,58.391611],[53.811236,58.377084],[53.840281,58.365872],[53.845873,58.354893],[53.828815,58.350435],[53.854932,58.342762],[53.88668,58.31436],[53.865735,58.284107],[53.833044,58.270021],[53.831076,58.262961],[53.785463,58.236607],[53.82639,58.210146],[53.881299,58.200116],[53.908204,58.179682],[53.885234,58.164273],[53.925447,58.156092],[53.945871,58.146597],[53.93725,58.134961],[53.948822,58.123932],[53.93644,58.106267],[53.94708,58.084837],[53.989937,58.069713],[54.071602,58.009748],[54.07895,57.991935],[54.136468,57.957979],[54.118932,57.947192],[54.102384,57.925599],[54.085662,57.918409],[54.092953,57.90138],[54.130595,57.875985],[54.141852,57.855673],[54.132491,57.842951],[54.137142,57.815237],[54.119574,57.809495],[54.155539,57.774661],[54.138683,57.756679],[54.135365,57.739321],[54.111653,57.74115],[54.155006,57.71436],[54.153117,57.701943],[54.12001,57.706049],[54.088111,57.686243],[54.056055,57.680584],[54.063679,57.645237],[54.050386,57.643421],[54.098266,57.635629],[54.126741,57.615644],[54.103149,57.606745],[54.088364,57.612969],[54.051878,57.6058],[54.059279,57.594556],[54.040194,57.586715],[54.01381,57.596813],[53.992334,57.588211],[53.991837,57.559337],[54.02448,57.556596],[54.043913,57.570364],[54.058109,57.544873],[54.044726,57.544242],[54.051644,57.528055],[54.031841,57.52388],[54.059918,57.514508],[54.063941,57.529366],[54.107028,57.528856],[54.113674,57.535628],[54.142203,57.532375],[54.173095,57.521944],[54.17044,57.50163],[54.143876,57.483947],[54.174891,57.479743],[54.18859,57.468123],[54.273825,57.461266],[54.273253,57.440659],[54.292475,57.432529],[54.218424,57.410733],[54.206791,57.399698],[54.154916,57.401067],[54.142765,57.38683],[54.119877,57.377806],[54.149179,57.371825],[54.124469,57.346259],[54.141776,57.315905],[54.185449,57.315996],[54.205214,57.29933],[54.217127,57.306307],[54.311665,57.305716],[54.310318,57.283404],[54.328177,57.267346],[54.29802,57.245973],[54.299241,57.239152],[54.340702,57.223288],[54.327436,57.21328],[54.319205,57.18663],[54.340671,57.175154],[54.330755,57.165285],[54.344605,57.158853],[54.322196,57.140156],[54.331194,57.130563],[54.319761,57.110327],[54.289141,57.114539],[54.314321,57.091715],[54.311305,57.0841],[54.347069,57.07743],[54.393693,57.058227],[54.393782,57.041128],[54.434826,57.035921],[54.36676,56.981221],[54.303163,56.97305],[54.257175,56.980451],[54.225297,56.992335],[54.153452,56.980931],[54.148268,56.94274],[54.150754,56.922388],[54.124079,56.891253],[54.101643,56.889308],[54.107012,56.854994],[54.097687,56.843158],[54.08791,56.81075],[54.05943,56.789674],[54.061375,56.778247],[54.03253,56.757927],[54.014841,56.752071],[53.978163,56.752412],[53.943293,56.761489],[53.905032,56.782888],[53.873961,56.815064],[53.827534,56.820257],[53.803202,56.817448],[53.796359,56.800024],[53.831831,56.797308],[53.806785,56.779609],[53.82716,56.759525],[53.854054,56.758561],[53.849607,56.718192],[53.885947,56.717607],[53.884949,56.678908],[53.901705,56.679068],[53.884968,56.662533],[53.851004,56.654217],[53.84524,56.643374],[53.865246,56.620372],[53.838854,56.625688],[53.84102,56.59672],[53.864883,56.588813],[53.876681,56.597965],[53.962696,56.601512],[54.050387,56.638054],[54.082409,56.635401],[54.064054,56.624547],[54.033573,56.589073],[54.041618,56.579077],[54.054993,56.592409],[54.070281,56.577721],[54.103281,56.579168],[54.10796,56.541972],[54.141266,56.532146],[54.191302,56.534463],[54.190389,56.506259],[54.205898,56.498706],[54.218731,56.469356],[54.244086,56.458165],[54.328795,56.482895],[54.329599,56.464091],[54.344629,56.456246],[54.338456,56.430565],[54.3468,56.401529],[54.377579,56.378702],[54.374587,56.364619],[54.358961,56.35295],[54.362895,56.311971],[54.416149,56.311239],[54.392625,56.291526],[54.392322,56.258322],[54.337126,56.24267],[54.334995,56.235009],[54.29654,56.227602],[54.270565,56.21469],[54.246823,56.21398],[54.249867,56.202387],[54.195177,56.198227],[54.172247,56.166315],[54.147795,56.144855],[54.118574,56.131969],[54.087819,56.108145],[54.081744,56.082758],[54.035782,56.022081],[54.014881,56.009474],[53.974165,56.005389],[53.953994,56.0145],[53.895782,56.029451],[53.868356,56.042278],[53.84536,56.044852],[53.841463,56.017905],[53.807139,56.002246],[53.80173,55.988299],[53.825844,55.978912],[53.797727,55.96779],[53.791142,55.972595],[53.708927,55.969034],[53.705725,55.933043],[53.697341,55.925082],[53.682536,55.916414],[53.624322,55.914551],[53.623473,55.908909],[53.579757,55.90215],[53.557521,55.912137],[53.532241,55.906764],[53.507646,55.88672],[53.478997,55.87671],[53.436986,55.875152],[53.413967,55.858484],[53.348052,55.855303],[53.271711,55.859569],[53.240618,55.872167],[53.25308,55.884487],[53.250417,55.896559],[53.22217,55.895562],[53.200002,55.926013],[53.219134,55.940775],[53.257555,55.93497],[53.295859,55.947775],[53.326742,55.987505],[53.340592,55.978752],[53.387464,55.991433],[53.392794,56.000337],[53.359959,56.005378],[53.365395,56.01673],[53.403354,56.007025],[53.451607,56.018596],[53.475272,56.039445],[53.441672,56.049658],[53.440649,56.064614],[53.480002,56.101205],[53.500013,56.133511],[53.523714,56.117237],[53.551724,56.118149],[53.568052,56.125731],[53.56423,56.138877],[53.580648,56.146272],[53.574829,56.180838],[53.552748,56.191886],[53.559882,56.215635],[53.575332,56.236981],[53.531333,56.238731],[53.48834,56.234566],[53.454996,56.257194],[53.447116,56.271196],[53.426542,56.275065],[53.400229,56.263044],[53.385672,56.265059],[53.306748,56.250358],[53.273262,56.253513],[53.233604,56.239378],[53.289595,56.230456],[53.315115,56.216211],[53.350944,56.165816],[53.363895,56.129358],[53.34711,56.109331],[53.370341,56.102424],[53.383501,56.090312],[53.364057,56.089622],[53.366844,56.071078],[53.33283,56.062106],[53.313467,56.071621],[53.288165,56.072028],[53.263666,56.09115],[53.263174,56.107618],[53.22271,56.090752],[53.193653,56.103465],[53.155232,56.158943],[53.141962,56.161147],[53.1122,56.145573],[53.088002,56.14118],[53.10837,56.122272],[53.101508,56.114682],[53.064148,56.129808],[53.059643,56.149255],[53.08886,56.174949],[53.066614,56.177938],[53.06336,56.169992],[53.045933,56.183214],[53.048155,56.197086],[53.065107,56.21165],[53.041467,56.224384],[53.025171,56.217672],[53.050152,56.208909],[53.02636,56.196433],[53.042938,56.170669],[52.999291,56.177529],[53.003819,56.200097],[53.021486,56.202806],[53.009818,56.215781],[52.987318,56.210257],[52.974289,56.223665],[52.965534,56.256086],[52.96874,56.279893],[52.980404,56.281354],[52.99797,56.258809],[52.990802,56.28578],[52.945273,56.282013],[52.986722,56.326079],[52.95852,56.336327],[52.973163,56.344621],[52.963672,56.355202],[52.98911,56.36614],[52.98174,56.388401],[53.000433,56.392734],[53.006075,56.43261],[53.024051,56.446744],[53.087366,56.453921],[53.098269,56.476767],[53.098825,56.500869],[53.087018,56.511086],[53.129737,56.50367],[53.130582,56.517565],[53.144828,56.524698],[53.10649,56.528384],[53.093198,56.52073],[53.069569,56.533292],[53.036356,56.53203],[53.05412,56.540045],[53.033488,56.543349],[53.025507,56.531099],[52.945549,56.538455],[52.967203,56.520349],[52.935059,56.490724],[52.920685,56.500049],[52.889844,56.500476],[52.896021,56.483823],[52.935532,56.484669],[52.931649,56.464146],[52.952423,56.45699],[52.969235,56.459967],[52.963986,56.42843],[52.943366,56.436432],[52.938057,56.416641],[52.924081,56.400796],[52.872482,56.399519],[52.870576,56.389022],[52.8294,56.378934],[52.812366,56.397297],[52.777968,56.397833],[52.781037,56.379893],[52.748253,56.382961],[52.766035,56.374185],[52.762962,56.359201],[52.733103,56.361814],[52.722382,56.325878],[52.697375,56.331041],[52.677948,56.310971],[52.646999,56.293285],[52.658589,56.281619],[52.639879,56.270332],[52.620556,56.282559],[52.602532,56.279317],[52.55531,56.242863],[52.584101,56.222258],[52.626649,56.223272],[52.652181,56.229228],[52.665335,56.221115],[52.737629,56.221247],[52.75734,56.200357],[52.84695,56.187453],[52.827525,56.177577],[52.835969,56.167341],[52.882179,56.159847],[52.874704,56.150318],[52.837809,56.137656],[52.821581,56.118469],[52.87093,56.115299],[52.880856,56.118692],[52.869305,56.095332],[52.845043,56.080128],[52.811105,56.082712],[52.787868,56.100431],[52.763591,56.110176],[52.745329,56.10867],[52.747125,56.125027],[52.712548,56.130197],[52.724457,56.113917],[52.71344,56.102675],[52.744853,56.0958],[52.728629,56.08449],[52.756607,56.06278],[52.745429,56.057345],[52.747544,56.037911],[52.735892,56.006141],[52.756727,55.989558],[52.723577,55.988757],[52.699262,55.999127],[52.68173,55.993474],[52.668531,56.007757],[52.628875,56.015861],[52.61411,56.032784],[52.558678,56.035469],[52.531095,56.060764],[52.499964,56.056767],[52.45639,56.082527],[52.456877,56.07668],[52.427004,56.058084],[52.499403,56.032898],[52.447253,56.008992],[52.436406,56.027056],[52.415712,56.036019],[52.379718,56.019136],[52.353467,56.034136],[52.34035,56.060377],[52.319793,56.072618],[52.290685,56.059605],[52.267872,56.069554],[52.242984,56.098086],[52.211522,56.091916],[52.224067,56.086477],[52.236012,56.064693],[52.254252,56.049764],[52.258377,56.034022],[52.233787,56.040538],[52.21898,56.02117],[52.206527,56.020273],[52.209809,55.980011],[52.237303,55.978344],[52.24645,55.967358],[52.234172,55.947442],[52.179353,55.950341],[52.198673,55.936234],[52.188899,55.923855],[52.158165,55.921706],[52.156222,55.904398],[52.123099,55.905977],[52.088767,55.900923],[52.056168,55.907914],[52.055813,55.918285],[52.080038,55.925803],[52.023252,55.969476],[51.979726,55.976516],[51.979359,55.988097],[51.952489,55.989862],[51.941709,55.961396],[51.929855,55.951743],[51.884322,55.93559],[51.854731,55.946404],[51.842545,55.936216],[51.812961,55.927019],[51.78097,55.886564],[51.76996,55.890978],[51.76259,55.922068],[51.781854,55.93915],[51.748067,55.941209],[51.720575,55.932587],[51.711387,55.941683],[51.737503,55.961703],[51.757614,55.954091],[51.761958,55.968354],[51.742772,55.981557],[51.711647,55.973889],[51.708453,55.94135],[51.665684,55.944045],[51.675836,55.952894],[51.647675,55.971199],[51.619682,55.965075],[51.60178,55.95274],[51.589638,55.954596],[51.556819,55.97704],[51.556888,55.962509],[51.525675,55.953806],[51.490616,55.96021],[51.470138,55.954518],[51.456185,55.922552],[51.417425,55.960242],[51.409258,55.974761],[51.413689,55.991091],[51.397933,56.029644],[51.417707,56.042377],[51.43802,56.034941],[51.474682,56.047718],[51.489833,56.068076],[51.521653,56.069175],[51.546785,56.082977],[51.55981,56.081583],[51.635028,56.090631],[51.645638,56.110942],[51.64003,56.135744],[51.598465,56.126804],[51.574024,56.140989],[51.550112,56.138897],[51.53238,56.122968],[51.509884,56.121719],[51.444008,56.127376],[51.433732,56.146024],[51.440862,56.16153],[51.427512,56.163769],[51.446672,56.195386],[51.49131,56.19885],[51.498864,56.205728],[51.485928,56.219162],[51.468763,56.215098],[51.44455,56.225712],[51.406074,56.213522],[51.392599,56.216507],[51.378545,56.199425],[51.357483,56.198388],[51.391023,56.232478],[51.403791,56.286327],[51.377919,56.287902],[51.381235,56.303906],[51.344584,56.309378],[51.3458,56.320586],[51.286024,56.323433],[51.303618,56.351336],[51.278161,56.349677],[51.296321,56.367671],[51.265141,56.379529],[51.270282,56.392382],[51.299262,56.421902],[51.289808,56.427292],[51.19735,56.433924],[51.156551,56.475758],[51.137893,56.477996],[51.146122,56.510477],[51.127693,56.511828],[51.137559,56.529242],[51.159119,56.534383],[51.164757,56.545826],[51.147675,56.559343],[51.180423,56.684637],[51.27396,56.673527],[51.393202,56.666895],[51.40514,56.719467],[51.391374,56.748987],[51.391373,56.766567],[51.438058,56.773035],[51.483415,56.799073],[51.481506,56.822042],[51.493861,56.841612],[51.532916,56.855875],[51.513512,56.863586],[51.513325,56.879499],[51.536232,56.885229],[51.495807,56.887882],[51.476817,56.914997],[51.461892,56.898744],[51.427397,56.895925],[51.392154,56.908362],[51.420099,56.913836],[51.430318,56.93549],[51.422802,56.942899],[51.382734,56.937734],[51.343605,56.942575],[51.348599,56.965055],[51.306492,56.996175],[51.31213,57.019393],[51.27896,57.021549],[51.283106,57.04087],[51.216643,57.044933],[51.245831,57.069146],[51.219129,57.086311],[51.225015,57.111685],[51.243175,57.121802],[51.231483,57.128436],[51.240272,57.139464],[51.19425,57.140956],[51.208393,57.200064],[51.170697,57.202567],[51.179236,57.241956],[51.124165,57.243277],[51.134083,57.276492],[51.154146,57.375419],[51.165254,57.440762],[51.190214,57.444079],[51.216748,57.459005],[51.230846,57.449552],[51.400422,57.468212],[51.530113,57.458263],[51.590067,57.460752],[51.608343,57.476234],[51.62481,57.478995],[51.626881,57.531568],[51.651094,57.532066],[51.674811,57.515896],[51.705575,57.517389],[51.75566,57.538203],[51.767267,57.575104],[51.832307,57.571415],[51.846748,57.596499],[51.82445,57.598026],[51.824069,57.586714],[51.799648,57.588206],[51.815527,57.608315],[51.8511,57.619178],[51.847699,57.635348],[51.868429,57.65583],[51.860468,57.668932],[51.86992,57.690243],[51.883104,57.69754],[51.866105,57.712964],[51.884223,57.72051],[51.864777,57.729299],[51.901262,57.742319],[51.926222,57.741821],[51.919919,57.753762],[51.954249,57.766864],[51.923483,57.798955],[51.932853,57.803018],[51.927628,57.828973],[51.872235,57.828392],[51.866679,57.842571],[51.840144,57.835937],[51.820076,57.843814],[51.847274,57.857165],[51.834053,57.870933],[51.851087,57.886603],[51.824634,57.913884],[51.857554,57.922591],[51.88243,57.935859],[51.891882,57.948546],[51.897187,57.993573],[51.924883,58.000705],[51.897684,58.012314],[51.872226,58.01306],[51.864597,58.024669],[51.824628,58.017371],[51.806302,58.040008],[51.841791,58.061735],[51.830761,58.10021],[51.802152,58.119448],[51.790292,58.146398],[51.767157,58.151704],[51.747671,58.133378],[51.709028,58.137358],[51.685395,58.148137],[51.693395,58.180975],[51.719557,58.194616],[51.744018,58.222437],[51.72312,58.249386],[51.75733,58.261811],[51.77836,58.277338],[51.820346,58.285681],[51.820168,58.30829],[51.809821,58.321335],[51.825249,58.328881],[51.794519,58.339565],[51.803654,58.355204],[51.786873,58.36115],[51.817521,58.373978],[51.852763,58.373647],[51.875401,58.387247],[51.913875,58.425225],[51.964705,58.453088],[52.046715,58.472991],[52.08884,58.465777],[52.173006,58.489411],[52.218863,58.47432],[52.270856,58.471916],[52.296977,58.462546],[52.319755,58.431612],[52.327908,58.436177],[52.627675,58.411304],[52.662835,58.3987],[52.650824,58.408919],[52.843074,58.392879],[52.850254,58.396989],[52.892691,58.533618],[52.910892,58.536977],[53.03419,58.528306],[53.090581,58.522298],[53.098981,58.545842],[53.160052,58.542172],[53.146429,58.507052],[53.179509,58.500687],[53.160667,58.450482],[53.24802,58.443735],[53.213692,58.401361],[53.373651,58.384282],[53.383518,58.395144],[53.415194,58.399954],[53.434929,58.412891],[53.423485,58.429475],[53.488413,58.440007],[53.504666,58.454353],[53.529045,58.454187],[53.534021,58.441583],[53.596213,58.443574],[53.592068,58.418863],[53.620923,58.474256],[53.635767,58.456179],[53.636346,58.472183],[53.785599,58.455538]],[[52.198188,56.063163],[52.22231,56.056262],[52.222115,56.073613],[52.198188,56.063163]]]]}}]}